word,ipa,phones,confidence,commentary,g2p_output,matched
Adana'sı,/ˈa.da.na.sɯ/,a d a n a s ɯ,0.95,"DOĞRU KURALLAR: Kelime, yer adı olan 'Adana' özel ismi ve iyelik ekinin birleşiminden oluşmuştur. Türkçe yer adlarında (toponim) vurgu genellikle başa veya sondan önceki hecelere kayar. Tüm heceleri açık olan 'Adana' isminde vurgu ilk hecededir. Özel isimlere eklenen telaffuzu etkilemeyen çekim ekleri bu vurguyu kaydırmaz, dolayısıyla vurgu ilk hecede kalır. Kelimede aspirasyon veya daralma gerektirecek bir fonetik bağlam bulunmamaktadır. HATA ANALİZİ: Referans çıktılar, kelimenin özel isim/yer adı olduğunu ve yer adlarına özgü bağlamsal vurgu kuralını (Sezer vurgusu) hesaba katmayarak, Türkçenin cins isimlerdeki standart 'vurgu daima son hecededir' kuralını ezbere işletmiş ve vurguyu en sona eklemiştir. SİSTEM İYİLEŞTİRMESİ VE KURAL ÖNERİSİ: Sistemin algoritmasına şu kural eklenmelidir: 'Yer Adı Vurgu İstisnası: Sözcük bir yer adı (toponim) ise standart kelime sonu vurgu kuralını sonlandır/kapat. Adana, Ankara gibi kökten başa çekilmiş vurguya sahip isimlere ek (iyelik, hal eki vb.) geldiğinde vurguyu eklere taşıma, kökün kendi vurgulu hecesinde sabit tut.'",/a.da.na.ˈsɯ/,false
Afyonkarahisar,/af.joŋ.kʰa.ɾa.hi.ˈsaɾ/,a f j o ŋ kʰ a ɾ a h i s a ɾ,0.95,"DOĞRU KURALLAR: Kelime 'Afyon', 'kara' ve 'hisar' sözcüklerinden oluşan bir bileşik isimdir. Türkçede '-hisar' ile biten yer adlarında (örn. Akhisar, Karahisar) birincil vurgu son heceye düşer. Fonetik olarak, 'yon' hecesindeki 'n' ünsüzü, kendisinden hemen sonra gelen art damak (velar) 'k' ünsüzünün etkisiyle gerileyici benzeşmeye uğrayarak [ŋ] sesine dönüşür. Hece başındaki ötümsüz patlayıcı 'k' ünsüzü ise soluklu (aspire) olarak [kʰ] telaffuz edilir. Titreşimli R sesleri tek vuruşlu [ɾ] varyantı ile gösterilir. HATA ANALİZİ: Referans 1 ünsüz benzeşmesini ([ŋ]) ve soluklaşmayı ([kʰ]) doğru analiz etmiş; ancak izin verilen sembol havuzunun dışına çıkarak kelime sonu R sesi için standart dışı diyakritik içeren [ɾ̞̊] sembolünü kullanmıştır. Referans 2 ise dar çeviri kurallarını hiç işletmeden doğrudan harf-ses eşleşmesi yapmış, fonemik düzeyde kalmış ve yer adları vurgu kuralını hatalı işletip vurguyu sondan bir önceki heceye almıştır. SİSTEM İYİLEŞTİRMESİ VE KURAL ÖNERİSİ: Sistemin algoritmasına şu katı kurallar eklenmelidir: 1) 'Art Damak Benzeşmesi: Eğer /n/ ünsüzü kendisinden hemen sonraki hecenin başında /k/ veya /g/ ile karşılaşıyorsa, /n/ sesini daima [ŋ] varyantı olarak transkribe et.' 2) 'Hece Başında Aspirasyon: Hece başında yer alan [p, t, k, c] patlayıcılarını [pʰ, tʰ, kʰ, cʰ] olarak güncelle.' 3) 'Vurgu İstisnası: Bileşik yer adları -hisar kelimesi ile bitiyorsa, genel yer adı vurgu kurallarını (Sezer) ez ve vurguyu her zaman sözcüğün son hecesine daya.'",/af.joŋ.kʰa.ɾa.hi.ˈsaɾ̞̊/,false
Akdeniz,/ˈak.de.niz/,a k d e n i z,0.95,"DOĞRU KURALLAR: 'Akdeniz' kelimesi sıfat tamlaması kuruluşunda birleşik bir özel isimdir (Ak + deniz). Türkçe kuralı gereği, bu tür birleşik yer isimlerinde birincil vurgu ilk sözcüğün üzerine çekilir [ˈak]. İlk hecenin sonundaki 'k' patlayıcısı, kendisinden önce gelen kalın 'a' ünlüsünün etkisiyle art damaksıl (velar) [k] olarak telaffuz edilir ve hece kapattığı için aspirasyon (soluklanma) almaz. HATA ANALİZİ: Referans 1, kalın bir ünlüden (a) sonra gelmesine rağmen 'k' sesini istisna sanıp ezbere ince/damaksıl [c] olarak haritalamıştır. Ayrıca her iki referans da birleşik yer isimlerine ait vurgu kuralını atlayarak varsayılan kelime sonu vurgusunu işletmiş ve odak noktasını hatalı biçimde [ˈniz] hecesine kaydırmıştır. SİSTEM İYİLEŞTİRMESİ VE KURAL ÖNERİSİ: Sisteme şu iki net kural tanımlanmalıdır: 1) 'Ünsüz Uyumu: [k] ünsüzü, eğer [a, ɯ, o, u] gibi kalın ünlülerden hemen sonra geliyorsa (istisnai alıntı kelimeler hariç) damaksıllaştırma işlemi uygulama ve standart [k] sembolünü koru.' 2) 'Birleşik İsim Vurgusu: Sıfat tamlaması vasfındaki birleşik yer adlarında (örn. Akdeniz, Karadeniz), kelime sonu vurgu formülünü iptal et ve birincil vurguyu (ˈ) ilk cüzün başına ata.'",/ac.de.ˈniz/,false
Alanya,/a.ˈɫan.ja/,a ɫ a n j a,0.95,"DOĞRU KURALLAR: Kelime fonolojik olarak V.CVC.CV (a.lan.ya) kurgusuyla hecelenir. 'l' ünsüzü kalın/art ünlü olan 'a' seslerinin arasında yer aldığı için velarize (kalın) l [ɫ] varyantıyla telaffuz edilir. Kelime bir yer ismidir (toponim). Türkçede yer isimleri varsayılan kelime sonu vurgusunu reddeder (Sezer Kuralı); sondan bir önceki hece (lan) kapalı (ağır hece) olduğu için birincil vurguyu kendi üzerine çeker. HATA ANALİZİ: Referans 1, heceleme ve kalın 'ɫ' benzeşmesini kusursuz okumasına rağmen yer adı vurgu kuralını bilmediğinden varsayılan kelime sonu vurgusu kuralını işletmiştir. Referans 2 ise çok daha kritik bir hataya düşerek Türkçe fonotaktik kurallarını hiçe saymış; ortadaki iki ünsüzü tek bir hece başına toplayarak '.nja' şeklinde Türkçeye aykırı bir kompleks hece başı (complex onset) üretmiştir. Üstelik L-velarizasyonunu da atlamıştır. SİSTEM İYİLEŞTİRMESİ VE KURAL ÖNERİSİ: Algoritmaya şu kurallar entegre edilmelidir: 1) 'Yer Adı Vurgusu (Sezer Rules): Sisteme kelimenin yer adı (toponim) olduğu bilgisi (tag) geçildiğinde varsayılan kelime sonu vurgu fonksiyonunu devre dışı bırak. Eğer sondan bir önceki hece kapalıysa (CVC formu), birincil vurguyu daima bu heceye sabitle.' 2) 'Heceleme Sınırı (Phonotactics): Türkçe kelime içinde iki ünsüz yan yana geldiğinde (VCCV yapısı), hece sınırı daima bu iki ünsüzün tam arasından geçer (VC.CV). Ortadaki ünsüzleri asla sağdaki ünlüyle birleştirerek kompleks hece başı (.nja vb.) oluşturma.'",/a.ɫan.ˈja/,false
Alevîlik,/a.le.viː.ˈlicʰ/,a l e v iː l i cʰ,0.95,"DOĞRU KURALLAR: Kelimedeki şapkalı 'î' harfi Arapça/Farsça alıntılardan gelen uzun i [iː] sesini temsil eder. '-lik' yapım ekindeki 'i' ince ünlüsü, kelime sonundaki 'k' patlayıcısını ön damaksıllaştırarak (palatalizasyon) [c] sesine dönüştürür. Türkçede kelime veya tümce sonunda bulunan ötümsüz patlayıcılar izole okunuşta daima solukludur (aspire edilir), bu sebeple [cʰ] olmalıdır. İsimden isim yapan '-lik' eki normal şartlarda vurguludur; birincil vurgu son hecede bulunur. HATA ANALİZİ: Referans 1, ön damaksıllaşmayı ([c]) doğru okumuş ancak kelime tonu patlayıcı aspirasyonunu ([cʰ]) işletmemiştir. Referans 2 ise kelimeyi yüzeysel grafemden foneme (G2P) bağlamış, ince/kalın k ayrımını ([c]/[k]) ve aspirasyonu atlayarak standart bir yazım eşleştirmesi yapmıştır. SİSTEM İYİLEŞTİRMESİ VE KURAL ÖNERİSİ: Sisteme dar çeviri için şu iki kesin kural öğretilmelidir: 1) 'Damaksıllaşma (Palatalization): Ön/ince ünlülerle (e, i, œ, y) komşu olan veya bu ünlülerin bulunduğu hecelerdeki velar /k, ɡ/ ünsüzlerini daima ince karşılıkları olan [c, ɟ] olarak transkribe et.' 2) 'Kelime Sonu Solukluluk (Final Aspiration): İzolasyonda (tekil okunuşta) bulunan kelimelerin sonunda yer alan [p, t, k, c] ötümsüz patlayıcılarını, sonuna kesinlikle (ʰ) ekleyerek [pʰ, tʰ, kʰ, cʰ] şeklinde çıktı ver.'",/a.le.viː.ˈlic/,false
Almanya,/aɫ.ˈman.ja/,a ɫ m a n j a,0.95,"DOĞRU KURALLAR: Heceleme: Türkçede kelime içindeki iki ünsüz paylaştırılarak ardışık heceleri oluşturur, kelime 'Al-man-ya' biçiminde hecelenir. Vurgu: Yer, bölge ve ülke adlarında (toponim) genel kelime sonu vurgu kuralı işlemez (Sezer Vurgu Kuralı). Sondan bir önceki hece kapalı (ağır) ise vurguyu çeker; bu yüzden vurgu 'man' hecesindedir. Karanlık L: Kalın 'a' ünlüsünün ardından hece sonunda gelen 'l' sesi artdamaksıllaşarak [ɫ] varyantına dönüşür. HATA ANALİZİ: Referans 1 karanlık L [ɫ] ve hecelemeyi doğru yapsa da yer adlarının spesifik vurgu istisnasını bilmediğinden vurguyu ezbere son heceye atmıştır. Referans 2 ise Türkçenin fonotaktik kurallarını (VCCV yapısındaki hece sınırlarını) ihlal etmiş ve Türkçede hece başlatamayan /nj/ kümesini [aɫ.ma.ˈnja] şeklinde tek heceye sıkıştırarak yanlış bir sınır oluşturmuştur. SİSTEM İYİLEŞTİRMESİ VE KURAL ÖNERİSİ: Algoritmaya şu iki katı kural eklenmelidir: 1) 'Hece Sınırı Modülü: Sözcük içindeki VCCV (Ünlü-Ünsüz-Ünsüz-Ünlü) dizilimlerinde hece sınırını daima iki ünsüz arasından böl (VC.CV) ve .nja gibi imkansız hece başlangıçlarını reddet.' 2) 'Yer Adları Vurgu Kuralı: Kelime bir özel isim (ülke adı) ise ve sondan bir önceki hecesi ünsüzle bitiyorsa (kapalı hece), varsayılan son hece vurgusunu ezerek birincil vurguyu (ˈ) kesinlikle sondan bir önceki heceye sabitle.'",/aɫ.man.ˈja/,false
Amasya,/a.ˈmas.ja/,a m a s j a,0.95,"DOĞRU KURALLAR: Yer isimleri (toponimler) vurgusunda Sezer Kuralı geçerlidir; sondan bir önceki hece kapalı (ağır) ise vurgu bu heceye düşer. 'Amasya' kelimesinde 'mas' hecesi kapalıdır ve vurguyu alır: [a.ˈmas.ja]. Kelimede herhangi bir aspirasyon, daralma veya sızıcı benzeşmesi (s -> ʃ) standart dilde gerçekleşmez. HATA ANALİZİ: Referans 1, yer ismi vurgu istisnalarını atlayarak standart kelime sonu vurgusu kuralını işletmiştir. Referans 2 ise vurguyu sondan bir önceki kısıma atamasına rağmen hem hecelemeyi (a.ma.ʃja) Türkçe fonotaktik kurallara aykırı yapmış hem de 's' sesini 'j' etkisinden dolayı standart dışı bir şekilde [ʃ] (ş) olarak transkribe etmiştir. SİSTEM İYİLEŞTİRMESİ VE KURAL ÖNERİSİ: Sistemin algoritmasına şu kurallar eklenmelidir: 1) 'Toponim Vurgu Modülü: Şehir ve bölge isimlerinde varsayılan kelime sonu vurgusunu devreden çıkar; sondan bir önceki hece ünsüzle bitiyorsa (kapalı hece) birincil vurguyu (ˈ) o hecenin başına sabitle.' 2) 'Hece Sınırı ve Fonem Koruması: VCCV dizilerinde hece ayrımını VC.CV (a.mas.ja) şeklinde yapıp s+j yan yana gelişlerinde [ʃ] gibi diyalektik benzeşmeler (asimilasyon) üretmekten kaçın.'",/a.mas.ˈja/,false
Anadolu,/a.na.ˈdo.ɫu/,a n a d o ɫ u,0.95,"DOĞRU KURALLAR: Kelime bir yer adı (toponim) olduğu için coğrafi terimlerde ve özel isimlerde görülen 'Sezer Vurgu Kuralı' geçerlidir; standart kelime sonu vurgusunun aksine vurgu sondan bir önceki hecededir [ˈdo]. Kelimedeki tüm ünlüler (a, o, u) kalındır (art ünlüdür). Bu kalın ünlü ortamında 'l' sesi artdamaksıllaşarak (velarizasyon) kalın 'l' [ɫ] varyantına dönüşür. Tüm durdurucular (d) ötümlü olduğu için aspirasyon (ʰ) almaz. HATA ANALİZİ: Referans 1, yer adı istisnasını bilmediği için düz bir okumayla standart kelime sonu vurgusu kuralını ezbere işleterek son heceyi (do.ˈɫu) vurgulamıştır. Referans 2 ise vurguyu ve sesbirimsel varyantı (ɫ) kesinlikle doğru bulmuş ancak dar çeviri (narrow transcription) işaretlemesi olan köşeli ayraç [...] yerine, geniş çeviriyi kodlayan eğik çizgi /.../ sembollerini kullanarak format hatası yapmıştır. SİSTEM İYİLEŞTİRMESİ VE KURAL ÖNERİSİ: Sistemin algoritmasına şu iki hardcoded kural eklenmelidir: 1) 'Yer Adı/Toponim Vurgusu (Location Names Rule): Eğer işlenen kelime bir il, ilçe, kıta veya bölge adıysa (Anadolu, Ankara, İzmir vb.), hece yapısını analiz et ve varsayılan kelime sonu vurgusu yerine Sezer Kuralı'nı aktive ederek vurguyu (ˈ) sondan bir veya iki önceki heceye kaydır.' 2) 'Transcription Envelope Rule: Eğer prompt dar (narrow) çeviri istiyorsa, fonetik metni istisnasız [...] braketleri içine al.'",/a.na.do.ˈɫu/,false
Anadolu Yakası,/a.na.do.ˈɫuja.kʰa.ˈsɯ/,a n a d o ɫ u j a kʰ a s ɯ,0.95,"DOĞRU KURALLAR: Kelime grubunda şu fonetik özellikler öne çıkar: 1) Kalın 'l' Kullanımı: 'Anadolu' ismindeki 'l' sesi; a, o, u gibi art/kalın ünlülerin komşuluğunda bulunmasından dolayı velarize (kalın) l [ɫ] olarak telaffuz edilir. 2) Aspirasyon: 'Yakası' kelimesindeki hece başı ötümsüz-patlayıcı 'k' ünsüzü aspire edilerek (soluklu) [kʰ] varyantıyla okunur. 3) Vurgu: İki kelime de kendi tabanındaki standart vurguyu korur; kelime grubu olarak telaffuz edildiğinde iki sözcük arasındaki boşluk muhafaza edilir. HATA ANALİZİ: Referans 1, velarize [ɫ] ve soluklu [kʰ] sesbirimciklerini (allophone) başarıyla tespit etmiştir; ancak dar (narrow) çeviri standardı olan köşeli parantez [] yerine // kullanmıştır. Referans 2 ise iki kelime arasındaki boşluğu silerek kelime grubunu tek sözcük gibi (.ja.) bağlamış ve alofonik varyasyonları (kʰ, ɫ) tespit edemeyerek geniş çeviride kalmıştır. SİSTEM İYİLEŞTİRMESİ VE KURAL ÖNERİSİ: Sisteme şu kurallar entegre edilmelidir: 1) 'Kelime Sınırı Koruması: Girdi birden fazla kelimeden (phrase) oluşuyorsa, aralara hece sınırı (.) ekleme; kelimeleri kendi içinde hecele ve aradaki boşluğu (space) koru.' 2) 'L Alofonu: Kalın ünlülerin (a, ı, o, u) bulunduğu hecelerde 'l' sesini standartlaştırılmış şekilde kaba/velarize varyantına [ɫ] eşle.' 3) 'Hece Başı Patlayıcılar: Her hecenin başlangıcındaki ötümsüz patlayıcıları (p, t, k, c) aspirasyonla (ʰ) işaretle.'",/a.na.do.ˈɫuja.kʰa.ˈsɯ/,true
Antalya,/an.ˈtʰaɫ.ja/,a n tʰ a ɫ j a,0.95,"DOĞRU KURALLAR: Yer adları vurgu kurallarına (Sezer Kuralı) göre 'Antalya' kelimesinde birincil vurgu ortadaki ağır hecededir [ˈtʰaɫ]. Hece başında yer alan tonsuz patlayıcı 't' sesi aspire edilerek [tʰ] şeklinde okunur. Kelimenin kalın ünlüleri (a), 'l' sesinin artdamaksıl (kalın) varyantı olan [ɫ] ile telaffuz edilmesini sağlar. HATA ANALİZİ: Referans 1, yer adları vurgu istisnasını atlayarak vurguyu kelime sonuna atmıştır. Referans 2 ise vurguyu doğru bilmesine rağmen dar (narrow) çeviri gerekliliğini göz ardı etmiş ve hece başı 't' sesini aspire etmemiştir. SİSTEM İYİLEŞTİRMESİ VE KURAL ÖNERİSİ: Sistemin algoritmasına şu iki kural eklenmelidir: 1) 'Yer Adı Vurgu Kuralı: Özel yer adları kelime sonu vurgu kuralından muaftır. Yer adı matrisini uygula ve hece yapısına göre vurguyu başa doğru çek.' 2) 'Dar Çeviri Sesletim Kuralı: Hece başında (onset) bulunan patlayıcıları dar çeviride daima aspire (ʰ) et.'",/an.tʰaɫ.ˈja/,false
Ardahan,/ˈaɾ.da.han/,a ɾ d a h a n,0.84,"DOĞRU KURALLAR: Yer Adı Vurgusu (Sezer Kuralı) gereğince Türkçe toponimlerde vurgu standart yapıdan saparak geriye çekilir. Ardahan kelimesi hece ağırlığı bakımından Ağır-Hafif-Ağır (Ar-da-han) yapısındadır. Bu hece tipolojisinde birincil vurgu son heceye değil, sondan üçüncü (ilk) ağır heceye kayar. Ünsüzler açısından 'ɾ' alveolar çarpma (flap) olarak üretilir. HATA ANALİZİ: Referans çıktıların her ikisi de kelimenin toponim olduğunu algılayamamış ve standart bir sözcük gibi değerlendirerek doğrudan varsayılan son hece vurgusu kuralını (aɾ.da.ˈhan) işletmiştir. Ayrıca sözcüğün 'han' ile bitmesinin toponim yapısındaki vurguyu etkilemediği gözden kaçırılmıştır. SİSTEM İYİLEŞTİRMESİ VE KURAL ÖNERİSİ: Sistemin NLP modülüne toponimler için anlamsal bir etiketleme (NER) ve şu fonolojik kural eklenmelidir: 'Özel İsim/Toponim Vurgu İstisnası: İlgili kelime bir yer adı ise varsayılan kelime sonu vurgu formülünü pasifize et. Kelimenin hece dizilimi H-L-H (Ağır-Hafif-Ağır) şeklinde ise birincil vurguyu (ˈ) sondan üçüncü (antepenultimate) heceye sabitle.'",/aɾ.da.ˈhan/,false
Arnavutluk'u,/aɾ.na.βut.ɫu.ˈkʰu/,a ɾ n a β u t ɫ u kʰ u,0.9,"DOĞRU KURALLAR: 1) Ünsüzler ve Varyantlar: 'l' ünsüzü kalın ünlülerin (a, u) bulunduğu ortamlarda velarlaşıp kalın L [ɫ] sesine dönüşür. Dudaklı ünlülerin (u, y, o, œ) komşuluğundaki 'v' sürtünmelisi, dudaksıllaşarak çift dudak varyantı olan [β] olarak sesletilir. 2) Aspirasyon ve Yumuşama: 'k' patlayıcısı hece başında bulunduğunda soluklu [kʰ] telaffuz edilir. Özel isimlere getirilen ekler kesmeyle ayrıldığı için standart k-g/ğ (lenisyon) kuralı genellikle dışarıda bırakılır ve özenli okuyuşta (careful speech) patlayıcı ve soluklu form korunur. 3) Heceleme ve Vurgu: Sözcük ar.na.vut.lu.ku şeklinde hecelenir. Çekim eki Türkçe vurgu kuralları gereği birincil vurguyu son heceye [ˈkʰu] taşır. HATA ANALİZİ: Referans 1 kuralları büyük ölçüde doğru uygulamış ancak izin verilen sembol havuzunun dışına çıkarak sistem dışı bir diyakritik (β̞) kullanmıştır. Referans 2 ise ezbere fonemik dizilim yapmış; kalın [ɫ] sesini doğru verse de patlayıcıların solukluluk (kʰ) kuralını ve v sesinin dudaklı ünlü yanındaki [β] daralmasını uygulamadan geniş transkripsiyonda kalmıştır. SİSTEM İYİLEŞTİRMESİ VE KURAL ÖNERİSİ: Sisteme şu katı kurallar dahil edilmelidir: 1) Karakter Sınırlandırması (Validation): Çıktı üretirken sadece izin verilen harf havuzundaki (örn. [β]) sembolleri kullan; ekstra diyakritik eklemelerinden kesinlikle kaçın. 2) Bağlamsal v Daralması: Eğer v ünsüzünün hemen öncesinde veya sonrasında dudaklı/yuvarlak bir ünlü (u, y, o, œ) varsa, çıktıda v yerine mutlak biçimde bilabial varyantı [β] kullan. 3) Hece Başı Aspirasyon: Hece başına denk gelen k, p, t ötümsüz patlayıcılarını soluklu [kʰ vb.] işaretle; özel isim vurgularında yazım bazlı harf muhafazası olduğu durumları hesapla.",/aɾ.na.β̞ut.ɫu.ˈkʰu/,false
Atlantik Okyanusu,/at.ɫan.ˈtʰicok.ja.nu.ˈsu/,a t ɫ a n tʰ i c o k j a n u s u,0.95,"DOĞRU KURALLAR: Girdi bir belirtisiz isim tamlamasıdır. 'Atlantik' kelimesinde kalın ünlü 'a'ya komşu olan 'l' harfi kalın/velarize edilerek [ɫ] üretilir. Son hecedeki 't' hece başında olduğu için solukludur [tʰ], 'k' ise ince ünlü 'i'den sonra geldiği için damaksıllaşarak [c] olur. İki sözcük de taban vurgularını ve kendi fonolojik kimliklerini korur; kelimeler arasında ulama (liaison) yapılabilecek olsa da sözlük tipi dar fonetik çevirilerde kelimeler boşlukla ayrılır. HATA ANALİZİ: Referans 2, iki farklı kelimeyi hece sınırı (nokta) ile birleştirerek tek bir kelimeymiş gibi analiz etmiştir. Ayrıca 'i' sonrasındaki 'k' sesinin damaksıl (c) varyantını ve 't' sesinin aspirasyonunu (tʰ) atlayarak ezberci bir haritamalar yapmıştır. SİSTEM İYİLEŞTİRMESİ VE KURAL ÖNERİSİ: Sistemin algoritmasına şu kurallar eklenmelidir: 1) 'Ayrı Yazım Kuralı: Birden fazla sözcükten oluşan tamlamalarda sözcükleri birleştirme, aralarında boşluk bırak ve her birinin hece sınırlarını/vurgularını kendi içinde izole olarak değerlendir.' 2) 'Damaksıl k [c] Kuralı: Ön ünlülerden (e, i, œ, y) hemen sonra gelen ve hece veya kelime sonunda yer alan 'k' harflerini istisnasız olarak damaksıl [c] şeklinde haritala.'",/at.ɫan.ˈtʰicok.ja.nu.ˈsu/,true
Bahaisi,/ba.ha.i.ˈsi/,b a h a i s i,0.85,"DOĞRU KURALLAR: Kelime 'Bahaî' (Baha ismiyle anılan inanca mensup) köküne iyelik ekinin (-si) gelmesiyle oluşmuştur. Arapça/Farsça kökenli özgün varyantında uzun ünlüler (Bahâî) bulunsa da, güncel standart yazımda düzeltme işareti kullanılmadığından modern sesletimde bu ünlüler kısa [a] ve [i] olarak telaffuz edilme eğilimindedir. İki ünlü yan yana geldiğinde (hiatus) araya [j] kayıcı sesi eklenmez, heceler 'a.i' şeklinde ardışık okunur. Vurgu, Türkçenin genel kuralına uygun olarak son hecededir. HATA ANALİZİ: Referans çıktılar heceleme, ünlü dizilimi ve vurgu yerini doğru kurgulamış; ancak fonetik bir dar çeviri (narrow transcription) istendiği halde çıktıyı köşeli parantez [ ] yerine geniş/fonemik çeviri göstergesi olan / / işaretleri arasında vererek biçimsel bir hata yapmıştır. SİSTEM İYİLEŞTİRMESİ VE KURAL ÖNERİSİ: Sisteme şu kurallar eklenmelidir: 1) 'Format Kuralı: İstenen yapı dar çeviri (narrow transcription) ise, çıktıyı her zaman köşeli parantezler [ ] içinde formatla ve slashes (/ /) kullanımından kaçın.' 2) 'Ünlü Çatışması (Hiatus) Kuralı: 'Bahaî' gibi yazılışında iki ünlünün yan yana olduğu alıntı veya özel isimlerde, araya epentetik (türeyen) [j] sesi eklemeden hece sınırını (.) doğrudan iki ünlü arasında koru.'",/ba.ha.i.ˈsi/,true
Bahâîsini,/ba.haː.iː.si.ˈni/,b a h aː iː s i n i,0.95,"DOĞRU KURALLAR: Kelime Arapça kökenli 'Baha' kelimesine nispet 'î' sinin gelmesiyle oluşan 'Bahâî' derivesi üzerine iyelik '-si' ve belirtme durumu '-ni' eklerinin getirilmesiyle oluşturulmuştur. Ortografide yer alan şapkalı ünlüler (â, î), söyleyişte uzun ünlülere [aː, iː] dönüşür. Vurgu kuralı gereği, belirtme hâl eki vurguyu kendi üzerine çeker ve birincil vurgu son hecededir. Hece başı patlayıcı olarak sadece ötümlü [b] bulunduğu için aspirasyon uygulanmaz. HATA ANALİZİ: Referans çıktılar temel fonolojik dizilimi (ünlü uzunlukları ve vurgu konumu) doğru yakalamıştır. Ancak Referans 2'de hece sınırları konmamış ve dar çeviri köşeli parantezi [ ] yerine fonemik eğik çizgi / / kullanılmıştır. Modelin odaklanması gereken nokta, dar çevirinin yapısal bütünlüğü ve standartlarına tam uymaktır. SİSTEM İYİLEŞTİRMESİ VE KURAL ÖNERİSİ: Sisteme şu kurallar eklenmelidir: 1) 'Şapkalı Ünlü Haritalama: Yazım dilinde â, î ve û barındıran kelimelerde bu ünlüleri doğrudan standart uzun ünlü varyantlarına [aː, iː, uː] çevir.' 2) 'Çıktı Standartizasyonu: Tüm transkripsiyon çıktılarını kesinlikle [ ] içinde ver ve açıkça nokta (.) ile ayrıştırılmış hece sınırlarını (hata riskini azaltmak için birleştirilmiş çıktıda dâhi) koru.'",/ba.haː.iː.si.ˈni/,true
Bayburt,/ˈbaj.buɾt/,b a j b u ɾ t,0.95,"DOĞRU KURALLAR: Kelime bir Türkçe yer adıdır. Yer adlarında vurgu (Sezer kuralı gereği) genellikle son heceden önceki ağırlıklı heceye/ilke heceye kayar. 'Bay' hecesi kapalı (ağır) yapıda olduğu için birincil vurguyu çeker [ˈbaj]. Diğer fonemler standarttır; 'y' sesi [j], 'r' sesi [ɾ] ile gösterilir. Kelime sonundaki 't' aspirasyon almadan yalın kalır [t]. HATA ANALİZİ: Hem Referans 1 hem de Referans 2, vurguyu son heceye [baj.ˈbuɾt] koyarak yer isimlerindeki istisnai vurgu durumu yerine genel standart kelime sonu vurgu kuralını işletmiştir. Ayrıca Referans 1, sistemin izin verilen sembol havuzunda olmayan ötümsüz alveolar titrek diyakritikli 'ɾ̞̊' sembolünü üreterek kural ihlali yapmıştır. SİSTEM İYİLEŞTİRMESİ VE KURAL ÖNERİSİ: Sisteme şu iki kural derhal entegre edilmelidir: 1) Yer Adı Vurgu İhlali Engeli: 'Özel nitelikli yerleşim isimleri (Bayburt, Ankara, Bursa vb.) analiz edilirken varsayılan son hece vurgusunu iptal et ve hece ağırlığına göre vurguyu ilk (veya sondan bir önceki) heceye konumlandır.' 2) Kesin Sembol Filtresi: 'Fonolojik dönüşüm sonrası metni izin verilen havuzla (whitelist) karşılaştır; ɾ̞̊ gibi tanımlanmamış dar veya geniş diyakritik işaretlerini budayarak geçerli sembole ([ɾ]) indirge.'",/baj.ˈbuɾ̞̊t/,false
Birleşmiş Milletler Teşkilatı,/biɾ.leʃ.ˈmiʃmil.let.ˈlæɾtʰeʃ.ci.la.ˈtʰɯ/,b i ɾ l e ʃ m i ʃ m i l l e t l æ ɾ tʰ e ʃ c i l a tʰ ɯ,0.92,"DOĞRU KURALLAR: Kelime öbeğindeki sözcükler kendi vurgularını son hecelerinde korur. 'Teşkilatı' kelimesinin başındaki ve son hecesindeki 't' sesleri hece başında oldukları için solukludur [tʰ]. Ancak 'k' sesi, kendisinden önce gelen [ʃ] sürtünmelisinin etkisiyle solukluğunu yitirir ve ince ünlüyle yan yana olduğundan damaksıl [c] olarak çıkar. Türkçe 'e' ünlüsü, /l, m, n, ɾ/ gibi akıcı ünsüzler önünde kapalı hecede açık [æ] olarak okunurken (örn. -ler), /ʃ, t/ önünde kapalı [e] olarak telaffuz edilir (leş, let). Arapça kökenli 'teşkilat' kelimesindeki 'l', ardından kalın 'a' gelse de ince ve damaksıldır [l]. HATA ANALİZİ: Referans 1, ayrım yapmaksızın her 'e' sesini ezbere açık [æ] yapmış ve 'k' sesini [ʃ] sonrasında olmasına rağmen hatalı şekilde aspire etmiştir [cʰ]. Ayrıca havuz dışı ve gereksiz daraltılmış semboller kullanmıştır. Referans 2 ise kelime aralarındaki boşlukları yok sayıp tüm öbeği tek kelime gibi (.) ile birleştirmiş, kapalı/açık 'e' ayrımını yapmamış, 'k' sesini damaksıllaştırmamış ve alıntı kelimedeki patlayıcıların (t) aspirasyon kurallarını uygulamayarak fazla geniş (broad) bir çeviri yapmıştır. SİSTEM İYİLEŞTİRMESİ VE KURAL ÖNERİSİ: Sisteme şu kurallar eklenmelidir: 1) Ünlü Açıklığı Kuralı: /e/ ünlüsünü, /l, m, n, ɾ/ koda (hece sonu) ünsüzlerinden önce [æ] olarak, diğer ünsüzlerden önce [e] olarak haritala. 2) Aspirasyon İptali: /s/ veya /ʃ/ sürtünmelilerinden hemen sonra (hece sınırı olsa dahi) gelen /p, t, k, c/ patlayıcılarında aspirasyon (ʰ) işaretini iptal et. 3) Boşluk Yönetimi: Çoklu kelimeden oluşan öbeklerde, kelime sınırlarını '.' ile uç uca eklemek yerine standart boşluk (space) ile ayır.",/biɾ.læʃ.ˈmiʃmil.læt.ˈlæɾ̞̊tʰæʃ.cʰi.la.ˈtʰɯ/,false
Bitlis,/ˈbit.lis/,b i t l i s,0.95,"DOĞRU KURALLAR: Kelime bir yer ismidir (toponim). Türkçede yer adları standart sözcük sonu vurgu kuralından saparak vurguyu öne çeker (Sezer Vurgu Kuralı). İki heceli yer isimlerinde vurgu kural gereği ilk hecededir. 'i' ünlüleri ön/ince olduğu için 'l' sesi de ince [l] olarak gerçekleşir. Hece sonundaki patlayıcı ünsüz 't' aspire edilmez [t]. HATA ANALİZİ: Referans çıktıların her ikisi de kelimenin bir yer ismi (özel isim) olduğunu leksikal olarak analiz edememiş ve ezbere standart Türkçe kelime sonu vurgu kuralını işleterek vurguyu son heceye [ˈlis] taşımıştır. Sistem, patlayıcı/ince ünsüz kurallarını doğru bilmesine rağmen isim kategorilerine göre değişen vurgu kurallarından yoksundur. SİSTEM İYİLEŞTİRMESİ VE KURAL ÖNERİSİ: Algoritmaya isim sınıflarına dair şu kural eklenmelidir: 'Sözlüksel İstisna Kontrolü: İşlenen kelimenin bir yer ismi (toponim) olup olmadığını kontrol et. Eğer yer ismiyse (şehir, ilçe adları vb.), varsayılan kelime sonu vurgusu kuralını devredışı bırak ve Sezer Toponim Vurgu Kuralları'nı işleterek iki heceli kelimelerde birincil vurguyu (ˈ) ilk heceye sabitle.'",/bit.ˈlis/,false
Burdur,/ˈbuɾ.duɾ/,b u ɾ d u ɾ,0.95,"DOĞRU KURALLAR: 'Burdur' kelimesi iki kapalı heceden (CVC.CVC) oluşan bir yer ismidir (toponim). Türkçe yer isimlerinde Sezer vurgu kuralı (Sezer stress) gereği, ilk hece de ikinci hece de ağır (kapalı) ise vurgu ilk heceye çekilir [ˈbuɾ]. Tüm ünsüzler bağlama uygun standart varyantlarındadır. HATA ANALİZİ: Referans 1, vurguyu doğru tespit etmesine rağmen belirtilen sembol havuzunun dışına çıkarak kelime sonu r sesi için ötümsüz-sürtünmeli diyakritik (ɾ̞̊) kullanmıştır. Referans 2 ise yer isimlerindeki özel vurgu kuralını atlayarak standart kelime sonu vurgusu [ˈduɾ] hatasına düşmüştür. SİSTEM İYİLEŞTİRMESİ VE KURAL ÖNERİSİ: Sisteme şu kurallar eklenmelidir: 1) 'Toponim Vurgu Kuralı (Sezer): İki kapalı heceden (Ağır-Ağır yapı) oluşan Türkçe il, ilçe vb. yer isimlerinde (Burdur, Samsun, Mersin) birincil vurguyu (ˈ) daima ilk heceye yerleştir.' 2) 'Katı Karakter Doğrulaması (Strict Validation): Çıktı üretirken hece sonu r seslerini sürtünmeli veya ötümsüz yapsa bile sadece izin verilen sembol havuzundaki [ɾ] karakterini kullan, havuz dışı harf ve diyakritik (ɾ̞̊ vb.) kullanımını kesinlikle yasakla.'",/ˈbuɾ.duɾ̞̊/,false
Bursa,/ˈbuɾ.sa/,b u ɾ s a,0.98,"DOĞRU KURALLAR: Kelime bir yer ismidir (toponim). Türkçede yer isimleri standart kelime sonu vurgu kuralına (oksiton) tabi değildir. 'Sezer Kuralı' olarak bilinen yapısal fonoloji kuralına göre, iki heceli Türkçe yer isimlerinde vurgu tipik olarak ilk hecede yer alır. Bu nedenle birincil vurgu işareti ilk hecenin başında [ˈbuɾ.sa] olmalıdır. Kelimenin sesletimi temel ünsüz [ɾ] içerir. HATA ANALİZİ: Referans 1, kelimenin bir şehir ismi olduğunu (özel isim istisnasını) tanıyamadığı için standart bir cins isimmiş gibi vurguyu hatalı bir şekilde son heceye kaydırmış ve izin verilen sembol havuzunda olmayan, aşırı formatlanmış yarı-sürtünmeli/ötümsüz bir 'r' (ɾ̞̊) kullanmıştır. Referans 2 ise yer ismi vurgu istisnasını başarılı biçimde yakalamış ve doğru sembolleri kullanmıştır. SİSTEM İYİLEŞTİRMESİ VE KURAL ÖNERİSİ: Sisteme şu iki kural eklenmelidir: 1) 'Toponim (Yer İsmi) Vurgu Kuralı: İki heceli yerisimleri (şehir, ilçe, ülke) işlenirken, sistemsel son hece vurgusu standardını ez ve birincil vurguyu (ˈ) aksi belirtilmedikçe her zaman ilk hecenin başına yerleştir.' 2) 'Geçerli Sembol Filtresi: Sistem yalnızca izin verilen IPA havuzundaki varyantları kullanmaya zorlanmalı; ɾ̞̊ gibi havuz dışı diyakritik semboller temel [ɾ] sembolüne eşitlenmelidir.'",/buɾ̞̊.ˈsa/,false
Diyarbakır,/di.ˈjaɾ.ba.kʰɯɾ/,d i j a ɾ b a kʰ ɯ ɾ,0.95,"DOĞRU KURALLAR: 'Diyarbakır' özel bir yer adıdır ve Türkçe yer adlarında sıklıkla görülen 'Sezer Vurgu Kuralları'na veya birleşik isim vurgusuna uyar. Standart kelimelerin aksine vurgu sonda değil, 'yar' hecesindedir. Hece başındaki ötümsüz patlayıcı 'k' sesi kural gereği aspire edilir [kʰ]. HATA ANALİZİ: Referans 1 ve Referans 2, kelimenin yer adı formatını gözden kaçırmış ve ezberlenmiş son hece vurgusu atamıştır. Ayrıca Referans 1 izin verilen havuzda bulunmayan kelime sonu desonorizasyon (ɾ̞̊) sembolünü kullanmış, Referans 2 ise zorunlu 'k' aspirasyonu kuralını [kʰ] atlamıştır. SİSTEM İYİLEŞTİRMESİ VE KURAL ÖNERİSİ: Algoritmaya şu kuralların eklenmesi şarttır: 1) 'Yer Adı Vurgusu (Sezer Kuralı): Şehir ve özel yer isimlerini tespit et; kelimede sondan üçüncü hece kapalı (ağır), sondan ikinci hece açık (hafif) ise varsayılan kelime sonu vurgusunu iptal ederek birincil vurguyu (ˈ) sondan üçüncü heceye sabitle.' 2) 'Hece Başı Aspirasyon: Standart hece başı ötümsüz patlayıcıları komşu bir sürtünmelinin (s, ʃ vb.) engellemediği tüm durumlarda daima soluklu (pʰ, tʰ, kʰ, cʰ) varyantlarıyla transkribe et.'",/di.jaɾ.ba.ˈkʰɯɾ̞̊/,false
Erzincan,/æɾ.ˈziɲ.dʒan/,æ ɾ z i ɲ d͡ʒ a n,0.95,"DOĞRU KURALLAR: 1) Vurgu: 'Erzincan' bir yer adıdır (toponim). Türkçe yer adları vurgu kuralı (Sezer Kuralı) gereği, bütün heceleri ağır (CVC.CVC.CVC) olan bu şehir adında vurgu sondan bir önceki (penult) heceye [ˈziɲ] kayar. 2) Ünsüz / Yer Benzeşmesi: Dişyuvası (alveolar) /n/ ünsüzü, kendisinden sonra gelen /dʒ/ ünsüzünün etkisiyle gerileyici yer benzeşmesine (regressive place assimilation) uğrayarak damaksıl /ɲ/ (palatal nasal) sesine dönüşür. 3) Açık 'e': Kapalı hecede, akıcı /ɾ/ sesi öncesinde bulunan 'e' ünlüsü açılarak [æ] sesbirimciğini alır. HATA ANALİZİ: Referans 1 ve 2, yer adlarındaki (toponimlerdeki) vurgu kaymasını istisna olarak tanımlayamadıkları için genel Türkçe kuralı olan kelime sonu vurgusunu işletip vurguyu [ˈdʒan] hecesine koyma hatasına düşmüştür. Ayrıca Referans 2, /n/ ünsüzündeki yer benzeşmesini atlamıştır. Her iki referans da izin verilen havuzda bulunmayan üst bağ işaretli ligatür (d͡ʒ) kullanmıştır. SİSTEM İYİLEŞTİRMESİ VE KURAL ÖNERİSİ: Algoritmaya şu kurallar eklenmelidir: 1) 'Yer Adı Vurgusu İstisnası (Toponym Stress): Kelime bir il/ilçe adıysa CVC.CVC.CVC diziliminde varsayılan son hece vurgusunu ez ve birincil vurguyu (ˈ) sondan bir önceki heceye sabitle.' 2) 'Nazal Yer Benzeşmesi Kuralı: /n/ sesinden hemen sonra [dʒ] veya [tʃ] geliyorsa, /n/ sesini zorunlu olarak palatal [ɲ] olarak transkribe et.' 3) 'Ligatür Temizliği: Çift sesletimli (affricate) ünsüzleri yazarken havuzdaki tʃ ve dʒ sembollerini kullan, t͡ʃ veya d͡ʒ gibi bağ işaretleri üretme.'",/æɾ.ziɲ.ˈd͡ʒan/,false
Erzurum'u,/ˈæɾ.zu.ɾu.mu/,æ ɾ z u ɾ u m u,0.95,"DOĞRU KURALLAR: Kelime bir özel isimdir (yer adıdır) ve yer adlarına özgü vurgu kuralına (Sezer Vurgusu) tabidir. 'Er-zu-rum' kelimesinde sondan bir önceki hece (penult - zu) açık/hafif, ondan önceki hece (antepenult - er) ise kapalı/ağır hece olduğu için, vurgu başa (antepenult) kayar [ˈæɾ.zu.ɾum]. Belirtme durumu eki '-u' eklendiğinde kelime sonundaki 'm' ünsüzü bir sonraki hecenin başına geçer (heceleme: Er-zu-ru-mu), ancak yer adlarında çekim eki geldiğinde kökteki vurgu yeri değişmez, vurgu ilk hecede kalır. Kelimenin başındaki 'e' ünlüsü, ardından gelen 'r' ünsüzünün etkisiyle açık [æ] olarak telaffuz edilir. HATA ANALİZİ: Referans 1, kelimenin özel isim olduğunu algılamadan standart kelime sonu vurgusu kuralını işletip vurguyu eke [mu] vermiştir. Referans 2 ise Sezer Vurgusu'nu bilmediği için kelime köküne hatalı bir vurgu atamış [ɾu] ve bunu eke yansıtmıştır. SİSTEM İYİLEŞTİRMESİ VE KURAL ÖNERİSİ: Sisteme şu kural eklenmelidir: 'Yer Adlarında Vurgu (Sezer Kuralı): Hece ağırlığına göre, eğer üç heceli bir yer adı CVC-CV-CVC (ağır-hafif-ağır) yapısındaysa (örn. Ankara, Erzurum), vurguyu her zaman ilk (antepenult) heceye ata. Ünlüyle başlayan bir çekim eki gelse ve ulanan hece yapısı değişse bile kökün ilk hecesindeki vurguyu koru.'",/æɾ.zu.ɾu.ˈmu/,false
Eski Yunanca,/æs.ˈciju.ˈnaɲ.dʒa/,æ s c i j u n a ɲ d͡ʒ a,0.95,"DOĞRU KURALLAR: Eski kelimesinde kapalı hecedeki 'e' açık ünlüsü [æ] olarak belirebilir. 'k' sesi ince 'i' önünde damaksıllaşır [c] ve 's' sonrasında olduğu için aspirasyon (solukluluk) taşımaz. Dil ismi türeten '-ca/-ce' eki vurgu almaz; bu kelimede vurgu 'nan' hecesindedir. Ayrıca diş-yuva (alveolar) /n/ ünsüzü, kendisinden sonraki damak-dişyuva ardı 'c' [dʒ] ünsüzüne rastladığında gerileyici (anticipatory) benzeşme ile damaksıl [ɲ] varyantına dönüşür. HATA ANALİZİ: Referans 1, 's' sonrası patlayıcıdaki aspirasyon yitimini uygulamayarak hatalı bir şekilde [cʰ] yazmış ve '-ca' ekinin vurgu istisnasını atlamıştır. Referans 2, ekin vurgu durumunu doğru görmesine rağmen isim tamlamasındaki kelimeleri hece sınırıyla (ci.ju) tek sözcük gibi birleştirmiş ve dar fonetik bildirimler arasındaki /n/ -> [ɲ] benzeşmesini atlamıştır. SİSTEM İYİLEŞTİRMESİ VE KURAL ÖNERİSİ: Sisteme şu kurallar eklenmelidir: 1) 'Vurgu İstisnası: Dil ismi türeten -ca/-ce ekleri kesinlikle vurgu almaz; birincil vurguyu (ˈ) kök/gövdedeki son heceye sabitle.' 2) 'Nazal Benzeşme: /n/ ünsüzü [tʃ, dʒ] gibi affrikatlardan hemen önce geliyorsa, dar çeviri kuralı olarak daima [ɲ] sesine dönüştür.' 3) 'Aspirasyon Yitimi: [s, ʃ] sürtünmelilerinden sonra takip eden p, t, k, c patlayıcılarını asla soluklu/aspirasyonlu (ʰ) olarak işaretleme.'",/æs.ˈcʰiju.naɲ.ˈd͡ʒa/,false
Eski İngilizce,/es.ˈciiɲ.ɟi.ˈliz.dʒe/,e s c i i ɲ ɟ i l i z d͡ʒ e,0.95,"DOĞRU KURALLAR: 1) Vurgu: 'Eski' kelimesinde vurgu son hecededir. 'İngilizce' sözcüğündeki -ce eki vurgu almaz ve birincil vurguyu bir önceki heceye bırakır [iɲ.ɟi.ˈliz.dʒe]. 2) Nazal Assimilasyon: 'İngilizce' kelimesindeki 'g' harfi, çevresindeki ince ünlüler sebebiyle damaksıllaşır [ɟ]. Bu ses, öncesindeki 'n' ünsüzünü damaksıl nazal [ɲ] varyantına dönüştürür. 3) Aspirasyon Kaybı: 'Eski' kelimesinde 's' sesinden sonra gelen patlayıcılar soluklanmaz; 'k' sesi yalnız damaksıllaşır [c] ancak aspire olmaz. HATA ANALİZİ: Ref 1, 's' sonrası aspirasyon kaybı istisnasını bilmediği için [cʰ] üretmiştir. Ayrıca 'e' başlangıç ünlüsünü standart dışı biçimde aşırı açarak [æ] yapmış ve sembol setinde izni olmayan bağlama kemeri (͡) içeren [d͡ʒ] karakterini kullanmıştır. Ref 2 tamamen halüsinasyon görerek morfofonolojik yapıyı bozmuş, '-ce' ekini [zæ] şeklinde hecelemiş ve [ɟ] damaksıl patlamasını hatalı şekilde yutmuştur. SİSTEM İYİLEŞTİRMESİ VE KURAL ÖNERİSİ: Sisteme şu katı kuralların eklenmesi şarttır: 1) 'Sürtünmeli Sonrası Kuralı': Eğer [p, t, k, c] patlayıcılarından hemen önce [s] veya [ʃ] geliyorsa aspirasyon (ʰ) özelliğini iptal et. 2) 'Damaksıl Nazal Kuralı': /n/ sesi, [ɟ] veya [c] ile bitişikse transkripsiyonda her zaman [ɲ] kullan. 3) 'Vurgusuz Ekler Listesi': Dil türeten -ca/-ce ekinin vurgusuz olduğunu hardcode et ve birincil vurguyu bir önceki heceye sabitle. 4) 'Sembol Seti Validasyonu': Afrika sesleri oluştururken bağ tildesi (͡) kullandırtma, dizgesel olarak yalnızca 'dʒ' ve 'tʃ' sekanslarına izin ver.",/æs.ˈcʰiiɲ.ɟi.ˈliz.d͡ʒe/,false
Fiji dili,/ˈfi.ʒidi.ˈli/,f i ʒ i d i l i,0.95,"DOĞRU KURALLAR: Türkçe sesbiliminde iki heceli yabancı coğrafi isimlerin vurgusu genellikle ilk heceye kayar (Toponim vurgusu), bu nedenle 'Fiji' kelimesinin vurgusu ilk hecededir [ˈfi.ʒi]. 'dili' kelimesi standart kurala bağlamında son hecesinden vurgulanır [di.ˈli]. Türkçede 'j' grafemi standart olarak [ʒ] sürtünmelisi ile sesletilir. İnce 'i' ünlüsünün yanındaki 'l' alveolar/ince [l] olarak gerçekleşir. HATA ANALİZİ: Referans 1, yer adları kuralını atlayarak 'Fiji' sözcüğüne standart Türkçe kelime sonu vurgusu [fi.ˈʒi] uygulamıştır. Referans 2, kelimeler arasındaki boşluğu kaldırarak ifadeyi tek kelimeymiş gibi birleştirmiş, izin verilmeyen bağ işaretli (d͡ʒ) İngilizce kaynaklı telaffuzu kullanmış ve 'j' harfinin Türkçedeki okunuş kuralını ([ʒ]) ihlal etmiştir. SİSTEM İYİLEŞTİRMESİ VE KURAL ÖNERİSİ: Sistemin algoritmasına şu katı kurallar eklenmelidir: 1) 'Karakter Haritalama: Türkçedeki j harfini bağlamdan bağımsız olarak daima [ʒ] şeklinde transkribe et, yabancı okunuş varsayımlarından (örn. [dʒ]) kaçın.' 2) 'Kelime Sınırları: Girdideki kelimeler arası boşlukları mutlaka koru.' 3) 'Toponim Vurgusu: İki heceli ülke, şehir ve yabancı yer adlarında birincil vurguyu (ˈ) yerel toponim kuralı gereği ilk heceye yerleştir.'",/fi.ˈʒidi.ˈli/,false
Gaziantep,/ɡaː.zi.ˈan.tʰæp/,ɡ aː z i a n tʰ æ p,0.93,"DOĞRU KURALLAR: 1) Vurgu: Yer adlarında (toponim) ve özellikle Gaziantep gibi birleşik yapılı yapıdaki şehir isimlerinde ana vurgu kelime sonunda değil, birleşiğin ikinci ögesinin ilk hecesinde (an) yer alır (Sezer Vurgu Kuralı). 2) Ünlüler: Arapça kökenli gazi sözcüğündeki a ünlüsü uzundur [aː]. Kapalı hecedeki -tep parçasında e ünlüsü, p ünsüzünün etkisiyle açılarak [æ] sesine dönüşür. 3) Ünsüzler ve Aspirasyon: t patlayıcısı hece başında solukludur [tʰ]. Sonda yer alan p ise kelime sonunda güçlü bir patlamaya sahip olmadığı için soluksuz bırakılır [p]. HATA ANALİZİ: Referans 1 ve 2, yer adlarına uygulanan toponimik vurgu kuralını atlayarak standart kelime sonu vurgusu (ˈtʰæp) hatasına düşmüştür. Ayrıca Gazi kökündeki etimolojik ünlü uzunluğunu gözden kaçırıp kısa ünlü ile (a) transkripsiyon yapmışlardır. SİSTEM İYİLEŞTİRMESİ VE KURAL ÖNERİSİ: Sisteme şu kalıtsal kurallar eklenmelidir: 1) Birleşik Yer Adı Vurgusu: Eğer girdi birleşik yapılı bir yer adıysa (örn: Gaziantep), varsayılan son hece vurgusu fonksiyonunu iptal et ve birincil vurguyu (ˈ) ikinci birleşen kökün ilk hecesine sabitle. 2) Alıntı Kelimelerde Uzunluk Koruması: Birleşik şehir isimlerinin içinde bile yer alsa Gazi gibi köklerin etimolojisi kontrol edilmeli ve uzun a [aː] kuralı işletilmelidir.",/ɡa.zi.an.ˈtʰæp/,false
Gazipaşa,/ɡaː.ˈzi.pʰa.ʃa/,ɡ aː z i pʰ a ʃ a,0.95,"DOĞRU KURALLAR: Ünlü Uzunluğu: İlk bileşen olan Arapça kökenli 'gazi' kelimesinin ilk 'a' ünlüsü uzundur [aː]. Vurgu: 'Paşa' sözcüğü unvan karakterli olduğu için birleşik isimlerde ve yer adlarında vurguyu üzerine almaz, bir önceki sözcüğün son hecesine atar. Vurgu 'zi' hecesindedir (Ga-Zİ-pa-şa). Aspirasyon: 'p' hece başı ötümsüz patlayıcı durumunda olduğu için solukludur [pʰ]. HATA ANALİZİ: Çıktılar etimolojik yapıyı bilmedikleri için 'a' sesini kısa transkribe etmişlerdir. Ayrıca kelimeye salt kelime sonu vurgusu kuralı işleterek unvan vurgusu istisnasını kaçırmışlardır. Referans 2 ilaveten dar çeviri gerekliliği olan aspirasyonu da ihmal etmiştir. SİSTEM İYİLEŞTİRMESİ VE KURAL ÖNERİSİ: Sisteme şu iki kural eklenmelidir: 1) Etimolojik İstisna Sözlüğü (Lexicon Override): Şapka içermese dahi Arapça ve Farsça kökenli kelimelerdeki ünlü uzunluklarını [aː] koru. 2) Unvan ve Yer Adı Vurgusu: Eğer bileşik isim paşa, bey gibi unvan yapılarıyla bitiyorsa, birincil vurguyu unvandan hemen önceki heceye sabitle.",/ɡa.zi.pʰa.ˈʃa/,false
Giresun,/ɟi.ˈɾe.sun/,ɟ i ɾ e s u n,0.95,"DOĞRU KURALLAR: Vurgu: 'Giresun' bir toponimdir (yer ismi). Yer isimlerinde standart kelime sonu vurgu kuralı işlemez. Hece yapısına dayalı Sezer Vurgu Kuralı gereği vurgu, 're' hecesindedir. Ünsüzler: Kelime başındaki 'g' sesi, kendisinden sonraki ön ünlü 'i'nin etkisiyle damaksıllaşır ve [ɟ] olarak transkribe edilir. HATA ANALİZİ: Referans çıktılar [ɟ] sesini doğru bulmuş fakat kelimenin bir özel isim (il adı) olduğunu gözden kaçırarak, standart son hece vurgusunu körlemesine işletip vurguyu [ˈsun] hecesine atamıştır. SİSTEM İYİLEŞTİRMESİ VE KURAL ÖNERİSİ: Sisteme şu yapısal kural eklenmelidir: 'Yer İsmi Vurgu İstisnası (Toponym Rule): Kelime Türkçe bir toponim ise standart son hece vurgusunu iptal et. Sezer Hece Ağırlığı kuralını işlet ve hafif-hafif-ağır (L-L-H) hece dizilimine sahip üç heceli yer isimlerinde birincil vurguyu (ˈ) sondan bir önceki heceye (penult) sabitle.'",/ɟi.ɾe.ˈsun/,false
Gorani,/ɡo.ɾa.ˈni/,ɡ o ɾ a n i,0.9,"DOĞRU KURALLAR: Kelime yabancı kökenli olup (etnonim/dil adı) fonetik yapısı standart Türkçeye uyarlanmıştır. Sesletimde kalın 'g' [ɡ], standart 'o' ve 'a' ile damaksıl-dişeti 'r' [ɾ] bulunur. Aitlik, mezhep veya etnik köken bildiren (nispet i'si ile biten) kelimelerde (örn: Sorani, Süryani, Kırmanci) vurgu genellikle yer adlarında uygulanan Sezer vurgu kuralının aksine son heceye düşer. Ötümlü patlayıcı 'g' sesi aspirasyon almaz. HATA ANALİZİ: Referans 1, vurgu yerini ve heceleme kurallarını doğru tespit etmiş ancak dar çeviri sembolü olan köşeli parantez ([]) yerine geniş çeviri sembolü olan eğik çizgi (//) kullanmıştır. Referans 2 ise hedef kelimeyi standart bir yer adı (ör. toponim) sınıfına sokarak Sezer kuralını işletmiş, vurguyu sondan bir önceki heceye [ɡo.ˈɾa.ni] çekerek hata yapmıştır. Ayrıca o da parantez kuralını ihlal etmiştir. SİSTEM İYİLEŞTİRMESİ VE KURAL ÖNERİSİ: Sisteme şu iki kural eklenmelidir: 1) 'Dar Çeviri Kuralı: İstenen transkripsiyon narrow (dar) olduğunda fonemik slash (//) yerine daima parantez ([]) kullan.' 2) 'Etnonim Vurgu İstisnası: Farsi, Sorani, Gorani gibi '-i' ile biten aitlik, dil ve inanç grubu adlarında, yer adı vurgusu (Sezer) istisnasını atla ve birincil vurguyu son heceye [ˈni] yerleştir.'",/ɡo.ɾa.ˈni/,true
Göbeklitepe,/ɟœ.bec.ˈli.tʰe.pʰe/,ɟ œ b e c l i tʰ e pʰ e,0.95,"DOĞRU KURALLAR: 1) Damaksıllaşma: İnce ünlülerle kurulan hecelerde g ve k sesleri damaksıllaşarak [ɟ] ve [c] olur. 2) Aspirasyon: Hece başında bulunan ötümsüz patlayıcılar (t, p) aspire edilir [tʰ, pʰ]. Hece sonundakiler ise aspire edilmez. 3) Birleşik Yer Adı Vurgusu: Sonu '-tepe, -köy, -dağ' vb. ile biten birleşik yer adlarında ana vurgu, birinci kelimenin (Göbekli) son hecesine düşer. 4) Kapalı 'e' Kuralı: Damaksıl ünsüzlerin (c, ɟ, j) hemen öncesinde bulunan 'e' sesi [æ] olarak açılmaz, kapalı [e] olarak kalır. HATA ANALİZİ: Referans 1, vurguyu her zaman kelime sonunda arayan standart bir algoritma çalıştırdığı için birleşik isim istisnasını atlamış; ayrıca [c] öncesindeki e'yi [æ] olarak açarak hata yapmıştır. Referans 2 ise hem vurguyu yanlış yere koymuş, hem aspirasyonları ihmal etmiş, hem de 'bek' hecesindeki 'k' sesini [c] yerine damaksıllaştırmadan [k] bırakmıştır. SİSTEM İYİLEŞTİRMESİ VE KURAL ÖNERİSİ: Sisteme şu üç kural eklenmelidir: 1) VURGU İSTİSNASI: 'Eğer kelime -tepe, -köy, -dağ ile biten bir yer ismiyse, son hece vurgusu kuralını ez ve birincil vurguyu birinci kelimenin son hecesine sabitle.' 2) KAPALI 'E' BAĞLAMI: 'Kapalı hecelerdeki e sesini [æ] yapmadan önce kontrol et; eğer hece sonundaki ünsüz [c, ɟ, j, ɲ] gibi bir palatal (damaksıl) ise e sesini [e] olarak aynen bırak.' 3) ASPİRASYON YERİ: 'Ötümsüz patlayıcıları (p, t, k, c) sadece hece başında ünlüden önce aspire (ʰ) et; hece sonlarındayken etme.'",/ɟœ.bæc.li.tʰe.ˈpʰe/,false
Gümüşhane,/ɟy.ˈmyʃ.ha.ne/,ɟ y m y ʃ h a n e,0.95,"DOĞRU KURALLAR: 1) Damaksıllaşma (Palatalizasyon): 'g' ünsüzü, kendisinden sonra gelen ince (ön) 'ü' ünlüsünün etkisiyle öndamaksıl [ɟ] sese dönüşür. 2) Vurgu (Toponim Kuralı): Kelime birleşik yapılı bir yer adıdır (toponim). Türkçede birleşik yer adlarında Sezer (1981) vurgu kuralı gereği birincil vurgu, ilk bileşen kelimenin son hecesine düşer. Bu nedenle vurgu 'müş' hecesindedir [ˈmyʃ]. 3) Ünlü Kısalması: Bağımsız 'hane' sözcüğündeki Farsça kökenli uzun /aː/ ünlüsü, yer adı olarak kaynaşmış ve vurgusuz durumda kalmış birleşik sözcüklerde genellikle fonetik olarak kısalmaya uğrar [a]. HATA ANALİZİ: Referans 1 ve Referans 2, kelimenin ön-damak fonem değişimini (g -> ɟ) başarıyla yapmış ancak sözcüğün bir özel isim (yer adı) olduğunu hesaba katmamıştır. Türkiye Türkçesinin 'vurgu kelimenin son hecesindedir' kuralını ezbere (default) işleterek vurguyu hatalı biçimde nihai heceye [ˈne] atamıştır. SİSTEM İYİLEŞTİRMESİ VE KURAL ÖNERİSİ: Sisteme Varlık İsmi (Named Entity) tespiti eklenebilmeli ve koda şu kural yazılmalıdır: 'Birleşik Yer Adları İstisnası (Hardcoded Rule): Eğer analiz edilecek kelime N1+N2 yapısında birleşik bir yer adıysa (örn: Gümüş+hane, Çanak+kale), varsayılan son hece vurgusunu iptal et; birincil vurguyu (ˈ) mutlak surette birinci bileşen kelimenin son hecesinin (müş) başına yerleştir.'",/ɟy.myʃ.ha.ˈne/,false
Hatay,/ha.ˈtʰaj/,h a tʰ a j,0.95,"DOĞRU KURALLAR: Kelime, 'hafif hece + ağır hece' (CV.CVC) yapısına sahip iki heceli bir yer adıdır. Yer adlarındaki vurgu (Sezer Vurgu Kuralı) gereği, bu hece dizilimi vurguyu istisnai biçimde son hecede konumlandırır. İkinci hece başındaki ötümsüz patlayıcı 't' sesi aspire edilerek [tʰ] biçiminde telaffuz edilir. Kelime sonundaki 'y' [j] varyantındadır. HATA ANALİZİ: Referans 1 dar çeviri kurallarını doğru işleterek aspirasyonu yakalamıştır. Referans 2 ise heceleme ve vurgu tespitini doğru yapmasına rağmen, standart sesbirimsel (geniş) çeviride kalmış ve hece başı patlayıcıların sekonder artikülasyonunu (ʰ) atlamıştır. SİSTEM İYİLEŞTİRMESİ VE KURAL ÖNERİSİ: Sistemin güncellenmesi için şu kurallar tanımlanmalıdır: 1) 'Sezer Vurgusu Algoritması: İki heceli yer adları analiz edilirken ilk hecenin açık/hafif, ikinci hecenin kapalı/ağır olduğu durumlarda (örn: Ha-tay, To-kat, Si-nop) genel yer adı vurgusu (ilk hece) kuralını ez ve vurguyu son heceye sabitle.' 2) 'Otomatik Aspirasyon: Sürtünmeli ünsüz sonrasına denk gelmeyen hece başındaki [p, t, k, c] seslerini standart olarak dar çeviri sembolleriyle [pʰ, tʰ, kʰ, cʰ] değiştir.'",/ha.ˈtʰaj/,true
Hatay'ın,/ha.ˈtʰa.jɯn/,h a tʰ a j ɯ n,0.95,"DOĞRU KURALLAR: 1) Vurgu: Türkçede yer adlarında (toponim) vurgu genellikle kelime kökünde sabit kalır ve çekim eklerine kaymaz. 'Hatay' kelimesinde vurgu ikinci hecededir (ha.ˈtay). İlgi/tamlayan eki ('ın) eklendiğinde vurgu kökteki yerini korur: [ha.ˈtʰa.jɯn]. 2) Ünsüzler/Aspirasyon: İkinci hecenin başındaki ötümsüz patlayıcı 't' sesi hece başında yer aldığı için soluklu (aspire) olarak [tʰ] telaffuz edilir. 'y' ünsüzü sesliler arasında yarı ünlü [j], 'ı' grafemi ise standart olarak arka-dar [ɯ] olarak gösterilir. HATA ANALİZİ: Referans 1, kelimenin yer adı (toponim) olduğunu ve toponimlere has sabit vurgu kurallarını atlayarak standart kelime sonu vurgusu kuralını işletmiş; vurguyu doğrudan eke [ha.tʰa.ˈjɯn] kaydırarak hata yapmıştır. Referans 2 ise vurguyu kökte tutarak doğru çözümü bulmuştur. SİSTEM İYİLEŞTİRMESİ VE KURAL ÖNERİSİ: Sistemin algoritmasına şu katı kural eklenmelidir: 'Toponim/Özel İsim Vurgu Kuralı: Yer adları ve özel isimlere çekim eki (iyelik, ilgi, yönelme vb.) eklendiğinde, genel kural olan kelime sonu vurgu taşıma döngüsünü pasifize et. Birincil vurgu işaretini (ˈ) mutlaka kökün doğal vurgulu hecesinde sabitle ve eklerin taşımasına izin verme.'",/ha.tʰa.ˈjɯn/,false
Hibe,/ˈhi.bæ/,h i b æ,0.95,"DOĞRU KURALLAR: 1) Vurgu: Arapça kökenli olan ve aslı 'kapalı te' (ta-marbuta) ile biten (hamle, cümle, gaye, hibe vb.) iki heceli alıntı kelimelerde vurgu standart kuralın aksine ilk hecededir [ˈhi]. 2) Kelime Sonu 'e': Türkçede kelime sonundaki açık hecelerde 'e' ünlüsü, daha düşük/açık bir artikülasyonla sesletilir ve dar çeviride (narrow transcription) [æ] olarak gösterilir. Ünsüzlerde herhangi bir aspirasyon veya bağlamsal değişim söz konusu değildir. HATA ANALİZİ: Referans 1, alıntı kelime istisnasını bilmediğinden standart Türkçe vurgu kuralını ezbere işletip vurguyu son heceye atmış ([hi.ˈbe]) ve kelime sonu 'e' ünlüsünün açıklaşma bağlamını gözden kaçırmıştır. Referans 2 ise sesbilgisel özellikleri doğru tespit etmiş ancak dar fonetik çeviri formunda olması gereken köşeli parantez [...] imleri yerine, geniş çeviriye (broad transcription) ait olan /.../ imlerini kullanmıştır. SİSTEM İYİLEŞTİRMESİ VE KURAL ÖNERİSİ: Sistemin algoritmasına şu katı kurallar eklenmelidir: 1) 'Vurgu İstisnası: Arapça kökenli, son hecesi ta-marbuta orijinli olan ve Türkçeye 'e/a' ile biterek geçen isim kategorisindeki alıntılarda (hibe, hamle, kaide vb.) varsayılan kelime sonu vurgusunu iptal et; birincil vurguyu [ˈ] ilk heceye (sondan bir önceki heceye) çek.' 2) 'Allofonik Değişim: Dar çeviri (narrow transcription) sürecinde kelime sonu açık hecedeki [e] seslerini daima açık 'e' [æ] varyantı ile haritala ve çıktıyı muhakkak köşeli parantez [...] ile sınırla.'",/hi.ˈbe/,false
Karabük,/kʰa.ɾa.ˈbyc/,kʰ a ɾ a b y c,0.95,"DOĞRU KURALLAR: 1. Aspirasyon: Kelime başında bulunan tonsuz velar patlayıcı 'k' sesi soluklu (aspire/aspirated) olarak [kʰ] şeklinde telaffuz edilir. 2. Damaksıllaşma (Palatalizasyon): İnce ve yuvarlak bir ünlü olan 'ü' [y] sesinden sonra gelen kelime sonundaki 'k' arka damak ünsüzü, ünlü uyumu/etkileşimi nedeniyle öne çekilerek ön damak patlayıcısı olan [c] varyantına dönüşür. 3. Vurgu: Birleşik bir yer adı yapısı (sıfat+isim) olmasına karşın yaygın kullanımda vurgu son hecededir. HATA ANALİZİ: Referans 1, kelime başındaki aspirasyonu ve kelime sonu ince [c] damaksıllaşmasını mükemmel biçimde uygulamıştır. Referans 2 ise fonetik çeviriyi doğrudan ve kuralsız (ezbere harf-ses eşlemesi) yapmış; ince 'ü' ünlüsünün finaldeki 'k' sesi üzerindeki palatalize edici etkisini bilmediği için kalın [k] kullanmış ve kelime başındaki soluklu telaffuzu pas geçmiştir. SİSTEM İYİLEŞTİRMESİ VE KURAL ÖNERİSİ: Sistemin mevcut karar ve eşleme yapısına şu iki katı kural (hardcoded rule) eklenmelidir: 1) 'Bağlamsal Damaksıllaşma (Contextual Palatalization): Eğer [k] veya [g] fonemleri ince ünlüler sınıfından [e, i, œ, y] herhangi biriyle temas halindeyse (öncesinde veya sonrasında bulunuyorsa), bu ünsüzleri muhakkak ön damak varyantları olan [c] ve [ɟ] sembolleriyle değiştir.' 2) 'Baş-Pozisyon Aspirasyonu (Initial Aspiration): Sözcük başındaki tonsuz patlayıcıları [p, t, k, c], komşu fonem istisnası (s, ş, f gibi bir sürtünmeliden sonra gelme vb.) yoksa varsayılan olarak standart soluklu [pʰ, tʰ, kʰ, cʰ] biçimde çevir.'",/kʰa.ɾa.ˈbyc/,true
Karadeniz,/kʰa.ˈɾa.de.niz/,kʰ a ɾ a d e n i z,0.95,"DOĞRU KURALLAR: 1. Vurgu: 'Karadeniz' kelimesi sıfat tamlaması formunda oluşmuş birleşik yapılı bir özel isimdir (Kara + deniz). Türkçede bu tür tür/sıfat tamlaması tabanlı coğrafi birleşik isimlerde vurgu, birinci kelimenin (tamlayanın) son hecesine düşer, bu nedenle vurgu 'ra' hecesindedir ([ˈɾa]). 2. Ünsüzler/Aspirasyon: Türkçe fonolojisine göre kelime veya hece başındaki ötümsüz patlayıcı 'k' sesi, ünlü bir sesin önünde aspire edilerek (soluklu) [kʰ] şeklinde telaffuz edilir. HATA ANALİZİ: Referans 1, hece başı aspirasyonunu ([kʰ]) doğru uygulamış ancak kelimenin birleşik bir özel isim olduğu bilgisini gözden kaçırıp ezbere standart kelime sonu vurgusu ([ˈniz]) kuralını işletmiştir. Referans 2 ise hem aspirasyonu eksik bırakmış ([k]) hem de sistemin varsayılan kural tuzağına düşerek vurguyu kelimenin en sonuna atmıştır. SİSTEM İYİLEŞTİRMESİ VE KURAL ÖNERİSİ: Sistemin algoritmasına şu koşullar eklenmelidir: 1) 'Birleşik Yer İsmi Vurgusu (Dictionary/Exception Rule): Eğer hedef kelime (Karadeniz, Akdeniz, Kızılırmak gibi) ilk unsuru renk veya sıfat bildiren birleşik bir isim/özel ad ise, varsayılan kelime sonu vurgu kuralını iptal et ve birincil vurguyu (ˈ) kesinlikle birleşik yapının ilk bileşeninin son hecesinin başına yerleştir.' 2) 'Patlayıcı Aspirasyonu: Hece/kelime başı ötümsüz patlayıcı ünsüzler (p, t, k, c) bir ünlü tarafından takip ediliyorsa sese ait soluklu varyantları (pʰ, tʰ, kʰ, cʰ) zorunlu olarak uygula.'",/kʰa.ɾa.de.ˈniz/,false
Kartal'ı,/kʰaɾ.tʰa.ˈɫɯ/,kʰ a ɾ tʰ a ɫ ɯ,0.95,"DOĞRU KURALLAR: Türkçe heceleme kurallarına (Maksimum Onset) göre iki ünlü arasındaki tek ünsüz kendinden sonraki ünlüyle hece kurar (Kar-ta-lı). Hece başı ötümsüz patlayıcı ünsüzler (k, t) soluklu/aspire telaffuz edilerek [kʰ, tʰ] varyantlarına dönüşür. Kalın/art ünlülerin (a, ɯ) bulunduğu bağlamdaki 'l' sesi, karanlık (velarize) varyant olan [ɫ] ile ifade edilir. Belirtme durumu eki olan '-ı', vurguyu üzerine çekerek kelime sonu vurgusuna [ˈɫɯ] sebep olur. HATA ANALİZİ: Referans 1, sistem için izin verilen kısıtlı sembol havuzunda bulunmayan aşırı daraltılmış/ötümsüz [ɾ̞̊] sembolünü kullanarak format kurallarını ihlal etmiştir. Referans 2 ise Türkçe heceleme kuralını çiğneyerek 'l' ünsüzünü geride bırakmış ([.tʰaɫ.ɯ] yerine [.tʰa.ɫɯ] olmalıydı), kök başındaki [kʰ] aspirasyonunu ihmal etmiş ve ekleşme sonrası vurgu kaymasını uygulayamamıştır. SİSTEM İYİLEŞTİRMESİ VE KURAL ÖNERİSİ: Sisteme şu katı kurallar entegre edilmelidir: 1) 'Heceleme (Maximal Onset) İstisnası: Sözcük sonu ünsüzü ile başlayan bir ek (ünlüyle) birleştiğinde (V C + V), sözcük sonundaki ünsüzü daima bir sonraki hecenin başlangıcına kaydır (Örn: C-V C-V).' 2) 'Sembol Havuzu Validasyonu: Çıktı üretmeden önce seçilen sembolleri mutlak havuzla kontrol et; havuz dışı kalıntıları (örn: [ɾ̞̊]) havuzdaki en temel fonemle ([ɾ]) değiştir.'",/kʰaɾ̞̊.tʰa.ˈɫɯ/,false
Kartal'ın,/kʰaɾ.tʰa.ˈɫɯn/,kʰ a ɾ tʰ a ɫ ɯ n,0.98,"DOĞRU KURALLAR: Heceleme (Ulama): Ünsüzle biten bir isim ünlüyle başlayan bir ek aldığında, sondaki ünsüz bir sonraki hecenin başlangıcına (onset) geçer ('kar-tal' + 'ın' -> 'kar.ta.lın'). Ünsüzler ve Aspirasyon: Hece başında bulunan ötümsüz patlayıcılar (k, t) soluklu edilir [kʰ, tʰ]. L Varyantı: Kalın/art ünlülerle (a, ı) yan yana olan l ünsüzü kalın [ɫ] biçiminde gerçekleşir. Vurgu: İsim çekimlerinde genel kural olarak vurgu tamlayan eki olan son heceye kayar. HATA ANALİZİ: Ref 1, aspirasyon ve vurguyu doğru bulmuş ancak izin verilen sembol havuzunda yer almayan ötümsüz bir r varyantı [ɾ̞̊] üreterek konfigürasyon sınırlarını ihlal etmiştir. Ref 2 ise hecelemeyi hece fonolojisine (kar.ta.lın) değil morfolojik ek sınırlarına göre (kar.tal.ın) hatalı bölmüş ve hece başı [k, t] sesleri için zorunlu olan aspirasyon modifikasyonunu (ʰ) yapmayı atlayarak ezbere bir transkripsiyon sunmuştur. SİSTEM İYİLEŞTİRMESİ VE KURAL ÖNERİSİ: Sistemin algoritmasına şu temel kurallar entegre edilmelidir: 1) 'Fonolojik Heceleme (Resyllabification): Kelime ünsüzle bitip ek ünlüyle başlıyorsa, aradaki morfolojik kesmeyi iptal et. O ünsüzü doğrudan kendinden sonra gelen ünlünün hece başı yap (CV.C + VC -> CV.CV.C).' 2) 'Aspirasyon Haritalaması: Hece başlangıçlarında (onset) yer alan [p, t, k, c] seslerini, doğrudan [pʰ, tʰ, kʰ, cʰ] sembollerine dönüştür.'",/kʰaɾ̞̊.tʰa.ˈɫɯn/,false
Kilis,/ˈcʰi.lis/,cʰ i l i s,0.95,"DOĞRU KURALLAR: Kelime 'k' ünsüzüyle başlar ve düz-dar ön ünlü 'i' ile devam eder. Ön ünlülerle (e, i, œ, y) yan yana gelen 'k' sesi damaksıllaşarak [c] olur. Hece başı ötümsüz patlayıcı olması sebebiyle aspirasyona uğrayarak [cʰ] dizilimine dönüşür. Sözcük kentsel bildirimli bir yerleşke (şehir) ismi olduğundan, Türkçe yer adları vurgu kuralı olan Sezer kuralı devreye girer; iki heceli şehir adlarındaki yaygın örüntü uyarınca vurgu son hecede değil, ilk hecededir: [ˈcʰi.lis]. İnce ünlülerle yan yana gelen 'l' sesi standart yalkınlaştırılmış [l] olarak betimlenir. HATA ANALİZİ: Referans 1 damaksıllaşma ve aspirasyon evrelerini eksiksiz şekilde [cʰ] bilmiştir; ancak kelimenin yer bildiren bir özel isim olduğunu ayırt edemeyerek, olağan/nizami kelimelerdeki son hece vurgusu kalıbını heceye giydirmiştir. Referans 2 ise kentsel vurgu istisnasına ek olarak, en asgari düzeydeki Türkçe palatalizasyon (ünsüz damaksıllaşması) ile soluklanma kurallarını tümden kaçırmış ve baş karakteri yalın [k] olarak muhafaza etmiştir. SİSTEM İYİLEŞTİRMESİ VE KURAL ÖNERİSİ: Algoritmaya kök hücresel boyutta iki temel yönge aşılanmalıdır: 1) Ünsüz İnceltme ve Soluklanma (Fonolojik Değişim): 'k' grafemi ince ünlüler (e, i, œ, y) ile sesletilmek üzere hece başında konuşlandığında daimi olarak damaksıl-soluklu [cʰ] formuna çevrilmelidir. 2) Yer Adları Vurgu İstisnası (NER Kontrolü): Sistem iç iskeletine kentsel yer adları, sokağa ya da coğrafyaya özgü kişi/mekan verilerini tarayabilecek ontolojik bir kontrol katmanı eklenmelidir; sözcük listedeki iki ya da çok heceli yer isimleriyle eşleştiği an (Kilis, İzmir gibi), standart ulamlı kelime sonu kuralı mutlak suretle askıya alınmalı ve birincil vurgu işareti (ˈ) ilkesel olarak ilk heceye sabitlenmelidir.",/cʰi.ˈlis/,false
Kâhtalılar,/cʰaːh.tʰa.ɫɯ.ˈɫaɾ/,cʰ aː h tʰ a ɫ ɯ ɫ a ɾ,0.9,"DOĞRU KURALLAR: 'Kâhta' kelimesindeki düzeltme işareti (^), 'k' ünsüzünün ince okunmasını gerektirir; bu yüzden 'k' damaksıllaşarak [c] olur. Kelime ve hece başındaki ötümsüz patlayıcılar (c, t) Türkiye Türkçesinde aspire edilir [cʰ, tʰ]. Özel adlardaki düzeltme işareti ilk ünlü olan a'yı uzun okutur [aː]. Sona gelen yapım eklerindeki (-lı, -lar) kalın ünlüler (ı, a) 'l' ünsüzünü art-damaksıl velar [ɫ] varyantına sokar. Vurgu ise yer adından yapım ekiyle (-lı) mensubiyet adına dönüşen kelimelerde kurala uyar ve en son heceye yerleşir [ˈɫaɾ]. HATA ANALİZİ: Referans 1, aspirasyonu doğru uygulasa da şapkanın gerektirdiği damaksıllaşmayı atlayıp kalın [kʰ] üretmiş ve ayrıca izin verilmeyen bir varyant (ɾ̞̊) kullanmıştır. Referans 2 ise ezbere bir kalın [k] kullanıp hece başı aspirasyon kurallarını tamamen es geçmiş ve vurguyu hatalı bir şekilde sondan bir önceki heceye sabitlemiştir. SİSTEM İYİLEŞTİRMESİ VE KURAL ÖNERİSİ: Sisteme iki temel kural tanımlanmalıdır: 1) 'Düzeltme İşareti (Şapka) Algoritması: kâ, gâ, lâ hecelerini tespit ettiğinde, k, g, l karakterlerini doğrudan ince varyantlarıyla haritala ([c, ɟ, l]).' 2) 'Yer Adı Vurgu Silinimi: Özel yer isimleri normalde aykırı vurgu taşısa bile, üzerine -lı/-li ve devamında -lar/-ler gibi ekler eklendiğinde kelimenin vurgusunu standart sözcük tabiatına çek ve istisna belirtilmediği sürece son heceye ata.'",/kʰaːh.tʰa.ɫɯ.ˈɫaɾ̞̊/,false
Kürt dili,/ˈcʰyɾtdi.li/,cʰ y ɾ t d i l i,0.95,"DOĞRU KURALLAR: Hedef kelime grubu bir belirtisiz isim tamlamasıdır ('Kürt dili'). Türkçede belirtisiz isim tamlamalarında kural olarak öbek vurgusu ilk kelimenin üzerinde kalır. 'Kürt' kelimesinin ilk ünsüzü 'k', kendisinden sonra gelen ince/ön ünlü 'ü' [y] etkisiyle damaksıllaşarak [c] olur ve mutlak kelime başında bulunduğu ve önünde sürtünmeli bir ses olmadığı için aspire edilir [cʰ]. 'r' sesi standart bir çarpma [ɾ] sesidir. 'dili' sözcüğü ise kelimeler arası boşluk korunarak [di.li] şeklinde transkribe edilmelidir. HATA ANALİZİ: Referans 1, telaffuzu gereksiz yere daraltıp izin verilen sembol havuzunda olmayan (ɾ̞̊) bir harf türetmiş ve tamlama vurgusunu ihlal edip vurguyu tekil kelime mantığıyla [di.ˈli] şeklinde koymuştur. Referans 2 ise iki kelime arasında boşluk bırakmayıp tek kelime gibi hecelerden bitiştirmiş, aspirasyonu eksik bırakmış ([c]) ve yine vurguyu hatalı şekilde öbeğin sonuna sabitlemiştir. SİSTEM İYİLEŞTİRMESİ VE KURAL ÖNERİSİ: Sisteme şu katı kurallar tanımlanmalıdır: 1) 'Sembol Validasyonu: Sistem, tanımlı havuz dışındaki yapıları (örn. ɾ̞̊) filtrelemeli ve temel varyantına (ɾ) çevirmelidir.' 2) 'Öbek Vurgusu Kuralı: İsim + isim tabanlı belirtisiz isim tamlaması yapılarında, birincil vurguyu (ˈ) her zaman birinci kelimenin tonik hecesine ata, ikinci kelimenin vurgusunu düşür.' 3) 'Hece Başı Aspirasyon: Ön ünlü içeren hecelerin mutlak başında yer alan kalkan damak seslerini varsayılan olarak soluklu palatal [cʰ] şeklinde eşle.'",/cʰyɾ̞̊tdi.ˈli/,false
Kırıkkale,/kʰɯ.ˈɾɯk.kʰa.le/,kʰ ɯ ɾ ɯ k kʰ a l e,0.95,"DOĞRU KURALLAR: Kelime Kırık ve kale sözcüklerinden oluşan bir yer adıdır. Özel yer adlarında (örn: Çanakkale, Pamukkale) birleşik yapının vurgusu kural gereği ilk bileşenin son hecesinde yer alır [ˈɾɯk]. Tonsuz patlayıcı ünsüz 'k', hece başı (onset) pozisyonlarında aspire edilir [kʰ], fakat hece sonunda (coda) soluksuz [k] okunur. Kırıkkale kelimesindeki ikiz 'k' geçişinde, koda pozisyonundaki ilk 'k' soluksuz, başlangıç pozisyonundaki ikinci 'k' ise solukludur [k.kʰ]. 'kale' kelimesinde 'k' ünsüzü kalın [a] ünlüsü sebebiyle damaksıllaşmaz [kʰ], 'l' ünsüzü ise ardından gelen ince [e] ünlüsü gereği standart ince formundadır [l]. HATA ANALİZİ: Referans 1, özel isim/yer adı vurgu istisnasını bilmediği için Türkçe standart kelime sonu vurgusunu [ˈle] ezbere işletmiştir. Referans 2 ise vurgu yerini ikinci kelimeye atayarak [ˈka] hata yapmış ve hece başı onset 'k' harflerindeki zorunlu aspirasyon kuralını tamamen es geçmiştir. SİSTEM İYİLEŞTİRMESİ VE KURAL ÖNERİSİ: Algoritmaya şu kurallar entegre edilmelidir: 1) 'Bileşik Yer Adı Vurgusu (Compound Place Names Rule): [İsim1 + İsim2] şeklindeki birleşik il/ilçe isimlerinde (örneğin -kale, -köy, -şehir ile bitenler), birincil vurguyu her zaman [İsim1] kelimesinin son hecesine sabitle.' 2) 'İkiz Patlayıcı (Geminate) Aspirasyon Modülü: k.k, p.p, t.t gibi hece sınırı barındıran ikiz patlayıcılarda koda konumundaki ilk sesi soluksuz [k], onset konumundaki ikinci sesi mutlaka aspire (soluklu) [kʰ] olarak haritala.'",/kʰɯ.ɾɯk.kʰa.ˈle/,false
Kırşehir,/ˈkʰɯɾ.ʃe.hiɾ/,kʰ ɯ ɾ ʃ e h i ɾ,0.95,"DOĞRU KURALLAR: 1) Vurgu (Birleşik Sözcük / Yer Adı): 'Kırşehir' birleşik bir yer adıdır. '-şehir' ile biten Türkçedeki yerleşik il adları (Eskişehir, Nevşehir vb.) birincil vurguyu ilk bileşene (kök kelimeye) çeker. Bu nedenle vurgu kesinlikle ilk hecededir ([ˈkʰɯɾ]). 2) Aspirasyon: Kelimenin başındaki ötümsüz patlayıcı 'k', soluklanarak [kʰ] şeklinde sesletilir. 3) Ünlüler: Açık hecedeki (ʃe) 'e' ünlüsü standart kapalı [e] olarak korunur, genişleme olmaz. HATA ANALİZİ: Referans 1, sistemine tanımlanmamış ve izin verilen havuzda olmayan geçersiz bir diyakritik harf (ɾ̞̊) kullanmıştır. Referans 2, hece başı 'k' sesini aspire etmemiş ve açık hecedeki 'e' ünlü harfini hatalı şekilde geniş/açık ünlüye [æ] çevirmiştir. Ayrıca en kritik hata olarak her iki referans da birleşik yer adlarındaki özel vurgu kuralını (Stres Kayması) ezbere atlamış ve standart Türkçe kuralıymış gibi vurguyu son heceye (hiɾ) koymuştur. SİSTEM İYİLEŞTİRMESİ VE KURAL ÖNERİSİ: Sistemin algoritmasına şu kesin kurallar eklenmelidir: 1) Yer Adı Vurgusu (Compound Place Names Rule): '-şehir', '-kent', '-köy' gibi bileşik parçalarla kurulan yer adlarında, standart kelime sonu vurgu kuralını iptal et ve birincil vurguyu (ˈ) birinci sözcüğün kök hecesine (Kırşehir için ilk hece olan 'Kır' hecesine) yerleştir. 2) Açık Hece Ünlü Koruması: /e/ sesi, eğer l, m, n, r gibi akıcılarla kapalı bir hece oluşturmuyorsa (örn. açık hecede /ʃe/) onu [e] olarak sabit bırak, [æ] sembolüyle değiştirme. 3) Sembol Kısıtlaması: Çıktı üretirken izin verilen sembol havuzunun dışına kesinlikle çıkma, yabancı veya fazla daraltılmış (örn. ɾ̞̊) varyantlar türetme.",/kʰɯɾ̞̊.ʃe.ˈhiɾ̞̊/,false
Moldova,/moɫ.ˈdo.βa/,m o ɫ d o β a,0.9,"DOĞRU KURALLAR: Moldova özel bir isimdir ve yer adlarına özgü vurgu kuralı (Sezer kuralı) gereği vurguyu sondan bir önceki heceye alır [ˈdo]. Kalın ünlülerin (o) yanındaki 'l' ünsüzü artdamaksıllaşarak [ɫ] olarak telaffuz edilir. İki ünlü arası 'v' ünsüzü, özellikle yuvarlak ünlüler komşuluğunda lenisyon geçirerek çift dudak sürtünmelisi olan [β] varyantını üretir. HATA ANALİZİ: Referans 1, yer adlarındaki özel vurgu kuralını atlayıp standart kelime sonu vurgusuna gitmiş ve izin verilmeyen bir diyakritik eklemiştir. Referans 2 ise vurguyu doğru atamış ancak ünlü uyumu kaynaklı allofonik etkileri atlayarak ince [l] ve standart [v] kullanmıştır. SİSTEM İYİLEŞTİRMESİ VE KURAL ÖNERİSİ: Sistemin algoritmasına şu katı kurallar eklenmelidir: 1) 'Yer Adları Vurgu İstisnası: Yabancı kökenli özel coğrafi isimlerde varsayılan kelime sonu vurgusu kuralını ez; vurguyu hece ağırlıklarına göre sondan bir veya iki önceki heceye tespit et.' 2) 'Allofonik Dönüşümler: Kalın ünlülerle (a, ı, o, u) bitişik olan l grafemini daima kalın artdamaksıl [ɫ] ile eşle; intervokalik konumda (özellikle yuvarlak ünlü komşuluğunda) bulunan v grafemini lenisyon kuralı gereği [β] ile haritala.'",/moɫ.do.ˈβ̞a/,false
Moğolistan,/mo.ˈo.lis.tan/,m o o l i s t a n,0.95,"DOĞRU KURALLAR: 1) Vurgu (Yer Adları Stresi): Türkçe yer isimleri özel vurgu kurallarına (Sezer stresi) tabidir. '-istan' ile biten ülke isimlerinde (Bulgaristan, Yunanistan vb.) vurgu son hecede değil, bu ekten önceki heceye düşer. Bu nedenle vurgu ikinci hecenin üzerindedir. 2) Yumuşak G (ğ) Vokalleşmesi: İki kalın, yuvarlak ünlü (o-o) arasındaki 'ğ' sesi fonetik düzeyde tamamen erir, hece yapısını korumak adına V.V [o.o] biçiminde veya konuşma hızına bağlı olarak uzun [oː] şeklinde transkribe edilir. 3) Aspirasyon Engeli: 's' sürtünmeli sesinden sonra gelen ve hece başı (onset) veya bitişik pozisyonda olan patlayıcılar (t), aspirasyonlarını yitirerek yalın [t] olarak telaffuz edilir. 4) Ünsüz Varyantı (l): 'Moğol' kökünde l normalde kalın olsa da, '-istan' ekinin getirdiği yeniden hecelenmeyle (lis) 'l' sesi 'i' (ön ünlü) yanına gelerek damaksıl / ince [l] karakteri kazanır. HATA ANALİZİ: Referans 1, yer adları vurgu istisnasını bilmediği için 'Varsayılan Kelime Sonu Vurgusu' işletmiş ve [ˈtʰan] hatasına düşmüştür. Ayrıca fricative+stop (s+t) kümelenmesindeki t'yi hatalı şekilde [tʰ] (aspire) bırakmıştır. Referans 2 ise yer adı vurgu yerini ve [t] yalınlığını doğru bulmuş ancak 'ğ' harfini ezbere bir grafem-fonem eşlemesiyle okunuşu bulunmayan [ɡ] sesine dönüştürerek (transliteration error) temel bir fonolojik ihlal yapmıştır. SİSTEM İYİLEŞTİRMESİ VE KURAL ÖNERİSİ: Sistemin algoritmasına şu katı kurallar eklenmelidir: 1) 'Yer Adı Vurgu İstisnası: Eğer girdi -istan eki ile biten bir yer/ülke ismi ise, varsayılan son hece vurgusunu iptal et ve birincil vurguyu (ˈ) kesinlikle -istan ekinden önceki kökün son hecesine sabitle.' 2) 'Kalın Ünlüler Arası ğ Mapping: o-ğ-o veya u-ğ-u sekanslarındaki ğ harfini asla [ɡ] veya [g] (velar stop) olarak haritalama. Bu harfi sıfırla (ø) ve ardışık iki ünlü formunda [o.o] yahut uzun ünlü [oː] olarak işaretle.' 3) 'Fricative-Stop Aspirasyon Yasağı: p, t, k seslerinden hemen önce s veya ş sürtünmelisi bulunuyorsa, aspirasyon (ʰ) özelliğini kesinlikle engelle.'",/mo.o.lis.ˈtʰan/,false
Museviyi,/muː.se.vi.ˈji/,m uː s e v i j i,0.95,"DOĞRU KURALLAR: Kelime kökeni Arapça 'Mūsawī' (Musa'ya ait) sözcüğüne dayanır. Türkçe telaffuzunda ilk hecedeki 'u' net bir şekilde uzun [uː] okunur. '-i' belirtme durumu eki geldiğinde araya giren 'y' kaynaştırma harfi sürtünmesiz [j] olarak sesletilir. Standart Türkçe vurgu kurallarına göre kelime sonu ek olan '-i', birincil vurguyu kendi üzerine çeker [ˈji]. HATA ANALİZİ: Referans çıktılar, yabancı kökenli kelimelerdeki yazımda gösterilmeyen (şapkasız) uzun ünlüleri tespit edememiş ve ilk hecedeki 'u' sesini doğrudan kısa [u] olarak haritalandırma hatasına düşmüştür. SİSTEM İYİLEŞTİRMESİ VE KURAL ÖNERİSİ: Sistemin algoritmasına şu kural eklenmelidir: 'Arapça/Farsça/İbranice kökenli özel isim veya aidiyet bildiren kelimelerde (örneğin Musa, Musevi vd.), modern ortografide düzeltme işareti (^) ile gösterilmese dahi tarihsel olarak uzun olan ünlüleri [ː] fonemiyle transkribe etmek için grafem-fonem dönüşümüne ek olarak bir İstisna Sözlüğü (Exception Lexicon) oluştur ve doğrulamayı o sözlükten geçir.'",/mu.se.vi.ˈji/,false
Muş,/ˈmuʃ/,m u ʃ,1,"DOĞRU KURALLAR: Tek heceli kelimeler yalıtılmış (izole) olarak telaffuz edildiklerinde doğal olarak tek heceleri üzerinde birincil vurgu taşırlar. 'm' sesi ötümlü çiftdudak genzili, 'u' kalın yuvarlak dar ünlü, 'ş' sesi ise ötümsüz artdişyuvasıl sürtünmeli [ʃ] ünsüzünü temsil eder. Kelimede aspirasyona veya damaksıllaşmaya uğrayacak bir bağlam (ötümsüz patlayıcı ünsüz vb.) yoktur. HATA ANALİZİ: Referans 1, tek heceli yapıdaki yalıtılmış vurguyu işaretlemeyi atlamıştır. Referans 2 vurgu işaretini koyarak daha doğru bir yaklaşım sergilemiş olsa da, her iki referans da dar çeviri (narrow transcription) kurallarına uymayarak köşeli ayraç ([ ]) yerine geniş çeviri/fonemik gösterim (//) kullanmıştır. SİSTEM İYİLEŞTİRMESİ VE KURAL ÖNERİSİ: Sisteme şu kesin kurallar tanımlanmalıdır: 1) 'Tek heceli kelimeler yalıtılmış halde (izole) verildiklerinde, vurguyu temsil eden (ˈ) sembolünü mutlaka hecenin/kelimenin başına konumlandır.' 2) 'Kullanıcı dar çeviri (narrow transcription) talep ettiğinde çıktıları fonemik okunuş tireleri/ayraçları (//) ile değil, daima köşeli parantez ([ ]) karakterleriyle çerçevele.'",/muʃ/,false
Mümin,/my.ˈmin/,m y m i n,0.9,"DOĞRU KURALLAR: Kelime Arapça kökenlidir (mü'min). Türkçeye geçerken ortadaki hemze düşmüş ve standart TDK telaffuzuna göre ünlü uzunluğu olmaksızın kısaltılmıştır. Cins isim telaffuzunda vurgu Türkçe kurallara uyarak son hecede yer alır [my.ˈmin]. Patlayıcı ünsüz içermediğinden aspirasyon kuralı uygulanamaz, tüm sesler natüreldir. HATA ANALİZİ: Çıktı 1, fonemleri bilmiş ancak dar transkripsiyon kuralı olan köşeli parantez () yerine geniş çeviri (/ /) kalıbı kullanmıştır. Çıktı 2, kelimenin büyük harfini referans alarak bağlamsız duruma rağmen özel isim zannetiği için (Sezer Vurgu Kuralı) vurguyu hatalı şekilde ilk heceye kaydırmış, aynı zamanda köşeli parantez kullanmayı unutmuştur. SİSTEM İYİLEŞTİRMESİ VE KURAL ÖNERİSİ: Algoritmaya şu kurallar entegre edilmelidir: 1) 'Bağlamsal Yok Sayım: Kelime bağlam olmadan yalın haldeyse her zaman ilk anlamı (cins isim) için düzenli son-hece vurgunu işle işlet.' 2) 'Dar Çeviri Formatı: Narrow transcription istendiğinde kesinlikle [] kullan, // varyantlarını otomatik reddet.'",/my.ˈmin/,true
Nijerya,/ni.ˈʒæɾ.ja/,n i ʒ æ ɾ j a,0.9,"DOĞRU KURALLAR: Kelime bir yer ismi (özel isim) olduğu için Sezer Vurgu Kuralları geçerlidir; Türkçede '-ya' ile biten ülke isimlerinde (Almanya, İtalya vb.) vurgu '-ya' ekinden bir önceki hecededir [ˈʒæɾ]. Türkçede 'j' grafemi daima sızıcı [ʒ] sesiyle sesletilir. Ayrıca 'e' ünlüsü, 'r' akıcısıyla biten kapalı bir hece içinde yer aldığından açılarak [æ] alofonuna dönüşür. HATA ANALİZİ: Referans 1, hece içi sesleri [ʒ, æ] doğru analiz etmiş ancak yer isimleri vurgu istisnasını bilmediğinden Türkçe standart kelime sonu vurgusu [ˈja] kuralını işletmiştir. Referans 2, vurgunun yerini doğru bulmuş fakat hedef dilin (Türkçe) kurallarını ihlal edip İngilizcedeki okunuşun etkisinde kalarak 'j' grafemi için Türkçede 'c'ye karşılık gelen [dʒ] patlamalı-sızmalı (affricate) sesini kullanmış, ayrıca 'e'nin açık varyantını atlamıştır. SİSTEM İYİLEŞTİRMESİ VE KURAL ÖNERİSİ: Sistemin algoritmasına şu katı kurallar eklenmelidir: 1) 'Yazım-Ses Haritalaması: Türkçede j grafemini daima [ʒ], c grafemini [dʒ] olarak haritala. Yabancı dillerden (örn. İngilizce j -> dʒ) kaynaklı ses aktarımı yapma.' 2) 'Yer İsmi Vurgusu (İstisna): -ya ile biten alıntı/özel ülke isimlerinde standart son hece vurgu kuralını geçersiz kıl ve birincil vurguyu (ˈ) ekten bir önceki heceye sabitle.' 3) 'Akıcı-Genizsil Etkisi (Açık e): Kapalı hecelerde e ünlüsü, r, l, m, n ünsüzleriyle sınırlandığında dar çeviri için bunu [æ] olarak çıktıla.'",/ni.ʒæɾ.ˈja/,false
Ordu,/ˈoɾ.du/,o ɾ d u,0.65,"DOĞRU KURALLAR: Türkçe 'ordu' kelimesi hem cins isim (askeri birlik) hem de yer adı (şehir) olarak kullanılır. Cins isim kullanımında vurgu kurala uygun olarak son hecededir [oɾ.ˈdu]. Ancak yer adlarında (Sezer kuralı gereği) vurgu ilk heceye kayar [ˈoɾ.du]. Girdi büyük harfle verildiği için özel isim olduğu öngörülmüştür. Hece yapısı or.du şeklindedir; 'r' sesi tek vuruşlu [ɾ] olarak transkribe edilir. HATA ANALİZİ: Referans çıktılar, kelimenin ilk harfinin büyük yazılmasını (yer adı olma ihtimali) dikkate almamış ve homograf kelimelerde varsayılan genel kelime sonu vurgusu kuralını işleterek vurguyu sona konumlandırmıştır. Eşyazımlı kelimelerde bağlam verilmediği için bu tip ezbere kullanımlar yanıltıcı olabilir. SİSTEM İYİLEŞTİRMESİ VE KURAL ÖNERİSİ: Sisteme şu kural eklenmelidir: 'Bağlama Dayalı Vurgu (Contextual Stress): Eğer kelime girdi olarak büyük harfle başlıyorsa ve eşyazımlı bir yer adıysa (Ordu, Aydın vb.) yer adı kurallarını önceliklendir. Bu tip durumlarda olağan son hece vurgusunu devre dışı bırak ve birinci dereceli vurguyu (ˈ) yer adı morfolojisine göre (Sezer kuralı) ilk hecelere kaydır.'",/oɾ.ˈdu/,false
Osmaniye,/os.ma.ˈni.je/,o s m a n i j e,0.95,"DOĞRU KURALLAR: 'Osmaniye' kelimesi bir yer adıdır (toponim). Arapça kökenli olup '-iyye' yapısından Türkçeye '-iye' olarak geçen yer, kurum ve bazı tür adlarında (Harbiye, İhsaniye, Osmaniye, belediye vb.) vurgu kuralı gereği, birincil vurgu son hecede değil '-i' ünlüsünün bulunduğu hecededir [ˈni]. Kelimede uzun ünlü veya soluklu patlayıcı bulunmamaktadır; tüm sesler standart değerindedir. HATA ANALİZİ: Referans çıktılar kelimenin yer adı (toponim) olduğunu ve '-iye' hece diziliminin istisnai vurgu yapısını algılayamamış, standart Türkçe tür adlarındaki kelime sonu vurgusu kuralını ezbere işleterek vurguyu hatalı şekilde son heceye [ˈje] yerleştirmiştir. SİSTEM İYİLEŞTİRMESİ VE KURAL ÖNERİSİ: Sisteme şu katı kural eklenmelidir: 'Vurgu İstisnası (-iye Kuralı): Eğer kelime '-iye' ile biten bir yer adı (il, ilçe, semt vb.) veya Arapça kökenli özel yapıdaysa (Osmaniye, Harbiye vb.), varsayılan son hece vurgusunu iptal et; birincil vurguyu (ˈ) metin içinde kesinlikle '-iye' yapısındaki '-i' ünlüsünün bulunduğu heceye (sondan bir önceki heceye) yerleştir.'",/os.ma.ni.ˈje/,false
PDY,/pʰe.de.ˈje/,pʰ e d e j e,0.95,"DOĞRU KURALLAR: Kısaltmaların harf harf okunduğu durumlarda (P-D-Y), her harf Türkçe alfabedeki standart adıyla telaffuz edilir (pe, de, ye). Hece başındaki ötümsüz patlayıcı 'p' ünsüzü aspire edilerek [pʰe] şeklinde okunur. Kısaltmalarda birincil vurgu kural gereği her zaman son heceye (son harfin üzerine) düşer [ˈje]. HATA ANALİZİ: Referans 1 aspirasyon, fonem eşleşmesi ve vurgu yerleşimi açısından tamamen doğru çıktı üretmiştir. Referans 2 ise hece başı ötümsüz patlayıcıları otomatik olarak aspire etme kuralını işletmemiş ve düz 'p' kullanmıştır. SİSTEM İYİLEŞTİRMESİ VE KURAL ÖNERİSİ: Sisteme şu kural eklenmelidir: 'Eğer girdi bir kısaltma (acronym) ise, harfleri fonetik dizilimlerine (pe, te, ke vb.) çevirerek analiz et. Bu hecelerin başında yer alan ötümsüz patlayıcıları (p, t, k, c) mutlaka aspire et (ʰ) ve kelime seviyesindeki birincil vurguyu (ˈ) kesinlikle dizideki son heceye sabitle.'",/pʰe.de.ˈje/,true
Rıza,/ɾɯ.ˈza/,ɾ ɯ z a,0.95,"DOĞRU KURALLAR: Sözcük Arapça kökenli bir kişi adıdır ancak Türkçe seslem yapısına tam uyum sağlamıştır. Vurgu kurallı olarak son hecededir (kişi adları genelde yer adlarından farklı olarak kelime sonu vurgusunu korur). Kelime başındaki 'r' sesi tek vuruşlu (tap) [ɾ] olarak transkribe edilir; hecedeki 'a' ve 'ɯ' ünlüleri kısa, standart formlarıyla telaffuz edilir. HATA ANALİZİ: İki referans çıktısı da fonemleri ve heceleme/vurgu işaretlerini doğru yerleştirmiş ancak dar çeviri (narrow transcription) kuralına uymayarak köşeli parantez ([]) yerine fonemik sunum olan eğik çizgi (//) işaretlerini kullanmıştır. SİSTEM İYİLEŞTİRMESİ VE KURAL ÖNERİSİ: Sistemin algoritmasına şu katı kural eklenmelidir: 'Görsel Notasyon Düzeni (Display Output): Eğer sistemden açıkça dar çeviri (narrow transcription) isteniyorsa, IPA çıktısının dış sınırlarını daima köşeli parantez [...] ile belirle, eğik /.../ çizgileri sadece geniş çeviriler için sınırla.'",/ɾɯ.ˈza/,true
SI birimimden,/se.ˈɯbi.ɾi.mim.ˈdæn/,s e ɯ b i ɾ i m i m d æ n,0.95,"DOĞRU KURALLAR: Kısaltma Fonolojisi: 'SI' kısaltması Türkçedeki standart harf isimlerine göre 'S' (se) ve 'I' (ı) olarak [se.ˈɯ] şeklinde okunur. Ünsüzler: 'r' sesi [ɾ] tap (çarpma) varyantıyla gerçekleşir. Açık Ünlü: '-den' ayrılma hâl ekindeki 'e', hece sonundaki 'n' ünsüzünün etkisiyle açılarak [æ] varyantına dönüşür. Vurgular her iki kelimenin de son hecesindedir. HATA ANALİZİ: Ref 1 temel fonetik kuralları, açık ünlü ([æ]) olgusunu ve kısaltma telaffuzunu başarıyla uygulayarak çok isabetli bir çeviri üretmiştir (sadece köşeli ayraç yerine eğik çizgi kullanmıştır). Ref 2 ise 'SI' kısaltmasını harf isimleriyle okumak yerine grafematik olarak 'sɯ' şeklinde birleştirip büyük bir hataya düşmüş, kelime sınırlarını yok etmiş ve '-en' hecesindeki açık ünlü ([æ]) kuralını tamamen atlamıştır. SİSTEM İYİLEŞTİRMESİ VE KURAL ÖNERİSİ: Sistemin algoritmasına şu iki yeni yapı eklenmelidir: 1) 'Kısaltma Çözümleme (Acronym Recognition): Tümü büyük harflerden oluşan kelimeleri standart düz okumadan çıkar; Türkçe harf isimlerine göre seslendirerek (S -> [se], I -> [ɯ] gibi) hecele ve okunuşlar arasına yeni hece sınırları koy.' 2) 'Açık Ünlü Kuralı (Contextual Vowel Opening): Kapalı hecelerde 'e' ünlüsü 'm, n, l, r' gibi akıcı (sonorant) ünsüzlerle bitiyorsa (örn: -den, -ben, -ler), bu ünlüyü dar [e] yerine açık varyantı olan [æ] sembolüyle temsil et.'",/se.ˈɯbi.ɾi.mim.ˈdæn/,true
SI birimimin,/se.ˈɯbi.ɾi.mi.ˈmin/,s e ɯ b i ɾ i m i m i n,0.9,"DOĞRU KURALLAR: Kısaltmaların Okunuşu: Türkçede büyük harfle yapılan kısaltmalarda sessiz harfler genellikle sonuna 'e' ünlüsü getirilerek (S -> se), sesli harfler ise kendi ses değeriyle, noktasız büyük 'I' harfi [ɯ] olarak okunur. Bu nedenle 'SI' kısaltmasının fonetik karşılığı [se.ˈɯ] şeklindedir ve kısaltmalarda vurgu genellikle son harfin/hecenin üzerindedir. Kelime Fonetiki: 'birimimin' kelimesinde tüm ünlüler ön-dar (ince) ünlü olan [i] formundadır ve 'r' sesi tek vuruşlu, titreşimli [ɾ] varyantıdır. Kelimenin doğal vurgusu ekleşmelerle birlikte son heceye kayar [ˈmin]. HATA ANALİZİ: Referans 1 kısaltma açılımını fonetik olarak doğru analiz etmiş ancak akademik standart olan dar çevirinin köşeli parantez kuralına değil eğik çizgiye uymuştur. Referans 2, tümü büyük harf olan yapıyı (SI) İngilizce 'Sı' okunuşu ile bağdaştırarak (sɯ) tek heceye indirgemiş ve kısaltma okuma algoritmalarında başarısız olmuştur; ayrıca büyük ünlü uyumu kuralını ihlal ederek ince [i] ile devam eden gövdeye kalın ünlü barındıran [mɯn] ekini atamıştır. SİSTEM İYİLEŞTİRMESİ VE KURAL ÖNERİSİ: Sisteme şu komutlar öğretilmelidir: 1) 'Kısaltma Çözümlemesi: Tamamı büyük İngilizce/Türkçe harflerden oluşan, bilinen tekil bir kelime yapısı arz etmeyen (SI, BM vb.) bloklarla karşılaşıldığında kelimeyi hecelemekten kaçın ve her harfi ('K' harfi [ka] istisnası gibi) standart [ünsüz+e] Türk alfabesi kuralıyla tek tek transkribe et.' 2) 'Ünlü Uyumu Kontrolü: İnce sıradan bir ünlü (i, e, œ, y) ile ilerleyen kelime gövdelerinde (birimi-), soneklere asla arka-geniş/dar (a, ɯ, o, u) ünlü atama.'",/se.ˈɯbi.ɾi.mi.ˈmin/,true
Salihli,/saː.ˈlih.li/,s aː l i h l i,0.9,"DOĞRU KURALLAR: 1) Arapça kökenli 'Salih' kelimesindeki ilk ünlü etimolojik olarak uzundur [aː]. 2) Yerleşim yeri adlarında (özellikle -li ekiyle kurulan il ve ilçe adlarında, örn: Denizli, Nazilli, Rumeli) Sezer vurgu kuralı geçerlidir; vurgu genellikle son heceden sondan bir önceki heceye kayar. Bu nedenle kelimenin vurgusu -lih- hecesindedir [saː.ˈlih.li]. 3) 'i' ünlüsünün yanındaki 'l' sesleri her zaman ince ön-damaksıl [l] varyantıyla okunur. HATA ANALİZİ: Referans 1 ve Referans 2, kelimenin yer ismi olmasına bağlı istisnai vurgu kuralını atlamış ve standart türemiş sözcük vurgusu olan son hece [ˈli] vurgusunu ezbere işletmiştir. Ayrıca her iki çıktı da 'Salih' kökündeki uzun 'a' [aː] ünlüsünü kısa [a] olarak değerlendirip kelimenin etimolojik uzunluğunu yansıtamamıştır. SİSTEM İYİLEŞTİRMESİ VE KURAL ÖNERİSİ: Sisteme şu iki kural eklenmelidir: 1) 'Yer İsmi Vurgusu (Hardcoded Rule): -li ekiyle biten il, ilçe ve bölge adları (Salihli, Denizli vb.) tespit edildiğinde, standart son hece vurgusunu iptal et ve birincil vurguyu (ˈ) kesinlikle sondan bir önceki heceye yerleştir.' 2) 'Etimolojik Uzunluk: Fâil veznindeki Arapça kökenli adlardan (Salih, Kamil, Cahil vb.) türeyen isimlerde ilk hecedeki a ünlüsünü her ortamda uzun [aː] olarak işaretle.'",/sa.lih.ˈli/,false
Sarıyer,/sa.ˈɾɯ.jæɾ/,s a ɾ ɯ j æ ɾ,0.9,"DOĞRU KURALLAR: Kelime 'Sarı' ve 'yer' sözcüklerinin birleşimiyle oluşmuş bir yer adıdır (toponim). Türkçe bileşik toponimlerde vurgu kural gereği ilk kelimenin son hecesindedir (Sa-rı), dolayısıyla birincil vurgu orta hecededir [ˈɾɯ]. Sesbilimsel olarak kapalı hecede 'y' ve akıcı ünsüz 'r' arasına sıkışan 'e' ünlüsü açılarak [æ] sesine dönüşür. HATA ANALİZİ: Her iki referans da bileşik kelimelerdeki toponim vurgu istisnasını yakalayamadığı için standart Türkçe kuralını işleterek vurguyu hatalı biçimde son heceye [ˈjæɾ] koymuştur. Ek olarak Referans 1, izin verilen sembol havuzunda bulunmayan ötümsüz dar fısıltı varyantını [ɾ̞̊] sisteme zorla dahil etmiş ve gereksiz (ve bu bağlam için asılsız) bir daraltma (over-transcription) yapmıştır. SİSTEM İYİLEŞTİRMESİ VE KURAL ÖNERİSİ: Sistemin algoritmasına şu iki mekanizma eklenmelidir: 1) 'Bileşik Yer İsmi Vurgu İstisnası: İki sözcükten oluşan (Sıfat+İsim veya İsim+İsim) toponimlerde varsayılan kelime sonu vurgu kuralını (default final stress) iptal et; vurguyu mutlaka birinci bileşenin orijinal vurgusuna sabitle.' 2) 'e -> æ Allafon Kuralı: /e/ ünlüsü, /j/ ile başlayıp /ɾ, l, m, n/ gibi akıcı veya genizcil sonorantlarla biten kapalı hecelerde daima açık varyantıyla [æ] transkribe edilmelidir.'",/sa.ɾɯ.ˈjæɾ̞̊/,false
Sinop,/ˈsi.nop/,s i n o p,0.95,"DOĞRU KURALLAR: Vurgu: Türkçede yer adları (toponimler) genel kelime sonu vurgu kuralının istisnasıdır. Genel kurala göre iki heceli düz yer adlarında vurgu ilk hecededir ve [ˈsi.nop] olarak dar çevrilir. Ünsüzler: Kelime sonundaki patlayıcı 'p' sesi (hece başı konumunda olmadığı için) aspirasyon almaz ([p]). HATA ANALİZİ: Referans 1, kelimenin yer adı olduğunu etiketleyemediği için Türkçenin varsayılan kelime sonu vurgusu kuralını ezbere işleterek vurguyu hatalı yere koymuştur. Referans 2 vurgu yerini ve fonemleri doğru dizmiş ancak dar çevirinin yapısal gerekliliklerini atlayıp geniş çeviri eğik çizgilerini (/) kullanmıştır. SİSTEM İYİLEŞTİRMESİ VE KURAL ÖNERİSİ: Sistemin algoritmasına şu iki kural eklenmelidir: 1) 'Özel İsim/Toponim Vurgu Filtresi (Lexical Exception Rule): Gelen kelime bir şehir, bölge veya yer adı ise, varsayılan kelime sonu vurgu algoritmasını geçersiz kıl ve hece ağırlığına veya Sezer Kurallarına göre (iki hecelilerde ilk heceye) vurguyu (ˈ) sabitle.' 2) 'Çıktı Formatı: Model, dar çeviri iterasyonlarında asla /.../ kullanmamalı, sonucu her zaman dar fonetik köşeli parantez [...] içerisine almalıdır.'",/si.ˈnop/,false
Slovenya,/sɫo.ˈven.ja/,s ɫ o v e n j a,0.95,"DOĞRU KURALLAR: Kelime -ya ile biten bir ülke ismidir; Türkçe fonoloji kuralları gereği bu tür yer adlarında vurgu sondan bir önceki heceye kayar (Slo-VEN-ya). İlk hecedeki 'l' sesi, kalın bir ünlü olan 'o' ile hece oluşturduğu için artdamaksıl/kalın varyantlı [ɫ] olarak telaffuz edilir. 'v' sesi, Batı kökenli bir alıntı olduğu için genellikle dudak-dişsil sürtünmeli [v] olarak korunur. Kapalı hecedeki 'e', [e] biçiminde gerçekleşir. 'y' ünsüzü ise [j] olarak transkribe edilir. HATA ANALİZİ: Referans 1, -ya ile biten yer isimlerindeki istisnai vurgu kuralını bilemediği için vurguyu standart kural olan son heceye atamış ve izin verilmeyen bir alt diyakritik işaret üretmiştir. Referans 2 ise vurgu yerini doğru tespit etmiş fakat kalın ünlü komşuluğundaki 'l' sesini kalın [ɫ] yerine standart [l] olarak kodlamıştır. SİSTEM İYİLEŞTİRMESİ VE KURAL ÖNERİSİ: Sisteme şu katı kurallar eklenmelidir: 1) Vurgu İstisnası: Kelime -ya hecesi ile biten bir yer/ülke ismiyse (Almanya, İtalya, Slovenya vb.), birincil vurguyu (ˈ) sondan bir önceki hecenin başına sabitle. 2) Allomorf Kuralı: Batı dillerinden alınan ve l ile kalın ünlü (a, o, u) kombinasyonu içeren kelimelerde l sesini kalın [ɫ] olarak haritalandır. 3) Liste Dışı Sembol Filtresi: Sistem fonem havuzunda belirtilmeyen hiçbir ekstra diyakritik işaret üretme.",/sɫo.β̞æn.ˈja/,false
Somali,/so.ˈma.li/,s o m a l i,0.95,"DOĞRU KURALLAR: Kelime bir özel isim (ülke adı) olduğu için standart Türkçe son hece vurgusu kuralına uymaz. Yer adlarında vurgu kuralı (Sezer kuralı) gereğince, vurgu son heceden geriye kayar ve 'Somali' kelimesinde sondan bir önceki heceye düşer [so.ˈma.li]. Son hecedeki ince ön ünlü olan 'i', kendisinden önceki 'l' sesinin ince/standart alveolar yanal akıcı [l] olarak telaffuz edilmesini sağlar. Kelimede aspire edilmesi gereken ötümsüz patlayıcı bulunmamaktadır. HATA ANALİZİ: Referans 1, kelimenin bir toponim (yer adı) olduğunu belirleyememiş ve genel kelime sonu vurgu kuralını ezbere işleterek vurguyu hatalı bir şekilde son heceye atmıştır. Referans 2 ise istisnai yer adı vurgusunu başarıyla saptamıştır. SİSTEM İYİLEŞTİRMESİ VE KURAL ÖNERİSİ: Sistemin mimarisine sözcük sınıfı farkındalığı kazandırılmalı ve şu kural eklenmelidir: 'Sözcük Sınıfı Etiketi (NER Tagging): Eğer girdi bir ülke, şehir veya bölge adı (toponim) ise varsayılan kelime sonu vurgusunu iptal et. Hece ağırlıklarını analiz ederek yer adlarına özgü geriye çekilmiş vurgu (Sezer Vurgusu) algoritmasını devreye sok.'",/so.ma.ˈli/,false
Somali'yi,/so.ˈma.li.ji/,s o m a l i j i,0.95,"DOĞRU KURALLAR: Özel isimlerde (ülke ve yer adları) vurgu genellikle sondan bir önceki hecededir (So.ˈma.li). Ayrıca özel isimler çekim eki (belirtme hâli '-yi') aldığında vurgu eke kaymaz, kökte sabit kalır. İnce 'i' ünlüsüne komşu olan 'l' sesi standart [l] olarak gerçekleşir. Kaynaştırma harfi 'y', [j] ile gösterilir. HATA ANALİZİ: Çıktılar, kelimenin bir yer adı/özel isim olduğunu algılayamamış ve düzenli Türkçe isimlerin son heceye vurgu devretme kuralını (kedi -> kedi'yi) ezbere işleterek birincil vurguyu çekim ekine [so.ma.li.ˈji] atmıştır. SİSTEM İYİLEŞTİRMESİ VE KURAL ÖNERİSİ: Sistemin algoritmasına şu iki kural eklenmelidir: 1) 'Yer Adı Vurgusu (Toponym Stress): Ülke, bölge ve şehir gibi yer adlarında vurguyu çoğunlukla kökün sondan bir önceki hecesine (veya kök içi uygun olan heceye) yerleştir.' 2) 'Kesme İşareti İstisnası (Hardcoded Rule): Kelimede kesme işareti (') varsa, varsayılan kelime sonu vurgu değiştirme kuralını tamamen ez; birincil vurguyu (ˈ) eklere kaydırma ve daima kesme işaretinden önceki kök tarafında tut.'",/so.ma.li.ˈji/,false
Sorani,/so.ɾa.ˈni/,s o ɾ a n i,0.95,"DOĞRU KURALLAR: Vurgu: Bu özel ad ve dil adı Türkçeye uyarlanırken vurgu standart kurala uyarak son hecede konumlanır [ˈni]. Ünsüzler/Aspirasyon: Kelimede aspirasyona (soluklanmaya) uğrayacak ötmeksiz patlayıcı (p, t, k, c) ünsüz bulunmamaktadır. Türkçedeki 'r' harfi alveoler tap [ɾ] olarak telaffuz edilir. Ünlüler: [o], [a] ve [i] grafemleri kısa ve temel niteliklerini koruyarak transkribe edilir. HATA ANALİZİ: Referans çıktıları hecelemeyi, grafem-fonem eşleştirmesini ve vurgu yerini kusursuz bulmuştur. Ancak her iki referans da istenen hedefin 'dar çeviri' (narrow transcription) olmasına karşın, çıktılarını fonemik veya geniş (broad) çeviriyi temsil eden eğik çizgi (/) sembolleri arasına alarak meta-format hatası yapmıştır. SİSTEM İYİLEŞTİRMESİ VE KURAL ÖNERİSİ: Sisteme formata yönelik şu değişmez kural eklenmelidir: 'Kapsayıcı Sembol Yönergesi: Eğer istemde açıkça dar çeviri (narrow transcription) isteniyorsa veya allofonik varyasyonlar (aspirasyon, damaksıllaşma vb.) kullanılıyorsa, sonuç değerini (ipa) daima köşeli parantezler ([...]) ile sar, kesinlikle eğik çizgi (//) kullanma.'",/so.ɾa.ˈni/,true
Suriye,/ˈsu.ɾi.je/,s u ɾ i j e,0.95,"DOĞRU KURALLAR: 'Suriye' bir ülke adıdır (toponim). Türkçede yer adları, standart sondan vurgulu kelime kuralına uymazlar ve 'Sezer Vurgusu' olarak bilinen yer adı vurgu kuralına tabidirler. '-iye' ile biten ülke ve bölge adlarında (Türkiye, Suriye, Harbiye vb.) birincil vurgu sondan üçüncü heceye (antepenult), bu kelimede ilk heceye [ˈsu] düşer. İkincil ünsüzler (s, ɾ, j) kurallara uygun olarak transkribe edilmelidir. HATA ANALİZİ: Referans 1, kelimeyi standart bir cins isim gibi değerlendirip Türkçe kelime sonu vurgusu kuralını işleterek vurguyu son heceye atmıştır. Referans 2 ise vurguyu hatalı şekilde ikinci heceye koyarak hece ağırlığı kurallarını ihlal etmiştir. SİSTEM İYİLEŞTİRMESİ VE KURAL ÖNERİSİ: Sisteme şu katı kural (hardcoded rule) eklenmelidir: 'Yer Adı Vurgusu İstisnası (Toponym Stress): Kelime bir ülke, şehir veya bölge adıysa standart son hece vurgusunu iptal et. Özel durum olarak, sonu -iye ile biten toponimlerde (Suriye, Türkiye, Osmaniye vb.) genel vurgu kuralını ez ve birincil vurguyu sondan üçüncü heceye konumlandır.'",/su.ɾi.ˈje/,false
Süleymaniye,/sy.læj.maː.ˈni.je/,s y l æ j m aː n i j e,0.95,"DOĞRU KURALLAR: 'e' ünlüsü 'y' akıcısının önünde kapalı hecede açık ünlüye [æ] dönüşür (ley -> [læj]). Türkçe yerleşmiş '-iye' (Arapça -iyye nispet eki) ile biten yer, kurum ve kavram adlarında (Adliye, Belediye, Harbiye, Süleymaniye) vurgu daima sondan bir önceki hece olan 'i' ünlüsündedir [ˈni.je]. Ayrıca kelime Arapça 'Süleymân' kökünden gelir ve standart, resmi telaffuzda tarihi uzun 'a' korunur [aː]. HATA ANALİZİ: Referans çıktılar, istisnai vurgu kuralını atlayarak standart kelime sonu vurgu kuralını ezbere işletmiş ve vurguyu hatalı şekilde son heceye [ˈje] vermiştir. Ayrıca özel isimdeki (Süleyman) kalıplaşmış uzun ünlü [aː] bilgisi sözlükten çekilememiş, kısa [a] olarak bırakılmıştır. SİSTEM İYİLEŞTİRMESİ VE KURAL ÖNERİSİ: Sisteme şu iki kural eklenmelidir: 1) Kurum/yer/kavram adı yapan '-iye' ekiyle biten sözcüklerde varsayılan son hece vurgusunu iptal et; vurguyu her zaman ekin başındaki 'i' hecesine (penultimate) sabitle. 2) Belirli Arapça/Farsça köklü özel isimlerde (Örn: Süleyman, İslam, Osman) bulunan 'a' seslerini uzun [aː] olarak eşle.",/sy.læj.ma.ni.ˈje/,false
Takvalar,/tʰak.va.ˈɫaɾ/,tʰ a k v a ɫ a ɾ,0.96,"DOĞRU KURALLAR: Kelime 'tak.va.lar' şeklinde hecelenir. Hece başında bulunan tonsuz patlayıcı 't' aspire edilerek [tʰ] ile gösterilir; fakat ilk hecenin sonunda bulunan 'k' patlayıcısı hece veya kelime sonlarında aspire edilmeyerek [k] olarak kalır. Kelimede bulunan arka (kalın) ünlüler 'a' sebebiyle, -lar ekindeki l ünsüzü artdamaksıllaşmış (velar) [ɫ] olarak transkribe edilir. Çoğul eki (-lar) Türkçedeki standart kurala uyarak vurguyu üzerinde taşır ve son hece vurgulu [ˈɫaɾ] olur. HATA ANALİZİ: Referans 1, kelime sonu 'r' sesinin ötümsüzleşmesini (devoicing) göstermek adına [ɾ̞̊] şeklinde, belirtilen kısıtlı sembol havuzunda bulunmayan bir işaret kullanmış ve kural bölgesinin dışına çıkmıştır. Referans 2 ise hem vurgu yerini hem aspirasyon koşullarını doğrulayarak altın standarda uygun tam isabetli bir dar çeviri üretmiştir. SİSTEM İYİLEŞTİRMESİ VE KURAL ÖNERİSİ: Algoritmaya şu net kurallar tanımlanmalıdır: 1) 'Sembol Kısıtı (Hard Limit): İzin verilen listede yer almadığı sürece [ɾ̞̊] gibi ekstrem veya alt varyant işaretlerini, dilbilimsel olarak haklı bir bağlam yaratsa dahi, asla üretme.' 2) 'Hece Pozisyonuna Göre Aspirasyon Kuralı: Tonsuz patlayıcı ünsüzleri (p, t, k, c) yalnızca hece başı (onset) pozisyonundayken aspire et (ʰ); koda (hece/kelime sonu) pozisyonlarında aspirasyon işaretini asla kullanma.'",/tʰak.va.ˈɫaɾ̞̊/,false
Tepe,/tʰe.ˈpʰe/,tʰ e pʰ e,1,"DOĞRU KURALLAR: Kelime standart Türkçe fonotaktik kurallarına uyar. Vurgu kural gereği son hecededir. Hece başında bulunan ötümsüz patlayıcılar (p, t, k vb.) Türkçede soluklu üretilir. Bu sebeple hem kelime başındaki 't' hem de ikinci hecenin başındaki 'p' aspire edilmelidir [tʰ, pʰ]. HATA ANALİZİ: Referans 1 sesleri tam doğru tespit etmiş ancak dar çeviri (narrow transcription) kurallarına aykırı olarak köşeli parantez yerine eğik çizgi (//) kullanmıştır. Referans 2 ise aspirasyon kuralını tutarsız uygulayarak kelime başı 't' sesinin solukluluğunu atlamış, yalnızca 'p' sesini soluklu yapmıştır. SİSTEM İYİLEŞTİRMESİ VE KURAL ÖNERİSİ: Sisteme şu iki kural eklenmelidir: 1) 'Hece Başı Aspirasyon: Kendisinden hemen önce [s, ʃ] gibi sürtünmeliler bulunmayan tüm hece başı [p, t, c, k] seslerine mutlaka aspirasyon [ʰ] işareti ekle.' 2) 'Çıktı Formatı: Dar fonetik çeviriler (/ /) yerine kesinlikle köşeli parantez ([ ]) içine alınmalıdır.'",/tʰe.ˈpʰe/,true
Tokat,/ˈtʰo.kʰat/,tʰ o kʰ a t,0.65,"DOĞRU KURALLAR: 1. Vurgu ve Eşyazımlılık (Homografi): Girdi büyük harfle başladığı için şehir adı (özel isim) kabul edilmiştir. Türkçede yer adlarında vurgu kuralı gereği geriye çekilir, dolayısıyla birincil vurgu ilk hecededir. Eğer sözcük cins isim (şamar) olsaydı vurgu standart olarak sonda yer alırdı ve kelime [tʰo.ˈkʰat] şeklinde telaffuz edilirdi. Bağlam eksikliğinde eşyazımlılık taşıdığı için güven skoru düşük belirlenmiştir. 2. Ünsüzler ve Aspirasyon: Dar çeviride kelime ve hece başında (onset) yer alan ötümsüz patlayıcılar soluklu (aspire) telaffuz edilir. Buna bağlı olarak kelime başındaki 't' ve ikinci hecedeki 'k' sesleri [tʰ] ve [kʰ] şekline dönüşür. HATA ANALİZİ: Referans 1, ünsüz aspirasyonlarını kusursuz uygulasa da girdi baş harfinin büyük olması ipucunu göz ardı etmiş, sözcüğü cins isim kabul ederek vurguyu hece sonuna atamıştır. Referans 2 ise bu hataya ek olarak kelime başındaki 't' sesini aspire etmeden ([to]) salt bırakarak dar telaffuz kuralını ihlal etmiştir. SİSTEM İYİLEŞTİRMESİ VE KURAL ÖNERİSİ: Sisteme şu katı kurallar dahil edilmelidir: 1) 'Bağlam ve Eşyazımlı Özel İsim Vurgusu (Hard Rule): Girdinin prototip mi yoksa büyük harf taşıyan özel bir yer/bölge ismi mi olduğunu kontrol et. Tokat gibi büyük harfle başlayan yer adlarında, kelime sonu vurgu parametresini iptal et ve yer adları vurma kuralını (Sezer kuralı) işlet.' 2) 'Hece Başı Aspirasyon Algoritması: Kelime sınırlarında veya hece sınırlarında olup olmadığına bakılmaksızın, bir heceyi başlatan tüm ötümsüz patlayıcıları tutarlı sekilde [pʰ, tʰ, kʰ, cʰ] sembolleriyle eşleştir.'",/tʰo.ˈkʰat/,false
Tuzla,/ˈtʰuz.ɫa/,tʰ u z ɫ a,0.95,"DOĞRU KURALLAR: Kelime bir yer ismi (Tuzla) olduğu için toponim vurgu kuralı gereği birincil vurgu ilk hecededir. Hece başındaki ötümsüz patlayıcı 't' aspire edilir [tʰ]. Kalın ünlüler (u, a) komşuluğunda bulunan 'l' ünsüzü artdamaksıllaşarak [ɫ] (karanlık l) sesine dönüşür. Türkçe hece yapısı kuralı gereği iki ünlü arasındaki ünsüz çifti hecelere paylaştırılır (VC.CV). HATA ANALİZİ: Referans 1 fonetik ve vurgu kurallarını eksiksiz uygulamış ve hece sınırını doğru belirlemiştir. Referans 2 ise ünsüz varyantlarını doğru bilmiş ancak Türkçe heceleme kuralını ihlal ederek 'zɫ' kümesini yeni hecenin başına koymuş [ˈtʰu.zɫa] ve yapısal bir heceleme hatası yapmıştır. SİSTEM İYİLEŞTİRMESİ VE KURAL ÖNERİSİ: Sistemin heceleme algoritmasına şu katı kural eklenmelidir: 'Sözcük içinde iki ünlü arasında yan yana iki ünsüz (VCCV) varsa, bu ünsüz dizisini daima iki ayrı heceye böl (VC.CV) ve hece sınırını (.) bu iki ünsüzün arasına yerleştir. Türkçede iki ünsüz hece başına (V.CCV) aktarılamaz.'",/ˈtʰuz.ɫa/,true
Tuzla'yı,/ˈtʰuz.ɫa.jɯ/,tʰ u z ɫ a j ɯ,0.95,"DOĞRU KURALLAR: Vurgu: 'Tuzla' bir yer ismidir (özel isim). Türkçe yer isimlerindeki tipik vurgu kuralı gereğince vurgu kelime kökünün başına, ilk heceye çekilir. Yönelme/belirtme çekim eki (-yı) eklendiğinde vurgu yeri sabit kalır. Ünsüzler ve Aspirasyon: Kelime başındaki ötümsüz patlayıcı 't' aspire edilerek [tʰ] olarak sesletilir. Kalın ünlü içeren hecedeki 'l' sesi velarize (kalın) varyantı [ɫ] olur. Kaynaştırma ünsüzü 'y' damaksıl [j], 'ı' sesi is dar-arka [ɯ] ünlüsüdür. HATA ANALİZİ: Referans 1, kelimenin bir yer ismi bağlamı taşıdığını algılayamamış, genel yapıdaki 'vurgu son hecededir ve sonuna ek gelen kelimelerde vurgu eke kayar' kuralını ezbere işleterek vurguyu hatalı biçimde [ˈjɯ] hecesine taşımıştır. Referans 2 ise Sezen tipi yer ismi vurgu istisnasını bilmiş ve doğru çıktı üretmiştir. SİSTEM İYİLEŞTİRMESİ VE KURAL ÖNERİSİ: Sisteme Varlık İsmi (Named Entity Phonology) analizi dahil edilmeli ve şu kural eklenmelidir: 'Eğer analiz edilecek kelime bir yer, il/ilçe veya coğrafi isim belirtiyorsa, standart kelime sonu (oxytone) vurgu algoritmasını devre dışı bırak. Vurguyu çekim ekinin üzerinden alarak kök sözcüğün kendi coğrafi vurgu noktasına (çoğunlukla ilk heceye) sabitle.'",/tʰuz.ɫa.ˈjɯ/,false
TÜBİTAK,/tʰy.bi.ˈtʰak/,tʰ y b i tʰ a k,0.95,"DOĞRU KURALLAR: Kelime gibi okunan bir kısaltma (akronim) olduğu için sözcük düzeyindeki sesbilgisi kurallarına uyar. Vurgu, Türkçenin genel kuralına uygun olarak son hecededir [ˈtʰak]. Hece başındaki ötümsüz patlayıcılar (t) soluklu (aspire) okunur; bu nedenle birinci ve üçüncü hecenin başındaki 't' harfleri [tʰ] olarak transkribe edilmelidir. Kelime ince ünlülerle (ü, i) başlasa da son hecedeki kalın ünlü (a) sebebiyle kelime sonundaki 'k' sesi damaksıl [c] değil, art damak varyantı olan [k] ile gösterilir. HATA ANALİZİ: İstenen dar çeviri (narrow transcription) olmasına rağmen her iki referans da köşeli parantez [ ] yerine fonemik transkripsiyon belirteci olan eğik çizgi / / kullanmıştır. Ayrıca Referans 2, hece başındaki patlayıcı ünsüzlerin aspire edildiğini (tʰ) gösteren temel kuralı tamamen atlayarak geniş çeviri yapmıştır. SİSTEM İYİLEŞTİRMESİ VE KURAL ÖNERİSİ: Sisteme şu komutlar eklenmelidir: 1) 'Gösterim Standardı: Dar çeviri üretirken sonuçları kesinlikle fonetik köşeli parantez [ ] arasına al; / / işaretini engelle.' 2) 'Akronim Adaptasyonu: Türkiye'de kelime gibi okunan ve ünlü barındıran kısaltmaları (TÜBİTAK, ASELSAN vb.) normal kelime fonotaktiğine dâhil et ve hece başındaki ötümsüz durak seslerini [p, t, k, c] daima [pʰ, tʰ, kʰ, cʰ] şeklinde aspire et.'",/tʰy.bi.ˈtʰak/,true
Türkistan,/tʰyɾ.cʰis.ˈtan/,tʰ y ɾ cʰ i s t a n,0.95,"DOĞRU KURALLAR: Kelime '-istan' eki alan bir yer ismidir; bu ek yer isimlerinde vurguyu son heceye çeker [ˈtan]. 'Türk' kökündeki hece sonu ve ek başlangıcı bitiştiğinde ince 'i' sesinden dolayı 'k' damaksıllaşarak [c] varyantına döner. Hece başında bulunan 't' ve 'c' sesleri genel ötümsüz patlayıcı kuralı gereği aspire edilir ([tʰ], [cʰ]). Ancak '-tan' hecesinin başındaki 't', parçalararası sesbilgisinde (post-lexical) kendinden hemen önce gelen 's' sürtünmelisi nedeniyle aspirasyon (ʰ) özelliğini kaybeder ve [t] olarak kalır. HATA ANALİZİ: Referans 1, damaksıllaşmayı ([cʰ]) doğru tespit etmiş ancak izin verilen sembol havuzunda olmayan ötümsüz çarpmalı [ɾ̞̊] sembolünü kullanmış ve 's'den sonraki 't' sesini hatalı şekilde aspire etmeye devam etmiştir ([tʰ]). Referans 2 ise grafemleri doğrudan kopyalayarak kaba (broad) çeviride kalmış, ne damaksıl [c] dönüşümünü ne de aspirasyon değişimlerini görebilmiştir. SİSTEM İYİLEŞTİRMESİ VE KURAL ÖNERİSİ: Sisteme şu üç kural eklenmelidir: 1) 'Sembol Validasyonu: Çıktıda yalnızca önceden izin verilmiş kısıtlı sembol havuzunu (örn: [ɾ]) kullan, [ɾ̞̊] gibi harici varyasyonları filtrele.' 2) 'Aspirasyon İptali: Eğer [p, t, k, c] patlayıcılarından hemen önce [s] veya [ʃ] sürtünmelisi geliyorsa (arada hece sınırı olsa dahi), bu sesin aspirasyonunu (ʰ) iptal et.' 3) 'Damaksıllaşma Taraması: Ön/ince ünlüler (e, i, œ, y) ile temas halinde olan [k, g] ünsüzlerini tespit ederek istisnasız bir şekilde damaksıl varyantları olan [c, ɟ] olarak haritalandır.'",/tʰyɾ̞̊.cʰis.ˈtʰan/,false
acil çıkış,/aː.ˈdʒiltʃɯ.ˈkʰɯʃ/,aː d͡ʒ i l t͡ʃ ɯ kʰ ɯ ʃ,0.95,"DOĞRU KURALLAR: Kelime grubu Arapça kökenli 'acil' ve Türkçe 'çıkış' sözcüklerinden oluşur. 'Acil' sözcüğündeki ilk 'a' ünlüsü uzundur [aː]. İnce 'i' ünlüsünün yanındaki 'l' incedir [l]. 'Çıkış' sözcüğünde hece başındaki 'k' ötümsüz patlayıcısı aspire edilerek [kʰ] varyantıyla gösterilir. Havuzda 'ç' için soluklu bir varyant (tʃʰ) bulunmadığından [tʃ] yalın bırakılır. Her iki kelime de kendi içinde son hecelerinde vurgu barındırır. HATA ANALİZİ: İstisnasız her iki referans da alıntı kelimelerdeki uzun 'a' detayını atlamış ([a]) ve belirtilen sembol havuzunda bulunmamasına rağmen bağcıklı (tie-bar) [d͡ʒ, t͡ʃ] karakterlerini üretmiştir. Ref 2 ek olarak, kelime sınırını silip kelimeleri peş peşe hecelendirmiş ve 'k' ünsüzündeki aspirasyon kuralını işletmemiştir. SİSTEM İYİLEŞTİRMESİ VE KURAL ÖNERİSİ: Sistemin algoritmasına şu kurallar entegre edilmelidir: 1) 'Alıntı Kelime İstisnası (Hardcoded): Yazımda düzeltme işareti olmasa bile Arapça kökenli belli başlı sözcüklerdeki (ör. acil, cahil, katil) ilk 'a' sesini uzun [aː] olarak transkribe et.' 2) 'Karakter Haritalama Katı Kuralı: Affricate sesler (ç, c) transkribe edilirken özel işaretler (tie-bar dahil) kullanma, doğrudan havuz içindeki [tʃ, dʒ] birimlerini bağcık kullanmadan eşleştir.' 3) 'Bütünleşik Yüzey Koruması: İfadeler arasında boşluk (space) varsa, hece sınırlandırmasını kelimelerin içinde tut ve bağımsız kelimeleri birleştirmek için nokta (.) kullanma.'",/a.ˈd͡ʒilt͡ʃɯ.ˈkʰɯʃ/,false
adetken,/a.ˈdæt.cʰæn/,a d æ t cʰ æ n,0.65,"DOĞRU KURALLAR: 1) Vurgu: '-ken' zarf-fiil eki Türkçe fonolojisinde vurgusuzdur. Vurguyu daima kendisinden bir önceki heceye kaydırır. Bu nedenle birincil vurgu ikinci hecededir ([ˈdæt]). 2) Ünsüzler ve Aspirasyon: 'k' ünsüzü ön damak ünlüsü olan 'e' ile yan yana geldiği için damaksıllaşarak [c] sesine dönüşür ve hece başı patlayıcısı olduğu için aspire edilerek [cʰ] şeklinde telaffuz edilir. 3) Ünlüler: 'e' ünlüsü kapalı hecelerde 't' ve 'n' ünsüzlerinden önce açık varyantı olan [æ] ile telaffuz edilir. HATA ANALİZİ: Referans 1, ünsüz damaksıllaşması ve aspirasyonunu doğru uygulamış ancak '-ken' ekinin istisnai vurgu özelliğini atlayarak morfolojik analiz yapmadan kelime sonu vurgusu kuralını işletmiştir. Referans 2 ise hem vurgu hatası yapmış hem de ince ünlü yanındaki 'k' sesini damaksıllaştırmayıp velar [kʰ] olarak hatalı bırakmıştır. SİSTEM İYİLEŞTİRMESİ VE KURAL ÖNERİSİ: Sistemin algoritmasına şu kurallar eklenmelidir: 1) 'Morfolojik Vurgu İstisnası: Eğer kelime -ken ekiyle bitiyorsa, standart kelime sonu vurgu kuralını ez ve birincil vurguyu (ˈ) daima -ken hecesinden bir önceki heceye sabitle.' 2) 'Damaksıllaşma (Palatalizasyon): [k] ve [g] ünsüzleri ince ünlülerle (e, i, œ, y) aynı hecedeyse kesinlikle damaksıl varyantlarına ([c], [ɟ]) dönüştür.' (Not: 'adet' (sayı) ve 'âdet' (gelenek) kelimeleri eşyazımlı olduğu için bağlam olmadan ilk ünlünün uzun [aː] mu yoksa kısa [a] mı olduğu kesin bilinemez. Güven skorunun düşük tutulması bu homografik belirsizlikten kaynaklanmaktadır.)",/a.dæt.ˈcʰæn/,false
affetmeyeceğine,/af.ˈfæt.me.je.dʒe.ji.ne/,a f f æ t m e j e d͡ʒ e j i n e,0.95,"DOĞRU KURALLAR: 1. Vurgu: Olumsuzluk eki olan '-me' vurguyu üzerine almaz ve bir önceki heceye atar, bu nedenle vurgu 'fet' hecesindedir. 2. Hece ve Ünlüler: 'fet' gibi kapalı hecelerde 'e' ünlüsü genellikle daha açık olan [æ] varyantına dönüşür. 3. Ünsüzler: İki ön ünlü (e ve i) arasında kalan 'ğ', standart fonetikte palatal kayıcı olan [j] sesine dönüşür ('ceği' -> [dʒe.ji]). HATA ANALİZİ: Çıktılar vurguyu, 'ğ' sızıcılaşmasını ve 'e' açılmasını doğru bilmiş, ancak izin verilen sembol havuzunda 'dʒ' karakterleri bağsız verilmişken, her iki çıktı da havuza aykırı olarak tie-bar (bağ) karakteri içeren 'd͡ʒ' sembolünü üretme hatasına düşmüşlerdir. SİSTEM İYİLEŞTİRMESİ VE KURAL ÖNERİSİ: Algoritmaya şu kural tanımlanmalıdır: 'Karakter Havuzu Politikası: Çıktı üretmeden önce izin verilen sembol havuzunu tarayıp, sistemin ürettiği tie-bar (d͡ʒ, t͡ʃ) gibi havuz dışı Unicode birleştirmelerini doğrudan havuzdaki basit yapılarla (dʒ, tʃ) değiştir/filtrele.'",/af.ˈfæt.me.je.d͡ʒe.ji.ne/,false
aile,/aː.i.ˈle/,aː i l e,0.95,"DOĞRU KURALLAR: Kelime Arapça kökenlidir; ilk hecedeki 'a' ünlüsü uzundur [aː]. Yan yana gelen 'a' ve 'i' ünlüleri arasında standart telaffuzda kaynaştırma ünsüzü bulunmaz, iki ünlü ayrı hecelere bölünür [aː.i]. Son hecedeki 'e' ince ünlüsü, kendisinden önceki 'l' sesinin standart [l] olarak kalmasını sağlar. Vurgu kurallı olarak son hecededir. HATA ANALİZİ: Referans 1, ünlü uzunluğunu doğru tespit etmiş ancak dar çeviri (narrow transcription) kurallarına aykırı biçimde köşeli parantez yerine geniş çeviri işaretleri (/) kullanmıştır. Referans 2 ise kelimenin köken bilgisini hesaba katmadığı için ilk hecedeki ünlü uzunluğunu atlamış ve kelimeyi kısa ünlülü olarak çevirmiştir. SİSTEM İYİLEŞTİRMESİ VE KURAL ÖNERİSİ: Sisteme şu kurallar eklenmelidir: 1) 'Arapça kökenli olup yazımda yan yana (ai) ünlüsü bulunduran kelimelerin (aile, şair, fail vb.) ilk hecesindeki 'a' ünlüsünü uzun [aː] olarak işaretle.' 2) 'Dar çeviri istenen durumlarda çıktıyı eğik çizgi (/) yerine kesinlikle köşeli parantez ([ ]) içine al.'",/aː.i.ˈle/,true
aileleri,/aː.i.le.le.ˈɾi/,aː i l e l e ɾ i,0.95,"DOĞRU KURALLAR: 1) Ünlü Uzunluğu: Arapça kökenli 'aile' kelimesinin ilk hecesindeki 'a' ünlüsü standart Türkçede uzun okunur [aː]. 2) Vurgu: Çoğul eki (-ler) ve sonrasındaki iyelik/belirtme eki (-i) vurguyu kelime sonundaki heceye taşır [ˈɾi]. 3) Ünsüzler: Türkçe 'r' ünsüzü her zaman tek vuruşludur [ɾ]. HATA ANALİZİ: Referans çıktılar, vurguyu ve ünsüz haritalamalarını doğru tespit etmelerine karşın, yazım kurallarında şapka işareti kullanılmamasından ötürü grafem-fonem dönüşümünü salt harflere dayanarak yapmış ve 'a' sesini kısa [a] çevirerek eksik bir transkripsiyon üretmiştir. SİSTEM İYİLEŞTİRMESİ VE KURAL ÖNERİSİ: Sistemin algoritmasına şu koşul eklenmelidir: 'Görünmez Vokal Uzunluğu İstisnası: Yazımda düzeltme işareti (şapka) almayan ancak telaffuzda uzun ünlü barındıran Arapça/Farsça alıntılar için bir hardcoded sözlük tanımla (örn: aile, adalet, ifade) ve 'aile' kelimesi tespit edildiğinde ilk heceyi daima [aː] olarak çıkar.'",/a.i.le.le.ˈɾi/,false
akiller,/aː.cʰil.ˈlæɾ/,aː cʰ i l l æ ɾ,0.95,"DOĞRU KURALLAR: Kelime Arapça kökenli 'âkil' (akıllı, bilge) sözcüğünün çoğuludur. İlk hecedeki 'a' ünlüsü uzundur [aː]. İnce ünlü (i) öncesindeki 'k' ünsüzü damaksıllaşarak [c] olur ve hece başı pozisyonunda soluklanır [cʰ]. Çoğul eki '-ler' kelime sonu vurgusunu alır [ˈlæɾ]. Son hecedeki 'e', 'r' ünsüzü öncesinde açılarak [æ] sesine dönüşür. Kelime içindeki iki 'l' hece sınırında [l.l] şeklinde telaffuz edilir. HATA ANALİZİ: Referans 1 ve Referans 2, düzeltme işareti yazılmasa bile okunması gereken ünlü uzunluğunu [aː] atlamıştır. Ayrıca her iki referans, izin verilen sembol havuzunda yer almayan bir 'r' varyantını kullanma hatasına düşmüştür. Referans 2, standart isimlerde son heceye düşen vurgu kuralını ihlal ederek vurguyu hatalı heceye yerleştirmiştir. SİSTEM İYİLEŞTİRMESİ VE KURAL ÖNERİSİ: Sisteme şu kurallar eklenmelidir: 1) 'Yazım-Okunuş Uyuşmazlığı: Arapça kökenli alıntı kelimelerde (akil, katip vb.) yazıda şapka olmasa da fonetik transkripsiyonda uzun ünlü [aː] kullan.' 2) 'Katı Sembol Filtresi: İzin verilen sembol setinde bulunmayan hiçbir sembolü kullanma, standart varyantlara dönüştür.' 3) 'Çoğul Eki Vurgusu: İsim soylu sözcüklerde -lAr çoğul eki birincil vurguyu daima kendi üzerine alır, kuralı sabitle.'",/a.cʰil.ˈlæɾ̞̊/,false
akyıldız,/ak.jɯɫ.ˈdɯz/,a k j ɯ ɫ d ɯ z,0.95,"DOĞRU KURALLAR: Kelime 'ak' ve 'yıldız' sözcüklerinin birleşmesinden oluşmuştur. 'a' kalın ünlüsünden sonra gelen 'k' ünsüzü standart artdamaksıl [k] olarak telaffuz edilir. 'ı' kalın ünlüsünden dolayı 'l' ünsüzü karanlık/kalın [ɫ] varyantıyla okunur. Bileşik sözcük yapısında tür adına işaret ediyorsa (veya soyadıysa) vurgu beklendiği gibi son hecededir. HATA ANALİZİ: Referans 1, ardılındaki 'y' [j] ünsüzünün damaksıl (palatal) olmasından etkilenerek hece sonundaki 'k' ünsüzünü ezbere bir şekilde damaksıllaştırmış ve [c] yapmıştır; oysa kalın ünlü barındıran morfem sınırlarında (özellikle bileşik kelimelerde) bu tür tam benzeşmeler kural dışıdır. Referans 2 ise grafem-fonem dönüşümünü en doğru biçimde başarmıştır. SİSTEM İYİLEŞTİRMESİ VE KURAL ÖNERİSİ: Sisteme şu kural eklenmelidir: 'Kalın ünlülerle (a, ı, o, u) kurulan hecelerin/morfemlerin sonundaki velar (artdamaksıl) ünsüzler (k, g, l), birleşik kelime senaryolarında yan yana geldikleri hece damaksıl [j] ile başlasa dahi kalınlık-incelik uyumunu takip eder ve [k, ɫ] standartlarını korur; onları ince [c, ɟ, l] varyantlarına dönüştürme.'",/ac.jɯɫ.ˈdɯz/,false
akıl,/a.ˈkʰɯɫ/,a kʰ ɯ ɫ,0.98,"DOĞRU KURALLAR: Kelime Arapça kökenli olsa da Türkçenin fonotaktik kurallarına tam uyarlanmıştır. Vurgu kurallı olarak son hecededir. 'k' ünsüzü hece başında yer aldığı ve vurgulu heceyi başlattığı için solukludur (aspire edilir) [kʰ]. Son sesteki 'l', kendisinden önceki art ünlü [ɯ] nedeniyle kalın/velarize l [ɫ] olarak telaffuz edilir. HATA ANALİZİ: Referans 1, fonetik sesleri ve aspirasyonu doğru bulmuştur ancak dar çeviri gösterimi olarak köşeli parantez [] yerine fonemik parantez // kullanmıştır. Referans 2 ise hece başı ötümsüz patlayıcıların vurgulu hecede soluklu okunması kuralını atlayarak k'yı yalın [k] bırakmış ve aynı şekilde yanlış parantez kullanmıştır. SİSTEM İYİLEŞTİRMESİ VE KURAL ÖNERİSİ: Sisteme şu katı kurallar eklenmelidir: 1) Hece Başında Aspirasyon Kuralı: Eğer bir ötümsüz patlayıcı (p, t, k, c) vurgulu hecenin başlangıcında (onset) yer alıyorsa, onu dar çeviride kesinlikle soluklu (ʰ) varyantıyla göster. 2) Notasyon Standartlaştırması: Çıktı dar çeviri (narrow transcription) ise, // yerine daima köşeli parantez [] kullan.",/a.ˈkʰɯɫ/,true
akşam,/ak.ˈʃam/,a k ʃ a m,1,"DOĞRU KURALLAR: Kelime kalın ünlüler barındıran Türkçe kökenli bir sözcüktür. Heceleme 'ak.şam' şeklindedir ve Türkçe standart vurgu kuralı gereği vurgu son hecededir [ˈʃam]. İlk hecenin sonunda (koda pozisyonunda) yer alan 'k' patlayıcı ünsüzü, hece başı olmadığı için aspirasyon (soluklanma) almaz ve yalın [k] olarak transkribe edilir. 'ş' grafemi Uluslararası Fonetik Alfabe'de [ʃ] sembolüyle gösterilir. HATA ANALİZİ: Referans çıktılar fonemleri ve vurgu yerini doğru tespit etmiştir. Ancak fonetik analizde istenen format dar çeviri (narrow transcription) olduğu için eğik çizgi (/.../) yerine köşeli parantez ([...]) kullanılmalıydı. SİSTEM İYİLEŞTİRMESİ VE KURAL ÖNERİSİ: Sisteme şu kurallar eklenmelidir: 1) Çıktı Formatı Kuralı: Fonetik dar çeviri işlemlerinde sınır işaretleyicisi olarak daima köşeli parantez '[...]' kullan. 2) Koda Patlayıcıları (Coda Stops) Kuralı: Hece sonunda (koda pozisyonunda) yer alan [p, t, k, c] gibi ötümsüz patlayıcı ünsüzlere aspirasyon (ʰ) uygulama.",/ak.ˈʃam/,true
al,/ˈaɫ/,a ɫ,1,"DOĞRU KURALLAR: Kelime tek hecelidir. Türkçede kalın (arka sıra) ünlülerden (a, ɯ, o, u) sonra hece sonunda gelen 'l' sesi kalınlaşarak velarize [ɫ] varyantına dönüşür. Tek heceli kelimeler bağımsız telaffuz edildiklerinde vurguyu kendi üzerilerinde [ˈ] taşırlar. HATA ANALİZİ: Ref 1, tek heceli kelimede bulunması gereken vurgu işaretini [ˈ] atlamıştır. Ayrıca her iki referans da dar çeviri (narrow transcription) istenmesine rağmen köşeli ayraç [...] yerine geniş çeviri (broad transcription) işareti olan eğik çizgi /.../ kullanmıştır. SİSTEM İYİLEŞTİRMESİ VE KURAL ÖNERİSİ: Sisteme şu kurallar eklenmelidir: 1) 'L-Velarizasyonu: [a, ɯ, o, u] ünlülerinden sonra hece veya kelime sonunda gelen l harfini daima kalın [ɫ] varyantına çevir.' 2) 'Tek Hece Vurgusu: Tek heceli bağımsız kelimelerin dar çevirilerinde hece başına birincil vurgu işaretini [ˈ] mutlaka ekle.' 3) 'Çeviri Formatı: Dar (fonetik) çeviri yaparken /.../ yerine daima [...] sınır işaretlerini kullan.'",/aɫ/,false
alamadıklarının,/a.ˈɫa.ma.dɯk.ɫa.ɾɯ.nɯn/,a ɫ a m a d ɯ k ɫ a ɾ ɯ n ɯ n,0.95,"DOĞRU KURALLAR: Kelime yeterlik fiilinin olumsuzluk ekini (-ama) içerir. Olumsuzluk eki (-ma/-me) vurguyu reddeder ve vurguyu daima bir önceki heceye (yeterlik ekinin ünlüsüne) atar [ˈɫa]. Kelimedeki tüm ünlüler kalın sıradan olduğu için 'l' ünsüzleri kalın [ɫ] formunda transkribe edilir. Kelime içi ünsüz kümelerinde hece sınırı standart Türkçe kuralına göre iki ünsüzün ortasından geçer (dɯk.ɫa). HATA ANALİZİ: Ref 1, fiilimsilerde olumsuzluk ekinin vurgu reddetme istisnasını bilmediği için genel isim vurgusunu ezbere uygulayıp vurguyu son heceye atmıştır. Ref 2, Türkçedeki hece sınırlarını İngilizce kelimelerdeki gibi yanlış yerleştirmiş (dɯ.kɫa) ve vurguyu tamamen atlamıştır. SİSTEM İYİLEŞTİRMESİ VE KURAL ÖNERİSİ: Sistemin algoritmasına şu iki hardcoded kural eklenmelidir: 1) 'Heceleme (Syllabification): Yan yana gelen iki ünsüz (VCCV dizilimi) daima hecelerin ortasından bölünür (VC.CV).' 2) 'Vurgu İstisnası: Kelimede olumsuzluk eki (-ma/-me) bulunuyorsa, kelime sonu vurgu kuralını kesinlikle iptal et ve birincil vurguyu (ˈ) olumsuzluk ekinden hemen önceki heceye yerleştir.'",/a.ɫa.ma.dɯk.ɫa.ɾɯ.ˈnɯn/,false
alt,/ˈaɫt/,a ɫ t,1,"DOĞRU KURALLAR: Kelime tek hecelidir ve bu nedenle birincil vurgu işareti hecenin en başında yer alır [ˈa]. Artdamaksıl (kalın) bir ünlü olan 'a' sesinden sonra gelen 'l' ünsüzü, ünlü uyumu ve bağlam gereği artdamaksıllaşarak (velarized) kalın [ɫ] varyantına dönüşür. Kelime sonundaki 't' ötümsüz patlayıcısı standart formunu korur. HATA ANALİZİ: Referans 1, tek heceli kelimelerde de bulunması gereken birincil vurgu işaretini (ˈ) atlamış ve dar çeviri parantezi yerine geniş çeviri (//) kullanmıştır. Referans 2, vurgu ve kalın [ɫ] kullanımında doğru sonuç vermiş ancak o da dar çeviri kuralı olan köşeli parantez ([]) formatına uymamıştır. SİSTEM İYİLEŞTİRMESİ VE KURAL ÖNERİSİ: Sistemin algoritmasına şu katı kurallar eklenmelidir: 1) 'Vurgu İşaretleme: Kelime tek heceli olsa dahi bağımsız kelimelerin dar fonetik çevirilerinde hece başına mutlaka birincil vurgu (ˈ) işaretini ekle.' 2) 'Ünsüz Çevresel Etkileşimi: Kalın ünlülerle (a, ɯ, o, u) aynı hecede veya bitişik konumda bulunan 'l' ünsüzlerini daima kalın varyant olan [ɫ] ile eşleştir.' 3) 'Format: Dar çevirileri (narrow transcription) kesinlikle köşeli parantez ([]) içinde sun.'",/aɫt/,false
ana deniz bilimi,/a.ˈnade.ˈnizbi.li.ˈmi/,a n a d e n i z b i l i m i,0.95,"DOĞRU KURALLAR: Vurgu: Standart Türkçe kurallarına göre birleşik yazılmayan isim tamlamaları ve sözcük öbeklerinde her kelime kendi bağımsız vurgusunu korur. Sözcüklerin üçünde de vurgu kelime sonundadır. Ünsüzler/Ünlüler: 'bilimi' sözcüğündeki 'l' ünsüzü ince ünlülerle (i) kuşatıldığı için açık/sığ [l] varyantındadır. Öbekte [p, t, k, c] gibi ötümsüz patlayıcılar bulunmadığından aspirasyon (ʰ) kuralı devreye girmez. HATA ANALİZİ: Referans 1, doğru fonemik sınırı ve kelime bazlı vurguları korumuş ancak dar çeviri standardı olan köşeli parantez [ ] yerine geniş çeviri / / işaretlerini kullanmıştır. Referans 2 ise üç ayrı kelimeden oluşan bu yapıyı tamamen bitişik yazılmış bir bileşik kelime zannederek aradaki boşlukları ve kelime vurgularını yok etmiş (over-compounding), sadece sondan ikinci heceye tek bir vurgu atayarak yapısal ve fonolojik bir hata yapmıştır. SİSTEM İYİLEŞTİRMESİ VE KURAL ÖNERİSİ: Sisteme şu kurallar entegre edilmelidir: 1) 'Öbek ve Sınır Koruması: Girdi eğer boşluklarla ayrılmış birden fazla kelimeden oluşuyorsa, bunları birleştirmekten (merge) kaçın; her sözcüğün kendi bağımsız sözcük vurgusunu standart kurallara göre ayrı ayrı uygula ve aradaki boşlukları (space) nihai fonetik dizede muhafaza et.' 2) 'Dar Çeviri Formatı: Çıktı bir dar çeviri (narrow transcription) ise, slash (/.../) yerine daima köşeli parantez ([...]) bloğu kullan.'",/a.ˈnade.ˈnizbi.li.ˈmi/,true
analizlerimizi,/a.na.liz.le.ɾi.mi.ˈzi/,a n a l i z l e ɾ i m i z i,1,"DOĞRU KURALLAR: Kelime, Fransızca kökenli 'analiz' sözcüğüne sırasıyla çokluk (-lAr), birinci çoğul iyelik (-ImIz) ve belirtme durumu (-I) eklerinin getirilmesiyle oluşmuştur. Tüm bu çekim ekleri standart kurallar gereği vurguyu üzerlerine çeker, bu nedenle birincil vurgu son hecededir [ˈzi]. Kelime içindeki ünsüz dizilimlerinde (örn. zl), hece bölünmesi VCCV -> VC.CV prensibiyle gerçekleşir, böylece dizilim [liz.le] olur. HATA ANALİZİ: Referans 1 heceleme, segmentasyon ve vurgu konusunda kelimeyi kusursuz, kurala uygun biçimde transkribe etmiştir. Referans 2 ise hem vurgu kuralını atlayarak vurguyu kelimenin ortasına koymuş hem de Türkçe hece yapısına aykırı olan karmaşık hece başı (li.zle) oluşturarak çok kaba bir heceleme hatasına düşmüştür. SİSTEM İYİLEŞTİRMESİ VE KURAL ÖNERİSİ: Algoritmaya şu temel kurallar kesin olarak işlenmelidir: 1) 'Hece Sınırı (Syllabification): Türkçede kelime içinde yan yana gelen iki ünsüz (VCCV) daima ortadan ikiye ayrılır. Birinci ünsüz önceki hecenin koda (coda) kısmına, ikinci ünsüz sonraki hecenin baş (onset) kısmına yerleştirilmelidir (liz.le); kelimenin ortasında kompleks/çift ünsüzle başlayan hece (zle) oluşturma.' 2) 'Ek Zinciri Vurgusu: Çokluk, iyelik ve durum (hâl) ekleri peş peşe eklendiğinde, kelimenin kökünde yerleşik istisnai bir vurgu yoksa birincil vurguyu son morfeme/heceye kaydır.'",/a.na.liz.le.ɾi.mi.ˈzi/,true
anla,/an.ˈɫa/,a n ɫ a,0.98,"DOĞRU KURALLAR: Kelime tamamen kalın ünlülerden (a) oluşmaktadır. Kalın ünlü bağlamında (a sesiyle komşu) bulunan 'l' ünsüzü artdamaksıllaşarak kalın (dark) l [ɫ] varyantına dönüşür. 'n' sesi alveoler [n] olarak standart halini korur. Kelime emir kipinde bir fiildir ve Türkçede emir kipi olumlu çekimlerinde vurgu genel olarak son heceye kayar, bu sebeple birincil vurgu son hecededir. HATA ANALİZİ: Referans çıktılar heceleme, vurgu yeri ve kalın [ɫ] varyantını bulma konusunda doğru bir analiz yapmıştır. Ancak dar çeviri (narrow transcription) kuralları gereği IPA transkripsiyonu köşeli parantez [...] ile gösterilmelidir; referanslarda ise geniş çeviri (broad transcription) belirteci olan eğik çizgi /.../ kullanılmıştır. SİSTEM İYİLEŞTİRMESİ VE KURAL ÖNERİSİ: Sisteme eklenmesi gereken kural: 'Dar çeviri (narrow transcription) üretirken çıktıları asla eğik çizgi (/) ile başlatıp bitirme; allofonik varyasyonların da gösterildiği bu tip transkripsiyonları her zaman köşeli parantez ([...]) içine al.'",/an.ˈɫa/,true
anlam,/an.ˈɫam/,a n ɫ a m,1,"DOĞRU KURALLAR: Türkçe kurallarına göre kelimenin vurgusu son hecededir [an.ˈɫam]. Ünsüzler açısından kelimedeki 'l' sesi, kalın ünlülerle (a) çevrelendiği ve aynı hecede bulunduğu için artdamaksıllaşarak kalın l [ɫ] varyantına dönüşür. 'n' ve 'm' genizselleri temel halleriyle okunur, herhangi bir ötümsüzleşme veya daralma söz konusu değildir. HATA ANALİZİ: Referans çıktılar fonetik segmentleri ve kalın [ɫ] alofonunu mükemmel tespit etmiş, vurguyu da doğru konuma yerleştirmiştir. Ancak sistem, dar çeviri (narrow transcription) formatına aykırı biçimde köşeli ayraç [...] yerine eğik çizgi /.../ (geniş çeviri işareti) kullanmıştır. SİSTEM İYİLEŞTİRMESİ VE KURAL ÖNERİSİ: Sisteme şu metadolojik kural eklenmelidir: 'Karakter ve Format Sınırlandırması: Çıktı dar çeviri (narrow transcription) seviyesinde istendiğinde ve alofonik semboller (ɫ, c, ʰ vb.) barındırdığında, IPA çıktısını kesinlikle köşeli ayraç [...] içine al. Kesin bir talimat gelmedikçe /.../ (broad transcription) işaretlemesini üretme.'",/an.ˈɫam/,true
anlayışsızlığından,/an.ɫa.jɯʃ.sɯz.ɫɯ.ɯn.ˈdan/,a n ɫ a j ɯ ʃ s ɯ z ɫ ɯ ɯ n d a n,0.95,"DOĞRU KURALLAR: 1. Vurgu: -dan (Ayrılma durumu) eki çekim ekidir ve vurguyu üzerine alır; dolayısıyla birincil vurgu son hecededir (ˈdan). 2. Karanlık l: Arka ünlülerle (a, ı) komşu olan 'l' ünsüzleri kalın/velarize [ɫ] varyantıyla sesletilir. 3. Yumuşak G (ğ): Aynı iki arka ünlü arasındaki 'ğ' düşer ve ya yan yana iki ünlü (hiatus) [ɯ.ɯ] ya da hece birleşmesiyle tek bir uzun ünlü [ɯː] üretir. Standart dar çeviride hece sayısını koruyan [ɫɯ.ɯn] formu veya akıcı konuşmadaki [ɫɯːn] formu doğrudur. HATA ANALİZİ: Referans 1, vurguyu ve kalın [ɫ] seslerini doğru bulmasına rağmen 'ğ' düşümü sırasında hem ilk ünlüyü uzatıp hem de ikinciyi koruyarak ([ɯː.ɯ]) fazladan (3 mora) fonetik süre yaratmış ve hece dengesini bozmuştur. Referans 2 ise İngilizce benzeri düz [l] kullanarak velarizasyon kuralını atlamış, 'ığ' dizisini tamamen yutarak ([lɯn]) hece eksiltmiştir. SİSTEM İYİLEŞTİRMESİ VE KURAL ÖNERİSİ: Sisteme şu iki kural eklenmelidir: 1) Karanlık L Kuralı: 'Kelime içindeki l ünsüzü arka ünlülerden (a, ı, o, u) önce veya sonra geliyorsa kesinlikle [ɫ] varyantıyla değiştir.' 2) Yumuşak G (ğ) Kuralı: 'Aynı iki ünlü arasındaki ğ harfi düşürüldüğünde, sistem ya [V.V] şeklinde iki kısa ünlü ya da heceleri birleştirip [Vː] şeklinde tek bir uzun ünlü üretmelidir; [Vː.V] şeklinde hatalı süre kombinasyonları üretilmesi kesinlikle engellenmelidir.'",/an.ɫa.jɯʃ.sɯz.ɫɯː.ɯn.ˈdan/,false
anımın,/a.nɯ.ˈmɯn/,a n ɯ m ɯ n,1,"DOĞRU KURALLAR: Kelime 'anı' köküne birinci tekil kişi iyelik (-m) ve tamlayan (-ın) eklerinin gelmesiyle oluşmuştur (anı-m-ın). Hecelenişi 'a.nı.mın' şeklindedir. Türkçe yazımındaki 'ı' grafemi IPA sisteminde daima kapalı, düz ve arka ünlü olan [ɯ] sembolüyle gösterilir. Kelimede aspirasyon gerektiren patlayıcı ünsüzler yer almamaktadır. Herhangi bir istisnai vurgu durumu barındırmadığı için Türkçe standart vurgu kuralı işletilmiş ve birincil vurgu son heceye düşmüştür. HATA ANALİZİ: Referans 1 ve Referans 2, kelimenin IPA dönüşümünde (ı -> ɯ), heceleme mantığında ve sistemin standart vurgu atama işlevinde en ufak bir hata yapmamış, süreci doğru işleterek kusursuz transkripsiyonlar sunmuşlardır. SİSTEM İYİLEŞTİRMESİ VE KURAL ÖNERİSİ: Sistemin standart Türkçe kelimelerdeki bu doğru işleyişinin sabitlenmesi için ana kod dizinine şu temel ilkeler eklenmelidir: 1) 'Karakter Haritalama (Mapping): Türkçe kelimedeki 'ı' karakteri her bağlamda doğrudan [ɯ] olarak haritalanmalıdır.' 2) 'Vurgu Tespiti: Kelimede istisnai vurgu (zarflar, bağlaçlar, -yor veya küçültme ekleri gibi durumlar) tespit edilmezse, vurgu algoritmada son heceye kilitlenmelidir.'",/a.nɯ.ˈmɯn/,true
asitleştirdiğinden,/a.sit.leʃ.tiɾ.di.jin.ˈdæn/,a s i t l e ʃ t i ɾ d i j i n d æ n,0.95,"DOĞRU KURALLAR: 1. Vurgu: Sıfat-fiil eki almış bir kelime üzerinden isim çekimine (ayrılma eki -den) giren bu yapıda, herhangi bir vurgu kaydırıcı unsur olmadığı için vurgu geleneksel kelime sonu kuralına uyar (ˈdæn). 2. Sürtünmeli Sonrası Aspirasyon (Soluksuzluk) Kuralı: Hece başındaki ötümsüz patlayıcılar (p, t, k, c) normalde aspire edilir ancak [f, s, ʃ, h] gibi sürtünmeli bir sesten hemen sonra geliyorlarsa soluklu yapılarını kaybederek doğrudan yalın patlayıcıya dönerler ('leş' sonrasındaki 'tir' hecesi [tiɾ] olarak okunur). 3. Yumuşak G (ğ): İnce ünlüler arasındaki 'ğ', standart fonolojide sürtünmesiz damaksıl yarı ünlüye ([j]) dönüşür. 4. Açık (æ) / Kapalı (e) Kuralı: 'e', yalnızca [l, m, n, r] ile aynı kapalı heceyi paylaştığında belirgin bir şekilde [æ] sesine açılır ('-den' > [dæn]). 'leş' hecesindeki e ise kapalı hecede 'ş' ile bittiği için standart [e] olarak telaffuz edilir. HATA ANALİZİ: Ref 1, vurguyu yanlış olarak kök-gövde ekine almış, sürtünmeli 'ş' ünsüzünün sağındaki ötümsüz patlayıcı olan 't' ünsüzünü aspire etmek [tʰ] gibi temel bir fonolojik istisnai kural hatası yapmış ve 'leş' hecesinde e'yi gereksiz yere açık yorumlamıştır. Ref 2, 'ğ' sembolünü tamamen hatalı bir fonemle, damaksıl patlayıcı olan [ɟ] ile eşlemiş, vurguyu yanlış yere koymuş ve 'den' hecesindeki 'e' açılmasını ezbere atlamıştır. SİSTEM İYİLEŞTİRMESİ VE KURAL ÖNERİSİ: Sisteme eklenmesi gereken hardcoded kurallar şunlardır: 1) 'Aspirasyon Kısıtlaması: [p, t, k, c] ünsüzleri hece başındaysa ama sollarındaki (önceki hece sonu) ses [f, s, ʃ, h] sürtünmelilerinden biriyse, aspirasyon atamasını (ʰ) derhal iptal et.' 2) 'ğ Karakter Haritalama: İki ince ünlü (e, i, ö, ü) karakteri arasına gelen 'ğ' harfini gördüğünde algoritma bunu daima [j] olarak haritalamalıdır.' 3) 'Bölgesel/Bağlamsal Açık 'e': Bir hece (e + Ünsüz) formundaysa, açık 'e' [æ] çıktısını sadece bu ünsüz [l, m, n, r] fonemlerinden biriyse aktifleştir, diğer ünsüzlerde [e] varyantında bırak.'",/a.sit.ˈlæʃ.tʰiɾ.di.jin.dæn/,false
aslında,/as.ɫɯn.ˈda/,a s ɫ ɯ n d a,0.95,"DOĞRU KURALLAR: Kelime asıl-ı-n-da yapısından gelir. Orta hece düşmesi sonucu heceleme as.lın.da şeklindedir. Art ünlülerle (a, ı) komşu olan 'l' sesi kalınlaşarak velarize [ɫ] sesine dönüşür. Kelime zarf olarak işlev görse de, standart telaffuzda ismin bulunma hali eki (-da) vurguyu üzerine çeker ve son hece vurgulanır. HATA ANALİZİ: Referans 1 fonolojik kuralları mükemmel işletmiş, kalın l varyantını ve vurgu yerini doğru bulmuştur. Referans 2 ise heceleme algoritmasında kritik bir hata yaparak ünsüzü tek başına bir hece gibi ayırmış (a.s), vurgu işaretini yanlış hece konumuna yerleştirmiş ve kalın [ɫ] kuralını atlamıştır. SİSTEM İYİLEŞTİRMESİ VE KURAL ÖNERİSİ: Sistemin çekirdek yapısına şu iki kural eklenmelidir: 1) 'Heceleme (Syllabification): Türkçede VCCV (ünlü-ünsüz-ünsüz-ünlü) dizilimleri daima VC.CV şeklinde bölünür. Tek bir ünsüz asla bağımsız bir hece oluşturamaz.' 2) 'Allofonik L Kuralı: l sesi [a, ɯ, o, u] gibi art ünlülerle aynı hecedeyse veya komşuysa, standart l yerine istisnasız velarize [ɫ] sembolünü kullan.'",/as.ɫɯn.ˈda/,true
astımlarının,/as.tɯm.ɫa.ɾɯ.ˈnɯn/,a s t ɯ m ɫ a ɾ ɯ n ɯ n,0.98,"SONUÇ: [as.tɯm.ɫa.ɾɯ.ˈnɯn]. DOĞRU KURALLAR: Başlangıç mantığı ve genel fonetik parametreler doğrulanmıştır. Standart ek zinciri işleyişi aktiftir. HATA ANALİZİ: Çıktılar yapısal süreçlerden geçirilmiştir. Referans 1 /s/ sürtünmelisi sonrası aspirasyon kısıtını atlamış, Referans 2 ardışık isim çekim eklerinde vurgu aktarım döngüsünü kırmıştır. SİSTEM İYİLEŞTİRMESİ VE KURAL ÖNERİSİ: Algoritmaya şu nihai komutları entegre et: 1) [s] ve [ʃ] ardışığı patlayıcılarda (p, t, k, c) aspirasyon atamasını (ʰ) mutlak olarak iptal et. 2) Düzenli isim çekim eklerinde (-lar, -ı, -nın) birincil vurgu indeksini doğrudan son heceye sabitle.",/as.tʰɯm.ɫa.ɾɯ.ˈnɯn/,false
atlattığının,/at.ɫat.tʰɯː.ˈnɯn/,a t ɫ a t tʰ ɯː n ɯ n,0.95,"DOĞRU KURALLAR: 1. Velarizasyon ve İkizleşme (Gemination): 'l' sesi art ünlülerle komşuluğunda kalın [ɫ] olarak telaffuz edilir. Yan yana gelen 'tt' seslerinden ilki hece sonu olduğu için yalın [t], ikincisi hece başı olduğu için soluklu [tʰ] olur. 2. Yumuşak G (ğ) Düşmesi ve Kaynaşma: İki 'ı' ünlüsü arasındaki 'ğ' konuşma dilinde düşer. Ortaya çıkan iki ünlü kaynaşarak tek bir uzun ünlüye ([ɯː]) dönüşür ve hece eksilir. 3. Vurgu: İlgi ekinin son hecesi birincil vurguyu alır. HATA ANALİZİ: Referans 1, 'ğ' düşmesini ve uzun ünlü ([ɯː]) oluşumunu kısmen saptamış ancak peşine kısa [ɯ] ekleyerek Türkçe sesdizimine aykırı bir ünlü yığılması ([ɯː.ɯ]) ve fazladan hece yaratmıştır. Referans 2 ise ezbere harf-ses eşlemesiyle 'ğ' harfini [ɡ] olarak vermiş ve aspirasyonu atlamıştır. SİSTEM İYİLEŞTİRMESİ VE KURAL ÖNERİSİ: Sisteme şu yapısal kurallar eklenmelidir: 1) 'Ünlü Kaynaşması (Vowel Merger): VğV diziliminde V sesleri aynı dar/art ünlülerse (ığı), ğ harfini düşür, iki ünlüyü birleştirip tek bir uzun ünlü ([ɯː]) yap ve bağlandığı heceleri teke düşür.' 2) 'İkiz Patlayıcı (Geminate) Kuralları: İkiz ünsüz (tt) diziliminde koda konumundaki ilk sesi [t], onset konumundaki ikinci sesi aspirasyon katarak soluklu [tʰ] olarak ayarla.'",/at.ɫat.tʰɯː.ɯ.ˈnɯn/,false
atılımlarımız,/a.tʰɯ.ɫɯm.ɫa.ɾɯ.ˈmɯz/,a tʰ ɯ ɫ ɯ m ɫ a ɾ ɯ m ɯ z,1,"DOĞRU KURALLAR: Standart Türkçe kuralı gereği, vurgu kaydıran özel bir ek veya son ek bulunmadığı için kelimedeki birincil vurgu son hecededir [ˈmɯz]. Kalın ünlülerle (a, ı, o, u) aynı hecede veya bitişik konumda bulunan 'l' ünsüzleri, velarize (kalın) l varyantı olan [ɫ] sesine dönüşür. Hece başı konumunda bulunan ötümsüz patlayıcı 't' ünsüzü aspirasyona (soluklanmaya) uğrar [tʰ]. Yazımdaki 'r' ünsüzü konuşma dilinde çarpma (flap) ünsüzü olan [ɾ] olarak sesletilir. HATA ANALİZİ: Referans 1, vurguyu, aspirasyonu ve velarize ünsüzleri eksiksiz analiz ederek doğru bir transkripsiyon üretmiştir. Referans 2 ise ezbere bir yaklaşımla kalın l [ɫ] ayrımını yapamamış, hece başı aspirasyonunu göz ardı etmiş ve standart kelime sonu vurgu kuralını atlayarak vurguyu yanlış konuma [ˈlɯm] yerleştirmiştir. SİSTEM İYİLEŞTİRMESİ VE KURAL ÖNERİSİ: Sisteme şu katı kuralların eklenmesi tavsiye edilir: 1) 'Vurgu Kuralı: Kelimede -mA, -yor, -CAsInA vb. gibi yapıca vurguyu kaydıran bir ek yoksa, varsayılan birincil vurguyu daima son heceye yerleştir.' 2) 'Kalın [ɫ] Uyumu: Eğer l ünsüzü [a, ɯ, o, u] gibi kalın ve arka damak ünlüleriyle yan yana ise, onu istisnasız fonetik alfabedeki [ɫ] sembolüyle eşleştir.' 3) 'Hece Başı Aspirasyonu: Hece başlangıcında yer alan [p, t, k, c] patlayıcılarını, öncesinde engelleyici bir sızıcı [s, ʃ] yoksa aspire (ʰ) varyantlarıyla transkribe et.'",/a.tʰɯ.ɫɯm.ɫa.ɾɯ.ˈmɯz/,true
azgınlığı,/az.ɡɯn.ɫɯ.ˈɯ/,a z ɡ ɯ n ɫ ɯ ɯ,0.95,"DOĞRU KURALLAR: Kelimedeki 'a' ve 'ı' ünlüleri arka/kalın sıradan olduğu için 'l' sesi kalın/koyu varyantıyla [ɫ] sesletilir. Kelime sonundaki '-k' ekin ardından yumuşayarak 'ğ'ye dönüşmüş (azgınlık > azgınlığı) ve iki ünlü arasında kaldığı için eriyerek düşmüştür. Bu bağlamda iki 'ı' sesi yanyana gelir ve [ɯ.ɯ] dizlimini oluşturur. Kelime vurgusu düzenli olarak son hecededir. HATA ANALİZİ: Referans çıktılar, 'ğ' sesinin fonolojik etkisini hece pozisyonuna bakmaksızın işlemiş ve ezbere bir kuralla önceki ünlüyü [ɯː] şeklinde uzatmıştır. Oysa 'ğ' yalnızca hece sonunda (koda konumunda, örn: sığ.dı -> [sɯː.dɯ]) dururken kendinden önceki ünlüyü dolgunlaştırıp uzatır. Hece başında (iki ünlü arasında) uzama yaratmaz; sadece düşerek ardışık iki ünlü (hiatus) [ɯ.ɯ] boşluğunu bırakır. SİSTEM İYİLEŞTİRMESİ VE KURAL ÖNERİSİ: Algoritmaya şu istisna eklenmelidir: 'Intervokalik Ğ Kuralı (V.ğV): Eğer 'ğ' grafemi iki ünlü arasında ve hece başı (onset) konumundaysa, kendinden önceki ünlüyü uzun (Vː) haritalama. Sadece 'ğ' sesini devreden çıkar ve çevreleyen ünlüleri hece sınırı ile koru. Uzun ünlü kuralını yalnızca 'ğ' hece sonundayken (Vğ.C) uygula.'",/az.ɡɯn.ɫɯː.ˈɯ/,false
azizleştirdiklerimiz,/a.ziz.leʃ.tiɾ.dic.le.ɾi.ˈmiz/,a z i z l e ʃ t i ɾ d i c l e ɾ i m i z,0.95,"DOĞRU KURALLAR: Kelimedeki isim-fiil, çoğul ve iyelik eki (-miz) dizilimi vurguyu standart kural gereği kelime sonuna sürükler (ˈmiz). Fonolojik olarak ince ünlülerle komşu olan 'k' sesi ön damağa çekilip damaksıllaşarak [c] varyantına dönüşür. Ayrıca '[ʃ]' sürtünmeli ünsüzü sebebiyle hemen peşinden gelen ötümsüz patlayıcı 't' aspirasyon (soluk) özelliğini kaybeder (leş.tir -> leʃ.tiɾ). HATA ANALİZİ: Referans 1, vurguyu hatalı bir şekilde sözcük ortasına yerleştirmiş, sürtünmeli sonrası aspirasyon iptalini kavramayarak [tʰ] üretmiş ve standart [e] ünlüsünü kuralsızlık yaparak [æ] şeklinde aşırı açmıştır. Referans 2 ise Türkçe fonotaktik kurallarını hiçe sayıp hece başında çoklu ünsüz kümeleri (.zle, .kle) oluşturmuş, 'k' sesini ince [c] yapmamış ve vurguyu rastgele dağıtmıştır. SİSTEM İYİLEŞTİRMESİ VE KURAL ÖNERİSİ: Sisteme şu katı kurallar eklenmelidir: 1) 'Sürtünmeli-Aspirasyon Kuralı: [f, v, s, z, ʃ, ʒ, h] ünsüzlerinden sonra gelen patlayıcıların ([p, t, c, k]) aspirasyonunu daima engelle/iptal et.' 2) 'Fonotaktik Heceleyici Düzenlemesi: Türkçe kökenli ve Türkçeleşmiş kelimelerdeki ardışık VCCV dizilimini katiyen .CC şeklinde bölme, VCCV dizilimini daima hece sınırından (VC.CV) ikiye ayır.' 3) 'Damaksıl Ses Ataması: İnce ünlü içeren ardışık hece geçişlerinde ve komşuluk durumlarında k grafemini daima [c] olarak koda geçir.'",/a.ziz.ˈlæʃ.tʰiɾ.dic.le.ɾi.miz/,false
açelya,/a.ˈtʃæl.ja/,a t͡ʃ æ l j a,0.9,"DOĞRU KURALLAR: Kelime Yunanca/Latince kökenlidir. 'e' ünlüsü 'l' akıcı ünsüzüyle aynı kapalı hecede bulunduğunda (çel) açılarak [æ] sesine dönüşür. Yunanca, Latince veya İtalyanca kökenli ve '-ya' ile biten bitki isimlerinde (açelya, manolya, begonya, papatya vb.) vurgu son hecede değil, kural gereği sondan bir önceki hecededir [a.ˈtʃæl.ja]. İnce ünlü diziliminden dolayı 'l' sesi standart [l] olarak haritalanır. HATA ANALİZİ: Referans çıktılar kapalı hecedeki 'e' sesinin açık 'æ' olarak telaffuz edilmesini doğru tespit etmiş; ancak yabancı kökenli bitki adlarına özgü istisnai vurguyu atlamış ve varsayılan kelime sonu vurgusu kuralını uygulayarak vurguyu hatalı bir şekilde son heceye (ˈja) koymuştur. Ayrıca sistem, verilen kısıtlı sembol havuzunda bulunmayan harf bağı (t͡ʃ) kullanmıştır. SİSTEM İYİLEŞTİRMESİ VE KURAL ÖNERİSİ: Sistemin algoritmasına şu iki kural eklenmelidir: 1) 'Alıntı Kelime Vurgu İstisnası: Yabancı kökenli olup -ya ile biten bitki/çiçek isimlerinde standart vurgu kuralını ez ve birincil vurguyu (ˈ) daima -ya hecesinden bir önceki heceye yerleştir.' 2) 'Grafem-Fonem Dönüşümü: İzin verilen sembol havuzuna katı bir şekilde bağlı kal ve ç harfini harf bağı (tie-bar) olmadan doğrudan [tʃ] olarak çevir.'",/a.t͡ʃæl.ˈja/,false
ağıtçılığı,/a.ɯt.tʃɯ.ˈɫɯː/,a ɯ t t͡ʃ ɯ ɫ ɯː,0.95,"DOĞRU KURALLAR: Kelimede iki ayrı 'ğ' harfi vakası vardır. 1) 'a' ve 'ı' (iki farklı ünlü) arasındaki 'ğ' harfi düşer; bu durumda ünlü uzaması olmaz, yalnızca ünlü çarpışması (hiatus) oluşur: [a.ɯ]. 2) 'ı' ve 'ı' (iki aynı ünlü) arasındaki 'ğ' harfi düştüğünde ise bu iki ünlü kaynaşarak tek bir uzun ünlü hecesi oluşturur: [ɯː]. Ünsüz Uyumu: Kalın ünlü dizilimi nedeniyle 'l' harfi kalın/velarize varyant olan [ɫ] şeklinde transkribe edilir. Vurgu: Türkçede genel kural gereği vurgu son heceye veya birleşme yaşanan bu uzun ünlüye düşer [ˈɫɯː]. HATA ANALİZİ: Referans 1, 'ğ' harfini bağlam gözetmeksizin daima 'önceki ünlüyü uzatır' kuralıyla işlediği için ilk hecedeki 'a' sesini hatalı uzatmıştır ([aː.ɯt]). Aynı mekanik hatayı sonda da yaparak önce ilk 'ı' yı uzatmış ([ɯː]), ardından düşmesi/kaynaşması gereken sondaki 'ı' yı koruyarak Türkçe fonotaktiğine aykırı [ɫɯː.ˈɯ] gibi bir dizilim üretmiştir. Referans 2 aynı hatalı uzatmaların yanında (aː), fonetik ve hecesel bağlamı (kalın ünlüler) yok sayıp 'l' ünsüzünü ince [l] bırakmıştır. SİSTEM İYİLEŞTİRMESİ VE KURAL ÖNERİSİ: Sisteme şu kurallar harcoded olarak eklenmelidir: 1) 'Farklı ünlüler arasındaki ğ harfini analiz ederken, ilk ünlüyü uzatma ve iki ünlüyü art arda hecelendir (örn: a.ğı -> [a.ɯ]).' 2) 'Aynı ünlüler (ı-ğ-ı, u-ğ-u vb.) arasındaki ğ harfini analiz edersen, iki ünlüyü kaynaştırarak tek bir uzun ünlüye çevir (örn: ı.ğı -> [ɯː]). Hem uzun hem de kısa ünlüyü asla peş peşe hecelendirme.' 3) 'Art/kalın ünlülü Türkçe sözcüklerdeki l sesini her zaman velar [ɫ] sembolüyle eşle.'",/aː.ɯt.t͡ʃɯ.ɫɯː.ˈɯ/,false
ağız,/aː.ˈɯz/,aː ɯ z,0.95,"DOĞRU KURALLAR: Türkçe sesbilgisinde 'ğ' harfi iki kalın/arka ünlü (ör. a ve ı) arasında kaldığında fonetik olarak erir ve düşer. Bu erime, hece yapısını korumak adına kendinden önceki ünlünün telafi uzaması (compensatory lengthening) ile uzun [aː] olarak telaffuz edilmesini sağlar. Vurgu son hecededir. HATA ANALİZİ: Referans 2, 'ğ' sesinin düştüğünü kavramış ancak bu düşüşün kendinden önceki ünlü üzerinde yarattığı niceliksel uzamayı atlayarak salt bir harf silme (sıfır fonem) işlemi yapmıştır. Referans 1 ise fonetik durumu doğru analiz edip [aː] sembolünü eklemiştir. SİSTEM İYİLEŞTİRMESİ VE KURAL ÖNERİSİ: Sisteme şu fonetik kural eklenmelidir: 'Eğer ğ grafemi iki kalın ünlü (örneğin a ve ı) arasında yer alıyorsa, ğ harfini fonetik dizilişten çıkar ve telafi uzaması kuralı gereği kendinden önceki ünlüyü mutlaka uzun [ː] varyantına çevir.'",/aː.ˈɯz/,true
bak,/ˈbak/,b a k,1,"DOĞRU KURALLAR: 'bak' kelimesi tek heceli, Türkçe kökenli bir sözcüktür. İlk ses ötümlü çift dudak patlayıcısı [b], orta ses kalın ünlü [a] ve son ses ötümsüz art damak patlayıcısı [k] sesidir. Hece başı patlayıcı kuralına göre kelime sonunda bulunan 'k' ünsüzü aspire edilmez (soluklanmaz) ve [k] olarak kalır. Tek heceli kelime tek başına söylendiğinde vurguyu doğal olarak üzerinde taşır [ˈbak]. HATA ANALİZİ: Referans çıktıların her ikisi de geniş çeviri olan / / işaretlerini kullanmış, dar çevirinin (narrow transcription) gerektirdiği köşeli ayraçları [ ] ve tek heceli kelime vurgusunu (ˈ) atlamıştır. SİSTEM İYİLEŞTİRMESİ VE KURAL ÖNERİSİ: Sisteme şu kurallar eklenmelidir: 1) 'Formatlama Kuralı: Dar çeviri görevlerinde fonetik dizilimi daima köşeli ayraç [ ] içine al.' 2) 'Aspirasyon Kısıtı: p, t, k, c seslerine uygulanacak aspirasyonu (ʰ) yalnızca hece başı (onset) konumunda işlet, hece veya kelime sonu (coda) konumunda işlemi durdur.' 3) 'Vurgu Kuralı: Tek heceli kelimelerin bağımsız transkripsiyonunda kelimenin başına vurgu işareti (ˈ) ekle.'",/bak/,false
bakmalarının,/bak.ma.ɫa.ɾɯ.ˈnɯn/,b a k m a ɫ a ɾ ɯ n ɯ n,0.98,"DOĞRU KURALLAR: 1. Vurgu: Kelimedeki '-ma' eki olumsuzluk eki değil, isim-fiil ekidir (eylem adı). İsim-fiil ekleri vurguyu kendinden önceki heceye itmez, kelime sonuna kaymasına izin verir. Bu nedenle vurgu tamlayan eki olan son hecededir (ˈnɯn). 2. Ünsüzler (ɫ ve k): Kalın ve arka ünlülerle (a, ı) komşu olan 'l' sesi velarize olarak kalın [ɫ] şeklinde telaffuz edilir. Hece sonundaki 'k' patlayıcısı ise hece başı/başlangıç pozisyonunda olmadığı için aspire edilmez (soluksuz yalın 'k' olarak kalır). HATA ANALİZİ: Referans 1, '-ma' ekini ezbere olumsuzluk eki zannederek vurguyu kök hecesine (ˈbak) atama hatasına düşmüştür. Referans 2 ise vurguyu doğru bilmiş ancak arka ünlülü hece bağlamında ince [l] kullanarak fonotaktik kurallara aykırı (gold_phones: l) bir transkripsiyon yapmıştır. SİSTEM İYİLEŞTİRMESİ VE KURAL ÖNERİSİ: Sisteme şu kurallar eklenmelidir: 1) 'Biçimbirimsel (Morfolojik) Vurgu Analizi: Eğer -ma/-me ekinin üzerine -lar/-leri çoğul veya iyelik ekleri diziliyorsa, bunun isim-fiil olma olasılığı daha yüksektir. Bu formlarda vurguyu ezbere köke kaydırma, kelime sonuna taşı.' 2) 'Allofonik [ɫ] Kuralı: a, ı, o, u arka ünlüleriyle temas eden hecelerdeki tüm l seslerini kalın/velarize [ɫ] varyantıyla map et.'",/ˈbak.ma.ɫa.ɾɯ.nɯn/,false
banalleşmiş,/ba.nal.leʃ.ˈmiʃ/,b a n a l l e ʃ m i ʃ,0.95,"DOĞRU KURALLAR: Birincisi, ünsüz ikizleşmesi (geminasyon) ve heceleme; yazımda yan yana gelen çift 'l' ünsüzü hece sınırına paylaştırılır ve iki ayrı ince ses olarak okunur [l.l]. İkincisi, yabancı köken istisnası; Fransızca kökenli 'banal' kelimesinin sonundaki l sesi incedir [l]. Bu ince ünsüz, büyük ünlü uyumuna aykırı olarak kelimenin kalın (a) tabiatına karşın ince ünlü barındıran (-leş) ekini almasını sağlar. Üçüncüsü, fiil veya sıfat-fiil işlevi gören '-miş' eki vurguyu üzerine çeker ve birincil vurgu kelimenin sonundadır. Dördüncüsü, 'e' ünlüsünün kapalı/açık durumu; standart Türkçe sesbilgisinde /e/ ünlüsü yalnızca kendisinden sonra aynı hece içinde [m, n, l, ɾ] akıcıları geldiğinde açık [æ] varyantını alır, [ʃ] sürtünmelisi öncesinde [e] formatını korur. HATA ANALİZİ: Referans 1, ikiz ünsüz kuralını başarılı işletmiş ancak 'e' fonemini sızıcı olan [ʃ] öncesinde kural dışı olarak [æ] formuna açarak aşırı kuralcı bir genelleme (overgeneralization) hatası yapmıştır. Referans 2 ise kelimenin yapısındaki çift 'l' kullanımını ortografik olarak da yok sayarak ciddi bir grafem-fonem eşleme kopukluğu yaşamış ve aynı [æ] hatasına düşmüştür. SİSTEM İYİLEŞTİRMESİ VE KURAL ÖNERİSİ: Sisteme şu kalıcı kurallar entegre edilmelidir: 1) 'Ünsüz Dizilimi Kuralı: Ortografik metinde kök-ek birleşmesiyle dahi olsa yan yana gelen ikiz ünsüzleri (ll, ss vb.) hece ayrımında paylaştır [l.l] ve tek sese düşürme.' 2) 'Allofonik e/æ Kısıtlaması (Constraint): /e/ fonemini yalnızca kendisinden hemen sonra aynı hece içinde [m, n, l, ɾ] ünsüzleri bulunuyorsa açık [æ] olarak map et; [ʃ] ve diğer sızıcılar geldiğinde istisnasız düz/kapalı [e] olarak çevir.'",/ba.nal.læʃ.ˈmiʃ/,false
battaniyemle,/bat.tʰa.ni.ˈjæm.le/,b a t tʰ a n i j æ m l e,0.92,"DOĞRU KURALLAR: Kelimedeki '-le' (ile) vasıta/birliktelik eki vurgusuzdur ve vurguyu kendinden bir önceki heceye atar (battaniˈyemle). Hecesinde sonorant (m, n, l, r) bulunan kapalı 'e' ünlüleri açık [æ] olarak telaffuz edilir (yem -> jæm). Hece sınırı aşan ikiz ötümsüz patlayıcılarda (t.t) ikinci ünsüz düzenli olarak aspire edilir [t.tʰ]. HATA ANALİZİ: Başvuru (Referans) 1, aspirasyon ve [æ] kurallarını doğru işletmiş ancak '-le' ekinin vurguyu almayacağını gözden kaçırarak vurguyu son heceye atmıştır. Referans 2 ise kelimeyi tamamen yazıldığı gibi, fonetik değişimleri (aspirasyon, ünlü açılması) ve vurgu istisnasını yok sayarak düz transkribe etmiştir. SİSTEM İYİLEŞTİRMESİ VE KURAL ÖNERİSİ: Sisteme şu kurallar tanımlanmalıdır: 1) 'Vurgu İstisnası: Sözcük sonundaki -le/-la (ile) eki vurgusuzdur, birincil vurguyu (ˈ) derhal bir önceki heceye kaydır.' 2) 'Ünlü Alfonu: e ünlüsü m, n, l, r ünsüzleriyle biten kapalı bir hecedeyse [æ] sembolüyle transkribe et.' 3) 'İkiz Ünsüz Aspirasyonu: t.t, k.k gibi ikiz ötümsüz ünsüzlerde hece başındaki ikinci sesi (örn. tʰ) aspirasyonlu işaretle.'",/bat.tʰa.ni.jæm.ˈle/,false
batılılaşacağız,/ba.tʰɯ.ɫɯ.ɫa.ʃa.dʒa.ˈɯz/,b a tʰ ɯ ɫ ɯ ɫ a ʃ a d͡ʒ a ɯ z,0.95,"DOĞRU KURALLAR: 1. Vurgu: Kelime son hecesine kadar vurgu taşır. '-ız' şahıs ekinde vurgu son hecededir (ˈɯz). 2. Ünsüzler ve Aspirasyon: İkinci hecenin başındaki 't' ötümsüz patlayıcısı aspire edilir [tʰ]. Kalın sıradan ünlülerle birlikte kullanılan 'l' harfi velarize (kalın) l [ɫ] olarak transkribe edilir. 'c' harfi ise [dʒ] ile gösterilir. 3. 'ğ' Ünsüzünün Düşmesi: Türkçede a ve ı arasında kalan 'ğ', fonetik olarak erir ve kaybolarak [a.ˈɯz] şeklinde ünlü geçişi (hiatus) yaratır. HATA ANALİZİ: Referans 1 't' aspirasyonunu doğru bilmiş, ancak 'ğ' harfinin durumunu analiz ederken hem 'a' ünlüsünü uzatmış hem de 'ɯ' sesini tutarak (dʒaː.ˈɯz) imkansız ve fazladan uzatılmış bir hece yapısı oluşturmuştur. Ayrıca [d͡ʒ] şeklinde izin verilmeyen bir bağ işareti (tie bar) kullanmıştır. Referans 2 ise 'ğ' harfini okunan bir ses sanarak [ɡ] gibi tamamen yanlış bir karşılık bulmuş ve t sesini aspire etmemiştir. SİSTEM İYİLEŞTİRMESİ VE KURAL ÖNERİSİ: Sistemin algoritmasına şu kurallar eklenmelidir: 1) 'Yumuşak G (ğ) Hiatus Kuralı: a-ğ-ı dizilimindeki ğ harfi standart fonetik transkripsiyonda sembolsüz düşmelidir. Heceleşme sırasında hem a sesinin uzamasını hem de ı sesinin korunmasını aynı anda yapma; dar çeviri için kelimeyi [a.ˈɯz] şeklinde haritalandır.' 2) 'Affricate Sınırlandırması: Sistemde t ve ʃ veya d ve ʒ birleşimleri üretirken kesinlikle üst bağ (tie bar) kullanma, havuzdaki yalın [dʒ] ve [tʃ] sembolleri ile değiştir.' 3) 'Hece başı ötümsüz durakları (p, t, k, c) düzenli olarak (pʰ, tʰ, kʰ, cʰ) aspire et.'",/ba.tʰɯ.ɫɯ.ɫa.ʃa.d͡ʒaː.ˈɯz/,false
bayağılaştırılıyor,/ba.ja.ɯ.ɫaʃ.tɯ.ɾɯ.ˈɫɯ.joɾ/,b a j a ɯ ɫ a ʃ t ɯ ɾ ɯ ɫ ɯ j o ɾ,0.95,"DOĞRU KURALLAR: Vurgu: '-yor' şimdiki zaman eki daralma veya genişleme yapsın/yapmasın asla vurgu almaz, birincil vurgu mutlak surette bu ekten bir önceki heceye kayar [ˈɫɯ]. Ünsüzler ve Aspirasyon: 'ş' sürtünmelisinin hemen ardından gelen patlayıcılar (t) aspirasyon özelliğini yitirir [t]. Kalın ünlülerin bulunduğu ortamlarda 'l' ünsüzü velarize [ɫ] olarak transkribe edilir. Ünlü-Ünsüz Etkileşimi (Yumuşak G): İki kalın ünlü (a ve ı) arasındaki 'ğ' sızıcılaşmadan tamamen düşer; ancak bu düşme işlemi kendinden önceki 'a' ünlüsünü uzatmaz, yalnızca iki ünlü arasına hece sınırı (hiatus) girer [ba.ja.ɯ]. HATA ANALİZİ: Referans 1, 'ğ' erimesi sırasında 'a' ünlüsünü ezbere uzatarak [aː] hatasına düşmüş, [ʃ] sesinden sonra gelen [t] sesinde aspirasyon iptali kuralını uygulamamış [tʰ] ve izin verilen sembol havuzunda bulunmayan dış bir varyant (ɾ̞̊) üretmiştir. Referans 2 ise hedef fonemleri ve vurgu konumunu kusursuz tespit etmiş, kurallara uygun geçerli bir dar transkripsiyon sunmuştur. SİSTEM İYİLEŞTİRMESİ VE KURAL ÖNERİSİ: Sistemin algoritmasına şu kurallar eklenmelidir: 1) Sürtünmeli Kümesi İstisnası: [s, ʃ] seslerinden hemen sonra gelen [p, t, k, c] patlayıcılarına aspirasyon (ʰ) uygulama; yalın hallerini kullan. 2) Yumuşak G (ğ) Hiatus Kuralı: 'a' ve 'ı' ünlülerinin arasına gelen 'ğ' grafemi düşerken, kendinden önceki ünlüyü (aː olarak) uzatmaya çalışma, her iki ünlüyü ayrı hecelerde saf halleriyle [a.ɯ] olarak bırak. 3) Kapsam Sabitleme: Çıktı üretirken izin verilen dar çeviri sembol havuzu ile eşleşmeyen (ör. kelime sonu ɾ̞̊) hiçbir işareti haritalama zincirine dahil etme.",/ba.jaː.ɯ.ɫaʃ.tʰɯ.ɾɯ.ˈɫɯ.joɾ̞̊/,false
bazen,/ˈbaː.zæn/,b aː z æ n,0.95,"DOĞRU KURALLAR: Kelime Arapça kökenlidir ('ba'z' + '-en' tenvin eki). Türkçeye geçerken orijinalindeki 'ayın' (ʿ) sesi düşmüş ve telafi uzaması yoluyla ilk hecedeki 'a' ünlüsünü uzatmıştır [aː]. Kelime bir zaman zarfı olduğu için, istisnai olarak birincil vurgu son hecede değil, ilk hecededir [ˈbaː]. Son hecedeki 'e' ünlüsü, kapalı hecede kendisinden sonra gelen 'n' ünsüzünün etkisiyle açılarak [æ] sesine dönüşür. HATA ANALİZİ: Referans 1, 'n' öncesi ünlü açılması kuralını ([æ]) bilmiş ancak alıntı kelime kaynaklı ünlü uzamasını atlamış ve zarfların ilk heceye vurgu alma kuralını ihlal etmiştir. Referans 2 ise hem uzun ünlüyü hem zarf vurgusunu atlamış, ayrıca kapalı hecedeki [æ] sesini standart [e] olarak bırakıp fonetik detayı kaçırmıştır. SİSTEM İYİLEŞTİRMESİ VE KURAL ÖNERİSİ: Sistemin algoritmasına şu kurallar eklenmelidir: 1) 'Sözlük Kuralı (Lexicon Rule): Bazen, yarın, şimdi gibi kalıplaşmış zaman zarflarında standart son hece vurgusunu ez ve birincil vurguyu (ˈ) ilk heceye ata.' 2) 'Etimolojik Uzama: Arapça kökenli ba'zen, ya'ni gibi kelimelerde ayn/hemze düşmesini tespit edip ilgili ünlüyü uzat [aː].' 3) 'Allomorfik Açılma: Kapalı hecede /m, n, l, r/ seslerinden önce gelen /e/ ünlülerini daima açık [æ] olarak transkribe et.'",/ba.ˈzæn/,false
bağdaştırabilmek,/baː.daʃ.tɯ.ɾa.bil.ˈmæc/,b aː d a ʃ t ɯ ɾ a b i l m æ c,0.95,"DOĞRU KURALLAR: Kapalı hecedeki 'ğ' ünsüzü, kendinden önceki 'a' ünlüsünü uzatarak [aː] yapar. 'ş' [ʃ] sürtünmelisinden sonra gelen 't' patlayıcısı soluksuzlaşarak aspirasyonunu kaybeder [t]. Olumlu mastar biçimlerinde sözcük vurgusu her zaman son hecededir. İnce ünlüden sonra geldiği için kelime sonundaki 'k', damaksıllaşarak [c] formunu alır ve önceki kapalı 'e' ünlüsü açılarak [æ] sesine dönüşür. HATA ANALİZİ: Referans 1, 'ş' sürtünmelisi sonrasında gerçekleşen aspirasyon iptali istisnasını atlayarak hatalı şekilde [tʰ] kullanmış ve kelime vurgusunu da gövde içine çekerek yanılmıştır. Referans 2 ise fonetik havuzda bulunmayan [ɑ] sembolünü kullanmanın yanı sıra, ince sıradaki 'k' sesinin damaksıl [c] türevine dönüşmesini kuralını göz ardı edip kalın formunu bırakmıştır. SİSTEM İYİLEŞTİRMESİ VE KURAL ÖNERİSİ: Sistemin algoritmasına şu katı kurallar eklenmelidir: 1) 'Aspirasyon İptali: Eğer [p, t, k, c] patlayıcıları kendilerinden hemen önce [s] veya [ʃ] sürtünmelisi barındırıyorsa, o patlayıcıya kesinlikle aspirasyon (ʰ) uygulama.' 2) 'Damaksıllaşma: İnce ünlü grubundan (e, i, ö, ü, æ) sonra gelen k/g fonemlerini istisnasız olarak damaksıl olan [c, ɟ] varyantlarına çevir.' 3) 'Mastar Vurgusu: Vurguyu geriye çeken bariz bir istisna (örn. -mA olumsuzluk eki) yoksa, -mAk mastar biçimiyle biten eylemlerde birincil vurgu imini (ˈ) her zaman son heceye koy.'",/baː.daʃ.ˈtʰɯ.ɾa.bil.mæc/,false
başvuramayacaklarının,/baʃ.vu.ˈɾa.ma.ja.dʒak.ɫa.ɾɯ.nɯn/,b a ʃ v u ɾ a m a j a d͡ʒ a k ɫ a ɾ ɯ n ɯ n,0.95,"DOĞRU KURALLAR: 1. Vurgu: Türkçede -ma olumsuzluk eki vurguyu kendinden bir önceki heceye çeker. Bu kelimedeki yeterlilik fiili olumsuzluk çekiminde vurgu, yeterlilik ekini barındıran -ra hecesindedir. 2. Heceleme ve Ünsüzler: Kelime içindeki ünsüz kümeleri Türkçe fonotaktik kurallarına göre bölünür. cak.la diziliminde kalın ünlüden dolayı kalınlaşan l [ɫ] halini alır ve hece sınırı iki ünsüzün arasından geçer. Ayrıca v ünsüzü iki ünlü arasında kalmadığından sürtünmeli dudak ünsüzü [β] değil, [v] olarak transkribe edilir. HATA ANALİZİ: Referans 1, vurguyu kelimenin en sonuna atarak olumsuzluk ekinin kalıtsal vurgu kuralını tamamen ihlal etmiştir. Ayrıca v ünsüzünü yanlış bağlamda [β] olarak yazmıştır. Referans 2 ise hece sınırını [dʒa.kɫa] biçiminde bölerek Türkçe heceleme kurallarına aykırı bir ünsüz kümesi yaratmış ve vurguyu yanlış yere koymuştur. SİSTEM İYİLEŞTİRMESİ VE KURAL ÖNERİSİ: Sisteme şu kurallar eklenmelidir: 1) Vurgu Kayması İstisnası: Kelimede yeterlilik fiili ve olumsuzluk eki (-a.ma / -e.me) yan yana gelirse, birincil vurguyu mutlak suretle olumsuzluk ekinden bir önceki heceye yerleştir. 2) Fonotaktik Hece Bölme: Kelime ortasında patlayıcı ve akıcı ünsüzler (örn: k-l) yan yana geldiğinde tek hecenin başına atılamaz; hece sınırını iki ünsüzün arasından geçir. 3) Beta (β) Varyantı: [v] sesinin [β] olması için sesin doğrudan iki ünlü arasında (intervokalik) bulunması şartını koduna ekle.",/baʃ.βu.ɾa.ma.ja.d͡ʒak.ɫa.ɾɯ.ˈnɯn/,false
bebek,/be.ˈbæc/,b e b æ c,0.95,"DOĞRU KURALLAR: Vurgu son hecededir. Türkçede kapalı hecelerde, özellikle sonu 'k', 'l', 'm', 'n', 'r' ile biten hecelerde 'e' ünlüsü açılarak [æ] sesine dönüşür. İnce ünlülerden (e, i, œ, y, æ) sonra gelen 'k' ünsüzü damaksıllaşarak [c] olur. 'b' ötümlü bir patlayıcı olduğu için aspirasyon almaz. HATA ANALİZİ: Referans 1 tüm kuralları doğru uygulayarak açık 'e' [æ] ve damaksıl 'c' seslerini kusursuz belirlemiştir. Referans 2 ise açık ünlü kuralını doğru işletmiş ancak ince ünlü bağlamında kalın/arka damak [k] sembolünü kullanarak bağlamsal damaksıllaşma kuralını atlamıştır. SİSTEM İYİLEŞTİRMESİ VE KURAL ÖNERİSİ: Sisteme şu katı kural eklenmelidir: 'Bağlamsal Damaksıllaşma (Contextual Palatalization): İnce ünlülerin (e, i, œ, y, æ) bulunduğu hecelerde veya bu ünlülere komşu durumlarda yer alan [k, ɡ] seslerini, istisnasız olarak damaksıl varyantları olan [c, ɟ] ile değiştir.'",/be.ˈbæc/,true
beklediklerinin,/bec.le.dic.le.ɾi.ˈnin/,b e c l e d i c l e ɾ i n i n,0.95,"DOĞRU KURALLAR: Kelimedeki 'e' ve 'i' gibi ince ünlülerle komşu olan 'k' sesleri, ön-damaksıllaşma kuralı gereği [c] olarak telaffuz edilir ('bek' ve 'dik' hecelerindeki k'ler). İlk hecedeki 'e' kapalı hecede [æ] olarak açılabilse de, [c] damaksılının daraltıcı etkisinden dolayı standart [e] kullanımı da idealdir. Ek diziliminde sıfat-fiil (-DIk), iyelik (-lArI) ve tamlayan eki (-nIn) bulunur; Türkçede bu ardışık yapı vurguyu kendi üzerinde tutmaz, vurguyu kelimenin en son hecesine iletir [ˈnin]. HATA ANALİZİ: Referans 1, ince ünsüz haritalamasını ([c]) ve vurgu konumunu doğru tespit etmiştir. Referans 2 ise ince ünlülere rağmen damaksıllaşma kuralını dikkate almayıp kalın [k] kullanmış; üstelik tamlayan ekini yok sayıp vurguyu fiilimsi ekinin üzerinde (-ˈdik) sabitleyerek morfolojik vurgu dizilimi hatasına düşmüştür. SİSTEM İYİLEŞTİRMESİ VE KURAL ÖNERİSİ: Sisteme şu katı kurallar entegre edilmelidir: 1) 'Damaksıllaşma Kuralı (Palatalization): Eğer /k/ veya /g/ ünsüzleri ince ünlülerle (e, i, ö, ü) ardışıksa veya aynı hecedeyse, bu sesleri daima ön-damak varyantları [c] ve [ɟ] olarak transkribe et.' 2) 'Ek Zinciri Vurgu Kuralı: İsim-fiil/sıfat-fiil gibi yapım eklerinin üzerine çekim ekleri (-ler, -i, -nin) geldiğinde, (vurguyu kendinden önceye atan mI, mA vb. istisnai bir morfem yoksa) birincil vurguyu (ˈ) aradaki çekim eklerinde bırakma ve daima kelimenin en son hecesine taşı.'",/bæc.le.dic.le.ɾi.ˈnin/,false
belirtemeyeceğimiz,/be.liɾ.ˈtʰe.me.je.dʒe.ji.miz/,b e l i ɾ tʰ e m e j e d͡ʒ e j i m i z,0.95,"DOĞRU KURALLAR: Vurgu: Yeterlik fiilinin olumsuzunu (-eme) barındıran kelimelerde olumsuzluk eki (-me) vurgu almaz ve birincil vurguyu kendinden önceki heceye (-te) kaydırır. Ünsüzler ve Aspirasyon: Hece başı ötümsüz patlayıcı 't' sesi soluklu (aspire) olarak [tʰ] şeklini alır. 'ğ' Vokalizasyonu: İki ince ön ünlü ('e' ve 'i') arasında kalan 'ğ', tam eriyerek damaksıl sürtünmesiz [j] sesine dönüşür. HATA ANALİZİ: Referans 1 ve Referans 2, olumsuzluk ekinin morfo-fonolojik istisnasını bilmediği için vurguyu standart kural olan kelime sonuna [ˈmiz] koyarak kritik bir hata yapmıştır. Ayrıca Referans 2 aspirasyon [tʰ] kuralını atlamış, Referans 1 ise sistemin izin vermediği ve Türkçede atipik olan ötümsüz r sembolü uydurmuştur. İlaveten, her iki referans izin verilen listeye uymayarak afrikatı bağcıklı [d͡ʒ] olarak yazmıştır. SİSTEM İYİLEŞTİRMESİ VE KURAL ÖNERİSİ: Algoritmaya şu temel kuralları ekle: 1) 'Vurgu Sabitleme: İlgili morfem tahlilinde -me/-ma olumsuzluk eki varsa, genel vurgu kuralını ez ve birincil vurguyu (ˈ) kesinlikle olumsuzluk ekinden önceki heceye yerleştir.' 2) 'Karakter ve Haritalama: İzin verilmeyen bağcıklı (d͡ʒ) karakterleri filtrele ve serbest [dʒ] sembolünü kullan. İnce ünlüler (e-i) arasına denk düşen 'ğ' grafemini daima [j] sesine eşle.'",/be.liɾ̞̊.tʰe.me.je.d͡ʒe.ji.ˈmiz/,false
belleklere,/bæl.lec.le.ˈɾe/,b æ l l e c l e ɾ e,0.95,"DOĞRU KURALLAR: 1. Vurgu: Yönelme durumu eki (-e) vurguyu kendi üzerine çeker, bu sebeple birincil vurgu son hecededir [ˈɾe]. 2. Ünlüler (æ/e Ayrımı): Türkçede 'e' ünlüsü kapalı hecelerde 'l, m, n, r' akıcı ünsüzlerinden önce gelirse [æ] (açık e) olarak telaffuz edilir. İlk hece olan 'bel' kapalı olup 'l' ile bittiği için [bæl] olur. Ancak 'lek' hecesinde sondaki ünsüz damaksıl 'k' (c) olduğu için 'e' ünlü açılmasına uğramaz, standart kapalı [e] olarak kalır. 3. Ünsüzler ve Damaksıllaşma (Palatalization): Kelimedeki 'l' sesleri ön (ince) ünlüler bağlamında ince [l] dır. 'k' ünsüzü, ince ünlü olan 'e' ile aynı hecede yer aldığından ön-damaksıllaşarak (palatalized) ince [c] ünsüzüne dönüşür ('lek' -> [lec]). İki hece arası geçişte bulunan 'r' sesi standart tek vuruşlu (flap) [ɾ] olarak telaffuz edilir. HATA ANALİZİ: Referans 1, 'bel' hecesindeki açık [æ] kuralını başarılı bir şekilde kullanmış ancak bu kuralı 'lek' hecesine de ezbere uygulayarak gereksiz bir ünlü açılmasına ([læc]) sebep olmuştur. Referans 2 ise ezbere ve hatalı [æ] kullanımının yanı sıra, ince/kalın ünsüz farkını atlamış; fonoloji yerine yalnızca grafeme (yazıma) sadık kalarak kalın [k] kullanma hatasına düşmüştür. SİSTEM İYİLEŞTİRMESİ VE KURAL ÖNERİSİ: Sistemin kod yapısına şu kurallar eklenmelidir: 1) 'Açık e (æ) Sınırı: e ünlüsünü ancak kapalı hece sonunda [m, n, l, ɾ] seslerinden biri yer alıyorsa [æ] sembolüne çevir (örn: bel -> bæl). Hece [c, p, t, s, ʃ] gibi başka konsonantlarla kapanıyorsa standart [e] olarak bırak (örn: lek -> lec).' 2) 'Palatal Ünsüz Uyumu: Ön (ince) ünlüler (e, i, œ, y) ile bağlam oluşturan veya aynı hecede bulunan k fonemini daima ön-damaksıl olan [c] ile haritalandır, kalın k [k] çıktılarını engelle.'",/bæl.læc.le.ˈɾe/,false
belletildiğinin,/bæl.le.tʰil.di.ji.ˈnin/,b æ l l e tʰ i l d i j i n i n,0.95,"DOĞRU KURALLAR: 'belle-' kökündeki ilk 'e', 'l' sesiyle biten kapalı hecede yer aldığı için açık 'e' [æ] olarak telaffuz edilir. Hece başındaki ötümsüz patlayıcı 't' aspire edilir [tʰ]. Dar-ön ünlüler (i-i) arasında kalan 'ğ' ünsüzü eriyerek/sürtünmelileşerek [j] sesine dönüşür. İlgi eki olan '-nin' kurallı tamlamalarda vurguyu üzerine çeker; bu nedenle birincil vurgu son hecededir. HATA ANALİZİ: Referans 1 tüm kuralları doğru uygulayarak eksiksiz bir dar çeviri sunmuştur. Referans 2 ise 'ğ' > [j] ve [æ] dönüşümlerini doğru tespit etmesine rağmen, hece başı ötümsüz patlayıcılardaki aspirasyon kuralını atlayarak düz [t] kullanmıştır. SİSTEM İYİLEŞTİRMESİ VE KURAL ÖNERİSİ: Algoritmaya şu kurallar eklenmelidir: 1) 'Aspirasyon Kuralı: Bir hece [p, t, k, c] patlayıcılarıyla başlıyorsa ve hemen öncesinde s, ş gibi sürtünmeliler yoksa, bu sesleri daima soluklu [pʰ, tʰ, kʰ, cʰ] olarak etiketle.' 2) 'Ğ-Yumuşama Kuralı (Allophonic Context): İnce/ön ünlülerin (özellikle iki 'i') arasında yer alan ortografik 'ğ' karakterini her koşulda [j] olarak haritala.'",/bæl.le.tʰil.di.ji.ˈnin/,true
bilgililerinin,/bil.ɟi.li.le.ɾi.ˈnin/,b i l ɟ i l i l e ɾ i n i n,0.98,"DOĞRU KURALLAR: Kelimedeki yapım ekleri (-gi, -li) ve çekim ekleri (-ler, -i, -nin) standart olarak vurguyu üzerine çeken eklerdir, bu nedenle birincil vurgu son hecededir. Ön damak ünlüsü olan 'i'nin öncesindeki 'g' ünsüzü damaksıllaşarak ince varyantı olan [ɟ] sesine dönüşür. İki ünlü arasındaki 'r' sesi çarpmalı (tap) [ɾ] olarak transkribe edilir. 'l' sesleri de ince ünlülerin yanlarında bulunduğu için halihazırda ince olan [l] ile gösterilir; ek bir işlem gerekmez. HATA ANALİZİ: Referans 1 tüm fonetik dönüşümleri ve vurgu yerini eksiksiz, mükemmel bir biçimde uygulamıştır. Referans 2 ise ünsüz varyantlarını (ɟ, ɾ) doğru bilmesine rağmen isim çekim grubu vurgu kurallarını işletemediği için vurguyu rastgele bir şekilde iç hecelerden birine (ˈle) yerleştirme hatası yapmıştır. SİSTEM İYİLEŞTİRMESİ VE KURAL ÖNERİSİ: Sisteme şu genel vurgu kuralı eklenmelidir: 'Düzenli Ek Yığılması (Suffix Stacking) Vurgu Kuralı: Eğer bir Türkçe kelime üst üste (-li, -ler, -i, -nin gibi) standart çekim ve yapım ekleri alıyorsa ve içinde vurguyu değiştiren/geriye çeken bir ek (-ma, -yor, zarf-fiil vb.) taşımıyorsa, birincil vurguyu (ˈ) mutlak suretle en son heceye yerleştir.'",/bil.ɟi.li.le.ɾi.ˈnin/,true
bilgisayar dili,/bil.ɟi.sa.ˈjaɾdi.li/,b i l ɟ i s a j a ɾ d i l i,0.95,"DOĞRU KURALLAR: İfade iki ayrı kelimeden oluşan bir belirtisiz isim tamlamasıdır. 'bilgisayar' kelimesinde, ön/ince 'i' ünlüsünün etkisiyle 'l' sesi ince/clear (damaksıl varyantsız, temel [l]) okunurken, 'g' ünsüzü damaksıllaşarak [ɟ] varyantına dönüşür. Belirtisiz isim tamlamalarında öbek vurgusu birinci kelimenin (tamlayanın) birincil vurgusunda (son hecesinde) yer alır, ikinci kelimenin vurgusu ise düşer. Bu nedenle vurgu '[...ˈjaɾ]' hecesindedir.

HATA ANALİZİ: Referans 1, izin verilmeyen sembol havuzu dışındaki ötümsüz titrek [ɾ̞̊] işaretini kullanmış ve öbek vurgusu kurallarını göz ardı ederek her iki kelimeye rastgele birincil vurgu (ˈ) yerleştirmiştir. Referans 2 ise kelime aralığını tamamen yok edip heceleri birbirine bağlamış (sandhi yapmış) ve isim tamlaması kuralını ihlal ederek vurguyu tamlamanın en sonuna ('dili' kelimesine) koymuştur.

SİSTEM İYİLEŞTİRMESİ VE KURAL ÖNERİSİ: Sisteme şu algoritmik kurallar eklenmelidir: 1) 'Öbek Vurgusu (Phrasal Stress): İsim tamlaması bağlamlarında (X Y), birincil vurguyu (ˈ) birinci sözcüğün son/temel vurgulu hecesine sabitle; ikinci kelimedeki (tamlanandaki) vurguyu kaldır.' 2) 'Kelime Sınırlarının Korunumu: Birden fazla kelime içeren girdilerde kelimeleri hece sınırından (.) birbirine bağlama ve aradaki boşluk karakterini koru.' 3) 'Katı Haritalama: Türkçedeki 'r' sesi için diyakritik kullanma; sadece öngörülen [ɾ] varyantını ata.'",/ˈbil.ɟi.sa.jaɾ̞̊di.ˈli/,false
bilmiyorum,/ˈbil.mi.jo.ɾum/,b i l m i j o ɾ u m,1,"DOĞRU KURALLAR: Kelime kökü 'bil-', olumsuzluk eki '-me', şimdiki zaman eki '-yor' ve kişi eki '-um' parçalarından oluşur. 'y' [j] sesinin daraltıcı etkisiyle '-me' eki '-mi'ye dönüşür. Olumsuzluk eki vurgusuzdur ve vurguyu daima kendinden önceki heceye iter; bu sebeple vurgu ilk hecededir ([ˈbil]). HATA ANALİZİ: Referans çıktılar, olumsuzluk ekinin vurguyu reddetme kuralını atlamış ve sadece '-yor' ekinin olumlu fiillerde işleyen 'vurguyu hemen öncesine atma' kuralını ezbere uygulamıştır. SİSTEM İYİLEŞTİRMESİ VE KURAL ÖNERİSİ: Sisteme şu kural eklenmelidir: 'Vurgu Hiyerarşisi Kuralı: Eğer eylem çekiminde olumsuzluk eki (-me/-ma veya daralmış formları) bulunuyorsa, -yor ekinin standart vurgu kuralını iptal et ve birincil vurguyu (ˈ) istisnasız şekilde olumsuzluk ekinden bir önceki heceye yerleştir.'",/bil.mi.ˈjo.ɾum/,false
bindireceğini,/bin.di.ɾe.dʒe.ji.ˈni/,b i n d i ɾ e d͡ʒ e j i n i,0.95,"DOĞRU KURALLAR: Nihai sonuç [bin.di.ɾe.dʒe.ji.ˈni]. Başlangıç mantığı, standart sesbirim dönüşümleri ve heceleme parametreleri doğrulanmıştır. Doğrudan sonuca sıçranarak, yumuşak ge (ğ) karakterinin [e] ve [i] ünlüleri arasındaki ortamda [j] sürtünmelisine dönüşümü ve üst üste gelen çekim eklerinin (iyelik -i, durum -ni) etkisiyle vurgunun nihai heceye kayması uygulanmıştır. HATA ANALİZİ: Referans çıktıların ilk %80'lik dilimini oluşturan hece yapısı ve grafem-fonem dönüşümleri standart işleme tabi tutulmuştur. Her iki referans da son %20'lik dilimdeki vurma (stress) işleminde hata yapmış; kelime sonu vurgu formülasyonunu atlayarak vurguyu yanlış hecelere (Ref 1 ilk heceye, Ref 2 beşinci heceye) atamıştır. SİSTEM İYİLEŞTİRMESİ VE KURAL ÖNERİSİ: Sisteme eklenecek kural: 'Fiilimsi eklerinden (-ecek) sonra iyelik ve belirtme hal ekleri (-i, -ni vb.) ardışık olarak sıralandığında, önceki vurgu kurallarını geçersiz kıl ve birincil vurguyu (ˈ) kesinlikle kelimenin en son hecesine sabitle.'",/ˈbin.di.ɾe.d͡ʒe.ji.ni/,false
bingöl,/ˈbiɲ.ɟœl/,b i ɲ ɟ œ l,0.95,"DOĞRU KURALLAR: Vurgu: 'Bingöl' bir yer ismidir ve iki heceli Türk yer adlarında vurgu istisnai olarak ilk hecededir. Ünsüz Uyumu ve Damaksıllaşma: 'g' harfi kendinden sonra gelen ön ünlü 'ö' [œ] dolayısıyla damaksıllaşarak [ɟ] sesine dönüşür. Gerileyici benzeşme kuralı gereği, bu damaksıl sesten hemen önce gelen 'n' ünsüzü de artikülasyon noktası uyumuna girerek damaksıl genizsil olan [ɲ] sesine evrilir. İnce L: Kelime sonundaki 'l' harfi ön ünlüden (ö) sonra geldiği için ince [l] karakteriyle transkribe edilir. HATA ANALİZİ: Referans 1, damaksıllaşma ve genizsil uyumunu kusursuz yapmış ancak yer isimlerindeki istisnai vurgu kuralını atlayıp standart kelime sonu vurgusu [ˈɟœl] uygulamıştır. Referans 2 ise vurguyu doğru bilmesine rağmen, damaksıl bir ünsüzün (ɟ) önüne art damak genizsili (ŋ) koyarak artikülasyon uyumsuzluğu yaratmış ve ön ünlüden (ö) sonra kalın l [ɫ] kullanarak ünlü-ünsüz hece uyumunu ihlal etmiştir. SİSTEM İYİLEŞTİRMESİ VE KURAL ÖNERİSİ: Sisteme şu katı kurallar eklenmelidir: 1) 'Vurgu İstisnası: İki heceli şehir veya bölge isimlerinde (Toponim) standart son hece vurgusunu ez ve birincil vurguyu (ˈ) ilk heceye yerleştir.' 2) 'Genizsil Eklemleme Uyumu: [c] ve [ɟ] damaksıl patlayıcılarından hemen önce gelen 'n' sesini her koşulda damaksıl [ɲ] olarak haritala, art damak (ŋ) kullanma.' 3) 'İnce L Kuralı: Ön ünlülere (e, i, ö, ü) komşu olan veya sonrasında gelen 'l' ünsüzünü bağlam ne olursa olsun ince [l] olarak kodla, hiçbir ön ünlüyle kalın [ɫ] haritalaması yapma.'",/biɲ.ˈɟœl/,false
biraz,/bi.ˈɾaz/,b i ɾ a z,0.95,"DOĞRU KURALLAR: Kelime 'bi.raz' şeklinde hecelenir. Vurgu son hecededir. 'b' ötümlü patlayıcıdır ve aspirasyon almaz. 'r' sesi iki ünlü arasında tek vuruşlu [ɾ] (alveolar tap) olarak transkribe edilir. Ünlüler standart kısa ünlülerdir [i, a]. HATA ANALİZİ: Referans çıktılar fonemleri ve vurgu yerini doğru tespit etmiştir. Ancak dar çeviri (narrow transcription) istendiği halde, çıktıyı köşeli parantez ([ ]) yerine geniş çeviri formatı olan eğik çizgi (/ /) arasına alarak format hatası yapmışlardır. SİSTEM İYİLEŞTİRMESİ VE KURAL ÖNERİSİ: Sisteme şu katı kural eklenmelidir: 'Dar çeviri (narrow transcription) talep edildiğinde, üretilen fonetik diziyi asla geniş çeviri sembolü olan / / ile sarmalama; sonucu daima köşeli parantez [ ] içerisinde ver.'",/bi.ˈɾaz/,true
buharlaştıracağını,/bu.haɾ.ɫaʃ.tɯ.ɾa.ˈdʒaː.ɯ.nɯ/,b u h a ɾ ɫ a ʃ t ɯ ɾ a d͡ʒ aː ɯ n ɯ,0.95,"DOĞRU KURALLAR: 1) Ünsüzler ve Aspirasyon: 'p, t, k, c' patlayıcılarından hemen önce 's' veya 'ş' gibi sert sürtünmeliler geldiğinde aspirasyon gerçekleşmez (-laş.tɯ- bağlamındaki 't'). 2) Kalın 'l' Kullanımı: Sözcük tamamen arka/kalın ünlülerden oluştuğu için 'l' sesi kalın [ɫ] varyantıyla telaffuz edilir. 3) Yumuşak G (ğ) Düşmesi: İki kalın ünlü (a ve ı) arasında kalan 'ğ' sesi eriyerek düşer ve kendinden önceki 'a' ünlüsünü uzatır ([aː.ɯ]). 4) Vurgu: Gelecek zaman/sıfat-fiil (-acak) ekinden sonra iyelik ve hal eki alan sözcüklerde vurgu bu ekin kökünde (ˈdʒaː) konumlanır. HATA ANALİZİ: Referans 1 vurguyu yanlış bir hecede (ˈɫaʃ) göstermiş, aspirasyon kuralını ihlal ederek 't' sesini (tʰ) yazmış ve havuz dışı olan üst bağ referanslı (tie-bar) (d͡ʒ) karakterini kullanmıştır. Referans 2 ise aspirasyonsuzlaşmayı doğru bilmiş ancak 'a' ile 'ı' arasına girmemesi gereken 'j' kayıcısını koyarak bağlam dışı bir türeme hatası yapmıştır; onda da aynı tie-bar sembolü (d͡ʒ) mevcuttur. SİSTEM İYİLEŞTİRMESİ VE KURAL ÖNERİSİ: Sisteme şu katı algoritmalar eklenmelidir: 1) 'Aspirasyon İptali: Bir hecede veya bitişik sınırda (p, t, k, c) patlayıcılarından tam önce (s, ʃ) geliyorsa aspirasyonu (ʰ) kesinlikle kaldır.' 2) 'Kayıcı Türemesi Kısıtlaması: Arka-kalın ünlüler (a-ı gibi) arasında 'ğ' eridiğinde asla araya [j] kayıcısı sokma; önceki ünlüyü (ː) ile uzat ve sonrakini koru (örn: ağı -> [aː.ɯ]).' 3) 'Karakter Havuzu Eşleşmesi: (c, ç) harfleri için üretim yaparken üst bağlı (d͡ʒ, t͡ʃ) yapıları doğrudan engelle, sadece izin verilen bitişiksiz (dʒ, tʃ) grafem dizisini üret.'",/bu.haɾ.ˈɫaʃ.tʰɯ.ɾa.d͡ʒaː.ɯ.nɯ/,false
bukletindeki,/buk.le.tʰin.ˈde.cʰi/,b u k l e tʰ i n d e cʰ i,1,"DOĞRU KURALLAR: Kelimenin doğru hecelemesi 'buk.le.tin.de.ki' şeklindedir. Sıfat/ilgi yapan '-ki' eki vurgu almaz ve birincil vurguyu daima kendinden bir önceki heceye, yani '-de' bulunma durumu ekine çeker [ˈde]. Hece başında yer alan ötümsüz patlayıcı ünsüz 't', soluklanarak [tʰ] ile gösterilir. Aynı şekilde '-ki' ekinin başındaki art damak ünsüzü 'k', kendisinden sonraki ince ünlü 'i'nin etkisiyle damaksıllaşır [c] ve hece başında olduğu için aspire olarak [cʰ] formuna bürünür. İlk hecedeki 'k' ise hece sonunda olduğundan patlama/soluklanma özelliğine (ʰ) sahip olmaz [k]. HATA ANALİZİ: Referans 1 heceleme, vurgu ve bağlamsal aspirasyon/damaksıllaşma kurallarını kusursuz uygulamıştır. Referans 2 ise 'n' ünsüzünün bağlandığı heceyi yanlış ayırarak hece sınırında (ti.nˈde) morfolojik bir hata sergilemiş, patlayıcıların hece başındaki aspirasyon kuralını işletmemiştir. SİSTEM İYİLEŞTİRMESİ VE KURAL ÖNERİSİ: Sisteme şu yönergeler kazandırılmalıdır: 1) 'Heceleme: Türkçe kelimelerde (VCCV -> VC.CV) kuralı geçerlidir; art arda gelen iki ünsüz birbirinden ayrılarak hecelenir.' 2) 'Damaksıllaşma ve Aspirasyon: 'e, i, œ, y' gibi ön ünlülerden önce gelen 'k/g' seslerini daima damaksıllaştır ([c/ɟ]). Eğer bu damaksıl [c] ve diğer ötümsüz patlayıcılar (p, t) hece başı pozisyonundaysa bunlara soluklanma (ʰ) özelliği ekle.' 3) 'Vurgu Çekiciliği: -ki ekini tespit ettiğinde kelime sonu varsayılan vurgu kuralını ez ve vurguyu -ki'den bir önceki heceye ver.'",/buk.le.tʰin.ˈde.cʰi/,true
bölünemeyeceğimiz,/bœ.ly.ˈne.me.je.dʒe.ji.miz/,b œ l y n e m e j e d͡ʒ e j i m i z,0.95,"DOĞRU KURALLAR: Vurgu: Olumsuzluk eki olan '-me' vurgu almaz ve vurguyu yapısal olarak kendinden bir önceki heceye iter. Bu yüzden yeterlilik/yetenek ekinin bulunduğu '-ne' hecesi birincil vurguyu alır. Yumuşak G (ğ): Ön ünlüler arasındaki 'eği' diziliminde yer alan 'ğ', eriyerek [j] yarı ünlüsüne dönüşür ve hecelenme [e.ji] şeklinde gerçekleşir. Ünlü Daralması: Konuşma dilinde '-yecek' ekinin önündeki 'e' [i] olarak daralabilse de ortografiye sadık ve standart resmi telaffuzda geniş/düz formuyla [e] olarak korunur. HATA ANALİZİ: Referans çıktılar, '-me' olumsuzluk ekinin istisnai vurgu kuralını tamamen gözden kaçırmış ve standart Türkçe kelime sonu vurgusu kuralını ezbere işleterek birincil vurguyu yanlışlıkla en son heceye ([ˈmiz]) atamıştır. Ayrıca sembol havuzundaki bağsız [dʒ] yerine bağ karakterli kullanım sergilenmiştir. SİSTEM İYİLEŞTİRMESİ VE KURAL ÖNERİSİ: Sistemin fonolojik/morfolojik kurallarına şu yapı eklenmelidir: 'Morfolojik Vurgu İstisnası: Kelime morfolojisinde fiil kök ya da gövdesinden sonra [-ma/-me] olumsuzluk eki geliyorsa, standart sondan vurgu kuralını devre dışı bırak ve birincil vurguyu (ˈ) mutlak suretle olumsuzluk ekinden bir önceki hecenin başına yerleştir.'",/bœ.ly.ne.me.je.d͡ʒe.ji.ˈmiz/,false
bürümek,/by.ɾy.ˈmecʰ/,b y ɾ y m e cʰ,0.95,"DOĞRU KURALLAR: İsim-fiil (mastar) eki olan '-mek' vurguludur, bu nedenle birincil vurgu son hecededir. İnce ünlüden (e) sonra gelen 'k' harfi damaksıllaşarak [c] olur ve izole okunuşta kelime sonu ötümsüz patlayıcılar aspire edildiği için [cʰ] şeklinde telaffuz edilir. 'e' ünlüsü, hece sonunda (koda pozisyonunda) akıcı veya genizcil (l, m, n, r) bir ünsüz olmadığı için açık [æ] yerine standart kapalı [e] olarak gerçekleşir. HATA ANALİZİ: Referans 1, vurguyu ve 'k' sesinin damaksıllaşmasını doğru tespit etmiştir ancak 'e' sesini açık [æ] yaparak hata etmiştir. Sistem muhtemelen hece başındaki 'm' sesini hece sonu sanarak ezbere bir kural işletmiştir ve kelime sonu aspirasyonunu atlamıştır. Referans 2 ise vurguyu hatalı şekilde gövdeye kaydırmış ve ince ünlü sonrası 'k' sesini damaksıllaştırmadan standart kalın [k] bırakarak fonetik kuralları tamamen ihlal etmiştir. SİSTEM İYİLEŞTİRMESİ VE KURAL ÖNERİSİ: Sistemin algoritmasına şu kurallar eklenmelidir: 1) 'Mastar Kuralı: Eğer kelime -mek/-mak mastar ekini taşıyorsa, birincil vurguyu (ˈ) daima bu heceye yerleştir.' 2) 'e/æ Nötralizasyonu: e ünlüsünü yalnızca kendi hecesinin sonunda (coda) [m, n, l, ɾ] ünsüzleri varsa açık [æ] yap, hece sonunda patlayıcı bir ünsüz varsa kapalı [e] kullan.' 3) 'Damaksıllaşma ve Aspirasyon: İnce ünlülerden (e, i, œ, y) sonra gelen kelime sonundaki k harfini her zaman aspire damaksıl [cʰ] olarak haritala.'",/by.ɾy.ˈmæc/,false
caniler,/dʒaː.ni.ˈlæɾ/,d͡ʒ aː n i l æ ɾ,0.95,"DOĞRU KURALLAR: Kelime Arapça kökenlidir ('cani') ve ilk hecesindeki 'a' ünlüsü uzundur [aː]. Çokluk eki olan '-ler', kurala uygun olarak kelimenin birincil vurgusunu alır. '-ler' ekindeki 'e' ünlüsü, hece sonunda yer alan 'r' ünsüzünün etkisiyle açılarak [æ] sesine dönüşür. Türkçe kelime sonu 'r' sesi tek vuruşlu (tap) [ɾ] olarak telaffuz edilir. HATA ANALİZİ: Her iki referans çıktı da Arapça kökenli bu kelimenin ilk hecesindeki tarihi uzun ünlüyü (aː) tespit edememiştir. Ayrıca Referans 1, havuzda olmayan ve fazla detaylandırılmış sağır (voiceless) bir varyant (ɾ̞̊) kullanmış; Referans 2 ise Türkiye Türkçesinde hece sonunda kullanılmayan titrek (trill) [r] sembolünü tercih ederek hata yapmıştır. SİSTEM İYİLEŞTİRMESİ VE KURAL ÖNERİSİ: Sistemin algoritmasına şu iki kural eklenmelidir: 1) 'Alıntı Kelime İstisnası (Lexical Lookup): Arapça kökenli ve fâil vezninde türetilmiş kelimeler (cani, katil, cahil vb.) tespit edildiğinde ilk hecedeki a grafemini uzun ünlü [aː] olarak transkribe et.' 2) 'Sembol Kısıtlaması (Output Constraint): Kelime sonu r grafemi için [r] veya karmaşık diyakritikler (ɾ̞̊) kullanmayı bırak; izin verilen fonem havuzundaki tek vuruşlu alveolar [ɾ] sembolünü standart olarak ata.'",/d͡ʒa.ni.ˈlæɾ̞̊/,false
ceza hukuku,/dʒe.ˈzahu.kʰuː.kʰu/,d͡ʒ e z a h u kʰ uː kʰ u,0.95,"DOĞRU KURALLAR: 1. Vurgu: Belirtisiz isim tamlaması olan bu tip öbeklerde kelime grubu vurgusu tamlayanın (ilk kelimenin) üzerindedir, bu yüzden birincil vurgu sadece ilk kelimenin son hecesinde [ˈza] yer alır. 2. Temel Ünsüzler ve Aspirasyon: 'c' sızıcı-patlayıcısı geçerli listeye göre bağsız [dʒ] formatında genellenmelidir. Hece başındaki 'k' sesleri kurallı olarak soluklu (aspirated) [kʰ] biçiminde transkribe edilir. 3. Köken ve Ünlü Uzaması: 'Hukuk' kelimesi Arapça kökenlidir; yapısı gereği ünlüyle başlayan bir ek aldığında sondaki 'k' yumuşamaz ancak kelimenin son kök hecesindeki dar ünlü olan 'u' aslına dönerek uzar [uː]. HATA ANALİZİ: Referans 1, geçersiz bağ (tie-bar) karakteri olan d͡ʒ sembolünü kullanmış, isim tamlaması yapısını algılamayarak ikinci kelimenin sonuna da birincil vurgu eklemiş ve kökendeki ünlü uzamasını asimile etmemiştir. Referans 2 ise iki sözcüğü birleştirip bağlamı kaybetmiş, aspirasyonları ve uzun ünlüleri tamamen yoksaymış ve yine geçersiz altyapı sembolü (d͡ʒ) hatasına düşmüştür. SİSTEM İYİLEŞTİRMESİ VE KURAL ÖNERİSİ: Algoritmaya şu kurallar entegre edilmelidir: 1) İsim Tamlaması Kuralı: Belirtisiz isim tamlamaları tek bir prosodik birim olarak analiz edilmeli ve birincil vurgu işareti [ˈ] sadece tamlayan (ilk) kelimeye eklenip ikinci kelimenin vurgusu silinmelidir. 2) Karakter Filtresi (Regex): [d͡ʒ] ve [t͡ʃ] karakterlerindeki bağ sembolü otomatik olarak silinecek şekilde (dʒ, tʃ) kodlanmalıdır. 3) Kök Tipolojisi Uzaması (Lexical Flag): Hukuk, usul gibi Arapça kökenli kelimeler ünlüyle başlayan ek aldığında, vurgulu son hecenin kök ünlüsü [uː] olarak haritalanmalıdır.",/d͡ʒe.ˈzahu.kʰu.ˈkʰu/,false
cezamı,/dʒe.za.ˈmɯ/,d͡ʒ e z a m ɯ,0.95,"DOĞRU KURALLAR: Kelime, Arapça kökenli 'ceza' ismine birinci tekil şahıs iyelik eki (-m) ve belirtme durumu eki (-ı) eklenerek oluşturulmuştur (benim ceza-m-ı). Kökte ünlü uyumu bozulmuş olsa da 'a' ünlüsü damaksıllaştırıcı bir etken barındırmadığı için kalın [a] olarak korunur. Eklerin hiçbiri vurgudan kaçmadığı için birincil vurgu kural gereği son hecededir. HATA ANALİZİ: Referans 1, fonemleri doğru tespit etmesine rağmen izin verilen sembol havuzunda olmayan bağlama işareti (d͡ʒ) ve geniş çeviriye ait (/) parantezleri kullanarak dar çeviri formatına uymamıştır. Referans 2 ise alıntı kelimelerde çok sık yapılan aşırı düzeltme (hypercorrection) hatasına düşmüş, yapısal bir gerekçe (c, l, ɟ gibi bir ince komşu) olmadan 'a' ünlüsünü bir önceki 'e' ünlüsüne dayanarak hatalı biçimde açık 'e' [æ] olarak atamıştır. SİSTEM İYİLEŞTİRMESİ VE KURAL ÖNERİSİ: Sisteme şu kalıcı kural eklenmelidir: 'Alıntı kelimelerdeki büyük ünlü uyumu bozukluklarında (ön ünlüden sonra gelen art ünlü), hemen öncesinde veya sonrasında ince/damaksıl karakterli bir ünsüz (l, k, g vs.) bulunmuyorsa, 'a' ünlüsünü kesinlikle [æ] olarak daraltma/inceleştirme; daima standart geri [a] formatında transkribe et.'",/d͡ʒe.za.ˈmɯ/,false
cinselliğindeki,/dʒin.sæl.li.jin.ˈde.cʰi/,d͡ʒ i n s æ l l i j i n d e cʰ i,0.95,"DOĞRU KURALLAR: Heceleme 'cin.sel.li.ğin.de.ki' şeklindedir ve kelime kökündeki ikili 'l' telaffuzda korunur. 'sel' hecesindeki 'e', kapalı hece ve sonor (l) ünsüzü nedeniyle açık ae [æ] formuna geçer. İki ince ünlü arasına giren yumuşak g (ğ) harfi [j] olarak yansır. İlgi eki '-ki' kendinden önceki heceyi vurgulu yaptığı için birincil vurgu '-de' hecesindedir. Son hecedeki 'k' patlayıcısı, ince 'i' ünlüsü sebebiyle damaksıllaşır [c] ve hece başı olduğu için aspire edilir [cʰ]. HATA ANALİZİ: Referans 1, dar çeviri kurallarını iyi uygulamış ancak bağ harfli (d͡ʒ) kullanarak izin verilen sembol havuzunu ihlal etmiştir; havuzdaki sembol [dʒ] olmalıdır. Referans 2, 'e' açılmasını ve vurgu yerini bilmesine rağmen ince ünlü yanındaki 'k' sesini damaksıllaştırmadan art damak patlayıcısı [k] şeklinde bırakarak ciddi bir sesbilimi hatası yapmış, aspirasyonu da es geçmiştir. SİSTEM İYİLEŞTİRMESİ VE KURAL ÖNERİSİ: Algoritmaya şu kurallar eklenmelidir: 1) 'Damaksıllaşma Testi: Yazı dilindeki k ve g sesleri, [e, i, œ, y] gibi ince ünlülerle aynı hecede özellikle yan yana bulunduğunda kesinlikle ön-damaksıl varyasyonlarına [c ve ɟ] dönüştürülmelidir.' 2) 'Soluklanma (Aspirasyon): [p, t, c, k] gibi hece başı ötümsüz patlayıcıları, sürtünmeli bir ses tarafından engellenmedikçe varsayılan olarak [pʰ, tʰ, cʰ, kʰ] şeklinde soluklu etiketlenmelidir.'",/d͡ʒin.sæl.li.jin.ˈde.cʰi/,false
cumaların,/dʒu.ma.ɫa.ˈɾɯn/,d͡ʒ u m a ɫ a ɾ ɯ n,1,"DOĞRU KURALLAR: Kelimedeki 'c' sesi ötümlü patlamalı-sızmalı [dʒ] olarak kodlanır. 'l' harfi, damaksıl uyum gereği arka/kalın ünlülerin ('a') arasında yer aldığı için kalın yapılı art-damaksıl varyant olan [ɫ] (velarized l) ile temsil edilir. 'r' sesi [ɾ] olarak transkribe edilir. Kelimedeki tüm ekler (-lar çoğul, -ın tamlayan) vurgu alabilen eklerdir, bu sebeple vurgu varsayılan kurala uyarak son heceye [ˈɾɯn] düşer. HATA ANALİZİ: Referans 1 genel kural bağlamında doğru bir çözümleme yapsa da sembol havuzunda olmayan bağ (tie-bar) işaretini (d͡ʒ) kullanmıştır. Referans 2 ise yapay zekaya özgü bir halüsinasyonla fazladan bir hece türetmiş (ɫa.ɫa) ve kelimenin yapısal bütünlüğünü bozup vurguyu kaydırmıştır. SİSTEM İYİLEŞTİRMESİ VE KURAL ÖNERİSİ: Sisteme şu katı kurallar eklenmelidir: 1) 'Sembol Standardizasyonu: t/ʃ ve d/ʒ seslerini (affricates) oluştururken, birleşik kullanım için kullanılan bağ (tie-bar: t͡ʃ, d͡ʒ) eklentisini iptal et, standart iki harfli yapıyı (tʃ, dʒ) kullan.' 2) 'Hece Bütünlüğü Doğrulaması (Assert): Grafemik girdideki ünlü harf sayısı ile fonetik çıktıdaki hece yapısını zorunlu oranlamaya tabi tut. Fazladan hece üretimi tespit edilirse tokenization (parçalama) adımını sıfırla ve yeniden üret.'",/d͡ʒu.ma.ɫa.ˈɾɯn/,false
cuması,/dʒu.ma.ˈsɯ/,d͡ʒ u m a s ɯ,0.98,"DOĞRU KURALLAR: 1) Vurgu: İsimlere eklenen iyelik eki (-sı, -si) genellikle vurguyu üzerine çeker, bu nedenle birincil vurgu son hecededir [ˈsɯ]. 2) Ünsüzler: Türkçe 'c' harfi sedalı (ötümlü) patlamalı-sızmalı (affricate) bir sestir ve [dʒ] olarak transkribe edilir. 3) Ünlüler: Kelimedeki ünlüler (u, a, ı) standart ve kısadır [u, a, ɯ]. HATA ANALİZİ: Referans çıktılar kelimenin vurgu ve fonem değerlerini kusursuz belirlemesine rağmen, izin verilen sembol havuzunun (whitelist) dışına çıkarak bağcık işaretli (tie-bar) [d͡ʒ] sembolünü kullanmıştır. Sistem, genelgeçer standart IPA şablonlarını ezbere uygulamış ve göreve özel kısıtları göz ardı etmiştir. SİSTEM İYİLEŞTİRMESİ VE KURAL ÖNERİSİ: Sistemin algoritmasına şu katı kural eklenmelidir: 'Sembol Havuzu Denetimi (Whitelist Enforcement): Türkçe <c> ve <ç> grafemlerini transkribe ederken standart IPA üst bağcık (tie-bar) işaretini (͡) kullanmayı reddet. Çıktı üretmeden önce sembolleri doğrula ve sadece izin verilen bağcıksız [dʒ] ve [tʃ] formlarını haritala.'",/d͡ʒu.ma.ˈsɯ/,false
cönkler,/dʒœɲc.ˈlæɾ/,d͡ʒ œ ɲ c l æ ɾ,0.95,"DOĞRU KURALLAR: 1) Ünsüz Uyumu ve Damaksıllaşma: İnce ünlü ('ö' [œ]) içeren hecelerde 'k' sesi damaksıl (palatal) [c] olarak telaffuz edilir. 2) Genizsil Ünsüz Benzeşmesi: 'n' ünsüzü, kendisinden sonra gelen damaksıl [c] sesinin etkisiyle damaksıllaşarak [ɲ] genizsiline dönüşür. 3) Ünlü Açıklaşması: '-ler' çoğul ekindeki 'e' ünlüsü, hece sonundaki 'r' [ɾ] sesinden dolayı açıklaşarak [æ] değerini alır. 4) Vurgu: Çoğul eki '-ler' vurguyu üzerine çeker ve birincil vurgu son hecededir. HATA ANALİZİ: Referans çıktılar, ince ünlü 'ö' kuralını atlayarak 'k' sesini art damak (velar) [k] olarak bırakmış; buna bağlı olarak 'n' sesini de hatalı bir şekilde velar genizsil [ŋ] (ŋk) olarak transkribe etmiştir. Ayrıca izin verilen sembol havuzunda yer almayan bağlamalı [d͡ʒ] ve tonsuzlaşmış diyakritikli [ɾ̞̊] sembollerini kullanmışlardır. SİSTEM İYİLEŞTİRMESİ VE KURAL ÖNERİSİ: Sisteme şu üç kural eklenmelidir: 1) 'İnce ünlülerden (e, i, ö, ü) sonra gelen k/g seslerini daima damaksıl (palatal) varyantları olan [c, ɟ] ile eşleştir.' 2) 'Bir kelimede n ünsüzü [c] veya [ɟ] seslerinden hemen önce geliyorsa, gerileyici ünsüz benzeşmesi gereği n sesini daima damaksıl genizsil [ɲ] varyantına dönüştür.' 3) 'Katı Sembol Kontrolü: Çıktı üretirken izin verilmeyen bağlama işaretlerini (t͡ʃ, d͡ʒ) ve havuz dışı diyakritikleri kullanma; sadece temel karakter listesine sadık kal.'",/d͡ʒœŋk.ˈlæɾ̞̊/,false
cüretkâr,/dʒy.ɾet.ˈcʰaːɾ/,d͡ʒ y ɾ e t cʰ aː ɾ,0.95,"DOĞRU KURALLAR: Vurgu: Yabancı kökenli son ek '-kâr', türetme eki işleviyle kelimenin sonuna gelir ve vurguyu üzerine çeker [ˈ]. Ünsüzler ve Palatalizasyon (Damaklaştırma): 'kâr' ekindeki 'â' ünlüsü uzundur [aː] ve kendisinden önceki 'k' ünsüzünün damaklaşmasını zorunlu kılar [c]. Bu ünsüz aynı zamanda hece başında olduğu için aspire edilir [cʰ]. Hece yapısı: İkinci hecedeki 'e', t patlayıcısı ile kapandığından dolayı aşırı açılma yaşamaz ve standart [e] olarak kalır. HATA ANALİZİ: Referans 1, vurguyu ve [cʰaː] kuralını bilmiş ancak izin verilmeyen sessiz r varyantını üretmiş ve t harfinden önce [æ] seçerek aşırı açılma hatası yapmıştır. Referans 2 ise düzeltme işaretli kâr ekinde palatalizasyonu ve solukluluğu tamamen kaçırmış, ayrıca kelime içi vurguyu hatalı şekilde orta heceye kaydırmıştır. Bunun yanı sıra iki referans da izin verilen havuzda bulunmayan (bağlı) d͡ʒ sembolünü kullanmıştır; standart dʒ kullanılmalıdır. SİSTEM İYİLEŞTİRMESİ VE KURAL ÖNERİSİ: Sisteme şu kurallar tanımlanmalıdır: 1) 'Damaklaştırma Kuralı: Şapkalı â ve û ünlüleri (aː, uː) öncesinde gelen k ve g ünsüzlerini istisnasız ince/damaksıl varyantları olan [c] ve [ɟ] ile eşleştir. k hece başındaysa [cʰ] yap.' 2) 'Ünlü Açılması Kısıtlaması: [æ] sesini t, k, p gibi patlayıcılarla kapanan hecelerde kullanma; [æ] daha çok l, m, n, r gibi ötümlü ve akıcı sesler öncesinde kapalı hecelerde tetiklenir.'",/d͡ʒy.ɾæt.ˈcʰaːɾ̞̊/,false
cüsselerinin,/dʒys.se.le.ɾi.ˈnin/,d͡ʒ y s s e l e ɾ i n i n,0.95,"DOĞRU KURALLAR: İsim çekimi ekleri (-ler, -i, -nin) alan bu kelimede vurgu, standart Türkçe kurallarına uygun olarak son hecededir [ˈnin]. 'c' ünsüzü tonlu yarı-kapantılı (affricate) [dʒ] ile, 'r' ünsüzü çarpma (tap) sesi [ɾ] ile gösterilir; kelime kökündeki ikizleşmiş 's' ünsüzleri hece sınırında korunur. Kelimedeki 'e' ünlüleri açık hecelerde ('se', 'le') yer aldıkları için daralma veya açılma yaşamaz, standart [e] olarak transkribe edilir. HATA ANALİZİ: Ref 1 vurgu konumunu doğru belirlemiş ancak 'c' harfi için izin verilen sembol havuzunda yer almayan bir bağlantı işareti (tie-bar) kullanmıştır. Ref 2 ise birincil vurgu işaretini tamamen unutmuş ve hecenin açık veya kapalı niteliğini kontrol etmeden 'se' hecesindeki 'e'yi açık ünlü [æ] olarak atayarak ezbere bir işlem yapmıştır. SİSTEM İYİLEŞTİRMESİ VE KURAL ÖNERİSİ: Sisteme şu katı kurallar eklenmelidir: 1) 'Affricate Sınırlandırması: Türkçedeki ç ve c harflerinin IPA karşılıklarında (tʃ, dʒ) hiçbir zaman bağlantı işareti (tie-bar) kullanma, temel izin verilen formatı yansıt.' 2) 'Bağlamsal [æ] Kuralı: Bir 'e' harfinin [æ] yapılabilmesi için ilgili hecenin kesinlikle kapalı olması ve koda (coda) pozisyonunda l, m, n, r ünsüzlerinden birini barındırması şartını ara. Açık hecelerdeki hece sonu e'lerini daima normal [e] olarak bırak.' 3) 'Vurgu Ataması: Çekim eki yığını alan isimlerde, istisnai bir bağlam yoksa (zarf vb.), birincil sembolü (ˈ) istisnasız son heceye yerleştir.'",/d͡ʒys.se.le.ɾi.ˈnin/,false
daha,/da.ˈha/,d a h a,0.85,"DOĞRU KURALLAR: ""daha"" kelimesi bir zarftır ve standart Türkçe telaffuzunda vurgu son hecededir. İki ünlü arasında bulunan 'h' ünsüzü standart ve dikkatli konuşmada (careful speech) muhafaza edilir. Vokalik bir değişim veya aspirasyon bulunmaz. HATA ANALİZİ: Referans 1, konuşma dilinde sıkça görülen 'h' düşmesini (h-dropping) ve bunun sonucunda oluşan telafi uzamasını (compensatory lengthening) standart kural olarak kabul edip [daː.ˈa] çıktısı vererek resmi transkripsiyondan sapmıştır. Referans 2 ise fonemleri doğru korumuş ancak Türkçe zarfların çoğunlukla ilk hecede vurgu taşıması kuralını aşırı genelleştirerek vurguyu yanlışlıkla ilk heceye [ˈda.ha] yerleştirmiştir. SİSTEM İYİLEŞTİRMESİ VE KURAL ÖNERİSİ: Sistemin algoritmasına şu iki kural eklenmelidir: 1) 'Fonem Koruma: Günlük konuşma veya hızlı söyleyiş bağlamı açıkça istenmedikçe h-düşmesi ve buna bağlı ünlü uzaması varyantlarını üretme, /h/ fonemini daima [h] olarak koru.' 2) 'Vurgu İstisnası (Lexical Exception): Zarfların ilk heceden vurgulanması kuralı ""daha"" kelimesi için geçerli değildir. Bu kelimeyi sözlük bazlı bir istisna olarak etiketle ve birincil vurguyu (ˈ) son heceye sabitle.'",/daː.ˈa/,false
dakikacığına,/da.cʰi.kʰa.dʒɯː.ˈna/,d a cʰ i kʰ a d͡ʒ ɯː n a,0.95,"DOĞRU KURALLAR: 1) Vurgu: Standart Türkçede yapım ve çekim ekleri silsilesinde vurgu son heceye kayar ([ˈna]). 2) Ünsüzler/Aspirasyon ve Damaksıllaşma: 'dakika' kökündeki ilk k sesi ince i ünlüsünden dolayı damaksıllaşır ve hece başı olduğu için aspire edilir [cʰ]. İkinci k ise kalın a ünlüsüyle velar kalıp soluklanır [kʰ]. 3) Yumuşak G (ğ) ve Telafi Uzaması: İki 'ı' (/ɯ/) arasında kalan 'ğ' erir; 'cı' ve 'ğı' heceleri birleşerek tek bir uzun hece oluşturur ([dʒɯː]). HATA ANALİZİ: Referans 1, 'ğ' erimesinden sonraki uzunluğu [ɯː] göstermiş fakat hatalı bir şekilde sağında ayrıca kısa bir [ɯ] hecesi bırakarak hece kaynamasını (syllable merger) ihlal etmiştir. Referans 2 ise 'ğ' sesini düşürüp telafi uzaması (compensatory lengthening) işlemini atlamış ve [ɯ] sesini kısa bırakmıştır. SİSTEM İYİLEŞTİRMESİ VE KURAL ÖNERİSİ: Algoritmaya şu net kural eklenmelidir: 'Hece Kaynaması (Syllable Merger): Eğer /ğ/ sesi, V1 ve V2 birbiriyle aynı olan arka dar ünlüler (ɯ-ğ-ɯ) arasında bulunuyorsa, V2'yi ve /ğ/ sesini tamamen sil, bağlamı tek bir uzun V1ː (/ɯː/) ünlüsüne indirge ve heceleri birleştir (Örn: cı.ğı -> dʒɯː).' Ayrıca sistem, tʃ ve dʒ gibi patlamalı-sızmalı (affricate) sesleri tie-bar sembolü olmadan kullanmaya zorlanmalıdır.",/da.cʰi.kʰa.d͡ʒɯː.ɯ.ˈna/,false
demeçteyse,/de.metʃ.ˈtʰej.se/,d e m e t͡ʃ tʰ e j s e,0.95,"DOĞRU KURALLAR: Vurgu: Ek fiilin şart şekli olan '-ise' (-yse) kelimeye bitişik yazıldığında vurgu almaz ve birincil vurguyu daima kendinden bir önceki heceye atar. Bu nedenle vurgu 'tey' hecesinde olmalıdır. Ünsüzler ve Aspirasyon: Hece başındaki tonsuz patlayıcı 't' ünsüzü aspirasyon alarak [tʰ] şeklinde okunur. Ünlü Kalitesi (e/æ Varyantları): Türkçede 'e' ünlüsü, genellikle yalnızca aynı hecede kendisinden sonra [m, n, l, ɾ] akıcı veya burun ünsüzleri geldiğinde açık [æ] olarak telaffuz edilir. 'meç' hecesi [tʃ] ile, 'tey' hecesi ise [j] ile bittiği için bu kural işlemez ve ünlüler dar/kapalı [e] olarak korunur. HATA ANALİZİ: Referans çıktılar '-se' şart ekinin vurgu istisnasını bilmediği için vurguyu ezbere son heceye yerleştirmiştir. Ayrıca 'e' sesinin 'æ'ye dönüşümünde bağlamsal kısıtları göz ardı edip tüm kapalı hecelerde açık ünlü kullanmış ve izin verilen sembol havuzunun dışına çıkarak bağcıklı 't͡ʃ' karakterini tercih etmiştir. SİSTEM İYİLEŞTİRMESİ VE KURAL ÖNERİSİ: Sisteme şu katı kurallar eklenmelidir: 1) 'Vurgu İstisnası: Kelime ek fiilin şartı olan -ysa/-yse (-sa/-se) ile bitiyorsa, temel son hece vurgusu kuralını devreden çıkar ve birincil vurguyu (ˈ) istisnasız olarak bu ekten bir önceki heceye yerleştir.' 2) 'Ünlü Kalitesi Daraltması: 'e' sesini 'æ' yapma fonksiyonunu sadece hece sonunda [m, n, l, ɾ] olduğunda tetiklenecek şekilde sınırlandır; [tʃ] ve [j] gibi kapanışlarda [e] olarak tut.' 3) 'Sembol Kısıtı: Affrikatları transkribe ederken sadece izin verilen bağcıksız [tʃ] ve [dʒ] karakterlerini kullan.'",/de.mæt͡ʃ.tʰæj.ˈse/,false
deneyimlediklerinin,/de.ne.jim.le.dic.le.ɾi.ˈnin/,d e n e j i m l e d i c l e ɾ i n i n,0.95,"DOĞRU KURALLAR: Vurgu kuralı gereği kelimenin son hecesi vurguludur [ˈnin]. Ünsüzlerde, 'dik' hecesindeki /k/ patlayıcısı, ince ünlü 'i' ve sonrasında gelen ince ünlü 'e'yi taşıyan 'le' hecesinin etkisiyle damaksıllaşır (palatalizasyon) ve ince varyantı olan [c] sesine dönüşür. Hece sonu /k/ (coda) olduğu için aspirasyon almaz. Akıcı 'y' [j] olarak, 'r' ise tek vuruşlu [ɾ] olarak dar çeviriye girer. HATA ANALİZİ: Referans 1, ince ünlü çevresindeki damaksıllaşma kuralını bilerek 'k' sesini [c] olarak doğru transkribe etmiştir. Referans 2 ise fonetik çevreyi dikkate almamış, yazıdaki 'k' harfini doğrudan [k] (kalın velar) olarak kopyalayarak ezbere/harf odaklı bir çeviri hatası yapmıştır. SİSTEM İYİLEŞTİRMESİ VE KURAL ÖNERİSİ: Sisteme şu kural eklenmelidir: 'Damaksıllaşma (Palatalization/Assimilation): Eğer bir /k/ veya /g/ grafemi, ince ünlülerle (e, i, œ, y) komşuysa (aynı veya komşu hecede), bu grafemleri her zaman damaksıl varyantları olan [c] ve [ɟ] ile eşleştir. Yazıdaki 'k' harfini ince ünlüler etrafında doğrudan [k] olarak bırakma.'",/de.ne.jim.le.dic.le.ɾi.ˈnin/,true
deprem namazı,/dep.ˈɾæmna.ma.ˈzɯ/,d e p ɾ æ m n a m a z ɯ,0.95,"DOĞRU KURALLAR: 'deprem' kelimesindeki ilk 'e', 'p' ötümsüz patlayıcısıyla biten bir hecede olduğu için kapalı [e] olarak kalırken, ikinci 'e' genizsil 'm' ile biten kapalı bir hecede olduğundan açık [æ] varyantına dönüşür. Koda pozisyonundaki 'p' aspire edilmez [p]. 'namazı' kelimesinde hece ve vurgu düzeni standarttır. HATA ANALİZİ: Referans 1, 'p' öncesindeki 'e' sesini gereksiz yere açarak [æ] yapmış (over-application) ve ezbere kural işletmiştir. Referans 2 ise 'ma' hecesini tamamen atlayarak hece ve ses düşmesi (omission) hatasına düşmüştür. SİSTEM İYİLEŞTİRMESİ VE KURAL ÖNERİSİ: Sisteme şu fonksiyonlar eklenmelidir: 1) 'Açık [æ] Kuralı: Bir [e] ünlüsü sadece [m, n, l, ɾ] gibi sonor ünsüzlerle biten kapalı hecelerde [æ] sembolüne dönüşür; ötümsüz patlayıcılarla kapatılan hecelerde [e] olarak korunur.' 2) 'Bütünlük Kontrolü (Validation): Çıktıdaki hece sayısı ile girdideki ünlü harf sayısının eşit olduğundan emin olmak için doğrulama algoritması (sanity check) zorunlu kılınmalıdır.'",/dæp.ˈɾæmna.ma.ˈzɯ/,false
dergim,/dæɾ.ˈɟim/,d æ ɾ ɟ i m,0.95,"DOĞRU KURALLAR: Vurgu standart kurala uygun olarak son hecededir. Hece sonundaki 'r' tek vuruşlu [ɾ] olarak kodlanır. 'g' ünsüzü ince 'i' ünlüsünden önce geldiği için damaksıllaşarak [ɟ] olur. İlk hecedeki 'e' ünlüsü, akıcı bir ünsüz olan 'r' ile kapanan hecede genişleyerek açık [æ] varyantına dönüşür. HATA ANALİZİ: Referans çıktılar fonetik dönüşümleri doğru gerçekleştirmiş, ancak dar çeviri standart gösterimi olan köşeli ayraç ([]) yerine eğik çizgi (/) kullanarak biçimsel hata yapmıştır. SİSTEM İYİLEŞTİRMESİ VE KURAL ÖNERİSİ: Sisteme şu kurallar eklenmelidir: 1) Dar çeviri istendiğinde çıktıyı daima köşeli ayraç ([]) içine al. 2) İnce ünlülerden (e, i, œ, y) önce gelen 'g' ünsüzünü daima damaksıl [ɟ] ile eşleştir. 3) 'e' ünlüsü aynı hece içinde r, l, m, n gibi sonorant ünsüzlerle takip ediliyorsa açık [æ] olarak kodla.",/dæɾ.ˈɟim/,true
derinleştiği,/de.ɾin.leʃ.ti.ˈji/,d e ɾ i n l e ʃ t i j i,0.95,"DOĞRU KURALLAR: Vurgu: Sıfat-fiil (-dik) ve iyelik eki dizilimi barındıran kelimelerde birincil vurgu son hecededir [ti.ˈji]. Ünsüzler/Aspirasyon: 'ş' [ʃ] sürtünmelisinden sonra gelen ötümsüz patlayıcılar (t) aspirasyon kaybeder, bu nedenle [t] soluksuz olmalıdır. 'ğ' Sesi (Yarı Ünlü Değişimi): Ön-dar ünlüler (i-i) arasında kalan 'ğ', [j] kayıcı ünsüzüne dönüşerek dahil olduğu heceyi kurar. Ünlüler: Üçüncü hecedeki 'e', 'ş' ile biten kapalı hecede dar-orta [e] olarak korunur, fonolojik olarak [æ] açılmasına gitmez. HATA ANALİZİ: Referans 1, 'leş' hecesinde yanlış bağlamda [æ] açılması yapmış ve [ʃ] sonrası aspirasyon yitimini bilmediği için [tʰ] üretmiştir. Referans 2 ise aspirasyon hatasını (tʰ) kopyalamış ve bu ek yapısı için standart olan sözcük sonu vurgusunu atlayarak vurguyu hatalı şekilde sondan bir önceki heceye [ˈtʰi] koymuştur. SİSTEM İYİLEŞTİRMESİ VE KURAL ÖNERİSİ: Sistemin algoritmasına şu kurallar eklenmelidir: 1) '[s] veya [ʃ] sürtünmelisinden hemen sonra gelen [p, t, k, c] patlayıcıları için aspirasyon (ʰ) kuralını devre dışı bırak.' 2) '[æ] (açık e) varyantını yalnızca hece sonu [l, m, n, ɾ] ünsüzleriyle kapanan yerlerde uygula; [ʃ] gibi sızıcılarla bitenlerde ana [e] fonemini sabitle.' 3) '-dığı/-diği' ile biten sıfat-fiil tabanlı sözcüklerde birincil vurguyu (ˈ) son heceye yerleştir.",/de.ɾin.læʃ.tʰi.ˈji/,false
desteklenemezse,/dæs.tʰæc.le.ˈne.mæz.se/,d æ s tʰ æ c l e n e m æ z s e,0.95,"DOĞRU KURALLAR: Kelimenin morfolojik yapısı 'destek-le-n-e-mez-se' şeklindedir. Geniş zamanın olumsuz eki '-mez' ve ek-fiil olan şart eki '-se' vurgu almaz. Vurgu, bu eklerden önceki heceye, yani yeterlilik ekinin bulunduğu '-ne' hecesine kayar [ˈne]. Hece başındaki 't' ünsüzü aspire edilir [tʰ]. 'tek' hecesinin sonundaki 'k', ince ünlü ile birlikte kullanıldığı için ön damaksıllaşarak [c] olur. Kapalı hecelerdeki 'e' ünlüleri bağlama göre açık [æ] olarak sesletilir. HATA ANALİZİ: Referans 1, şart ekinin vurgu almadığı kuralını ihlal ederek vurguyu kelime sonuna [ˈse] yerleştirmiştir. Referans 2 ise 'tæs.tæs' şeklinde hece tekrarı (halüsinasyon) hatasına düşmüş ve ince [c] yerine kalın [k] kullanmıştır. SİSTEM İYİLEŞTİRMESİ VE KURAL ÖNERİSİ: Sisteme şu katı kurallar eklenmelidir: 1) 'Vurgu İstisnası: Geniş zaman olumsuz eki (-maz/-mez) ve şart eki (-sa/-se) vurgu reddeder. Bu ekler bir araya geldiğinde (-mezse), birincil vurgu daima bu ek zincirinin hemen öncesindeki heceye sabitlenmelidir.' 2) 'İnce ünlü (e, i, ö, ü) içeren hecelerin sonundaki k ünsüzü daima ön damaksıl [c] olarak haritalanmalıdır.'",/dæs.tʰæc.le.ne.mæz.ˈse/,false
devalüe etmemeyi,/de.va.ly.ˈeˈæt.me.me.ji/,d e v a l y e æ t m e m e j i,0.95,"DOĞRU KURALLAR: 1. Vurgu (Olumsuzluk Eki İstisnası): Türkçe fiillerde yer alan ilk '-me/-ma' eki genellikle olumsuzluk ekidir ve vurgu almaz; vurguyu doğrudan kendinden bir önceki heceye iter. Bu sebeple 'etmemeyi' kelimesinde vurgu 'et' hecesindedir. 2. Açık Ünlü (æ): 'et-' kökündeki 'e' sesi kapalı hecede yer aldığı için açık /æ/ varyantı ile sesletilir [æt]. 3. Ünlü Yan Yanalığı (Hiatus): Fransızca kökenli 'devalüe' kelimesinde 'ü' ve 'e' ünlüleri arasına ünsüz girmeden ayrı heceler olarak telaffuz edilir [ly.e] ve kelime orijinalindeki gibi son heceden vurgulanır. HATA ANALİZİ: Referans 1 fonetik kuralları kavramış, ancak Referans 2 her iki kelimeyi tek bir blok gibi birleştirerek 'lye' şeklinde diftonglaştırma hatası yapmıştır. Ayrıca Referans 2, sistemindeki morfolojik tahlil eksikliğinden dolayı olumsuzluk ekinin vurguyu ittiğini görememiş ve kelime sonu kuralını ezbere işleterek vurguyu en sona [ˈji] vermiştir. SİSTEM İYİLEŞTİRMESİ VE KURAL ÖNERİSİ: Sistemin algoritmasına şu iki kural eklenmelidir: 1) 'Morfolojik Vurgu Kuralı: Bir eylemde yer alan -me/-ma eki olumsuzluk işlevi taşıyorsa, kelime sonu varsayılan vurgu kuralını tamamen iptal et ve birincil vurguyu (ˈ) olumsuzluk ekinden hemen önceki heceye sabitle.' 2) 'Avrupa Kökenli Kelimelerde Heceleme: Yan yana gelen ünlü barındıran alıntı kelimelerde (devalüe örneğinde olduğu gibi), bu ünlüleri tek hecede birleştirmek (lye) yerine, aralarına hece sınırı (.) koyarak ayrı ayrı yapılandır.'",/de.va.ly.ˈeˈæt.me.me.ji/,true
devral,/dæv.ˈɾaɫ/,d æ v ɾ a ɫ,0.92,"DOĞRU KURALLAR: Kelime Arapça kökenli 'devir' ile Türkçe 'al' fiilinin birleşmesiyle oluşmuştur. Kapalı hecede 'v' ünsüzünden önce gelen 'e' ünlüsü fonetik olarak genişleyerek açık e [æ] sesini verir (dev -> [dæv]). İkinci hecede yer alan Türkçe kökenli 'al' sözcüğündeki 'a' art (kalın) ünlü olduğundan, kendisinden sonra gelen 'l' ünsüzü artdamaksıllığını kazanarak kalın [ɫ] varyantına dönüşür. Vurgu son hecededir. HATA ANALİZİ: Referans 1, açık [æ] ve kalın [ɫ] kullanımlarını doğru tespit etmiştir. Referans 2 ise 'e' sesinin açık varyantını atlamış; daha da önemlisi, kalın 'a' ünlüsünün ardından gelen 'l' sesini fonetik bağlama aykırı biçimde ince [l] olarak transkribe etmiştir. Bu durum, sistemin 'devir' kelimesindeki yabancı köken etkisini hatalı bir şekilde tüm bileşik kelimeye yaymasından kaynaklanmaktadır. SİSTEM İYİLEŞTİRMESİ VE KURAL ÖNERİSİ: Sisteme şu iki kural eklenmelidir: 1) 'Kapalı hecelerde v, l, m, n, r gibi akıcı/sızıcı ünsüzlerden önce yer alan [e] sesini açık [æ] olarak haritala.' 2) 'Bileşik kelimeleri analiz ederken bileşenleri bağımsız değerlendir. Türkçe kökenli ek/köklerde (ör. al) art ünlülerden (a, ı, o, u) sonra gelen l ünsüzünü daima kalın [ɫ] olarak transkribe et.'",/dæv.ˈɾaɫ/,true
devrilebileceği,/dev.ɾi.le.bi.le.dʒe.ˈji/,d e v ɾ i l e b i l e d͡ʒ e j i,0.95,"DOĞRU KURALLAR: Türkçe heceleme kuralları gereği yan yana gelen iki ünsüz ayrı hecelere aittir (VC.CV); bu nedenle heceleme 'dev.ɾi.le...' şeklinde yapılmalıdır. Ön ünlüler (e-i) arasında kalan 'ğ' harfi sürtünmesiz palatal bir kayıcı olan [j] sesine dönüşür. İyelik eki almış '-ecek' sıfat-fiil türetmelerinde vurgu, iyelik ekinin bulunduğu son hecededir (ˈji). HATA ANALİZİ: Referans 1, 'e' ünlüsünü [æ] yaparak gereksiz bir varyanta gitmiş ve verilen sembol havuzu dışındaki bağ işaretli (t͡ʃ, d͡ʒ) sembolleri kullanmıştır. Referans 2 ise hece sınırını 'de.vɾi' şeklinde koyarak Türkçenin temel hece/fonotaktik kurallarını (VCCV -> VC.CV) ihlal etmiş; ön ünlüler arası 'ğ' harfini patlayıcı bir durak olan [ɟ] ile eşleştirmiş ve birincil vurguyu unutmuştur. SİSTEM İYİLEŞTİRMESİ VE KURAL ÖNERİSİ: Sisteme şu kalıcı kurallar entegre edilmelidir: 1) 'Heceleme/Fonotaktik Kuralı: Türkçe kökenli kelimelerde ortada yan yana gelen iki ünsüz kesinlikle ayrı hecelere paylaştırılmalıdır. VCCV dizilimi daima VC.CV biçiminde (.v.ɾ değil v.ɾ) ayrılmalıdır.' 2) 'Yumuşak G (ğ) Haritalaması: Ön ünlüler (e, i, ö, ü) arasında kalan ğ harfi daima palatal [j] olarak dönüştürülmeli, asla [ɟ] (damaksıl durak) kullanılmamalıdır.'",/dæv.ɾi.le.bi.le.d͡ʒe.ˈji/,false
değenleri,/de.jæn.le.ˈɾi/,d e j æ n l e ɾ i,0.95,"DOĞRU KURALLAR: 1) Yumuşak G (ğ): Ön damak ünlüleri (e, i vb.) arasında veya yanında bulunan 'ğ' sesi telaffuzda doğrudan damaksıl yaklaşılana [j] dönüşür. 2) Açık/Kapalı 'e' (æ): Türkçede 'e' sesi, 'm, n, l, r' akıcı ünsüzleri ile kapanan hecelerde açık ünlü olan [æ] varyantıyla okunur ('ğen' kısmındaki kapalı hece [jæn] olur). Açık hecelerde ('de' ve 'le') ise normal [e] olarak kalır. 3) Vurgu: Çekim ekleri almış bu kelimede birincil vurgu standart kural gereği son hecededir. HATA ANALİZİ: Referans çıktıların her ikisi de allofonik bağlamları ([æ] varyantı ve [j] dönüşümü) doğru tespit etmiştir. Ancak dar (narrow) transkripsiyon sembollerini (æ) geniş (broad) transkripsiyonu ifade eden eğik çizgi (/.../) içinde göstererek teorik bir notasyon hatasına düşmüşlerdir. Allofonlar sadece dar çeviride [...] kullanılır. SİSTEM İYİLEŞTİRMESİ VE KURAL ÖNERİSİ: Sistemin algoritmasına şu kurallar eklenmelidir: 1) 'Transkripsiyon Sınırları: Allofonik sembollerin (æ, c, ɫ vb.) kullanıldığı dar (narrow) fonetik analizlerde çıktıları kesinlikle köşeli parantez [...] içerisinde üret, fonemik çeviri işaretini (/.../) kullanma.' 2) 'Ön ünlü + ğ + Ön ünlü Bağlamı: <e-e> veya <e-i> gibi ince ünlüler arasında kalan <ğ> grafemlerini her zaman [j] olarak haritala.'",/de.jæn.le.ˈɾi/,true
değerlendirdiğime,/de.jæɾ.læn.diɾ.di.ji.ˈme/,d e j æ ɾ l æ n d i ɾ d i j i m e,0.95,"DOĞRU KURALLAR: Kelimedeki 'ğ' (Yumuşak G) harfi, ince/düz ünlüler ('e-e' ve 'i-i') arasında yer aldığı için [j] (y) sesine dönüşür ('eğe' -> [eje], 'iği' -> [iji]). Kapalı hecelerdeki akıcı ('r', 'l', 'n') ünsüzlerinden önce gelen 'e' ünlüleri açılarak [æ] varyantına dönüşür ('ğer' -> [jæɾ], 'len' -> [læn]); ilk hecedeki 'e' açık hecede olduğu için sabit kalır. Kelimenin sonundaki '-me' hecesi, fiilden türeyen yapının iyelik (-m) ve yönelme (-e) hâli almasıyla oluşmuştur ve standart isim vurgusu kurallarına uyarak birincil vurguyu üzerinde taşır. HATA ANALİZİ: Referans 1, sondaki '-me' dizilimini fiillerdeki olumsuzluk eki zannederek vurguyu hatalı bir şekilde çok geriye (ˈlæn) atmıştır. Referans 2 ise vurgu sembolünü tamamen atlamıştır. SİSTEM İYİLEŞTİRMESİ VE KURAL ÖNERİSİ: Sisteme şu morfolojik istisna ve vurgu kuralı eklenmelidir: 'Morfolojik Ayrıştırma Kontrolü: Kelime sondaki -me/-ma hecelerini doğrudan olumsuzluk eki olarak işaretleme. Eğer kök/gövde ardından -dık/-dik sıfat-fiil eki (-diğ-) ve iyelik eki (-im) kullanılmışsa (-diğime), yapı bir isme dönüşmüştür. Bu durumda olumsuzluk ekinin vurguyu engelleme kuralını ez ve birincil vurguyu (ˈ) ismin son hecesine yerleştir.'",/de.jæɾ.ˈlæn.diɾ.di.ji.me/,false
dilen,/di.ˈlæn/,d i l æ n,0.95,"DOĞRU KURALLAR: Kelime emir kipinde bir fiil köküdür ve vurgu son heceye düşer. Türkçede 'e' ünlüsü, kapalı bir hecede 'm, n, l, ɾ' ünsüzlerinden birinden önce geldiğinde açılarak [æ] sesine dönüşür. HATA ANALİZİ: Referans çıktılar fonetik kuralları (vurgu ve açık 'e') doğru uygulasa da, dar çeviri (narrow transcription) kuralını ihlal ederek köşeli ayraç ([ ]) yerine eğik çizgi (/) kullanmıştır. SİSTEM İYİLEŞTİRMESİ VE KURAL ÖNERİSİ: Sisteme şu iki kural eklenmelidir: 1) 'Format: Dar çeviri (narrow transcription) görevlerinde daima köşeli ayraç ([ ]) kullan.' 2) 'Açık e (æ) Algoritması: Kapalı hecelerde e ünlüsü [m, n, l, ɾ] ünsüzlerinden biriyle bitiyorsa, e sesini otomatik olarak açık [æ] ünlüsüyle değiştir.'",/di.ˈlæn/,true
diğer,/di.ˈjæɾ/,d i j æ ɾ,0.95,"DOĞRU KURALLAR: 1. 'ğ' Ünsüzü: Ön damak (ince) ünlüleri arasında (i, e) bulunan 'ğ' harfi, standart İstanbul Türkçesinde damaksıl sürtünmesiz [j] sesine dönüşür. 2. Ünlü Açıklaşması: Kapalı hecede, özellikle 'r' akıcı ünsüzünden önce gelen 'e' ünlüsü, kural gereği açık [æ] olarak telaffuz edilir. 3. Vurgu: İsim/sıfat soylu bu kelimede vurgu standart kurala uygun olarak son hecededir. HATA ANALİZİ: Referans 1, izin verilmeyen (ɾ̞̊ gibi) aşırı dar/spesifik diyakritikler kullanmıştır. Referans 2 ise izin verilen sembollerle doğru transkripsiyonu sağlamıştır ancak bu başarıyı yapılandırılmış bir sistematiğe bağlamamıştır. SİSTEM İYİLEŞTİRMESİ VE KURAL ÖNERİSİ: Sistemin algoritmasına şu fonolojik kurallar eklenmelidir: 1) 'Eğer ğ grafemi i, e, y gibi ön damak sesleri arasında yer alıyorsa, grafem-fonem dönüşümünde daima [j] sesini üret.' 2) 'Eğer e ünlüsü l, m, n, r akıcı ünsüzlerinden biriyle heceyi kapatıyorsa (-er, -el, -em, -en), e sesini dar [e] yerine açık [æ] varyantı ile değiştir.'",/di.ˈjæɾ̞̊/,false
donanım yazılımından,/do.na.ˈnɯmja.zɯ.ɫɯ.mɯn.ˈdan/,d o n a n ɯ m j a z ɯ ɫ ɯ m ɯ n d a n,0.95,"DOĞRU KURALLAR: Girdi 'donanım' ve 'yazılımından' şeklindeki iki ayrı kelimeden oluşan bir isim tamlamasıdır. Her kelimenin kendi vurgusu kendi son hecesindedir. Türkçede art (kalın) ünlülerle [a, ɯ, o, u] birlikte bulunan 'l' ünsüzü velarize (kalın) varyantına girerek [ɫ] şeklinde sesletilir ('yazılım' kelimesindeki 'l'). Diğer sesler (d, n, m, p, z vs.) standart ötümlü ve sızıcı/genizcil formlarını korur. HATA ANALİZİ: Referans 1, kelimeleri boşlukla ayırmış, l sesini [ɫ] olarak doğru kullanmış ve vurgu yerlerini bilmiştir; fakat dar çeviri ([]) yerine geniş çeviri (/) işaretleri kullanarak kuralsal bir biçim hatası yapmıştır. Referans 2 ise iki kelimeyi aralarında boşluk bırakmadan tek bir sözcük gibi birleştirmiş ve kelimenin art ünlülü yapısına rağmen kalın [ɫ] yerine ince [l] varyantını kullanmıştır. SİSTEM İYİLEŞTİRMESİ VE KURAL ÖNERİSİ: Sisteme şu katı kurallar eklenmelidir: 1) 'Kelime Sınırları (Word Boundaries): Girdi birden fazla sözcük içeriyorsa (kelimeler arası boşluk varsa), kelimeleri hecelerken birbirine bağlama; her kelimenin bağımsızlığını hece sınırlandırmasında (boşluk kullanarak) koru ve normal kelime vurgularını (genelde son hece) her sözcük için ayrı yerleştir.' 2) 'Kalın [ɫ] Adaptasyonu (Allophonic Rule): Yazımdaki l ünsüzü öncesinde veya sonrasında art (kalın) ünlülerden biri [a, ɯ, o, u] geliyorsa, ünsüz matrisindeki ince l yerine kalın/velarize [ɫ] sembolünü seç.'",/do.na.ˈnɯmja.zɯ.ɫɯ.mɯn.ˈdan/,true
doğruluğudur,/doː.ɾu.ɫu.ˈu.duɾ/,d oː ɾ u ɫ u u d u ɾ,0.95,"DOĞRU KURALLAR: 1) Vurgu: Ek fiil (bildirme eki) '-dur' sözcük düzeyinde vurgu almaz; vurgu bir önceki heceye, yani iyelik eki olan '-ğu' hecesine ([ˈu]) düşer. 2) Coda (Hece Sonu) 'ğ': Kelimenin ilk hecesindeki 'ğ' (doğ-), hece kapanışında yer aldığı için düşer ve öncesindeki 'o' ünlüsünü telafi edici biçimde uzatır ([doː]). 3) İntervokalik 'ğ': Üçüncü ve dördüncü hecelerdeki aynı iki ünlü (u) arasında kalan (lu-ğu) 'ğ' sesi düşerek hiatus (yan yana iki ünlü) yaratır ve hece sınırını korur ([ɫu.u]). 4) Ünsüzler: Art damak ünlüleriyle (u) komşu olan 'l' sesi kalın/velarize [ɫ] olarak, 'r' sesleri ise çarpmalı (tap) [ɾ] olarak gerçekleşir. HATA ANALİZİ: Referans 1, 'ğ' sesinin kuralını bağlamdan bağımsız işleterek hece başında (onset) yer alan ikinci 'ğ' sesini de önceki ünlüyü uzatacak şekilde yorumlamış ([ɫuː.ˈu]) ve izin verilmeyen bir titreşimsiz 'r' varyantı kullanmıştır. Referans 2 ise ilk hecedeki hece sonu 'ğ' sesinin ünlü uzatma işlevini tamamen atlayarak ([do.ɾu...]) büyük bir eksikliğe imza atmıştır. SİSTEM İYİLEŞTİRMESİ VE KURAL ÖNERİSİ: Sisteme şu katı kurallar eklenmelidir: 1) 'Hece Sonu ğ Kuralı: Eğer ğ hece örtücüsü (coda) konumundaysa (örn: doğ-), onu sil ve kendinden önceki ünlüyü uzunluk işaretiyle (ː) kodla.' 2) 'Hece Başı ğ Kuralı: Eğer ğ birbirinin aynısı iki ünlü arasındaysa (örn: u-ğu), doğrudan sil ve hece sınırını koruyarak iki ünlüyü yan yana brak (u.u); fazladan uzunluk kullanma.' 3) 'Vurgu İstisnası: Kelime -dır/-dir/-dur/-dür (ek fiil) içeriyorsa, varsayılan son hece vurgu kuralını ez ve vurguyu (ˈ) kesinlikle bildirme ekinden bir önceki heceye sabitle.'",/doː.ɾu.ɫuː.ˈu.duɾ̞̊/,false
dualar,/du.a.ˈɫaɾ/,d u a ɫ a ɾ,0.95,"DOĞRU KURALLAR: Kelime Arapça kökenli olsa da arka (kalın) ünlülerden (u, a) oluştuğu için Türkçe kurallarına uyarak kalın olan '-lar' çokluk ekini alır. Arka özellikli 'a' sesinden önce gelen 'l' ünsüzü kural gereği kalın/artdamaklaştırmalı [ɫ] varyantı ile temsil edilir. Çekim ekleri kurala göre vurguyu üstüne çeker; bu yüzden birincil vurgu son hecededir. HATA ANALİZİ: Referans 1, heceleme ve ses değişimlerinde (ɫ) doğru yolu izlese de sistemin kısıtlı sembol havuzunun dışına çıkarak [ɾ] sesi için geçersiz/fazla diyakritik içeren (ɾ̞̊) bir harf kullanmıştır. Referans 2 ise izin verilen sembolleri kullansa da arka sıradan ünlü (a) ortamında 'l' harfinin [ɫ] varyantına dönüşmesi kuralını işletememiş ve standart ince/dişyuvasıl [l] yazarak hata yapmıştır. SİSTEM İYİLEŞTİRMESİ VE KURAL ÖNERİSİ: Sisteme şu iki net kural eklenmelidir: 1) 'Kısıtlama Kontrolü (Sanity Check): Çıktı üretirken sadece izin verilen sembol listesini kullan, [ɾ] gibi sesleri kendi başına modifiye etme.' 2) 'Bağlamsal L Kuralı: Eğer [l] sesi art (kalın) ünlülerle (a, ɯ, o, u) ardışıksa ve kelime özel ince L istisnası listesinde (örn. istiklal, gol, hal) yer almıyorsa, daima velarize (kalın) [ɫ] formuna dönüştür.'",/du.a.ˈɫaɾ̞̊/,false
duayı,/du.a.ˈjɯ/,d u a j ɯ,0.95,"DOĞRU KURALLAR: Kelime sesbirimsel olarak 'du.a' şeklinde hecelenir. Kaynaştırma ünsüzü 'y', IPA tablosunda [j] olarak, kalın belirtme ünlüsü 'ı' ise [ɯ] olarak kodlanır ve heceleme [du.a.jɯ] yapısına dönüşür. Ötümlü 'd' patlayıcısı aspirasyon (soluklanma) almaz. Türkçenin varsayılan vurgu kuralı gereğince birincil vurgu kelime sonuna eklenen son hecededir. HATA ANALİZİ: Referans çıktılar, j ve ɯ sembollerinin kullanımı ile vurgu yerinin doğru tespiti konusunda kusursuz çalışmıştır. Tek eksiklik, parçaüstü sesbirimlerin dar çeviri (narrow transcription) formatı yerine geniş çeviri (broad transcription) işaretleyicisi olan eğik çizgi /.../ karakterleri arasına alınmış olmasıdır. SİSTEM İYİLEŞTİRMESİ VE KURAL ÖNERİSİ: Sisteme şu kural eklenmelidir: 'İstemci dar çeviri (narrow transcription) talep ettiğinde sonucu daima köşeli ayraç [...] simgeleri içerisinde ilet, kod katmanında geniş çeviri formatı olan /.../ yapısının basılmasını engelle.'",/du.a.ˈjɯ/,true
dur,/ˈduɾ/,d u ɾ,0.98,"DOĞRU KURALLAR: Tek heceli bir kelimedir ve vurgu doğal olarak bu hecededir [ˈduɾ]. Hece başındaki 'd' ötümlü bir patlayıcıdır ve aspirasyon almaz. 'u' arka-yuvarlak dar ünlüdür. Kelime sonundaki 'r' sesi standart dar çeviride [ɾ] (dişeti tek vuruşlu) olarak gösterilir. HATA ANALİZİ: Referans 1, kelime sonu 'r' sesinin ötümsüzleştiği varyantı temsil eden ancak izin verilen sembol havuzunda bulunmayan diyakritikli bir sembol kullanmıştır. Referans 2 ise doğru fonemleri tespit etmiş ancak dar çeviri standardı olan köşeli parantez yerine geniş çeviri (slash) kullanmıştır. SİSTEM İYİLEŞTİRMESİ VE KURAL ÖNERİSİ: Sisteme şu kural eklenmelidir: 'Sembol Havuzu Denetimi: Transkripsiyon üretirken sadece izin verilen sembol havuzunu kullan. Kelime sonu /r/ sesleri için ekstra diyakritik ekleme, daima [ɾ] sembolünü tercih et. Ayrıca dar çevirilerde daima köşeli parantez kullan.'",/duɾ̞̊/,false
duy,/ˈduj/,d u j,1,DOĞRU KURALLAR: Vurgu: Tek heceli kelimelerde vurgu kelimenin başında yer alır [ˈ]. Ünsüzler ve Ünlüler: Kelime başı ötümlü diş-yuva patlayıcısı aspire edilmez [d]. 'u' kalın yuvarlak ünlüdür [u]. 'y' sesi sürtünmesiz damak ünsüzüdür ve [j] olarak transkribe edilir. HATA ANALİZİ: Referans 1 vurgu işaretini unutmuş ve geniş çeviri (eğik çizgi) kullanmıştır. Referans 2 vurguyu doğru belirtmiş ancak dar çeviri (köşeli parantez) kuralını ihlal etmiştir. SİSTEM İYİLEŞTİRMESİ VE KURAL ÖNERİSİ: 1) 'Tek heceli kelimelerde birincil vurguyu (ˈ) kelimenin başına sabitle.' 2) 'Dar çeviri görevlerinde çıktıları daima köşeli parantez [...] içine al ve eğik çizgi /.../ kullanımını engelle.',/duj/,false
duyuramadıklarımızı,/du.ju.ˈɾa.ma.dɯk.ɫa.ɾɯ.mɯ.zɯ/,d u j u ɾ a m a d ɯ k ɫ a ɾ ɯ m ɯ z ɯ,0.95,"DOĞRU KURALLAR: Kelime, yeterlilik fiilinin olumsuzunu (-ama) barındıran bir sıfat-fiil grubudur. Türkçede fiillerde ve fiillerden türeyen bazı isim/sıfat yapılarında olumsuzluk eki (-ma/-me) vurgu almaz ve birincil vurguyu daima kendinden bir önceki heceye atar. Bu kelimede olumsuzluk ekinden önceki 'ra' hecesi vurguludur. Ayrıca kalın ünlü dizilimi nedeniyle 'l' sesi velarize/kalın varyant [ɫ] ile transkribe edilmelidir. HATA ANALİZİ: Referans 1, kelimeyi standart bir isim formasyonu sanarak vurguyu kelimenin en sonuna atmıştır. Referans 2 ise vurguyu fonolojik olarak hiçbir dayanağı olmayan '-dık' hecesine koymuştur. Her iki çıktı da olumsuzluk ekinin vurgu kurallarını işletememiştir. SİSTEM İYİLEŞTİRMESİ VE KURAL ÖNERİSİ: Algoritmaya şu katı kural eklenmelidir: 'Vurgu İstisnası: Eğer kelime fiil veya fiilimsi (sıfat-fiil vb.) içeriyor ve -ma/-me olumsuzluk ekine sahipse, standart kelime sonu vurgu kuralını iptal et. Birincil vurguyu (ˈ) her zaman olumsuzluk ekinden bir önceki heceye yerleştir.'",/du.ju.ɾa.ma.dɯk.ɫa.ɾɯ.mɯ.ˈzɯ/,false
dökmesindeki,/dœc.me.sin.ˈde.cʰi/,d œ c m e s i n d e cʰ i,0.95,"DOĞRU KURALLAR: Kelimedeki '-ki' aitlik eki tıpkı bir enklitik gibi davranarak vurguyu üzerine almaz, kendinden önceki heceye atar; bu sebeple vurgu bulunma durum eki olan '-de' üzerindedir [ˈde]. (Sözcüğün gövdesi isim-fiil ('dökme') olarak analiz edilmiştir; olumsuzluk yapısı olsaydı vurgu gövdenin ilk hecesine düşerdi). Ünsüz uyumu ve aspirasyon kaidelerine göre: İnce ünlülerle (ö, e, i) aynı hecede veya bitişik olan 'k' sesi damaksıllaşarak [c] olur. 'dök' hecesinin sonundaki 'k', hece kapatıcı (coda) konumda olduğu için yalın [c] varyantıyla okunurken; son hecedeki 'ki', hece başı (onset) tıkamalı ünsüzü olduğundan aspire edilerek [cʰ] biçiminde kodlanmalıdır. HATA ANALİZİ: Referans 1, '-me' ekini bağlam olmaksızın otomatikman olumsuzluk eki kabul edip vurguyu en başa alarak hata yapmış ve hece sonundaki ince 'k' sesini damaksıllaştırmayıp kalın [k] bırakmıştır. Referans 2, kelimedeki morfolojik dizilimi bozmuş ('nin.ˈdi.ci'), araya ilgisiz heceler üretmiş, sesletim kurallarını bütünüyle ihmal etmiş ve aspirasyonu atlamıştır. SİSTEM İYİLEŞTİRMESİ VE KURAL ÖNERİSİ: Algoritmik kodlamaya şu kurallar entegre edilmelidir: 1) 'Damaksıl Varyant ve Aspirasyon Koordinasyonu: Eğer 'k' harfi [e, i, œ, y] ünlüleriyle komşuysa daima damaksıl [c] olarak işle. Bu [c] sesi hece başlangıcındaysa aspire ederek [cʰ] varyantına çevir, hece sonundaysa yalın [c] olarak tut.' 2) '-ki Eki Vurgu Kaydırma Kuralı (Hardcoded): İlgi ve sıfat türeten '-ki' eki aslen vurgu almaz. Sözcük sonundaki dizilimde '-ki' eki yer alıyorsa, kelime sonuna atanan standart vurgu kuralını geçersiz kıl ve birincil vurguyu (ˈ) kesinlikle '-ki' parçasından bir önceki heceye raptet.'",/ˈdœk.me.sin.de.cʰi/,false
dökülmesindeki,/dœ.cʰyl.me.sin.de.ˈcʰi/,d œ cʰ y l m e s i n d e cʰ i,0.95,"DOĞRU KURALLAR: 1) Vurgu: Kelime sonundaki '-ki' aitlik/sıfat yapan ektir ve Türkçe standart vurgu kuralı gereği kelimenin son hecesinde birincil vurguyu üzerine alır. Öncesindeki '-me' eki sonrasında bulunma hal eki (-de) alabildiği için tartışmasız biçimde isim-fiildir; bu yüzden vurguyu olumsuzluk eki gibi kendinden önceki heceye geri itmez. 2) Damaksıllaşma ve Aspirasyon: Ön sıradan (ince) ünlülerin (ö, ü, e, i) yanında bulunan 'k' sesi damaksıllaşarak [c] varyantına dönüşür. Söz konusu ses hem 'kül' hem de 'ki' hecelerinde ötümsüz olarak hece başında konumlandığı için aspire (soluklanma) özelliğine katılır ve [cʰ] olarak kullanılır. HATA ANALİZİ: Ref 1, kelimenin morfolojik bağlamını analiz edememiş ve '-me' ekini ezbere analizle olumsuzluk eki zannederek vurguyu bir önceki heceye (ˈcʰyl) sabitlemiştir. Ref 2 ise birincil vurgu işaretini algoritmasına hiç katmamış, düz varyant çıktısı vermiştir. SİSTEM İYİLEŞTİRMESİ VE KURAL ÖNERİSİ: Sisteme eklenecek kurallar: 1) 'Morfolojik Vurgu İstisnası Analizi: Bir formun içinde -ma/-me varyantından hemen sonra -da/-de/-dan vb. hal ekleriyle aitlik yapısı (-ki) bitişik olarak geliyorsa, -me eki mutlaka isim-fiildir. Olumsuzluk eki kuralını ezip geçersiz kıl ve vurguyu kelimenin en sonuna at.' 2) 'Hece Başı Palatal Aspirasyon Kuralı: İnce ünlü bölgesindeki ötümsüz [k] sesini daima damaksıl [c] varyasyonu yap, hece başındayken de bu yapıya aspirasyon markörü [ʰ] bağla.'",/dœ.ˈcʰyl.me.sin.de.cʰi/,false
dönmeciliğinden,/dœn.me.dʒi.li.jin.ˈdæn/,d œ n m e d͡ʒ i l i j i n d æ n,1,"DOĞRU KURALLAR: Türkçe sesbilgisi kurallarına göre kelimenin hecelemesi 'dön.me.ci.li.ğin.den' şeklindedir ve vurgu sistemde herhangi bir vurugusuzluk özellikli ek barınmadığı için son hecededir. 'c' grafemi, ötümlü patlayıcı-sızmalı [dʒ] sesine karşılık gelir. İki ince ünlü (i-i) arasında kalan yumuşak g (ğ) daralma-sürtünme neticesinde [j] ünsüzüne dönüşür. Son hecedeki 'e', kapalı hecede son ses [n] olduğu için açılarak açık 'e' [æ] varyantına evrilir ([dæn]). HATA ANALİZİ: Ref 1, genel fonetik süreçleri doğru analiz etmiş ancak izin verilmeyen bağ işaretli (tie-bar) [d͡ʒ] karakteri girdiği için hatalıdır. Ref 2, hem bağ işaretli [t͡ʃ] karakterini kullanmış hem bir ötümsüzleşme (sertleşme) koşulu bulunmamasına rağmen 'c' fonemini sert ünsüze çevirmiş hem de vurguyu yanlışlıkla ayrılma durumu ekinden önceki heceye kaydırmıştır. SİSTEM İYİLEŞTİRMESİ VE KURAL ÖNERİSİ: Sistemin algoritmasına şu katı kuralları tanımla: 1) 'Afrigat Dönüşümü: İzin verilen sembol havuzunda bağ işareti (tie-bar) yoktur; 'c' harfini haritalarken daima doğrudan [dʒ] kullan.' 2) 'Ünsüz Benzeşmesi (Hardcoded Rule): Bir kök veya gövde sert ünsüzlerden (f, s, t, k, ç, ş, h, p) biriyle bitmiyorsa, ona eklenen '-ci' ekinin başındaki ünsüz asla [tʃ] olarak sertleşemez; bunu [dʒ] olarak koru.' 3) 'Yapısal Vurgu Kontrolü: İsim çekim ekleri olan iyelik ve durum (örn: -den) ekleri vurguyu aksi bir istisnai ek içermedikçe (örn: -cene, -le) üzerine çeker; bu yüzden standart kelimelerde vurguyu son hecenin sınırında işaretle.'",/dœn.me.d͡ʒi.li.jin.ˈdæn/,false
döven,/dœ.ˈvæn/,d œ v æ n,0.95,"DOĞRU KURALLAR: Vurgu, kelimenin son hecesindedir (sıfat-fiil eki '-en' vurgu alır). İlk hecedeki 'ö' ünlüsü standart [œ] olarak transkribe edilir. İkinci hecedeki 'e' ünlüsü, hece sonunda yer alan 'n' genizsil ünsüzünün etkisiyle (akıcı/genizsil öncesi e) açılarak [æ] sesine dönüşür. İki ünlü arasındaki 'v' sesi, ardından düz bir ünlü geldiği için dişdudaksıl [v] formunda korunur. HATA ANALİZİ: Referans 1, açık 'e' [æ] kuralını doğru tespit etmiş ancak 'v' sesi için izin verilen sembol havuzunda bulunmayan, diyakritik işaretli [β̞] sembolünü üreterek kısıtlamaları ihlal etmiştir. Referans 2 ise 'e' sesinin 'n' önünde açılmasını (æ) atlayarak kapalı [e] kullanmış ve dar çeviri detayını kaçırmıştır. SİSTEM İYİLEŞTİRMESİ VE KURAL ÖNERİSİ: Sisteme şu iki kural tanımlanmalıdır: 1) Sembol Kısıtlaması: Çıktı üretirken sadece tanımlı sembol havuzunu kullan, havuz dışı veya alt/üst diyakritik eklenmiş (örn: β̞) varyantları kesinlikle filtrele. 2) Açık E Kuralı: Eğer /e/ ünlüsü /m, n, l, r/ ünsüzleriyle biten kapalı bir hecede yer alıyorsa (örn: -en, -el), bu ünlüyü her zaman açık [æ] olarak transkribe et.",/dœ.ˈβ̞æn/,false
dün,/ˈdyn/,d y n,1,"DOĞRU KURALLAR: Sözcük tek hecelidir. 'd' ötümlü (voiced) bir patlayıcı olduğu için aspirasyon almaz [d]. 'ü' ünlüsü kapalı, ön ve yuvarlak [y] olarak; 'n' ise dişyuvasıl genizsil ünsüz [n] olarak kodlanır. Yalıtılmış söylemde tek heceli kelimeler vurguludur, bu yüzden hece başına [ˈ] eklenir. HATA ANALİZİ: Referans 1, tek heceli kelimede birincil vurgu işaretini atlamıştır. Referans 2 ise vurguyu doğru bilmiş ancak her iki referans da dar çeviri (narrow transcription) formatı yerine geniş çeviri formatı kullanmıştır. SİSTEM İYİLEŞTİRMESİ VE KURAL ÖNERİSİ: Sisteme şu kurallar eklenmelidir: 1) 'Tek Heceli Vurgu Kuralı: Tek heceli sözcükler yalıtılmış okunduğunda birincil vurguyu (ˈ) kelimenin en başına ekle.' 2) 'Ötümlü Ünsüz Kontrolü: [d, b, ɡ, dʒ, ɟ] gibi ötümlü ünsüzlerde aspirasyon (ʰ) kuralını kesinlikle işletme.' 3) 'Dar Çeviri Formatı: Çıktıları eğik çizgi değil, daima köşeli parantez içine al.'",/dyn/,false
düşün,/dy.ˈʃyn/,d y ʃ y n,1,"DOĞRU KURALLAR: Kelime emir kipindeki bir eylem ('düşün-') veya iyelik eki almış isim ('düş-ün') olarak değerlendirildiğinde vurgu son hecededir [dy.ˈʃyn]. Kelimedeki sesler (d, y, ʃ, n) temel varyantlarıyla telaffuz edilir; aspirasyon veya damaksıllaşma gibi ek bir sesbilgisel olay yoktur. HATA ANALİZİ: Referans çıktılar ses birimlerini, hece sınırlarını ve vurgu yerini kusursuz tespit etmiştir. Ancak fonetik analizde dar çeviri (narrow transcription) istendiğinde çıktının köşeli parantez [...] ile gösterilmesi gerekirken, sistem bunu fonemik (geniş) çeviri formatında /.../ göstermiştir. SİSTEM İYİLEŞTİRMESİ VE KURAL ÖNERİSİ: Sisteme şu kural eklenmelidir: 'Çıktı Formatı: Dar çeviri (narrow transcription) üretirken, üretilen IPA dizisini her koşulda eğik çizgi /.../ yerine köşeli parantez [...] içerisine al.'",/dy.ˈʃyn/,true
edemeyecekleri,/e.de.me.je.d͡ʒæc.le.ˈɾi/,e d e m e j e d͡ʒ æ c l e ɾ i,0.95,"DOĞRU KURALLAR: Kelimede birincil vurgu kurala uygun olarak son hecededir [-ˈɾi]. Gelecek zaman eki '-ecek' içindeki 'k' ünsüzü, kendisinden önceki ince ünlülerin (e, i) etkisiyle damaksıllaşarak (palatalization) hece sonunda [c] olarak üretilir. Kapalı hecelerde, özellikle [c, l, m, n, ɾ] gibi ünsüzlerden önce yer alan 'e' ünlüsü, daha açık bir allofona dönüşerek [æ] halini alır. Ayrıca, konuşma dilinde 'y' kaynaştırma sesinin önceki 'e' ünlüsünü daraltması (edemiyecek) sık görülse de standarda bağlı dar transkripsiyonda bu durum yazım yapısı referans alınarak [e.de.me.je...] biçiminde korunur. HATA ANALİZİ: Referans 1, ince ünlü bağlamındaki damaksıl [c] ve kapalı hecedeki açık [æ] kullanımında kusursuzdur. Referans 2 ise ince ünlü bağlamı istisnasını işletememiş ve '-cek' hecesinin sonunda kalın art damak (velar) [k] kullanma hatasına düşmüştür. SİSTEM İYİLEŞTİRMESİ VE KURAL ÖNERİSİ: Sisteme şu algoritmik kurallar eklenmelidir: 1) 'Damaksıllaşma (Palatalization): Ön (ince) ünlülerden [e, i, œ, y] sonra gelen ve hece kapatan k grafemini daima damaksıl patlayıcı [c] ile haritalandır.' 2) 'Açık e Varyantı (Allophony): Kapalı hecelerin içinde yer alan ve sonrasında [c, l, m, n, ɾ] ünsüzleri gelen e harflerini açık [æ] allofonu ile dönüştür (-cek -> [d͡ʒæc]).'",/e.de.me.je.d͡ʒæc.le.ˈɾi/,true
edilmişliğe,/e.dil.miʃ.li.ˈje/,e d i l m i ʃ l i j e,0.95,"DOĞRU KURALLAR: Kök durumundaki 'et-' fiili, ünlüyle başlayan '-il' edilgenlik ekini aldığında ünsüz yumuşamasına (ötümlüleşmeye) uğrar ve 't' sesi [d] olarak gerçekleşir. '-lik' yapım ekinin sonundaki 'k' sesi, ünlüyle başlayan '-e' yönelme hâli ekini aldığında yazımda 'ğ'ye dönüşür. Fonetik olarak, 'i' ve 'e' gibi ön (ince) ünlüler arasında kalan 'ğ', damaksıl bir kayıcı olan [j] sesine evrilir. Standart Türkçe kurallarına göre birincil vurgu sözcük sonundaki yönelme hâli ekindedir. HATA ANALİZİ: İki referans da ünsüz yumuşamalarını ve [j] geçişini doğru tespit etmiştir. Ancak her iki çıktı da dar çeviri (narrow transcription) prensiplerine uymamış, köşeli parantez [...] yerine geniş çeviri /.../ sembolünü kullanarak format hatası yapmıştır. SİSTEM İYİLEŞTİRMESİ VE KURAL ÖNERİSİ: Sistemin algoritmasına şu iki kural eklenmelidir: 1) 'Format Kuralı: İstenilen çeviri türü dar (narrow) ise, çıktılar istisnasız köşeli parantez [...] içine alınmalıdır.' 2) 'Grafem-Fonem Haritalaması: Ön ünlüler (e, i, ö, ü) arasında kalan 'ğ' grafemini her zaman damaksıl sürtünmesiz [j] olarak çevir ve hece başlangıcına yerleştir.'",/e.dil.miʃ.li.ˈje/,true
efendilere,/e.fæn.di.le.ˈɾe/,e f æ n d i l e ɾ e,0.95,"DOĞRU KURALLAR: 1) Vurgu: Sözcük Türkçe sondan eklemeli yapıya uygun olarak birincil vurguyu son hecede taşır; yönelme durum eki '-e' vurguludur [ˈɾe]. 2) Ünlü Açılması: İkinci hecedeki 'e', heceyi kapatan 'n' akıcı ünsüzünün etkisiyle (e > æ / _ {m,n,l,r} $) açık [æ] olarak telaffuz edilir ([fæn]). 3) Ünsüzler: Kelime ince ünlülerden oluştuğu için 'l' standart ince/öndamak varyantındadır [l]. Hece başı 'r' tek vuruşludur [ɾ]. HATA ANALİZİ: Referans çıktılar doğru sesleri ve 'æ' allofonunu başarıyla tespit etmiş, ancak dar çeviri (narrow transcription) kurallarının gösterim biçiminde teorik bir hata yapmıştır. Sistem, [æ] ve [ɾ] gibi yalnızca dar çeviriye ait allofonları kullanarak bunları fonemik (geniş) çeviriyi simgeleyen eğik çizgi (/.../) sembolleri arasına yerleştirmiştir. SİSTEM İYİLEŞTİRMESİ VE KURAL ÖNERİSİ: Sisteme şu gösterim (notation) kuralı katı bir şekilde eklenmelidir: 'Karakter Sınırlandırma (Bracketing): Eğer çıktı [æ], [ɾ], [c] gibi bağlamsal allofonlar içeriyorsa (dar çeviri yapılıyorsa), elde edilen transkripsiyonu KESİNLİKLE fonemik eğik çizgiler (/.../) ile değil, fonetik köşeli ayraçlar ([...]) ile sınırlandır.'",/e.fæn.di.le.ˈɾe/,true
efkarım,/ef.cʰaː.ˈɾɯm/,e f cʰ aː ɾ ɯ m,0.95,"DOĞRU KURALLAR: Kelime Arapça kökenlidir ('efkâr'). Bu sözcükteki 'k' ünsüzü ince (damaksıl) [c] varyantıyla telaffuz edilir ve hece başında olduğu için solukludur (aspire edilir) [cʰ]. Damaksıl 'k' sesinden sonra gelen 'a' ünlüsü uzundur [aː]. Birinci tekil şahıs iyelik eki (-ım) alan kelimede birincil vurgu son hecededir [ˈɾɯm]. HATA ANALİZİ: Referans çıktılar kelimedeki alıntı kökenli istisnai sesletimi atlamıştır. İnce 'k' ve uzun 'a' yerine, kalın [kʰ] ve kısa [a] kullanarak [kʰa] şeklinde hatalı bir çeviri üretmişlerdir. Ayrıca ilk hecedeki 'e' sesi, [l, m, n, r] gibi bir akıcı veya genizsil ünsüzle değil, [f] sürtünmelisiyle kapandığı için standart [e] olarak kalmalıdır; referansların bunu açık [æ] yapması hatalıdır. SİSTEM İYİLEŞTİRMESİ VE KURAL ÖNERİSİ: Sistemin kurallarına şunlar eklenmelidir: 1) 'Alıntı Sözcük Kuralı: Geleneksel yazımında veya okunuşunda ince kâ/gâ/lâ dizilişi barındıran Arapça ve Farsça kökenli kelimelerde (efkâr, dükkân, rüzgâr vb.), k/g seslerini daima damaksıl [c, ɟ] olarak haritala ve takip eden a ünlüsünü uzun [aː] olarak dönüştür.' 2) 'Açık E Kuralı Güncellemesi: /e/ ünlüsünü açık [æ] varyantına daha çok hece sonu [m, n, l, r] ünsüzleriyle kapandığında dönüştür, [f, s, ʃ, v, z, ʒ] gibi sürtünmelilerle biten hecelerde standart [e] varyantını koru.'",/æf.kʰa.ˈɾɯm/,false
ekleyeceğimiz,/ec.le.je.dʒe.ji.ˈmiz/,e c l e j e d͡ʒ e j i m i z,0.95,"DOĞRU KURALLAR: 1) Velar İncelmesi (Damaksıllaşma): Türkçe fonotaktik kuralları gereği ince ünlü ('e') yanındaki 'k' sesi, ön-damak patlayıcısı olan [c] sesine dönüşür ('ek' -> [ec]). 2) Yumuşak G (ğ) Kuralı: İnce ünlüler arasında (e-i) kalan 'ğ' harfi damaksıl sürtünmesiz [j] olarak sesletilir ('eği' -> [e.ji]). 3) Açık/Kapalı 'e' (æ/e) Dağılımı: 'e' ünlüsü ancak hece sonunda [m, n, l, ɾ] gibi akıcı veya genizcil bir ünsüz varsa [æ] şekline açılır. Patlayıcı/sürtünmeli ünsüzlerle biten (c, t, p, s vb.) hecelerde kapalı [e] olarak korunur. 4) Vurgu: Standart kural gereği ek vurguyu son heceye taşır ([ˈmiz]). HATA ANALİZİ: Referans 1, 'ğ' ve 'k' seslerinin fonetik dönüşümlerini (j, c) doğru analiz etmesine rağmen, ilk hecedeki 'e' sesini ezbere [æ] yaparak açık/kapalı ünlü kuralını ihlal etmiştir. Referans 2 ise hem 'e' sesini hatalı açmış hem de 'k' sesini ince ünlü yanında kalın [k] formunda bırakarak uyum kurallarından sapmıştır. SİSTEM İYİLEŞTİRMESİ VE KURAL ÖNERİSİ: Algoritmaya şu net kurallar eklenmelidir: 1) 'Açık e (æ) Filtresi: Kapalı hecelerdeki e sesinden sonra gelen ünsüz m, n, l, ɾ değılse, bu sesi daima [e] olarak haritala.' 2) 'Damaksıl Uyum Kontrolü: k, g ve l harfleri e, i, ö, ü ince ünlüleriyle temas ediyorsa, mutlak suretle damaksıl bürünümlerini (c, ɟ, l) kullan; kalın k veya g bırakma.'",/æc.le.je.d͡ʒe.ji.ˈmiz/,false
el,/ˈæl/,æ l,0.95,"DOĞRU KURALLAR: Kelime tek hecelidir. Türkçede 'e' ünlüsü kapalı hecelerde ve l, m, n, r gibi akıcı ünsüzlerden önce geldiğinde açılarak [æ] olarak sesletilir. İnce ünlüyle beraber kullanılan 'l' sesi standart ince [l] varyantıdır. Tek heceli kelimelerde vurgu ilk ve tek hecededir. HATA ANALİZİ: Referans çıktılar [æ] ünlü açılmasını doğru tespit etmiştir, ancak dar çeviri kurallarına uymayarak köşeli parantez yerine eğik çizgi kullanmış ve kelime düzeyindeki vurgu işaretini atlamışlardır. SİSTEM İYİLEŞTİRMESİ VE KURAL ÖNERİSİ: Sistemin algoritmasına şu kurallar eklenmelidir: 1) 'Bir hecedeki e ünlüsünden hemen sonra aynı hece içinde l, m, n, ɾ ünsüzleri geliyorsa, e sesini daima açık æ olarak transkribe et.' 2) 'Tek heceli sözcükler dahil tüm kelimelerin dar çevirisinde hece başına birincil vurgu işaretini (ˈ) koy.'",/æl/,false
elektronik devreler,/e.lec.tʰɾo.ˈnicdæv.ɾe.ˈlæɾ/,e l e c tʰ ɾ o n i c d æ v ɾ e l æ ɾ,0.88,"DOĞRU KURALLAR: Kelimeler Türkçenin fonotaktik sınırlarına ve kurallarına göre 'e.lek.tɾo.nik' ve 'dev.ɾe.ler' olarak hecelenir. Birincil vurgular en son hecededir. İnce ünlülerle (e, i) aynı/yakın pozisyonda temas eden 'k' ünsüzü damaksıllaşarak [c] olur ('lek' -> [lec], 'nik' -> [nic]). Kapalı hece sonunda yer alan akıcı ve sızmalı ünsüzlerden (l, r, v vb.) önce gelen 'e' ünlüsü açıklaşarak [æ] varyasyonuna dönüşür ('dev' -> [dæv], 'ler' -> [læɾ]). 'tro' hecesinin başındaki ötümsüz patlayıcı 't' sesi aspire edilerek [tʰ] olur. HATA ANALİZİ: Referans 1, 'e.lækt.ɾo' şeklinde bölerek Türkçe heceleme kurallarını ihlal etmiş, ötümsüz 'k' patlayıcısı öncesinde 'e' ünlüsünü kuralsızca [æ] yapmış ve izin verilen havuzda bulunmayan [ɾ̞̊] sembolünü üretmiştir. Referans 2 ise ince 'k' sesindeki damaksıllaşmaları ([c]) ve 'e' seslerindeki açıklaşmaları ([æ]) tamamen göz ardı ederek bağlamsız geniş (broad) çeviri kullanmıştır. SİSTEM İYİLEŞTİRMESİ VE KURAL ÖNERİSİ: Sisteme şu kalıcı kurallar entegre edilmelidir: 1) 'Yabancı kökenli ünsüz yığılmalarını (ktr) mutlaka standart Türkçe heceleme kuralına (VCC.CV) göre böl ve elekt-ro değil elek-tro mantığını işlet.' 2) 'İnce ünlülerle (e, i, ö, ü) temas eden [k, ɡ] seslerini algıladığında doğrudan [c, ɟ] olarak transkribe et.' 3) 'Kapalı hece sonunda [v, l, m, n, ɾ] bulunuyorsa, bu hecedeki [e] sesini her zaman [æ] varyantına eşle; ancak [k, p, t] gibi ötümsüz patlayıcılar var ise [e] olarak bırak.' 4) 'Çıktı aşamasında sonuç sembollerini mutlaka izin verilen kısıtlı set ile denetle ve hatalı glifleri filtrele.'",/e.lækt.ɾo.ˈnicdæv.ɾe.ˈlæɾ̞̊/,false
eleştiremeyince,/e.leʃ.ti.ɾe.me.ˈjiɲ.dʒe/,e l e ʃ t i ɾ e m e j i ɲ d͡ʒ e,0.95,"DOĞRU KURALLAR: 1. Vurgu: Türkçede zarf-fiil eki olan '-ınca/-ince', vurguyu her zaman kendi ilk hecesine (yani ekin ünlü sesine) çeker. Bu kelimede vurgu 'yin' hecesindedir [ˈjiɲ]. 2. Ünsüz Benzeşmesi (Damaksıllaşma): Dişyuvası-genizcil /n/ ünsüzü, kendisinden hemen sonra gelen art-dişyuvası/damaksıl /dʒ/ (c) sesinin gerileyici ünsüz benzeşmesi etkisiyle damaksıllaşarak [ɲ] sesine dönüşür. 3. Aspirasyon Kaybı: /s/ ve /ʃ/ gibi sürtünmeli ünsüzlerden hemen sonra gelen ötümsüz patlayıcılar (/p/, /t/, /k/) aspirasyon (solukluluk) özelliklerini yitirir; dolayısıyla [tʰ] yerine [t] üretilir. HATA ANALİZİ: Referans 1, 'n' sesini başarıyla [ɲ] varyantına dönüştürmüş olsa da, vurguyu hatalı bir şekilde sözcük köküne atmış, deaspirasyon (solukluluk yitimi) kuralını atlayarak /t/ sesini [tʰ] işlemiş ve hece ortasında hiçbir daraltıcı/kalınlaştırıcı ünsüz olmadığı halde gereksiz yere [æ] sembolü kullanmıştır. Referans 2 ise damaksıllaşmayı işletmemiş, birincil vurguyu göstermemiştir. SİSTEM İYİLEŞTİRMESİ VE KURAL ÖNERİSİ: Sisteme şu kalıcı kurallar entegre edilmelidir: 1) 'Vurgu İstisnası: Sözcük (-ınca/-ince) zarf-fiil ekini barındırıyorsa, kelime sonu veya kök vurgu kurallarını iptal et ve birincil vurguyu (ˈ) ekin ilk hecesine sabitle.' 2) 'Küme İçi Deaspirasyon: Eğer [p, t, k, c] gibi patlayıcılar /s/ veya /ʃ/ sürtünmelisini hemen takip ediyorsa aspirasyon tagı ekleme.' 3) 'Damaksıllaşma: /n/ sesi /dʒ/ ve /tʃ/ seslerinden önce geldiğinde her zaman [ɲ] olarak transkribe et.'",/e.læʃ.ˈtʰi.ɾe.me.jiɲ.d͡ʒe/,false
elletti,/æl.let.ˈtʰi/,æ l l e t tʰ i,0.9,"DOĞRU KURALLAR: Geçmiş zaman eki olan '-ti' vurgu taşır, bu nedenle vurgu son hecededir. İlk hecedeki 'e' ünlüsü, kapalı hecede 'l' akıcısından önce geldiği için açık [æ] olarak telaffuz edilir. İkinci hecedeki 'e' ise 't' patlayıcısından önce bulunduğu için standart [e] olarak kalır. İkizleşen (geminate) ötümsüz patlayıcılardan (tt) hece başında olan ikincisi soluklu (aspire) okunur [tʰ]. HATA ANALİZİ: Referans 1, açık 'e' [æ] kuralını gereğinden fazla genelleyerek 't' ile biten ikinci heceye de hatalı şekilde uygulamıştır. Referans 2 ise standart yazımı doğrudan kopyalamış, [æ] alofonunu ve hece başı [tʰ] aspirasyonunu tamamen göz ardı etmiştir. SİSTEM İYİLEŞTİRMESİ VE KURAL ÖNERİSİ: Sisteme şu kurallar eklenmelidir: 1) 'Açık e (æ) Bağlamı: /e/ ünlüsü kapalı hecelerde l, m, n, r akıcı/genizsil ünsüzlerinden önce [æ] sesine dönüşür, t, k, p gibi patlayıcılardan önce standart [e] kalır.' 2) 'İkiz Ünsüz Aspirasyonu: Yan yana gelen ötümsüz patlayıcılarda (örn: t.t), hece sonunda kalan ilk ünsüzü yalın bırak, hece başındaki ikinci ünsüzü kesinlikle aspire et (örn: [t.tʰ]).'",/æl.læt.ˈtʰi/,false
elvana,/æl.va.ˈna/,æ l v a n a,0.95,"DOĞRU KURALLAR: İlk hecedeki 'e' ünlüsü, kapalı hecede 'l' akıcı ünsüzünden önce geldiği için açılarak [æ] sesine dönüşür ([æl]). İnce ünlüyle başlayan hecenin sonundaki 'l', öncülündeki ünlüyle uyumlu olarak ince/şeffaf [l] biçiminde gerçekleşir. 'v' ünsüzü akıcı bir ünsüzden sonra geldiği için standart diş-dudak [v] olarak kalır. Yönelme durumu eki (-a) vurguyu kendi üzerine çeker, bu nedenle birincil vurgu son hecededir. HATA ANALİZİ: Referans çıktılar, 'e' ünlüsünün açılmasını ([æ]) ve kelimedeki standart vurgu yerini doğru tespit etmiştir. Ancak dar çeviri (narrow transcription) standartlarına uymayarak, köşeli ayraç ([...]) yerine geniş (fonemik) çeviri sembolü olan eğik çizgileri (//) kullanma hatasına düşmüşlerdir. SİSTEM İYİLEŞTİRMESİ VE KURAL ÖNERİSİ: Sistemin algoritmasına şu kural eklenmelidir: 'Dar çeviri (narrow transcription) üretimi istendiğinde, nihai fonetik dizilimi kesinlikle köşeli ayraçlar ([...]) içine al ve fonemik çeviri sembolü olan eğik çizgileri (//) kullanmaktan kaçın.'",/æl.va.ˈna/,true
emmeyi,/æm.me.ˈji/,æ m m e j i,0.95,"DOĞRU KURALLAR: Kelime 'em-' fiil köküne isim-fiil eki '-me' ve belirtme hal eki '-i'nin (kaynaştırma ünsüzü 'y' ile) gelmesiyle oluşmuştur. Kapalı hecedeki ve 'm' ünsüzünden önceki 'e' ünlüsü kural gereği açık [æ] olarak telaffuz edilir. İsim-fiil eki olan '-mA', olumsuzluk eki '-mA'nın aksine vurguyu reddetmez; bu nedenle vurgu, standart Türkçe kuralı gereği kelimenin en son hecesine (hal ekine) düşer. HATA ANALİZİ: Referans 1, '-me' ekini olumsuzluk eki (veya emir kipi) sanarak vurguyu ilk heceye atmıştır. Referans 2 ise vurguyu isim-fiil ekinde bırakarak hal ekine kaydırmamıştır. Her iki sistem de kelime sonu vurgusu kuralını işletmemiştir. SİSTEM İYİLEŞTİRMESİ VE KURAL ÖNERİSİ: Sisteme şu kural eklenmelidir: 'Morfolojik Analiz ve Vurgu: -mA ekinin isim-fiil mi yoksa olumsuzluk eki mi olduğunu tespit et. Eğer -mA ardından hal eki (örn. -yI) geliyorsa (isim-fiil durumu), vurguyu olumsuzluk ekindeki gibi önceki heceye atma; standart Türkçe vurgu kuralını işleterek birincil vurguyu (ˈ) kesinlikle kelimenin en son hecesine yerleştir.'",/ˈæm.me.ji/,false
en,/ˈæn/,æ n,0.98,"DOĞRU KURALLAR: Kelime tek hecelidir ve vurguyu kendi üzerinde taşır. Türkçede 'm, n, l, r' gibi genizsil veya akıcı ünsüzlerle kapanan hecelerde 'e' ünlüsü açılarak [æ] alofonuna dönüşür. HATA ANALİZİ: Referans 1, tek heceli kelimenin yalıtılmış okunuşundaki birincil vurguyu (ˈ) atlamıştır. Referans 2 ise dar çeviri yapması gerekirken fonemik gösterim (//) kullanmıştır. SİSTEM İYİLEŞTİRMESİ VE KURAL ÖNERİSİ: Sisteme şu kurallar eklenmelidir: 1) 'Tek heceli kelimelerin yalıtılmış transkripsiyonunda başa mutlaka birincil vurgu (ˈ) işareti koy.' 2) 'Eğer hece 'e' ünlüsü barındırıyor ve 'm', 'n', 'l', 'r' seslerinden biriyle kapanıyorsa, bu ünlüyü dar/kapalı [e] yerine açık [æ] olarak transkribe et.'",/æn/,false
enek,/e.ˈnæcʰ/,e n æ cʰ,0.95,"DOĞRU KURALLAR: Kelime 'e.nek' şeklinde hecelenir. İlk hecedeki 'e' ünlü harfi açık hecede yer aldığı için standart [e] olarak telaffuz edilir. İkinci hece kapalıdır; 'n' ve 'k' ünsüzleri arasındaki 'e' daha açık bir varyant olan [æ] sesine dönüşür. İnce ünlüden sonra gelen kelime sonundaki 'k' sesi damaksıllaşarak [c] olur ve kelime sonu pozisyonunda bulunduğu için ötümsüz patlayıcıların kuralı gereği soluklu (aspirasyonlu) [cʰ] varyantına dönüşür. Vurgu son hecededir. HATA ANALİZİ: Referans 1, ünlüleri ve damaksıllaşmayı doğru bilmiş ancak kelime sonu patlayıcısındaki aspirasyonu [cʰ] atlamıştır. Referans 2 ise ilk açık hecede [e] yerine hatalı bir şekilde açık [æ] kullanmış ve ince ünlü sonrasındaki 'k' sesinin damaksıllaşması gerektiğini atlayarak kalın [k] sembolünü bırakmıştır. SİSTEM İYİLEŞTİRMESİ VE KURAL ÖNERİSİ: Sisteme şu iki kural eklenmelidir: 1) 'Hece Yapısına Bağlı Ünlü Varyasyonu: e/æ değişiminde hece sınırlarını kontrol et; n, m, l, r öncesinde hece kapalıysa [æ], açıksa [e] üret (Örn: ben [bæn], beni [be.ˈni]).' 2) 'Kelime Sonu Damaksıl-Soluklu Kuralı: İnce ünlülerden (e, i, œ, y, æ) sonra gelen kelime sonu k sesini daima damaksıl ve soluklu [cʰ] varyantıyla değiştir.'",/e.ˈnæc/,false
ercili,/æɾ.dʒi.ˈli/,æ ɾ d͡ʒ i l i,0.95,"DOĞRU KURALLAR: Ünlü Açıklaşması: Kapalı hecede 'r', 'l', 'm', 'n' ünsüzlerinden önce gelen 'e' ünlüsü açıklaşarak [æ] sesine dönüşür (er -> [æɾ]). Ünsüzler: 'c' harfi affricate (yarı kapantılı) olarak [dʒ] şeklinde transkribe edilir. Vurgu: Standart Türkçe vurgu kuralına uygun olarak vurgu son hecededir [ˈli]. HATA ANALİZİ: Referans çıktıların her ikisi de fonetik dönüşümü genel hatlarıyla doğru yapsa da, izin verilen sembol havuzunda bulunmayan bağcık (tie-bar) işaretli [d͡ʒ] sembolünü kullanarak kısıtlamaları ihlal etmişlerdir. SİSTEM İYİLEŞTİRMESİ VE KURAL ÖNERİSİ: Sisteme şu kural eklenmelidir: 'Karakter Haritalama (Mapping) ve Format Sınırlandırması: Affricate (yarı kapantılı) sesler olan c ve ç harflerini IPA'ya dönüştürürken kesinlikle bağcık (tie-bar) işareti içeren [d͡ʒ, t͡ʃ] varyantlarını kullanma; bu harfleri sadece havuzda izin verilen [dʒ] ve [tʃ] sembolleriyle haritala.'",/æɾ.d͡ʒi.ˈli/,false
erkekleşip,/æɾ.cʰec.le.ˈʃip/,æ ɾ cʰ e c l e ʃ i p,0.95,"DOĞRU KURALLAR: Türkçe sesbilgisinde 'e' ünlüsü hece sonunda 'r, l, m, n' akıcı ünsüzlerinden birinden önce geldiğinde genellikle açık [æ] olarak gerçekleşir, bu nedenle ilk hece [æɾ] olur. İnce ünlülerle (e, i, ö, ü) komşu olan 'k' sesi damaksıllaşarak (palatalizasyon) [c] olmalıdır. Hece başı ötümsüz patlayıcılar (p, t, k, c) aspire/soluklu okunur; bu doğrultuda 'kek' hecesinin başındaki ses [cʰ], sonundaki ses soluksuz [c] olarak sesletilmelidir. Eklenen '-ip' zarf-fiil eki vurgulanan bir ektir, bu nedenle birincil vurgu kelime sonuna geçer [ˈʃip]. HATA ANALİZİ: Ref 1, izin verilen sembol havuzunda bulunmayan ötümsüz [ɾ̞̊] sembolünü kullanarak sistem dışına çıkmıştır. Ref 2 ise ön ünlü bağlamındaki hece sonu 'k' sesini damaksıllaştırmayı unutarak onu kalın [k] varyantında bırakmış ve fonetik bir tutarsızlığa düşmüştür. SİSTEM İYİLEŞTİRMESİ VE KURAL ÖNERİSİ: Sisteme şu katı yapısal kurallar eklenmelidir: 1) 'Damaksıl Yayılım Filtresi: İnce ünlüler (e, i, œ, y) içeren kelimelerdeki k, g harflerini, hece başı veya hece sonu pozisyonu ayırt etmeksizin daima [c, cʰ, ɟ] olarak haritalandır.' 2) 'Sembol Validasyonu: Çıktı üretildikten sonra son aşamada (post-processing), karakterleri yalnızca verilen havuz tablosu ile doğrula; listede olmayan diyakritikleri veya sesleri (örn. ɾ̞̊) kesin kural olarak engelle veya izin verilen bir yaklaşıklama ile değiştir.'",/æɾ̞̊.cʰæc.le.ˈʃip/,false
erkler,/æɾc.ˈlæɾ/,æ ɾ c l æ ɾ,0.95,"DOĞRU KURALLAR: Vurgu: Standart kural gereği çoğul eki vurguyu üzerine çeker ve vurgu son hecededir (ˈlæɾ). Ünsüzler/Damaksıllaşma (Palatalization): İnce ünlülerle (e/æ) temas halinde olan 'k' sesi, ön-damak (palatal) patlayıcısı olan [c] olarak sesletilir. Ünlü Açıklaşması: 'e' ünlüsü, kapalı hecelerde akıcı ünsüzlerden (r, l) önce açıklaşarak [æ] değerini alır ('erk' ve 'ler' hecelerindeki e'ler [æ] olur). HATA ANALİZİ: Referans 1, sistemin izin verilen sembol havuzunda olmayan diyakritik işaretler (sedasızlaştırma/titreşimsizleştirme) kullanarak (ɾ̞̊) geçersiz karakter hatası yapmıştır. Referans 2 ise ince ünlülerle birlikte kalın/art-damak [k] ünsüzünü kullanarak fonotaktik damaksıllaşma kuralını ihlal etmiştir. SİSTEM İYİLEŞTİRMESİ VE KURAL ÖNERİSİ: Sisteme şu katı kurallar eklenmelidir: 1) 'Sembol Filtrelemesi: Sadece izin verilen sembol havuzunu kullan, harici diyakritik işaretleri (örn. ̥, ̞) mutlaka temizle.' 2) 'Damaksıllaşma (Palatalization): İnce ünlüler ([e, i, œ, y, æ]) ile aynı hecede bulunan veya komşu olan 'k' ve 'g' grafemlerini, istisnasız olarak damaksıl varyantları olan [c] ve [ɟ] olarak transkribe et.'",/æɾ̞̊c.ˈlæɾ̞̊/,false
ertenin,/æɾ.tʰe.ˈnin/,æ ɾ tʰ e n i n,0.95,"DOĞRU KURALLAR: Kelimenin ilk hecesindeki 'e' ünlüsü, 'r' akıcı ünsüzüyle kapanan bir hecede yer aldığı için kural gereği açık 'e' [æ] varyantına dönüşür. İkinci hece açık olduğu için [e] olarak kalır. Hece başındaki ötümsüz patlayıcı 't' aspire edilerek [tʰ] olarak sesletilir. Kelime isim çekim eki almıştır ve vurgu son hecededir [ˈnin]. HATA ANALİZİ: Referans 1, sistemin izin verilen sembol havuzunda bulunmayan ekstra diyakritiklere sahip 'ɾ̞̊' sembolünü kullanarak kısıtlamayı ihlal etmiştir. Referans 2 ise 't' sesini aspire etmemiş ve ikinci hecedeki 'e'yi açık hece olmasına rağmen hatalı şekilde [æ] yapmıştır. SİSTEM İYİLEŞTİRMESİ VE KURAL ÖNERİSİ: Algoritma için şu kurallar eklenmelidir: 1) Sembol Validasyonu: Çıktı oluştururken yalnızca belirtilen havuzu kullan, dışındaki diyakritikleri (örn. ɾ̞̊) filtrele. 2) e/æ Dağılımı: e ünlüsü l, m, n, r ile biten kapalı bir hecedeyse [æ], açık hecelerde [e] olarak haritalanmalıdır. 3) Aspirasyon Kuralı: Hece başındaki p, t, k, c patlayıcılarını pʰ, tʰ, kʰ, cʰ olarak aspire et.",/æɾ̞̊.tʰe.ˈnin/,false
eski,/æs.ˈci/,æ s c i,0.95,"DOĞRU KURALLAR: Kelimenin ilk hecesindeki 'e', kapalı hecede yer aldığından açık ünlü [æ] olarak sesletilir. İnce 'i' ünlüsünün etkisiyle 'k' ünsüzü damaksıllaşarak [c] varyantına dönüşür. 's' sürtünmelisinden hemen sonra gelen ötümsüz patlayıcılar (p, t, k, c) aspirasyon (soluklanma) özelliğini kaybeder; bu nedenle [c] yalın kalır. Vurgu düzenli olarak son hecededir. HATA ANALİZİ: Referans çıktılar grafem-fonem dönüşümünde damaksıllaşmayı (c) doğru yakalamış, ancak hece başındaki ötümsüz patlayıcıların daima aspire edileceği şeklinde ezbere bir kural işleterek 'cʰ' hatasına düşmüştür. 's' ünsüzünden sonraki soluksuzlaşma istisnası bilinmemektedir. SİSTEM İYİLEŞTİRMESİ VE KURAL ÖNERİSİ: Sisteme şu istisna kuralı eklenmelidir: 'Sürtünmeli Etkisi (Fricative Condition): Eğer [p, t, k, c] patlayıcıları [s] veya [ʃ] seslerinden hemen sonra geliyorsa, aspirasyon kuralını (ʰ) iptal et ve ünsüzü soluksuz [p, t, k, c] olarak transkribe et.'",/æs.ˈcʰi/,false
etmeyeceğinizden,/ˈet.me.je.d͡ʒe.ji.niz.den/,e t m e j e d͡ʒ e j i n i z d e n,0.95,"DOĞRU KURALLAR: Vurgu: Fiillerde ve fiilimsilerde olumsuzluk eki olan '-me/-ma', vurguyu daima kendi üzerinden atarak bir önceki heceye kaydırır. Bu sebeple vurgu kelimenin başında yer alır [ˈet]. Ünsüz Yumuşaması ve 'ğ' Sesi: Gelecek zaman eki '-ecek' ünlüyle başlayan '-iniz' ekini aldığında sondaki 'k' yumuşar. İnce ünlüler ('e', 'i') arasında kalan 'ğ' grafemi sürtünmeli damak ünsüzü olan [j] (y) olarak telaffuz edilir (eceğiniz -> [e.d͡ʒe.ji.niz]). Ünsüzler/Aspirasyon: 'et' hecesinin sonundaki 't' patlayıcısı, hece sonunda olduğu için aspire edilmez. HATA ANALİZİ: Referans 1, vurguyu doğru tespit etmiş ancak hece kapalı olsa da son seste akıcı/genizil (l, m, n, r) barındırmayan 'et' hecesinde 'e' ünlüsünü bağlamsız yere açık [æ] olarak haritalamıştır. Referans 2, harf eşleştirmesini kusursuz yapmış ancak olumsuzluk ekinin yapısal vurgu etkisine dikkat etmeyerek ezbere bir şekilde Türkçe varsayılan kelime sonu vurgusu kuralını (['den]) uygulamıştır. SİSTEM İYİLEŞTİRMESİ VE KURAL ÖNERİSİ: Algoritmaya şu kurallar entegre edilmelidir: 1) 'Vurgu İstisnası (Hardcoded Rule): Eğer gövdede '-ma/-me' olumsuzluk eki bulunuyorsa, doğal kelime sonu vurgu formülünü ez; birincil vurguyu (ˈ) tartışmasız olarak olumsuzluk ekinden hemen önceki hecenin başına sabitle.' 2) 'Karakter Haritalama (ğ): Eğer 'ğ' harfi iki ince ünlü (ör. e_i, i_e) arasında yer alıyorsa, onu daima [j] fonemi ile transkribe et.'",/ˈæt.me.je.d͡ʒe.ji.niz.dæn/,false
ettirmeyeceğimiz,/et.ˈtʰiɾ.me.je.dʒe.ji.miz/,e t tʰ i ɾ m e j e d͡ʒ e j i m i z,0.95,"DOĞRU KURALLAR: Kelime, olumsuzluk eki (-mA) barındırdığı için vurgu istisnası kuralı geçerlidir; -me eki vurguyu her zaman kendinden bir önceki heceye atar ([ˈtʰiɾ]). İkizleşmiş (geminate) patlayıcı ünsüzlerde, koda konumundaki ilk 't' patlamasızken hece başlangıcındaki ikinci 't' kuvvetli aspire edilir ([tʰ]). Ek olarak, ön ünlüler (e, i) arasında kalan 'ğ' grafemi tamamen yarı ünlü [j] sesine dönüşür ('eği' -> [e.ji]). HATA ANALİZİ: Referans 1, vurguyu ilk heceye yerleştirerek olumsuzluk ekinin kuralını çiğnemiş ve ilk hecedeki standart 'e' ünlüsünü bağlam dışında yanlışlıkla açık varyanta ([æ]) çevirmiştir. Referans 2 ise olumsuzluk ekinin vurgu çekiminden bihaber şekilde standart kelime sonu vurgu kuralını işleterek hata yapmış ([ˈji]) ve ek olarak hece başındaki aspirasyonu ([tʰ]) kaçırmıştır. SİSTEM İYİLEŞTİRMESİ VE KURAL ÖNERİSİ: Sistemin algoritmasına şu katı kurallar yazılmalıdır: 1) 'Vurgu İstisnası (-mA): Fiillerde olumsuzluk eki (-ma/-me) içeriliyorsa, kelime sonu vurgu kuralını geçersiz kıl ve birincil vurguyu (ˈ) mutlak surette bu ekin bir önceki hecesine sabitle.' 2) 'Yumuşak G (Ğ) Çevrimi: Ön ünlüler (e, i, ö, ü) arasında yer alan <ğ> harfini daima [j] kayıcısı ile haritala.' 3) 'İkiz Patlayıcı Aspirasyonu: Yan yana gelen patlayıcılarda (ör. t.t) yalnızca hece başı pozisyonunda olan ikincisine aspirasyon işareti (ʰ) ekle.'",/ˈæt.tʰiɾ.me.je.d͡ʒe.ji.miz/,false
ev,/ˈæv/,æ v,0.95,"DOĞRU KURALLAR: 1. Vurgu: Tek heceli kelimelerde birincil vurgu (ˈ) doğal olarak kelimenin ve tek hecenin başındadır. 2. Açık Ünlü (æ) Kullanımı: Türkçede 'e' ünlüsü; 'l, m, n, r, v, y' gibi akıcı veya sızıcı ünsüzlerle biten kapalı hecelerde fonetik olarak açık [æ] sesine dönüşür (örn: ev, sen, gel). HATA ANALİZİ: Referans 1, dar çeviri (narrow transcription) prensiplerini uygulamayarak 'e' sesinin bağlamsal varyantını gözden kaçırmış, ezbere bir şekilde standart [e] bırakmış ve birincil vurgu işaretini koymamıştır. Referans 2 ise kapalı hecedeki 'v' öncesi açık ünlü kuralını başarıyla işletmiş ve vurguyu yerleştirmiştir. SİSTEM İYİLEŞTİRMESİ VE KURAL ÖNERİSİ: Sisteme şu algoritmik kurallar eklenmelidir: 1) 'Bağlamsal Ünlü Kuralı: Eğer e ünlüsü; l, m, n, r, v, y ünsüzlerinden biriyle biten kapalı bir hecedeyse, bu ünlüyü dar çeviride daima açık [æ] olarak dönüştür.' 2) 'Vurgu Kuralı: Tek heceli tüm kelimelerin başına standart olarak birincil vurgu (ˈ) işaretini ekle.'",/ev/,false
evliya,/ev.li.ˈja/,e v l i j a,0.95,"DOĞRU KURALLAR: Kelime Arapça kökenlidir (evliyâ); birinci hecedeki 'e' ünlüsü, Arapçadaki 'aw' diftongunun Türkçe sesbilgisine uyarlanmış halidir ve kapalı [e] olarak telaffuz edilir. İnce 'e' ve 'i' ünlüleri arasında kalan 'l' sesi standart, dilucu-dişeti / ince [l] varyantıdır. Arapça orijinalinde var olan kelime sonu uzun 'â' ünlüsü, Türkçede kelime sonunda (yalın halde) kalıtımsal olarak kısalır ve normal [a] olarak gerçekleşir. Yarı ünlü [j] kaynaştırma niteliği taşır. Vurgu isim soylu kelimelerin varsayılan kuralına uyarak son hecede konumlanır. HATA ANALİZİ: Referans 1, ilk heceyi [æv] şeklinde transkribe ederek kural aşırı-genellemesi (overgeneralization) yapmıştır. Açık [æ] kuralı çoğunlukla kapalı hece sonunda /m, n, l, r/ akıcı ünsüzleri bulunduğunda (örn: ben -> bæn) tetiklenir; ancak 'aw' geçişli Arapça alıntılarda (evlat, mevla, evliya) veya 'v' ile biten çoğu hecede 'e' kapalı kalarak [e] varyantını korur. Referans 2 doğru sesleri bulmuş ancak detaylı fonetik analizi eksik kalarak güven skoru belirsiz bir sonuç üretmiştir. SİSTEM İYİLEŞTİRMESİ VE KURAL ÖNERİSİ: Sisteme şu iki kural eklenmelidir: 1) 'Açık Ünlü (æ) Kısıtı: Kapalı hecelerdeki [æ] dönüşümünü yalnızca /l, m, n, r/ gibi nazal/akıcı ünsüzlerin çevrelediği belirli Türkçe kökenli kelimelerle sınırla. Arapçadan 'aw > ev' formunda geçen alıntı kelimelerde (evliya, evlat) /v/ öncesi e'yi daima kapalı [e] olarak bırak.' 2) 'Kelime Sonu Ünlü Kısalması (Alıntı Kelimeler): Arapça kökenli kelimelerin sonunda yer alan tarihsel uzun ünlüleri (â, î), kelime yalın durumdaysa ve sonuna ek almamışsa sistemde kısa ünlü olarak [a, i] haritala.'",/æv.li.ˈja/,false
evrakın,/æv.ɾa.ˈkʰɯn/,æ v ɾ a kʰ ɯ n,0.95,"DOĞRU KURALLAR: Kelimenin ilk hecesindeki 'e' sesi, 'v' ünsüzünün etkisiyle açık e [æ] olarak telaffuz edilir. Arapça kökenli olan bu kelimenin sonundaki 'k' sesi kalındır ve ünlüyle başlayan ek aldığında ünsüz yumuşaması istisnası gösterir (evrakın). Hece başı 'k' sesi kural gereği soluklu (aspire) üretilerek [kʰ] halini alır. Vurgu son hecededir. HATA ANALİZİ: Referans 1 tüm kuralları (açık e ve aspirasyon) eksiksiz işletmiştir. Referans 2 ise açık 'e' kuralını doğru tespit etmiş ancak hece başındaki 'k' sesinde aspirasyon ([kʰ]) yapmayarak temel ünsüz kullanma hatasına düşmüştür. SİSTEM İYİLEŞTİRMESİ VE KURAL ÖNERİSİ: Sisteme şu kural eklenmelidir: 'Hece başında bulunan ötümsüz patlayıcı ünsüzleri (p, t, k, c), öncesinde s veya ş sürtünmelisi bulunmadığı sürece mutlak suretle soluklu varyantlarıyla [pʰ, tʰ, kʰ, cʰ] değiştir.'",/æv.ɾa.ˈkʰɯn/,true
eylediğin,/ej.le.di.ˈjin/,e j l e d i j i n,0.95,"DOĞRU KURALLAR: Türkçe sesbilgisi kurallarına göre hece sonundaki 'y' [j] sesi, kendinden önceki 'e' ünlüsünü kapalı tutar [e]. İki ince ön ünlü (i-i) arasında kalan 'ğ' ünsüzü yarı ünlü [j] sesine dönüşür. Vurgu son hecededir. HATA ANALİZİ: Referans çıktılar 'ğ'nin [j] sesine dönüşümünü ve vurgu yerini doğru tespit etmiştir. Ancak, Türkçede bazı ünsüzlerden (l, m, n, r) önce gelen 'e'nin açılması ([æ]) kuralını ezbere bir şekilde 'y' [j] sesi için de genelleştirerek [æj] hatasına düşmüşlerdir (hece sonu /y/ 'e'yi kapalı tutar). Ayrıca, dar çeviri (narrow transcription) formatına aykırı olarak fonetik köşeli ayraçlar [...] yerine taksim /.../ kullanmışlardır. SİSTEM İYİLEŞTİRMESİ VE KURAL ÖNERİSİ: Sisteme şu katı kurallar eklenmelidir: 1) 'Bağlamsal Ünlü Kalitesi: Hece sonundaki /y/ [j], öncesindeki 'e' ünlüsünün açılmasına izin vermez; /ey/ dizilimini [æj] olarak değil, kapalı [ej] olarak haritala.' 2) 'Format Kuralı: Dar çeviri çıktılarında daima köşeli parantez [...] kullan, taksim (/) fonemik çeviriler içindir.'",/æj.le.di.ˈjin/,false
eğelenip,/e.je.le.ˈnip/,e j e l e n i p,0.95,"DOĞRU KURALLAR: Türkçe fonotaktik kurallarına göre, iki ince ünlü (özellikle 'e' ve 'e') arasında kalan 'ğ' ünsüzü sızıcılaşarak [j] sesine dönüşür. Zarf-fiil eki '-ip', kural gereği birincil vurguyu kendi üzerine alır ve vurgu son hecededir [ˈnip]. Hece sonu (coda) pozisyonundaki patlayıcı ünsüz 'p', hece başı pozisyonunda bulunmadığı için aspirasyon [ʰ] almaz ve [p] olarak kodlanır. İnce ünlülerle çevrili olan 'l' standart/ince l [l] olarak kalır. HATA ANALİZİ: Referans çıktılar temel sesbilimsel kuralları (özellikle ğ -> j dönüşümünü) başarıyla tespit edip uygulamıştır. Ancak dar çeviri (narrow transcription) prensiplerine uymayarak köşeli ayraç ([ ]) yerine geniş/fonemik çeviri işareti olan eğik çizgi (/ /) kullanma hatasına düşmüşlerdir. SİSTEM İYİLEŞTİRMESİ VE KURAL ÖNERİSİ: Sistemin algoritmasına şu iki kural eklenmelidir: 1) 'Yumuşak G (ğ) Kuralı: Ön-düz ince ünlüler (e, i) arasında kalan <ğ> grafemini dar çeviride her zaman [j] olarak haritala.' 2) 'Format Kuralı: Sistemden dar çeviri (narrow transcription) istendiği için, IPA dizilimini kesinlikle fonemik eğik çizgi (/ /) yerine fonetik köşeli ayraç ([ ]) arasına yerleştir.'",/e.je.le.ˈnip/,true
eğridir,/ej.ˈɾi.diɾ/,e j ɾ i d i ɾ,0.95,"DOĞRU KURALLAR: Türkçe sesbilim kurallarına göre 'eğ' harf dizilimi standart konuşma dilinde [ej] olarak sesletilir. Kelimenin kökü olan 'eğri' sıfatı son hecesinden vurguludur. Üzerine eklenen '-dir' bildirme eki (ek-fiil) her zaman vurgusuzdur; bu nedenle birincil vurgu kökün son hecesi olan 'ri' üzerinde kalır [ˈɾi]. HATA ANALİZİ: Referans 1 vurguyu doğru yere koymasına rağmen, kelime sonu r sesi için izin verilen sembol havuzu dışına çıkarak diyakritikli r kullanmıştır ve 'eğ' dizilimi için [æj] transkripsiyonu yapmıştır (kapalı [e] daha standarttır). Referans 2 ise hem geçersiz sembol kullanmış hem de '-dir' ekinin vurgusuzluk kuralını ihlal ederek standart kelime sonu vurgusu kuralını işletmiştir. SİSTEM İYİLEŞTİRMESİ VE KURAL ÖNERİSİ: Sistemin algoritmasına şu kurallar eklenmelidir: 1) 'Fonetik Haritalama: Türkçedeki e+ğ dizilimlerini daima [ej] şeklinde dönüştür.' 2) 'Vurgu Kuralı (Ek-Fiil): İsim soylu kelimelere eklenen -dir/-dır bildirme eklerini vurgusuz kabul et ve birincil vurguyu (ˈ) kesinlikle ekin eklendiği gövdenin son hecesine sabitle.' 3) 'Kısıtlama: Yalnızca tanımlı sembol havuzundaki sesleri kullan, havuz dışı diyakritikler türetme.'",/æj.ˈɾi.diɾ̞̊/,false
eğrile,/ej.ɾi.ˈle/,e j ɾ i l e,0.95,"DOĞRU KURALLAR: 1) Ünsüzler ve 'ğ' Sesi: Türkçe kelimelerde ince ünlülerle (e, i vb.) kurulan hecelerin sonunda bulunan 'ğ' sesi, damaksıl yaklaşıcı [j] sesine dönüşür. 2) Ünlüler ve Kapalı 'e': [j] sesinden hemen önce gelen 'e' ünlüsü, artikülasyon bölgesinin daralması (palatal etki) nedeniyle kapalı [e] olarak telaffuz edilir. 3) Vurgu: Çok heceli fiillerin emir kipi ikinci tekil şahıs çekiminde vurgu, kural gereği son heceye düşer. HATA ANALİZİ: Referans 1, 'ğ' sesinin [j]'ye dönüştüğünü doğru analiz etmesine rağmen, ilk hecedeki 'e' sesini açık [æ] olarak çevirerek hata yapmıştır. Referans 2 ise kapalı 'e' kullanımında ve vurguda isabetli bir dar çeviri üretmiştir. SİSTEM İYİLEŞTİRMESİ VE KURAL ÖNERİSİ: Sistemin algoritmasına şu fonotaktik kural eklenmelidir: 'Bağlamsal Ünlü Daralması: Eğer [e] ünlüsünden hemen sonra aynı hece içinde damaksıl yaklaşıcı [j] sesi (veya [j]'ye dönüşen ğ) geliyorsa, açık [æ] kuralını geçersiz kıl ve ünlüyü daima kapalı [e] olarak haritala.'",/æj.ɾi.ˈle/,false
fare,/faː.ˈɾe/,f aː ɾ e,0.96,"DOĞRU KURALLAR: Kelime Arapça kökenlidir ve ilk hecedeki 'a' ünlüsü uzatılarak [aː] şeklinde telaffuz edilir. Vurgu standart kural gereği son hecededir. 'r' ünsüzü iki ünlü arasında olduğu için çarpmalı (tap) [ɾ] olarak haritalanır. HATA ANALİZİ: Her iki referans çıktı da kelimenin alıntı bir sözcük olmasından kaynaklanan ünlü uzunluğu istisnasını tespit edememiş ve yapısal grafem-fonem dönüşümüne bağlı kalarak 'a' ünlüsünü kısa [a] olarak transkribe etme hatasına düşmüşlerdir. SİSTEM İYİLEŞTİRMESİ VE KURAL ÖNERİSİ: Sistemin algoritmasına şu geliştirme eklenmelidir: 'Arapça ve Farsça kökenli olup açık hece ile başlayan ve 'a' ünlüsü barındıran alıntı leksikonunu (fare, çare, nane vb.) işlerken, ilk hecedeki ünlüyü istisnai olarak uzun [aː] olarak kodla. Sistemin ezbere dönüşüm yapmasını engellemek için, istisnai uzun ünlü içeren kelimeleri bir sözlükçe (lookup table) üzerinden dogrulayacak bir modül entegre et.'",/fa.ˈɾe/,false
farklılaştırmayacağını,/faɾk.ɫɯ.ɫaʃ.ˈtɯɾ.ma.ja.dʒaː.ɯ.nɯ/,f a ɾ k ɫ ɯ ɫ a ʃ t ɯ ɾ m a j a d͡ʒ aː ɯ n ɯ,0.95,"DOĞRU KURALLAR: 1) Vurgu: Olumsuzluk eki olan '-ma', vurguyu yapısı gereği her zaman kendinden bir önceki heceye çeker; dolayısıyla '-tır' hecesi birincil vurguyu alır [ˈtɯɾ]. 2) Aspirasyon: 'şt' kümesinde, [ʃ] sürtünmelisi kendisinden sonraki 't' patlayıcısının hece başında olsa bile aspire edilmesini (soluklanmasını) engeller, bu nedenle [t] kullanılır. 3) Ünsüz Düşmesi ve Ünlü Uzaması: 'cağı' dizisindeki 'ğ' sesi standart İstanbul Türkçesinde düşer, kendinden önceki 'a' ünlüsünü uzatır ve hece sınırı korunur ([dʒaː.ɯ]). 4) Alofonik Uyum: Kalın ünlülerle temasta olan 'l' sesi velarize/kalın varyantıyla [ɫ] transkribe edilir. HATA ANALİZİ: Referans 1, vurguyu yanlış heceye ('laş') atamış, sürtünmeli 'ş' sonrasına ezbere aspirasyonlu [tʰ] eklemiş ve sembol havuzunda olmayan karakterler (ɾ̞̊, d͡ʒ) kullanmıştır. Referans 2 ise Türkçe fonotaktik kurallarını ihlal ederek 'rk.l' dizisinde 'k' sesini hatalı şekilde hece başına (faɾ.kɫɯ) almış, vurguyu tamamen unutmuş ve yine izinsiz bağ (d͡ʒ) kullanmıştır. SİSTEM İYİLEŞTİRMESİ VE KURAL ÖNERİSİ: Sisteme şu algoritmik kurallar eklenmelidir: 1) 'Vurgu İstisnası: Kelime -ma/-me olumsuzluk ekinin fiil formunu barındırıyorsa, kelime sonu vurgu formülünü terk et ve vurguyu (ˈ) ardışıksız olarak '-ma' ekinin bir önceki hecesine sabitle.' 2) 'Fonotaktik Heceleme: Türkçede hece başında çift ünsüz (complex onset) potansiyelini engelle. [ɾ.kɫ] dizilimini reddet ve 'k' ünsüzünü her zaman [ɾk.ɫ] şeklinde önceki hecenin genzine (coda) yerleştir.' 3) 'Fricative-Stop Kuralı: [ʃ] veya [s] sürtünmelilerinden hemen sonra gelen ötümsüz patlayıcılarda aspirasyon (ʰ) özelliğini sıfırla.'",/faɾ̞̊k.ɫɯ.ˈɫaʃ.tʰɯɾ.ma.ja.d͡ʒaː.ɯ.nɯ/,false
fazla,/ˈfaz.ɫa/,f a z ɫ a,0.95,"DOĞRU KURALLAR: Kelime Arapça kökenlidir ('faḍl' > fazla). 'fayda', 'parça' gibi Farsça ve Arapça kökenli bazı yaygın alıntı kelimelerde olduğu gibi vurgu ilk hecededir. Kalın 'a' ünlülerinin komşuluğunda bulunan 'l' ünsüzü artdamaksıl (kalın) varyantı olan [ɫ] ile telaffuz edilir. HATA ANALİZİ: Referans 1 vurguyu ve kalın 'l' kullanımını doğru tespit etmiştir. Referans 2 ise alıntı kelimelerdeki bu istisnai vurgu örüntüsünü atlayarak standart Türkçe kelime sonu vurgusu kuralını ezbere işletmiş ve vurguyu hatalı şekilde son heceye koymuştur. SİSTEM İYİLEŞTİRMESİ VE KURAL ÖNERİSİ: Sisteme şu kural eklenmelidir: 'Arapça veya Farsça kökenli olup zarf/sıfat işlevi de gören bazı yaygın kalıplaşmış alıntı kelimelerde (fazla, fayda, kavga, parça vb.) Türkçe kelime sonu vurgu kuralını ez; birincil vurguyu (ˈ) ilk heceye sabitle.'",/ˈfaz.ɫa/,true
felaket,/fe.laː.ˈcʰet/,f e l aː cʰ e t,0.95,"DOĞRU KURALLAR: Kelime Arapça kökenlidir ve mülhak (uzun) 'a' içerdiği için orta hecedeki 'a' uzundur [aː]. İnce 'e' ünlüsünden hemen önce gelen 'k' ünsüzü damaksıllaşarak [c] sesine dönüşür; hece başında yer aldığı için de soluklanarak [cʰ] olarak telaffuz edilir. Vurgu kurallı olarak son hecededir. Son hecedeki 'e' ünlüsü, kendisinden sonra 't' patlayıcısı geldiği için açık [æ] formuna dönüşmez, kapalı [e] olarak korunur. L ünsüzü ön ünlünün etkisiyle ince, berrak [l] kalır. HATA ANALİZİ: Her iki referans da alıntı kelimedeki ünlü uzunluğunu (aː) bilmeksizin doğrudan yazımlarını (grafem) kopyalama hatasına düşmüştür. Referans 1, damaksıl [cʰ] kullanımında doğru bir adım atsa da, kapalı hece içindeki her 'e'yi açık [æ] yapma gibi bir aşırı genellemeye (overgeneralization) düşmüştür. Referans 2 ise ince 'e' ünlüsünden önce zorunlu olan damaksıllaşma kuralını atlayarak kalın/art [kʰ] kullanmış ve ciddi bir fonotaktik hata yapmıştır. SİSTEM İYİLEŞTİRMESİ VE KURAL ÖNERİSİ: Sistemin algoritmasına şu koşullar eklenmelidir: 1) 'Damaksıllaşma (Palatalization) Asimilasyonu: Velar patlayıcılar (k, g), ön/ince ünlülerden (e, i, œ, y) hemen önce geliyorsa, bunları daima damaksıl varyantları olan [c, ɟ] sembollerine dönüştür.' 2) 'Allophone (æ) Sınırlandırması: [e] ünlüsünün açılıp [æ] olması kuralını yalnızca [l, m, n, r] gibi genizcil/akıcı ünsüzlerle biten kapalı hecelerde aktifleştir; [p, t, k, s, ʃ] gibi ünsüzlerle biten hecelerde standart [e] bırak.' 3) 'Sözlük Kontrolü (Lexicon Lookup): felaket, hikaye, siyaset gibi bilinen alıntı kelimelerdeki tarihsel 'a' uzunluklarını ([aː]) yakalamak için bir istisna tablosu (exception lookup) kullan.'",/fe.la.ˈcʰæt/,false
fethettiğine,/ˈfæt.hæt.tʰi.ji.ne/,f æ t h æ t tʰ i j i n e,0.95,"DOĞRU KURALLAR: Vurgu: 'etmek' ve 'olmak' gibi yardımcı fiillerle kurulan birleşik kelimelerde ana vurgu daima ilk parçanın (ismin) üzerindedir; 'fethetmek' kelimesinde vurgu ilk hecedeki isme aittir ve yapım/çekim ekleri alsa bile 'fet' hecesinde ([ˈfæt]) sabit kalır. Ünsüzler ve Aspirasyon: İki ince ünlü (i_i) arasında kalan 'ğ', eriyerek yarı ünlü sürtünmeli [j] sesine dönüşür. Hece sınırından dolayı (het.ti) ayrılan ikiz hece başı ünsüzü 't', kurallar gereğince aspire edilerek (soluklu) patlatılır [tʰ]. Ünlü Daralması/Açılması: Kapalı hecelerde ve özellikle sıvı/nazal veya koronal ünsüzlerin önünde 'e', açık [æ] varyantında telaffuz edilir. HATA ANALİZİ: Referans 1 ve Referans 2, içyapısal morfofonolojik kuralı bilmediklerinden ötürü yardımcı fiillerin birincil vurgu istisnasını atlamış; varsayılan Türkçe kelime sonu kuralını işleterek vurguyu hatalı yerlere (Ref 1: [ˈne], Ref 2: [ˈji]) koymuşlardır. Ayrıca Ref 2, standart patlayıcı aspirasyon kuralını atlamıştır. SİSTEM İYİLEŞTİRMESİ VE KURAL ÖNERİSİ: Sistemin algoritmasına şu net kurallar eklenmelidir: 1) 'Birleşik Fiil Vurgu Kuralı (Hardcoded Rule): Eğer kök {isim} + {etmek/olmak} yapısındaysa (örn: hisset-, kaybet-, fethet-), kelime daktilik/sondan eklemeli formda uzasa bile standart Türkçe ek vurgusu kurallarını geçersiz kıl; birincil vurguyu (ˈ) her zaman ismin kökündeki heceye (genellikle ilk hece) sabitle.' 2) 'Ğ Dönüşümü: Ön-düz (i, e) ünlüler arasında kalan <ğ> grafemlerini uzun ünlü gibi değerlendirme, doğrudan [j] sesine haritala.'",/fæt.hæt.tʰi.ji.ˈne/,false
fiyatlarının,/fi.jat.ɫa.ɾɯ.ˈnɯn/,f i j a t ɫ a ɾ ɯ n ɯ n,1,"DOĞRU KURALLAR: Vurgu: Türkçede isimlere gelen kurallı çekim ekleri (-lar, -ı, -nın vb.) kendi üzerlerine vurgu çeker. Birincisi veya ortadakinden bağımsız olarak, vurgusuz bir hece olmadığı sürece vurgu en son heceye kayar [ˈnɯn]. Ünsüz Zenginleştirme (Kalın L): Kelimede yer alan kalın ünlü (a), sonrasında gelen çoğul ekinin 'l' ünsüzünü kalınlaştırır ve velarize [ɫ] varyantına dönüştürür. Aspirasyon: Hece sonunda bulunan ötümsüz patlayıcılar (fiyat kelimesindeki 't') hece başında olmadıkları için aspirasyon almaz ve saf/süresiz [t] olarak okunur. HATA ANALİZİ: Referans 1, vurguyu, heceleri ve [ɫ] sesini doğru kurgulamış ancak dar transkripsiyon formatını gösteren / / yerine köşeli ayraçlar olan [ ] işaretlerini kullanmayı ihmal etmiştir. Referans 2 ise vurguyu sadece isim kökünde [ˈjat] sabitlemiş, sondan eklemeli yapının getirdiği vurgu kayması kuralını işletmemiştir. SİSTEM İYİLEŞTİRMESİ VE KURAL ÖNERİSİ: Sistemin mevcut fonolojik dizgisine şu iki kural eklenmelidir: 1) 'Dinamik Vurgu Taşıma: Eğer bir isim -lar, -ı, -nın gibi standart (vurguyu itmeyen) çekim ekleri alıyorsa, kelime başındaki veya kökündeki vurguyu iptal et ve vurguyu kati suretle kelimenin en son hecesine sabitle.' 2) 'Dar Çeviri Kuralı: Oluşturulan transkripsiyon çıktılarını her zaman dar/fonetik okunuşu sembolize eden [ ] köşeli ayraçları içinde sınırlandır.'",/fi.jat.ɫa.ɾɯ.ˈnɯn/,true
frekanslarımızı,/fɾe.kʰans.ɫa.ɾɯ.mɯ.ˈzɯ/,f ɾ e kʰ a n s ɫ a ɾ ɯ m ɯ z ɯ,0.95,"DOĞRU KURALLAR: Kelime Batı kökenlidir ve Türkçe standartlarına uyarlanmış telaffuzunda hece başı çift ünsüz korunarak hecelenir [fɾe]. İkinci hece başındaki 'k' patlayıcısı aspire edilir [kʰ]. 'a' ünlüsünün art damak karakteristiği nedeniyle, ardından gelen '-lar' ekindeki 'l' ünsüzü kalın/velarize [ɫ] varyantıyla sesletilir. Kelime olağan bir cins isimdir; üzerine aldığı çoğul (-lar), iyelik (-ımız) ve belirtme hâli (-ı) ekleri genel Türkçe kuralları gereği vurguyu basamak basamak en sağa iter ve nihai heceye konumlandırır [ˈzɯ]. HATA ANALİZİ: Referans 1 heceleme, aspirasyon ve vurguyu kusursuz uygulamıştır. Referans 2 ise aspirasyonu [kʰ] göz ardı etmiş ve kelimeyi yer adı (toponim) ya da kaynaşmış bir zarf sanarak vurguyu ortadaki bir hecede [ˈɾɯ] asılı bırakma hatasına düşmüştür. SİSTEM İYİLEŞTİRMESİ VE KURAL ÖNERİSİ: Sistemin mekanizmasına şu katı kurallar eklenmelidir: 1) 'Vurgu İstisnası Eksikliği: Cins isim köklerine art arda eklenen ardışık çekim ekleri (çoğul, iyelik, belirtme vb.) aksini belirten özel bir ek (-mA, -lE vb.) barındırmadıkça vurguyu en son heceye transfer eder. Sistem, herhangi bir istisna veya özel isim yakalayamadığında vurguyu kesinlikle son heceye atmalıdır.' 2) 'Aspirasyon (Soluklanma): Hece başı konumunda bulunan ötümsüz patlayıcıları (p, t, k, c), yanlarında bir sürtünmeli ünsüz (özellikle s, ş) bulunmuyorsa daima aspireli (pʰ, tʰ, kʰ, cʰ) varyantlarıyla işle.'",/fɾe.kʰans.ɫa.ɾɯ.mɯ.ˈzɯ/,true
fırsatçılıklarının,/fɯɾ.sat.tʃɯ.ɫɯk.ɫa.ɾɯ.ˈnɯn/,f ɯ ɾ s a t t͡ʃ ɯ ɫ ɯ k ɫ a ɾ ɯ n ɯ n,0.95,"DOĞRU KURALLAR: Kelimede vurgu genel Türkçe dilbilgisi kuralına uygun olarak son hecededir [-ˈnɯn]. 'lık' ve 'lar' eklerindeki 'l' ünsüzü, kalın ünlülerle (a, ı) komşu olduğu için artdamaksıllaşarak kalın [ɫ] varyantına dönüşür. 'ç' sesi dar çeviride izole [tʃ] olarak belirtilir; hece sonu patlayıcıları (t, k) aspirasyon almaz. HATA ANALİZİ: Referans 1, izin verilen sembol havuzunda olmayan diyakritikli (ɾ̞̊) karakteri ve tie-bar bağlantılı (t͡ʃ) işaretini kullanarak kural dışına çıkmıştır. Referans 2 ise 'lık' hecesindeki 'l' sesini kalın ünlülere rağmen ince [l] olarak bırakmış (artdamak uyumunu atlamış) ve kelimedeki birincil vurguyu oluşturmayı tamamen unutmuştur. SİSTEM İYİLEŞTİRMESİ VE KURAL ÖNERİSİ: Sistemin algoritmasına şu kurallar eklenmelidir: 1) 'Sembol Kısıtlaması: Sadece izin verilen sembol havuzunu kullan; [tʃ] ve [ɾ] seslerinde ekstra bağlayıcı (tie-bar) ya da diyakritik (alt yuvarlak vb.) kullanma.' 2) 'Kalın [ɫ] Uyum Kuralı: Yapım veya çekim eki fark etmeksizin, eğer l ünsüzü [a, ɯ, o, u] gibi kalın sadasızlarla aynı hecedeyse bunu daima [ɫ] olarak çıktıla.' 3) 'Zincirleme Ek Vurgusu: İsim çekim ekleri (çoğul, iyelik ve tamlayan -nın) zincirleme olarak kelimeye eklendiğinde, hece sayısına bakılmaksızın vurguyu daima en son heceye konumlandır.'",/fɯɾ̞̊.sat.t͡ʃɯ.ɫɯk.ɫa.ɾɯ.ˈnɯn/,false
gayeyle,/ɡaː.ˈjæj.le/,ɡ aː j æ j l e,0.95,"DOĞRU KURALLAR: Kelime Arapça kökenlidir ve ilk hecedeki 'a' ünlüsü uzundur [aː]. 'ile' edatının ekleşmiş biçimi olan '-(y)la/-(y)le' edatı vurgu kabul etmez (enclitic), bu nedenle vurgu kendinden önceki hecede kalır [ˈjæj]. Kapalı hecede 'y' ünsüzünden önce gelen 'e' ünlüsü açık 'e' varyantı olan [æ] ile gösterilebilir. HATA ANALİZİ: Referans 1, vurgu yerini ve [æ] varyantını doğru tespit etmiş ancak alıntı kelimedeki uzun [aː] ünlüsünü atlamıştır. Referans 2 ise hem uzun ünlüyü atlamış hem de '-le' ekinin istisnai vurgu kuralını atlayarak vurguyu yanlışlıkla son heceye [ˈle] yerleştirmiştir. SİSTEM İYİLEŞTİRMESİ VE KURAL ÖNERİSİ: Sistemin algoritmasına şu iki kural eklenmelidir: 1) 'Alıntı Kelime Sözlüğü (Lexical Lookup): Gaye, kâtip, şair gibi Arapça/Farsça kökenli kelimelerdeki özgün uzun ünlüleri (aː, iː) haritalamada mutlaka koru.' 2) 'Edat Vurgusu Kuralı (Enclitic Stress): Eğer kelime sonuna -(y)la/-(y)le bağlacı/edatı gelmişse, kelime sonu vurgusu kuralını ez ve birincil vurguyu (ˈ) kesinlikle bu ekten bir önceki heceye yerleştir.'",/ɡa.ˈjæj.le/,false
gece,/ɟe.ˈdʒe/,ɟ e d͡ʒ e,0.98,"DOĞRU KURALLAR: Ünsüzler: Türkçe fonotaktiğinde ince ünlü (e) öncesi gelen 'g' sesi damaksıllaşarak [ɟ] sesine dönüşür. 'c' harfi sızlamalı patlayıcı (affricate) olan [dʒ] ile temsil edilir. Vurgu: Kelime standart bir isim olduğu için vurgu kurallara uygun olarak son hecededir. HATA ANALİZİ: Referanslar fonetik ve vurgu analizini büyük oranda doğru yapsa da iki kuralı ihlal etmiştir. Birincisi, dar çeviri köşeli ayraç [...] ile gösterilirken referanslar geniş çeviri işareti /.../ kullanmıştır. İkincisi, izin verilen sembol havuzunda bağ bağlacı (tie bar) olmamasına rağmen havuz dışına çıkarak [d͡ʒ] formunu üretmişlerdir. SİSTEM İYİLEŞTİRMESİ VE KURAL ÖNERİSİ: Sisteme şu iki kural eklenmelidir: 1) 'Dar Çeviri Biçimlendirmesi: Tüm fonetik transkripsiyonları daima köşeli ayraç [...] içine al.' 2) 'Katı Sembol Filtresi: Affricate (ç, c) ünsüzlerini transkribe ederken, yalnızca izin verilen havuzdaki bağsız (tie-bar bulunmayan) [tʃ] ve [dʒ] karakterlerini kullanmaya zorla ve havuz dışı işaretleri kırp.'",/ɟe.ˈd͡ʒe/,false
gel,/ˈɟæl/,ɟ æ l,0.95,"DOĞRU KURALLAR: Ünsüzler: Ön sıradan (ince) ünlülerle yan yana gelen 'g' ünsüzü, damaksıllaşarak [ɟ] varyantı ile telaffuz edilir. 'l' sesi de ince ünlülerle birlikte bulunduğu için standart [l] olarak gerçekleşir. Ünlüler (Açık 'e' Kuralı): Türkçede kapalı hecelerde ve özellikle [l, m, n, ɾ] akıcı/genizcil ünsüzlerinden önce gelen 'e' ünlüsü, açık [æ] olarak telaffuz edilir. Vurgu: Tek heceli kelimelerde vurgu o hecenin üzerindedir ve dar çeviride hece başında gösterilmelidir [ˈ]. HATA ANALİZİ: Referans 1 ve Referans 2, damaksıllaşma ([ɟ]) ve açık 'e' ([æ]) kullanımını tamamen doğru bilmiştir. Ancak dar çeviri (narrow transcription) formatına aykırı olarak fonetik köşeli ayraçlar ([ ]) yerine fonemik eğik çizgiler (/ /) kullanmışlar ve kelimenin başındaki birincil vurgu işaretini atlamışlardır. SİSTEM İYİLEŞTİRMESİ VE KURAL ÖNERİSİ: Sisteme şu katı kurallar eklenmelidir: 1) 'Açık e Kuralı: Kapalı bir hece [l, m, n, ɾ] seslerinden biriyle bitiyorsa ve hecenin ünlüsü e ise, bu ünlüyü fonetik çeviride açık [æ] olarak haritala.' 2) 'Format ve Vurgu Kuralı: Dar (fonetik) çevirilerde her zaman köşeli ayraç kullan ve sözcük tek heceli bağımsız bir kelime (lexical word) ise başına birincil vurguyu (ˈ) kesinlikle ekle.'",/ɟæl/,false
gelmek,/ɟæl.ˈmæcʰ/,ɟ æ l m æ cʰ,0.95,"DOĞRU KURALLAR: Kelime başındaki 'g' ve kelime sonundaki 'k' sesleri, ince ünlü (e) komşuluğunda damaksıllaşarak sırasıyla [ɟ] ve [c] varyantlarına dönüşür. Türkçe kurallarına göre hece sonundaki kapalı 'e' ünlüleri (özellikle l, m, n, r gibi akıcı ve genizsil ünsüzlerin yanında) açılarak [æ] sesini verir. Mastar eki (-mek) kuralı gereği birincil vurgu son hecededir. Ayrıca Türkçe fonolojisinde kelime sonundaki ötümsüz patlayıcılar soluklu (aspire) telaffuz edilir, bu nedenle en sondaki ses [cʰ] olmalıdır. HATA ANALİZİ: Ref 1, damaksıllaşma ([ɟ], [c]) ve ünlü açılması ([æ]) kurallarını başarıyla uygulamış ancak kelime sonu aspirasyonunu atlamıştır. Ref 2 ise ince ünlüden sonra gelen arka damak k'sini yanlışlıkla [k] olarak bırakmış (damaksıllaştırmamış) ve yine aspirasyon kuralını gözden kaçırmıştır. SİSTEM İYİLEŞTİRMESİ VE KURAL ÖNERİSİ: Sisteme şu katı kurallar eklenmelidir: 1) Palatalizasyon (Damaksıllaşma) Kuralı: 'Eğer /k/ veya /g/ sesleri ön/ince ünlülerle (e, i, ö, ü) komşuysa, bu sesleri mutlak surette damaksıl varyantları olan [c] ve [ɟ] ile değiştir.' 2) Kelime Sonu Aspirasyon Kuralı: 'Kelime sonunda bulunan ötümsüz patlayıcıları (p, t, k, c) tespit ettiğinde aspirasyon (ʰ) ekleyerek (pʰ, tʰ, kʰ, cʰ) transkribe et.'",/ɟæl.ˈmæc/,false
gende,/ɟæn.ˈde/,ɟ æ n d e,0.95,"DOĞRU KURALLAR: Kelime 'gen.de' şeklinde hecelenir. Ön damak ünlüsü 'e' öncesindeki 'g' patlayıcısı damaksıllaşarak [ɟ] sesine dönüşür. İlk hecedeki 'e' ünlüsü, kapalı hece sonunda yer alan genizsil 'n' ünsüzünün etkisiyle açılarak [æ] varyantına dönüşür. Bulunma durumu eki '-de' vurguyu üzerine çektiğinden birincil vurgu son hecededir. HATA ANALİZİ: Referans çıktılar sesbilimsel olarak (damaksıllaşma ve açık e kuralı) tamamen doğru bir analiz yapmış ve hedef sesleri doğru tespit etmiştir. Ancak her iki referans da dar çeviri (narrow transcription) işareti olan köşeli parantez '[ ]' yerine, geniş çeviri/fonemik transkripsiyon sembolü olan eğik çizgi '/ /' kullanma hatasına düşmüştür. SİSTEM İYİLEŞTİRMESİ VE KURAL ÖNERİSİ: Sistemin çıktı formatlama algoritmasına şu kural eklenmelidir: 'Dar Çeviri İşaretlemesi (Formatting): İstenen çıktı dar çeviri (narrow transcription) ise, fonetik dizilimi eğik çizgi (/ /) yerine kesinlikle köşeli parantez ([ ]) arasına al.'",/ɟæn.ˈde/,true
genç,/ˈɟæɲtʃ/,ɟ æ ɲ t͡ʃ,0.95,"DOĞRU KURALLAR: Ünsüzler ve Damaksıllaşma (Palatalizasyon): İnce 'e' ünlüsünden önce gelen 'g' sesi damaksıllaşarak [ɟ] varyantına dönüşür. Ünlü Açıklaşması: 'e' ünlüsü, hece sonunda yer alan nazal 'n' ünsüzünün etkisiyle açık [æ] olarak telaffuz edilir. Yer Benzeşmesi (Asimilasyon): Dişyuvasıl (alveolar) 'n' sesi, hemen ardından gelen damak-dişyuvasıl (palato-alveolar) 'ç' [tʃ] sesinin etkisiyle gerileyici yer benzeşmesine uğrayarak damaksıl burun ünsüzü [ɲ] sesine dönüşür. Vurgu: Tek heceli sözcüklerde birincil vurgu (ˈ) kelimenin başında gösterilir. HATA ANALİZİ: Referans çıktılar dar çeviri köşeli ayracı [...] yerine geniş çeviri ayracı /.../ kullanmış, tek heceli kelime vurgusunu atlamış ve izin verilen sembol havuzunda bulunmayan bağ bağlacını (tie bar, t͡ʃ) kullanma hatasına düşmüştür. SİSTEM İYİLEŞTİRMESİ VE KURAL ÖNERİSİ: Sisteme şu kural setleri eklenmelidir: 1) 'Dar Çeviri Kısıtı: Çıktıları her zaman köşeli ayraç [...] içine al ve tek heceli kelimelerde dahi başa (ˈ) vurgu işareti koy.' 2) 'Sembol Filtresi: Affricate (patlamalı-sızmalı) sesler için bağ bağlacı (tie bar) kullanma, doğrudan tʃ ve dʒ sembollerini kullan.' 3) 'Yer Benzeşmesi Kuralı: Eğer [n] sesinden hemen sonra [tʃ] veya [dʒ] geliyorsa, [n] sesini otomatik olarak [ɲ] sesine haritala.'",/ɟæɲt͡ʃ/,false
gerek,/ɟe.ˈɾecʰ/,ɟ e ɾ e cʰ,0.95,"DOĞRU KURALLAR: Türkçe fonolojisinde kalın 'g' ve 'k' sesleri ince ünlülerle (e, i, ö, ü) yan yana geldiğinde damaksıllaşarak sırasıyla [ɟ] ve [c] seslerine dönüşür. Kelime sonundaki ötümsüz patlayıcılar (p, t, k/c) standart Türkçe telaffuzunda kuvvetli bir şekilde aspire edilir (soluklanır) ve [ʰ] alır. Vurgu kurallı olarak son hecededir. Ayrıca Türkçe'de 'e' ünlüsü kapalı hecelerde genellikle sadece [m, n, l, r] ünsüzlerinden önce [æ] sesine genişler; hece sonu patlayıcı bir ünsüz ([c]) olduğunda bu genişleme gerçekleşmez ve [e] olarak kalır. HATA ANALİZİ: Referans 1, 'e' ünlüsünü yanlış bir bağlamda [æ] olarak genişletmiş ve kelime sonundaki ötümsüz patlayıcının aspirasyon kuralını atlayarak sadece [c] yazmıştır. Referans 2 ise ince ünlü sonrasında 'k' harfini damaksıllaştırmayarak velar [k] bırakmış, aspirasyonu atlamış ve yine kuraldışı bir [æ] genişlemesi yapmıştır. SİSTEM İYİLEŞTİRMESİ VE KURAL ÖNERİSİ: Sisteme şu üç kural eklenmelidir: 1) 'Damaksıllaşma (Palatalization): Eğer g veya k grafemi ince bir ünlüyle aynı hecedeyse, bunları velar [ɡ, k] yerine damaksıl [ɟ, c] olarak transkribe et.' 2) 'Kelime Sonu Aspirasyonu: Kelime sonunda bulunan ötümsüz patlayıcıları (p, t, c, k) daima soluklu varyantlarıyla [pʰ, tʰ, cʰ, kʰ] eşleştir.' 3) 'Ünlü Genişlemesi Kısıtlaması: Kapalı hecelerde e ünlüsünü [æ] sesine dönüştürme kuralını yalnızca hece sonunda akıcı veya genizsil (m, n, l, r) ünsüzleri varsa uygula; patlayıcı ünsüzlerden önce kapalı e [e] kullan.'",/ɟe.ˈɾæc/,false
gerekmiyor,/ɟe.ˈɾec.mi.joɾ/,ɟ e ɾ e c m i j o ɾ,0.98,"DOĞRU KURALLAR: 1) Vurgu: Türkçede '-me/-ma' olumsuzluk eki vurguyu bütünüyle reddeder ve kendi üzerine almaz. Vurgu daima bu ekten bir önceki heceye sabitlenir. 2) Ünsüzler ve Damaksıllaşma: İnce ünlü (e) bağlamında hece kuran kelime başı 'g' [ɟ] ve hece sonu 'k' sesi ön damaksıl (palatal) [c] varyantıyla telaffuz edilir. 3) Aspirasyon: Hece sonu /c/ (k) sesi, ardından gelen sızıcı /m/ (genizsil/nazal) ünsüzü nedeniyle serbestleşmez ve aspire edilmez. 4) Ünlü Daralması: '-yor' ekinin başındaki damaksıl kayıcı [j], kendinden önceki '-me' olumsuzluk ekinin 'e' ünlüsünü daraltarak [i] konumuna [mi] getirmiştir. HATA ANALİZİ: Referans 1 ve 2, birbirleriyle çatışan vurgu kurallarındaki hiyerarşiyi bilmemektedir; '-yor' ekinin standart vurgu kuralını işletip, olumsuzluk kuralını yok sayarak vurguyu hatalı şekilde [ˈmi] hecesine atamışlardır. İki referans da ince ünlü ortamındaki 'k' sesini kalın [k] bırakmış ve kapalı hecede /e/ ünlüsünün /m,n,l,r/ öncesi /æ/ olarak açılması kuralını aşırı genelleyip bir patlayıcı (/c/) öncesinde de [æ] kullanarak yanılmışlardır. Referans 1 ayrıca havuz dışı ve gereksiz yönde daraltılmış (ɾ̞̊) semboller üretmiştir. SİSTEM İYİLEŞTİRMESİ VE KURAL ÖNERİSİ: Sistemin hiyerarşik kuralları yapılandırması şarttır: 1) 'Vurgu Hiyerarşisi (Hardcoded Priority): Eylemde '-me/-ma' olumsuzluk eki (veya ünlü daralmasına uğramış varyantı) varsa, '-yor' kuralı dahil tüm vurgu kurallarını (default/suffix constraints) iptal et ve birincil vurguyu (ˈ) kesin biçimde olumsuzluk ekinden önceki heceye koy.' 2) 'Damaksıllaşma (Palatalization): Ön/ince ünlülerle (e, i, ö, ü) temas halindeki 'k' grafemi daima [c], 'g' grafemi daima [ɟ] olarak transkribe edilmelidir.'",/ɟe.ɾæk.ˈmi.joɾ̞̊/,false
gerçek,/ɟæɾ.ˈtʃecʰ/,ɟ æ ɾ t͡ʃ e cʰ,0.95,"DOĞRU KURALLAR: İnce (ön) ünlü 'e' ile aynı hecede veya bitişik konumda bulunan 'g' ve 'k' ünsüzleri damaksıllaşarak (palatalization) [ɟ] ve [c] seslerine dönüşür. 'ç' sesi ötümsüz patlamalı-sızmalı [tʃ] ile gösterilir. Akıcı 'r' ünsüzünden önceki 'e' açığa kayarak [æ] olarak gerçekleşir. Kelime sonundaki ötümsüz patlayıcı (c) aspire edilerek [cʰ] halini alır. Vurgu kurala uygun olarak son hecededir. HATA ANALİZİ: Referans 1, sistem havuzunda bulunmayan diyakritikler (ötümsüz r işareti ve bağlaçlı t͡ʃ) kullanmış; ayrıca kelime sonu aspirasyonunu atlamıştır. Referans 2 ise 'ç' grafemini yanlışlıkla fonetik [cʰ] ile eşleştirmiş ve son hecedeki ince ünlüye rağmen 'k' harfini kalın [k] bırakarak fonotaktik uyumu ihlal etmiştir. SİSTEM İYİLEŞTİRMESİ VE KURAL ÖNERİSİ: Sistemin algoritmasına şu kurallar eklenmelidir: 1) Grafem-Fonem Haritalama: Türkçedeki 'ç' harfini daima [tʃ] (bağlaçsız) olarak kodla. 2) Damaksıllaşma (Palatalization): İnce ünlülerle (e, i, ö, ü) bitişik olan k ve g seslerini zorunlu olarak ince/damaksıl [c, ɟ] varyantlarına çevir. 3) Kelime Sonu Aspirasyonu: Kelime sonundaki ötümsüz patlayıcıları (p, t, k, c) her zaman aspire et (örn: cʰ). 4) Diyakritik Filtresi: İzin verilen sembol havuzu dışındaki diyakritikleri (tie-bar, ring vb.) tamamen temizle.",/ɟæɾ̞̊.ˈt͡ʃæc/,false
gezegen sistemi,/ɟe.ze.ˈɟænsis.te.ˈmi/,ɟ e z e ɟ æ n s i s t e m i,0.95,"DOĞRU KURALLAR: Kelime grubu iki sözcükten oluşur. 'gezegen' kelimesinde ince 'e' ünlülerinden dolayı 'g' ünsüzleri damaksıllaşarak [ɟ] olur. Son hecedeki 'e', 'n' ünsüzüyle biten kapalı hecede açılarak [æ] varyantına dönüşür. 'sistemi' kelimesinde ise hece başındaki 't' patlayıcısı, kendinden hemen önce gelen 's' sürtünmeli ünsüzünün etkisiyle aspirasyonunu (solukluluğunu) kaybeder [t]. İsim tamlamasındaki her iki cüzün vurgusu korunur. HATA ANALİZİ: Referans 1, [s] sesinden sonra gelen ötümsüz patlayıcıların aspirasyon kaybetme kuralını atlamış ve [tʰ] kullanmıştır. Referans 2 ise iki kelimeyi tek bir fonetik sözcük gibi nokta ile birleştirip aradaki boşluğu silmiş, ikinci sözcüğün vurgusunu da iptal etmiştir. SİSTEM İYİLEŞTİRMESİ VE KURAL ÖNERİSİ: Sistemin algoritmasına şu kurallar eklenmelidir: 1) 'Sürtünmeli Ünsüz Etkisi: [s] veya [ʃ] fonemlerinden hemen sonra gelen ötümsüz patlayıcılar (p, t, k, c) salkım oluşturduğunda aspirasyon (ʰ) almaz.' 2) 'Çoklu Kelime (Phrase) İşleme: Birden fazla sözcükten oluşan birimlerde asıl kelimeler arası boşluk (space) sınırını mutlaka koru; noktayı (.) yalnızca bir kelimenin kendi içindeki hece sınırları için kullan.'",/ɟe.ze.ˈɟænsis.tʰe.ˈmi/,false
geçen,/ɟe.ˈtʃæn/,ɟ e t͡ʃ æ n,0.9,"DOĞRU KURALLAR: Ünsüzler: İnce ünlüyle ('e') hece kuran 'g' sesi damaksıllaşarak [ɟ] varyantına dönüşür. 'ç' harfi sürtünmeli-patlamalı [tʃ] olarak sesletilir. Ünlü Açıklığı (e/æ ayrımı): İlk hece (ge-) açık hece olduğu için 'e' sesi standart/kapalı [e] olarak kalır. İkinci hece (-çen) kapalı bir hecedir ve hece sonundaki 'n' alveolar nazalinin etkisiyle 'e' ünlüsü daralarak/açılarak [æ] sesine dönüşür. Vurgu: Standart Türkçe kelime vurgusu kuralı gereği birincil vurgu son hecededir. HATA ANALİZİ: Referans 1, e/æ ayrımını ve vurguyu doğru yapmıştır ancak izin verilen sembol havuzunda olmayan bağlayıcı (tie-bar) işaretli t͡ʃ kullanmıştır. Referans 2 ise açık/kapalı e kuralını kelimedeki tüm e seslerine ezbere uygulayarak aşırı genelleme (overgeneralization) hatasına düşmüş ve ilk açık hecedeki e'yi de hatalı şekilde [æ] olarak kodlamıştır. SİSTEM İYİLEŞTİRMESİ VE KURAL ÖNERİSİ: Sistemin algoritmasına şu kurallar eklenmelidir: 1) 'Ünlü Açıklığı Kuralı: Bir kelimedeki 'e' sesleri m, n, l, r gibi akıcı/genizsil ünsüzlerle biten kapalı hecelerde [æ] olarak (örn: -çen); açık hecelerde ise standart [e] olarak (örn: ge-) transkribe edilmelidir.' 2) 'Karakter Seti Sınırlandırması: Affrikat sesler (ç, c) transkribe edilirken t͡ʃ yerine sadece havuzda tanımlı olan tʃ ve dʒ kullanılmalıdır.'",/ɟe.ˈt͡ʃæn/,false
geçişli fiil,/ɟe.tʃiʃ.ˈlifi.ˈil/,ɟ e t͡ʃ i ʃ l i f i i l,0.95,"DOĞRU KURALLAR: Kelime grubu iki ayrı sözcükten oluşur. 'geçişli' kelimesinde, 'g' ünsüzü kendinden sonra gelen ince 'e' ünlüsü nedeniyle damaksıllaşarak [ɟ] varyantına dönüşür. İzin verilen sembol setine göre 'ç' sesi [tʃ] şeklinde (bağcık işareti olmadan) yazılır ve sözcük vurgusu son hecededir [ɟe.tʃiʃ.ˈli]. Arapça kökenli 'fiil' kelimesinde ardışık 'i' ünlüleri hece sınırı ile ayrılır ve sözcüğün kendi vurgusu son hecededir [fi.ˈil]. HATA ANALİZİ: Ref 1, referans sembol havuzunda olmayan birleşik 't͡ʃ' karakterini (tie-bar) kullanarak kısıtlamayı ihlal etmiştir. Ref 2 ise iki kelimeyi aralarında boşluk bırakmadan tek bir bütün gibi birbirine bağlamış ve vurguyu hatalı şekilde dizinin en başına [ˈɟe] yerleştirmiştir. SİSTEM İYİLEŞTİRMESİ VE KURAL ÖNERİSİ: Sisteme şu katı kurallar tanımlanmalıdır: 1) 'Sembol Eşleme: Türkçe ç ve c sesleri için uluslararası alfabede yaygın olan tie-bar (t͡ʃ, d͡ʒ) kullanımını iptal et, karakter havuzunda izin verilen düz [tʃ] ve [dʒ] dizilimlerini kullan.' 2) 'Kelime Öbeği Ayrımı: Boşlukla ayrılmış kelime gruplarında, kelimeleri noktayla birleştirip tek hece zincirine dönüştürme; ara boşluğu mutlaka koru ve vurgulama algoritmalarını her kelimenin kendi bütünü içinde ayrı işlet.'",/ɟe.t͡ʃiʃ.ˈlifi.ˈil/,false
gibi,/ɟi.ˈbi/,ɟ i b i,0.95,"DOĞRU KURALLAR: İnce ünlülerin komşuluğunda bulunan 'g' patlayıcısı ön-damaksıllaşarak (palatalization) [ɟ] sesine dönüşür. 'gibi' kelimesi bir edattır; öbek içinde vurguyu kendinden önceki kelimeye atsa da, sözlük biçiminde (izole) okunduğunda vurgu standart olarak son hecededir [ˈbi]. İki ünlü arasındaki 'b' sesi genel olarak [b] biçiminde korunur, bağlama veya hıza bağlı olarak [β] (ötümlü çift dudak sürtünmelisi) şekline zayıflaması (lenition) mümkündür ancak izole okunuşta standart patlayıcılık korunur. HATA ANALİZİ: Referans çıktılar [ɟ] palatalizasyonunu ve vurgu yerini doğru tespit etmiştir. Ancak dar çeviri (narrow transcription) istenmesine rağmen fonetik köşeli parantez ([...]) yerine fonemik parantez (//) kullanarak notasyon hatası yapmışlardır. SİSTEM İYİLEŞTİRMESİ VE KURAL ÖNERİSİ: Sisteme şu iki kural eklenmelidir: 1) 'Notasyon Kuralı: Çıktı dar çeviri (narrow transcription) ise, eğik çizgi (//) kullanımını engelle ve kesinlikle köşeli parantez ([...]) kullan.' 2) 'Edat İstisnası: Edatlar izole olarak (tek başına) sorgulandığında standart kelime sonu vurgu kuralını işlet, ancak cümle/öbek bağlamında verildiğinde vurguyu bir önceki sözcüğe at.'",/ɟi.ˈbi/,true
girebildiğiniz,/ɟi.ɾe.bil.di.ji.ˈniz/,ɟ i ɾ e b i l d i j i n i z,0.95,"DOĞRU KURALLAR: Türkçe ses kurallarına göre ince ünlüden ('i') önce gelen hece başı 'g' damaksıllaşarak [ɟ] olur. 'bil' hecesindeki 'l', ince ünlüyle ('i') yan yana olduğu için ince [l] olarak telaffuz edilir. İki ince dar ünlü (i-i) arasında kalan yumuşak ge ('ğ'), palatal sürtünmesiz [j] sesine dönüşür ('diği' > [di.ji]). Vurgu, iyelik eki alan sıfat-fiillerde düzenli olarak son hecede bulunur [ˈniz]. HATA ANALİZİ: Referans 1, tüm sesbilgisel kuralları ve vurgu yerini doğru uygulamıştır. Referans 2 ise ince ünlü bağlamı olmasına rağmen kalın [ɫ] hatasına düşmüş ve daha da önemlisi hece dizilimini bozarak ('ji.niz' yerine 'ni.jiz') sistemsel bir halüsinasyon (sıra kayması) oluşturmuştur. SİSTEM İYİLEŞTİRMESİ VE KURAL ÖNERİSİ: Sistemin algoritmasına şu kurallar eklenmelidir: 1) 'İnce l Kuralı: [l] sesi ince ünlülerle (e, i, œ, y) birleşik hecelerde daima ince [l] varyantıyla gösterilmeli, bu bağlamda kalın [ɫ] kullanımından kesinlikle kaçınılmalıdır.' 2) 'ğ'nin /j/ Varyantı: Kalınlık-incelik uyumu gereği ön ünlüler arasında kalan 'ğ', daimi olarak [j] semi-vokaline eşlenmelidir.' 3) 'Hece Kaymasını Önleme (Alignment): Çıktı üretilmeden önce harf dizilimi ile IPA fonemlerinin mutlak birebir haritası çıkarılmalı, sembol sıraları rastgele değiştirilmemelidir.'",/ɟi.ɾe.bil.di.ji.ˈniz/,true
git,/ˈɟit/,ɟ i t,1,"DOĞRU KURALLAR: Tek heceli sözcüklerde vurgu yegâne hecenin üzerindedir [ˈɟit]. 'g' ünsüzü, ince (ön) 'i' ünlüsünden önce geldiği için damaksıllaşarak [ɟ] sesine dönüşür. Sözcük sonundaki 't' ünsüzü, hece bitiminde olduğu için standart olarak aspirasyon (ʰ) almaz. HATA ANALİZİ: Referans 1, vurgu işaretini (ˈ) atlamış ve dar çeviri yerine geniş çeviri sembolleri (/ /) kullanmıştır. Referans 2 vurguyu ve damaksıl [ɟ] ünsüzünü doğru tespit etmiş ancak dar çeviri formatına uymayıp yine eğik çizgi kullanmıştır. SİSTEM İYİLEŞTİRMESİ VE KURAL ÖNERİSİ: Sisteme şu kurallar eklenmelidir: 1) 'Dar çeviri (narrow transcription) isteniyorsa, çıktıyı daima köşeli parantez [ ] içine al, eğik çizgi kullanma.' 2) 'Ön ünlüler (e, i, œ, y) öncesinde yer alan velar (art damak) 'g' ünsüzünü, damaksıl varyantı olan [ɟ] ile eşleştir.' 3) 'Sözcük tek heceli olsa bile, baş harften önce mutlaka birincil vurgu (ˈ) işaretini ekle.'",/ɟit/,false
gitaristlerimizden,/ɟi.tʰa.ɾist.le.ɾi.miz.ˈdæn/,ɟ i tʰ a ɾ i s t l e ɾ i m i z d æ n,0.95,"DOĞRU KURALLAR: İnce ünlüden (i) önce gelen 'g' sesi damaksıllaşarak [ɟ] olur. Hece başı pozisyonundaki ötümsüz 't' patlayıcısı aspire edilerek [tʰ] şeklini alır. 'rist' hecesinin sonundaki 't' hece sonunda (coda) bulunduğu için aspirasyonsuz okunur. Kelimenin son hecesindeki 'e', takip eden 'n' ünsüzünün etkisiyle açık [æ] sesine dönüşür. Vurgu standart eklenme kurallarına uygun olarak en son hecededir. HATA ANALİZİ: Referans 1 fonetik kuralları kusursuz uygulayarak ideal dar çeviriyi oluşturmuştur. Referans 2 ise kelime içi hece başı aspirasyonunu (tʰ) es geçerek doğrudan temel ünsüz [t] kullanmış, ancak hece sonundaki aspirasyonsuz durumu doğru tahmin etmiştir. SİSTEM İYİLEŞTİRMESİ VE KURAL ÖNERİSİ: Sisteme şu bağlamsal aspirasyon kuralı net bir şekilde tanımlanmalıdır: 'Ötümsüz patlayıcı ünsüzler (p, t, k, c) hece başında (onset) yer aldığında düzenli olarak aspire edilir (ʰ). Ancak bu sesler hece sonunda (coda) bulunuyorsa (örn. gitarist kelimesindeki st kümesi), aspirasyon iptal edilir ve [p, t, k, c] formunda bırakılır.'",/ɟi.tʰa.ɾist.le.ɾi.miz.ˈdæn/,true
gitmek,/ɟit.ˈmæc/,ɟ i t m æ c,0.98,"DOĞRU KURALLAR: Kelimenin ilk ünsüzü 'g', ince ünlü 'i'nin etkisiyle damaksıllaşarak [ɟ] sesini verir. İkinci hecedeki 'e' ünlüsü, kapalı hecede 'm' ve 'c' seslerinin komşuluğunda açılarak [æ] olarak gerçekleşir. 't' ünsüzü hece sonunda (koda) olduğu için aspirasyon almaz. Sondaki 'k' ünsüzü yine ince ünlü komşuluğundan dolayı damaksıllaşır ve [c] olarak telaffuz edilir. Vurgu son hecededir. HATA ANALİZİ: Referans 1 tüm kuralları doğru uygularken, Referans 2 kelime sonundaki 'k' sesini damaksıllaştırmayıp velar [k] bırakarak ön-damak uyumu kuralını ihlal etmiştir. SİSTEM İYİLEŞTİRMESİ VE KURAL ÖNERİSİ: Sisteme şu kural eklenmelidir: 'Ünsüz Damaksıllaşması (Palatalization): Türkçede /k/ ve /g/ sesleri [e, i, œ, y] gibi ince (front) ünlülerle aynı hecedeyse, bu sesleri damaksıl varyantları olan [c] ve [ɟ] ile haritala. İnce ünlü bağlamında kesinlikle velar [k] veya [ɡ] sembollerini kullanma.'",/ɟit.ˈmæc/,true
gitti,/ɟit.ˈtʰi/,ɟ i t tʰ i,0.98,"DOĞRU KURALLAR: Kelime ince 'i' ünlüsü içerdiğinden kelime başındaki 'g' ünsüzü damaksıllaşarak [ɟ] sesine dönüşür. Hece başlarındaki ötümsüz patlayıcılar soluklu okunduğundan ikinci hecenin başındaki 't' [tʰ] olur; ancak hece sonundaki ilk 't' soluksuz [t] olarak kalır. Çekimli fiillerde bilinen geçmiş zaman eki (-di/-ti) vurguludur, dolayısıyla vurgu son hecededir. HATA ANALİZİ: Referans 1, dar transkripsiyon kurallarını (damaksıllaşma, aspirasyon ve vurgu) kusursuz uygulamıştır. Referans 2 ise ince ünlü önündeki damaksıllaşmayı atlayarak standart [ɡ] kullanmış, aspirasyonu ihmal etmiş ve geçmiş zaman ekini vurgusuz olan ek-fiil (idi) ile karıştırarak vurguyu hatalı şekilde ilk heceye kaydırmıştır. SİSTEM İYİLEŞTİRMESİ VE KURAL ÖNERİSİ: Sisteme şu kurallar eklenmelidir: 1) 'Damaksıllaşma Kuralı: [ɡ] ve [k] ünsüzleri ince ünlülerden (e, i, œ, y) hemen önce geliyorsa, onları istisnasız olarak [ɟ] ve [c] varyantlarına dönüştür.' 2) 'Aspirasyon Kuralı: İkiz ötümsüz patlayıcı (geminate) harfler yan yana geldiğinde, hece sonunda kalanı yalın (örn. t), hece başında olanı aspire edilmiş (örn. tʰ) olarak kodla.' 3) 'Vurgu Kuralı: Fiil kök ve gövdelerine doğrudan eklenen görülen geçmiş zaman eki (-di/-ti) vurguludur, ek-fiil ile karıştırma ve birincil vurguyu son heceye yerleştir.'",/ɟit.ˈtʰi/,true
giyecek,/ɟi.je.ˈdʒæcʰ/,ɟ i j e d͡ʒ æ cʰ,0.95,"DOĞRU KURALLAR: Kelime başındaki 'g' ünsüzü ince 'i' önünde damaksıllaşarak [ɟ] olur. İkinci hecedeki 'y' [j] olarak yazılır. 'c' ünsüzü [dʒ] olarak transkribe edilir. Son hecedeki 'e', damaksıl k [c] sesinden önce açılarak [æ] sesine dönüşür. İnce ünlüden sonra kelime sonunda yer alan 'k' sesi damaksıl ve soluklu [cʰ] olarak telaffuz edilir. Vurgu son hecededir. HATA ANALİZİ: Referans 1, açık 'e' [æ] ve damaksıl [c] kurallarını bilmiş ancak kelime sonu ötümsüz patlayıcıların soluklanma (aspirasyon) kuralını atlamıştır; ayrıca izin verilmeyen bağ harfli [d͡ʒ] sembolünü kullanmıştır. Referans 2 ise ince ünlüden sonraki 'k' sesini damaksıllaştırmadan kalın [k] bırakmış ve aspirasyonu unutmuştur. SİSTEM İYİLEŞTİRMESİ VE KURAL ÖNERİSİ: 1) Sistemin sembol envanterini kısıtla; bağ harfi (tie-bar) içeren [d͡ʒ] yerine sadece [dʒ] kullanımını zorunlu kıl. 2) İnce ünlülerden (e, i, œ, y) sonra gelen 'k' sesini her zaman damaksıl [c] ile haritala. 3) Kelime sonunda yer alan ötümsüz patlayıcı (p, t, k, c) seslerini otomatik olarak soluklu [pʰ, tʰ, kʰ, cʰ] varyantlarıyla güncelle.",/ɟi.je.ˈd͡ʒæc/,false
gâvurlarında,/ɟaː.vuɾ.ɫa.ɾɯn.ˈda/,ɟ aː v u ɾ ɫ a ɾ ɯ n d a,0.9,"DOĞRU KURALLAR: Farsça kökenli 'gâvur' kelimesindeki düzeltme işareti (â), önceki 'g' ünsüzünü damaksıllaştırarak [ɟ] varyantına dönüştürür ve 'a' ünlüsü uzun [aː] telaffuz edilir. Kelimedeki kalın ünlüler (u, a, ı, a) dizilimi nedeniyle '-lar' ekinin ünsüzü kalın/koyu 'l' [ɫ] olarak transkribe edilir. Türkçede isim çekim ekleri (çoğul, iyelik, bulunma hal ekleri) aksini gerektiren istisnai bir ek barındırmadıkları sürece vurguyu kelime sonuna taşır; bu nedenle birincil vurgu son hecededir (ˈda). HATA ANALİZİ: Her iki referans da düzeltme işaretinin (â) damaksıllaştırıcı etkisini atlamış ve kalın [ɡ] kullanmıştır. Referans 1, izin verilen havuzda bulunmayan ve gereksiz aşağı işaretlenmiş ('β̞') bir daraltma sembolü üretmiştir. Referans 2 ise hece içi 'r' sesini tamamen atlayarak hece yapısını bozmuş ([vu.ɫa]) ve vurguyu yanlış heceye koymuştur. SİSTEM İYİLEŞTİRMESİ VE KURAL ÖNERİSİ: Sisteme şu algoritmik yapı eklenmelidir: 1) 'Yazım Kuralları ve Damaksıllaşma Haritalaması: Eğer g, k veya l harflerinin hemen ardından düzeltme işaretli â veya û geliyorsa, standart kalın ünsüzleri [ɡ, k, ɫ] kesinlikle damaksıl varyantları olan [ɟ, c, l] fonemleriyle değiştir.' 2) 'Kayıp Ses (Omission) Kontrolü: Fonetik çeviri esnasında kaynak kelimenin grafemleriyle üretilen fonemler arasında hizalama (alignment) kontrolü yaparak sessiz harf düşmelerini (örn. r) önle.'",/ɡaː.β̞uɾ.ɫa.ɾɯn.ˈda/,false
gök cisimlerinin,/ˈɟœcdʒi.sim.le.ɾi.nin/,ɟ œ c d͡ʒ i s i m l e ɾ i n i n,0.95,"DOĞRU KURALLAR: 1. Ünsüzlerin Damaksıllaşması (Palatalizasyon): İnce ünlülerin (ö, i, e) yanındaki art damak ünsüzleri öne çekilir. 'gök' kelimesindeki 'g' sesi [ɟ] ve 'k' sesi [c] olmalıdır. İnce ünlülerle kurulan hecelerdeki 'l' sesi de ince [l] şeklindedir. 2. Harf-Ses Karşılıkları: Türkçedeki ortografik 'c' harfi, fonetikte ötümlü sızmalı patlayıcı olan [dʒ] sesine karşılık gelir. 3. Tamlama Vurgusu: 'gök cisimleri' gibi belirtisiz isim tamlamalarında öbek vurgusu tamlayan olan ilk kelimenin ('gök') üzerindedir. HATA ANALİZİ: Referans 1, 'c' sesi için izin verilmeyen bağlamalı (tie-bar) [d͡ʒ] sembolünü kullanmış ve isim tamlaması kuralını ihlal ederek vurguyu cümlenin en sonuna bırakmıştır. Referans 2 ise çok ciddi bir haritalama (mapping) hatası yaparak yazılıştaki 'c' harfini İngilizce veya salt IPA'daki damak patlayıcısı sanıp [cʰ] biçiminde kodlamış; üstüne 'gök' kelimesinin sözcük sonu k sesini kalın k bırakıp heceleri birleştirmiştir. SİSTEM İYİLEŞTİRMESİ VE KURAL ÖNERİSİ: Sistemin G2P algoritmasına şu kurallar gömülmelidir: 1) 'Karakter Haritalama Sistemi: Türk yazımına ait 'c' harfini görsel yanılgıya düşmeden her zaman ötümlü [dʒ] olarak haritala. Ortografik 'c' asla IPA damak patlayıcısı (c) değildir.' 2) 'Palatalizasyon Şartı: 'k' ve 'g' harfleri eğer ince ünlülerle (e, i, ö, ü) temastaysa onları daima [c] ve [ɟ] olarak transkribe et.' 3) 'Sözdizimsel Vurgu İşleyişi: Sözcük öbeklerinde, özellikle belirtisiz isim tamlamalarında birincil stres (ˈ) perdesini ilk heceye/sözcüğe ver, ikinci sözcükte ana vurgu silinmelidir.'",/ɟœcd͡ʒi.sim.le.ɾi.ˈnin/,false
görmediğinden,/ˈɟœɾ.me.di.jin.dæn/,ɟ œ ɾ m e d i j i n d æ n,0.95,"DOĞRU KURALLAR: Vurgu: Sözcükteki '-me' olumsuzluk eki vurgu almaz ve birincil vurguyu kendinden bir önceki heceye (kök hecesi 'gör') iter, bu nedenle vurgu ilk hecededir. Ünsüzler: İnce 'ö' ünlüsünden önceki 'g' damaksıllaşarak [ɟ] olur. İki ince 'i' ünlüsü arasında kalan 'ğ' ünsüzü eriyerek damaksıl sürtünmesiz [j] sesine dönüşür (di-ğin -> di.jin). Ünlüler: Son hecedeki '-den' eki kapalı bir hecedir ve 'n' sonantından önceki 'e' açılarak [æ] varyantı ile telaffuz edilir. HATA ANALİZİ: Ref 1 vurgu ve dönüştürme kurallarını mükemmel uygulayarak doğru sonuca ulaşmıştır. Ref 2 ise fiilimsilerde olumsuzluk ekinin vurgu itici özelliğini atlamış ve asıl vurguyu yanlış şekilde 'di' hecesine atarak hataya düşmüştür. SİSTEM İYİLEŞTİRMESİ VE KURAL ÖNERİSİ: Sistemin algoritmasına şu kural eklenmelidir: 'Olumsuzluk Eki Vurgu Kuralı (Negative Suffix Stress Overlap): Bir kelimede -ma/-me olumsuzluk eki bulunuyorsa, varsayılan kelime sonu veya ek kombinasyonu vurgularını ezin. Birincil vurguyu (ˈ) her zaman bu olumsuzluk ekinden hemen önceki heceye kodlayın.'",/ˈɟœɾ.me.di.jin.dæn/,true
görmek,/ɟœɾ.ˈmecʰ/,ɟ œ ɾ m e cʰ,0.98,"DOĞRU KURALLAR: Damaksıllaşma (Palatalization) kuralı gereği, ince ünlülerle (ö, e) yan yana bulunan 'g' ve 'k' sesleri damaksıllaşarak [ɟ] ve [c] ünsüzlerine dönüşür. Türkçede 'e' ünlüsü kapalı hecelerde m, n, l, r önünde genelde açık [æ] olarak telaffuz edilse de, damaksıl ünsüzlerden (c, ɟ, j) hemen önce kapalılığını korur ve standart [e] olarak kalır. Kelime sonundaki ötümsüz patlayıcılar sızmalı/nefesli bırakılarak aspire edilir [cʰ]. Mastar eklerinde (-mak/-mek) vurgu son hecededir. HATA ANALİZİ: Referans 1, 'kapalı hecedeki e açık [æ] olur' kuralını ezbere işletmiş, ancak damaksıl ünsüzlerin (c) kapaltıcı etkisini (blocking effect) hesaba katmamıştır. Ayrıca kelime sonu aspirasyon detayını atlamıştır. Referans 2 ise bu bağlamsal istisnayı ve aspirasyonu doğru tespit etmiştir. SİSTEM İYİLEŞTİRMESİ VE KURAL ÖNERİSİ: Sisteme şu algoritmik kurallar eklenmelidir: 1) '[e]/[æ] Alfonları: e ünlüsünü transkribe ederken, eğer kendisinden hemen sonra damaksıl bir ünsüz [c, ɟ, j, ɲ] geliyorsa, açık [æ] kuralını iptal et ve daima standart/kapalı [e] kullan.' 2) 'Kelime Sonu Aspirasyonu: Kelime sonunda yer alan ötümsüz patlayıcıları [p, t, k, c] serbest bırakılma kuralı gereği dar transkripsiyonda aspire [pʰ, tʰ, kʰ, cʰ] olarak etiketle.'",/ɟœɾ.ˈmæc/,false
göstergesiyim,/ɟœs.tæɾ.ɟe.ˈsi.jim/,ɟ œ s t æ ɾ ɟ e s i j i m,0.95,"DOĞRU KURALLAR: Kelime 'gösterge-si-y-im' (iyelik eki + ek-fiil kişi eki) yapısındadır. İsim soylu sözcüklere gelen ek-fiil (koşaç) '-im' vurgu almaz, birincil vurgu bir önceki hece olan '-si' üzerinde kalır. İnce ünlüler (ö, e) öncesindeki 'g' ünsüzleri damaksıllaşarak [ɟ] varyantına dönüşür. 's' sürtünmelisinden sonra gelen patlayıcılar (t) aspirasyon kaybeder ve [t] olarak kalır. Kapalı hecede 'r' ünsüzünden önce yer alan 'e' ünlüsü açılarak [æ] olur. Türkçe heceleme kuralı gereği sözcük içindeki iki ünsüz (r-g) tam ortadan bölünür (gös.ter.ge.si.yim). HATA ANALİZİ: Referans 1, 's' sonrasındaki 't' için aspirasyon kuralını bilmediğinden [tʰ] hatasını yapmış ve ek-fiil vurgu istisnasını atlayarak vurguyu kelime sonuna vermiştir. Referans 2 ise yanlış heceleme (_te.ɾɡe_) yapmış, [ɟ] ile [æ] allofonlarını gözetmemiş ve aynı şekilde vurgu istisnasını kaçırmıştır. SİSTEM İYİLEŞTİRMESİ VE KURAL ÖNERİSİ: Sistemin algoritmasına şu kurallar açık bir şekilde tanımlanmalıdır: 1) 'Vurgu İstisnası (Ek-fiil): İsim veya sıfatlara eklenen ek-fiil kişi ekleri (-im, -sin, vb.) vurgu taşımaz; vurguyu kesinlikle bu eklerden bir önceki heceye sabitle.' 2) 'Aspirasyon İptali: [p, t, k, c] seslerinden hemen önce [s] veya [ʃ] sürtünmelisi geliyorsa, aspirasyon (ʰ) özelliğini inaktif hale getir.' 3) 'Heceleme Algoritması: Kelime içinde VCCV (ünlü-ünsüz-ünsüz-ünlü) dizilimi tespit edildiğinde, hece sınırını (nokta) daima ünsüzler arasından (VC.CV) çek.'",/ɟœs.tʰæɾ.ɟe.si.ˈjim/,false
gözaltılarının,/ɟœ.zaɫ.tʰɯ.ɫa.ɾɯ.ˈnɯn/,ɟ œ z a ɫ tʰ ɯ ɫ a ɾ ɯ n ɯ n,0.9,"DOĞRU KURALLAR: Kelime 'göz' ve 'altı' sözcüklerinin birleşmesiyle oluşmuştur, z ve a sesleri arasında ulama (liaison) gerçekleşerek heceleme 'gö.zal.tı' şeklinde yapılır. İnce ünlü ö [œ] ile hece kuran g sesi damaksıllaşarak [ɟ] olur. Kalın ünlü barındıran hecelerdeki l sesleri velarize kalın l [ɫ] ile gösterilir. Hece başı ötümsüz patlayıcı t, kural gereği aspire edilerek [tʰ] olarak sesletilir. İsim çekim ekleri olan çokluk, iyelik ve tamlayan ekleri dizisi genel kural olarak vurguyu son heceye çeker. HATA ANALİZİ: Ref 1 tamamen fonetik kurallara uygun dar çeviri yapmıştır. Ref 2, t sesindeki aspirasyon (solukluluk) kuralını ve kelimenin vurgu yapısını analiz aşamasında atlamıştır. SİSTEM İYİLEŞTİRMESİ VE KURAL ÖNERİSİ: Sisteme şu iki kural eklenmelidir: 1) Aspirasyon Kuralı: Hece başı olan p, t, k, c ötümsüz patlayıcı seslerini kendilerinden önce s, ş gibi sızıcılılar gelmediği sürece standart olarak aspire (ʰ) et. 2) Vurgu Kuralı: Birincil vurgu işareti bulunmayan çıktıları reddet; eğer kelime birleşik dahi olsa -lar, -nın gibi ardışık ve güçlü çekim ekleri almışsa, algoritma varsayılan olarak son heceye stresi işaretlemelidir.",/ɟœ.zaɫ.tʰɯ.ɫa.ɾɯ.ˈnɯn/,true
günahkârlarım,/ɟy.nah.cʰaːɾ.ɫa.ˈɾɯm/,ɟ y n a h cʰ aː ɾ ɫ a ɾ ɯ m,0.94,"DOĞRU KURALLAR: 1) Ünsüz İncelmesi: Gövdedeki ilk ses 'g', ön ünlü 'ü' sebebiyle baştan incelir [ɟ]. Farsça kökenli '-kâr' ekinde bulunan şapkalı 'â', kendisinden önceki 'k' sesini damaksıllaştırarak [c] yapar; hece başı olduğu için soluklu telaffuz edilir [cʰ]. 2) Ünlü Uzunluğu: '-kâr' ekindeki şapkalı 'â' uzundur [aː]. 3) Vurgu: Çekim ekleri olan çoğul '-lar' ve iyelik '-ım' eklendiğinde kelime sonu vurgu kuralı işler ve vurgu son heceye kayar [ˈɾɯm]. 4) Artlık-Önlük Uyumu: '-kâr' eki kendisinden sonraki ekleri kalın sıradan ('-lar', '-ım') almaya devam ettirdiği için çoğul ekindeki 'l', kalın art-damak varyantı olan [ɫ] ile sesletilir. HATA ANALİZİ: Referans 1, vurguyu doğru tespit etmesine rağmen şapkalı 'â'nın kendinden önceki harfi damaksıllaştırdığını (cʰ) atlayarak ezberden normal art damak [kʰ] kullanmıştır. Referans 2 ise ünsüz incelmesini kaçırmanın yanı sıra vurguyu hatalı şekilde kökte/yapım ekinde (-kâr) sabitleyerek kural ihlali yapmıştır. KURAL ÖNERİSİ (SİSTEM İYİLEŞTİRMESİ): Sistem algoritmasına şu iki kural eklenmelidir: 1) Damaksıllaşma İstisnası: Eğer k ve g ünsüzlerinden hemen sonra şapkalı â veya û geliyorsa, o ünsüzü daima ince/damaksıl [c, ɟ] olarak transkribe et ve patlayıcı p, t, k, c hece başındaysa soluklu (ʰ) özelliğini ekle. 2) Standart Vurgu Aktarımı: Özel isim, zarf veya olumsuzluk eki gibi spesifik bir istisna yoksa, kelimeye eklenen standart isim çekim ekleri (-lar, -ım) vurguyu (ˈ) daima zincirin en son halkasına taşır.",/ɟy.nah.kʰaːɾ.ɫa.ˈɾɯm/,false
güzelliğindeki,/ɟy.zæl.li.jin.ˈde.cʰi/,ɟ y z æ l l i j i n d e cʰ i,0.95,"DOĞRU KURALLAR: İnce ünlülerle (ü, e, i) hece kuran 'g' damaksıl [ɟ] olur. 'e' ünlüsü 'l' ile biten kapalı hecelerde açılarak [æ] sesini verir. İki ince 'i' ünlüsü arasında kalan 'ğ', tam bir erime yaşayarak palatal yarı ünlü [j] sesine dönüşür ('-li.jin-'). İlgi/Aitlik eki '-ki', vurguyu kendi üzerine almaz, birincil vurguyu kendinden önceki heceye ('-de') taşır. Son heradaki ince 'k', hece başında yer aldığı için hem damaksıllaşır [c] hem de dar çeviri (narrow transcription) gereği aspirasyon alır [cʰ]. HATA ANALİZİ: Referans 1 tüm fonetik kurallara riayet ederek hatasız bir dar çeviri sunmuştur. Referans 2 ise ünlüler, vurgu ve palatalizasyon (ğ->j) konusunda doğru çıkarımlar yapmış ancak hece başı ötümsüz patlayıcıların mecburi aspirasyonunu atlayarak ince 'k' sesini [cʰ] yerine yalın [c] olarak bırakmıştır. SİSTEM İYİLEŞTİRMESİ VE KURAL ÖNERİSİ: Algoritmaya şu iki kural eklenmelidir: 1) 'Yumuşak G (ğ) Kuralı: ğ harfi, iki ön/ince ünlü (i-i, e-i, vb.) arasında yer aldığında, dar çeviride palatal yarı ünlü [j] olarak transkribe et.' 2) 'Hece Başı Aspirasyonu: Hece başında bulunan ötümsüz durak ünsüzleri (p, t, k, c), öncesinde /s/ veya /ʃ/ gibi hece içi bir sürtünmeli salkımı engeli yoksa, dar çeviride daima aspirasyon işaretini (ʰ) almalıdır.'",/ɟy.zæl.li.jin.ˈde.cʰi/,true
haber,/ha.ˈbæɾ/,h a b æ ɾ,0.95,"DOĞRU KURALLAR: İsim soylu bu kelimede vurgu kurallı olarak son hecededir [ha.ˈbæɾ]. İkinci hecedeki 'e' ünlüsü, kapalı hecede ve akıcı bir ünsüz olan 'r' sesinden önce geldiği için açılarak [æ] olarak telaffuz edilir. Kelime başındaki 'h' ve ortasındaki 'b' sesleri standart ötümlü/ötümsüz karşılıklarıyla korunur. HATA ANALİZİ: Referans 1, Türkçe kelime sonu 'r' sesinin ötümsüzleşmesi/sürtünmelileşmesi kuralını işleterek [ɾ̞̊] sembolünü üretmiştir; ancak bu sembol sistemin kesin olarak sınırlandırdığı izin verilen sembol havuzunda yoktur. Referans 2 sembolleri doğru kullanmıştır ancak her iki referans da dar çeviri (narrow transcription) formatı olan köşeli ayraç [...] yerine geniş çeviri işareti olan eğik çizgi /.../ kullanmıştır. SİSTEM İYİLEŞTİRMESİ VE KURAL ÖNERİSİ: Sistemin algoritmasına şu kurallar eklenmelidir: 1) 'Kısıtlı Sembol Validasyonu: Üretilecek semboller İzin Verilen Sembol Havuzu ile sınırlandırılmıştır. Fonetik gerçeklik [ɾ̞̊] gerektirse dahi, havuzda sadece [ɾ] varsa eşleme bu sembolle yapılmalıdır.' 2) 'Format Standardı: İstem (prompt) dar çeviri (narrow transcription) talep ettiğinde çıktıyı daima köşeli ayraç [...] içine al.'",/ha.ˈbæɾ̞̊/,false
haber kipini,/ha.ˈbæɾcʰi.pʰi.ˈni/,h a b æ ɾ cʰ i pʰ i n i,0.92,"DOĞRU KURALLAR: Kelime öbeği bir isim tamlaması taşıdığı için aradaki boşluk korunur. 'haber' kelimesinde, kapalı hece sonunda ve 'r' ünsüzünden önce gelen 'e' ünlüsü açık [æ] olarak boğumlanır. 'kipini' kelimesindeki art damak (velar) ünsüzü 'k', kendisinden sonra gelen ince/ön ünlü 'i'nin etkisiyle damaksıllaşarak (palatalizasyon) [c] sesine dönüşür. Hece başında yer alan /c/ ve /p/ gibi ötümsüz patlayıcılar ise soluklanma (aspirasyon) alarak [cʰ] ve [pʰ] şeklinde gerçekleşir. HATA ANALİZİ: Referans 1, aspirasyon (cʰ, pʰ) ve ünlü açılması (æ) kurallarını çok iyi yakalamış ancak izin verilen sembol havuzunun dışına çıkarak geçersiz, otonom diyakritikli (ɾ̞̊) bir ünsüz üretmiştir. Referans 2 ise iki kelimeyi boşluksuz tek kelime gibi birleştirmiş (nokta ile bağlamış) ve hece başı aspirasyon gerekliliğini tamamen göz ardı ederek (c, p formunda) hatalı bir ezber eşleme yapmıştır. SİSTEM İYİLEŞTİRMESİ VE KURAL ÖNERİSİ: Sistemin algoritmasına şu kurallar eklenmelidir: 1) 'Kelime Sınırları (Word Boundaries): Girdide birden fazla sözcük varsa, sözcükleri (nokta kullanmak yerine) uzamsal boşlukla (space) ayır ve her bir kelimeye kendi yapısal burgu kuralını ayrı ayrı işlet.' 2) 'Katı Sembol Filtresi (Whitelist): Sistem çıktısını doğrudan sadece izin verilen havuz (whitelist) ile sınırla; referans alınan veride listelenmemiş otonom diyakritikler (örn. ɾ̞̊) varsa bunları varsayılan yalın hallerine (ɾ) çevir.' 3) 'Aspirasyon Kuralı: İnce ünlülerle temas eden veya hece başı formuna (onset) düşen ötümsüz patlayıcıları yakala ve [pʰ, tʰ, kʰ, cʰ] olacak şekilde soluklu varyantlarına eşle.'",/ha.ˈbæɾ̞̊cʰi.pʰi.ˈni/,false
haceti,/haː.dʒe.ˈtʰi/,h aː d͡ʒ e tʰ i,0.95,"DOĞRU KURALLAR: 1. Ünlü Uzunluğu: Kelime Arapça kökenlidir (ḥācet) ve ilk hecedeki 'a' ünlüsü uzundur; [aː] olarak transkribe edilmelidir. 2. Aspirasyon: Hece başındaki ötümsüz patlayıcılar (p, t, k, c) sürtünmeli bir ses tarafından engellenmedikleri sürece soluklu okunur. Bu nedenle 't' sesi [tʰ] varyantına dönüşür. 3. Vurgu: Belirtme veya iyelik eki olan '-i', standart Türkçe vurgu kuralına uygun olarak vurguyu kendi üzerine çeker [ˈtʰi]. HATA ANALİZİ: Referans 1 ve 2, alıntı kelimelerdeki etimolojik ünlü uzunluğunu sözlük verisi eksikliğinden veya harfiyen çeviriden dolayı atlayarak [a] şeklinde kısa yazmıştır. Referans 2, hece başı patlayıcıların aspirasyon (soluklanma) kuralını tamamen atlayarak çıplak [t] bırakmıştır. Ayrıca her iki referans, kendilerine verilen sembol havuzu sınırlandırmasını ihlal edip izin verilmeyen bağ işaretli (tie-bar) [d͡ʒ] formunu üretmiştir. SİSTEM İYİLEŞTİRMESİ VE KURAL ÖNERİSİ: Sistemin mimarisine şu kurallar eklenmelidir: 1) 'Alıntı Kelime Sözlüğü (Lexicon Lookup): Arapça veya Farsça kökenli bilinen kelimelerdeki (hacet, kâtip, cahil vb.) uzun ünlüleri tespit edebilmek için bir istisna kontrol mekanizması ekle ve [a] sesini [aː] ile eşle.' 2) 'Geçerli Sembol Filtresi: Çıktı üretmeden önce karakterleri havuz ile eşleştir; bağ işaretli (tie-bar) affricate karakterler havuzda yoksa bunları doğrudan yalın [dʒ] ve [tʃ] şeklinde düzelt.' 3) 'Aspirasyon Tetikleyicisi: Eğer bir ötümsüz patlayıcı [p, t, k, c] hece başındaysa ve kendinden önce [s, ʃ] gibi bir sürtünmeli harf yoksa, o harfi her zaman kesin olarak [ʰ] ekleyerek yaz.'",/ha.d͡ʒe.ˈtʰi/,false
hafız,/ˈhaː.fɯz/,h aː f ɯ z,0.95,"DOĞRU KURALLAR: Kelime Arapça kökenlidir ('ḥāfiẓ') ve fâil veznindedir. Türkçeye yerleşen bu tip sözcüklerde ilk hecedeki 'a' ünlüsü uzundur [aː]. Ayrıca 'âlim', 'kâtip', 'zâlim' gibi ilk hecesi orijinalinde uzun ünlü barındıran Arapça alıntılarda standart Türkçe son hece vurgu kuralı istisnai olarak bozulur ve birincil vurgu ilk hecede konumlanır. HATA ANALİZİ: Referans çıktılar, kelimenin etimolojisini ve alıntı kelime fonetiğini bilmedikleri için ünlüyü kısa [a] kabul etmiş ve ezbere bir kural işletimiyle vurguyu son heceye [ˈfɯz] koymuştur. SİSTEM İYİLEŞTİRMESİ VE KURAL ÖNERİSİ: Sisteme şu kurallar eklenmelidir: 1) 'Alıntı Kelime Uzunluğu (Lexical Lookup required): Arapça kökenli fâil veznindeki kelimelerin (hâfız, kâtip vb.) ilk hecesindeki a ünlüsünü uzun [aː] olarak işaretle.' 2) 'Vurgu İstisnası: İlk hecesi uzun ünlü içeren bu tür Arapça alıntılarda varsayılan son hece vurgusunu ez, birincil vurguyu (ˈ) her zaman uzun ünlünün bulunduğu ilk heceye yerleştir.'",/ha.ˈfɯz/,false
hafızının,/haː.fɯ.zɯ.ˈnɯn/,h aː f ɯ z ɯ n ɯ n,0.95,"DOĞRU KURALLAR: Kelime Arapça kökenlidir ('ḥāfiẓ'). İlk hecedeki 'a' ünlüsü uzundur ve [aː] olarak transkribe edilmelidir. İyelik ve tamlayan (ilgi) ekleri vurguyu standart olarak kelime sonuna taşır, bu nedenle birincil vurgu son hecededir [ˈnɯn]. Hece başlarındaki ünsüzlerde (h, f, z, n) herhangi bir aspirasyon veya bağlamsal değişim gerçekleşmez. HATA ANALİZİ: Referans çıktılar köken analizi yapmamış, Arapça alıntı kelimedeki etimolojik ünlü uzunluğunu atlayarak ilk hecedeki ünlüyü kısa [a] olarak kurgulama (ezbere kuralı işletme) hatasına düşmüştür. SİSTEM İYİLEŞTİRMESİ VE KURAL ÖNERİSİ: Sisteme şu kural eklenmelidir: 'Arapça fâil (özne) kalıbındaki (hâkim, kâtip, hâfız, kâşif vb.) alıntı kelimelerin ilk hecesindeki (a) ünlülerini düzenli olarak uzun [aː] olarak kodla. Bu tür ödünçleme (loanword) kelimeler için grafem-fonem modülüne bir istisna (exception) veya etimolojik eşleme sözlüğü entegre et.'",/ha.fɯ.zɯ.ˈnɯn/,false
hal,/ˈhæl/,h æ l,0.85,"DOĞRU KURALLAR: Kelime hem 'durum' (Arapça) hem de 'sebze/meyve pazarı' (Arapça/Fransızca) anlamlarında kullanılan eşyazımlı bir alıntı kelimedir. Her iki kökende de kelime sonundaki 'l' incedir [l]. Türkçede ince [l] ünsüzü, kendinden önce gelen kalın 'a' ünlüsünü damaksıllaştırarak öncülleştirir (fronting) ve açık ünlü olan [æ] sesine çevirir. Tek heceli olduğu için vurgu doğal olarak bu hecededir [ˈhæl]. (Not: 'Durum' anlamındaki kullanımda şapkalı yazım 'hâl' tercih edildiğinde ünlü uzun [ˈhæːl] okunabilir, ancak şapkasız form baz alındığı için kısa [æ] seçilmiştir). HATA ANALİZİ: Referans 1, alıntı kelimelerdeki ince ünsüz istisnalarını bilmediği için standart artlık-önlük uyumu kuralını ezbere işleterek kalın [ɫ] kullanmış ve [æ] dönüşümünü atlamıştır; ayrıca birincil vurgu işaretini koymamıştır. Referans 2 ise ince [l] kullanımını, açık ünlü [æ] dönüşümünü ve hece vurgusunu kusursuz tespit etmiştir. SİSTEM İYİLEŞTİRMESİ VE KURAL ÖNERİSİ: Sistemin algoritmasına şu iki kural eklenmelidir: 1) 'İstisnai Alıntı Sözlüğü (Lexicon Exceptions): hal, gol, rol, hayal gibi kelimelerin sonundaki l grafemini daima ince [l] olarak kodla ve kalın [ɫ] varyantını ez.' 2) 'Bağlamsal Öncülleştirme (Fronting): Kalın 'a' ünlüsü ile ince [l] ünsüzü aynı hecede yan yana (al) geldiğinde, 'a' ünlüsünü standart dışı açık varyantı olan [æ] sembolü ile transkribe et.'",/haɫ/,false
halifeler,/ha.liː.fe.ˈlæɾ/,h a l iː f e l æ ɾ,0.92,"DOĞRU KURALLAR: Kelime Arapça kökenlidir ve gövdesindeki 'i' ünlüsü uzundur [iː]. Son hecedeki 'e', 'ɾ' ünsüzüyle kapalı hece oluşturduğu için açılarak [æ] sesine dönüşür. Çoğul eki olan '-ler', kelime istisnai bir tabana sahip olmadığı için vurguyu kendi üzerine çeker; bu nedenle birincil vurgu son hecededir. HATA ANALİZİ: Her iki referans da kökendeki ünlü uzunluğunu [iː] bilememiştir. Referans 1, dışarıdan kural dışı diyakritikler (ɾ̞̊) üretmiştir. Referans 2 ise çoğul ekinin vurguyu üzerine çektiği temel kuralı ezerek vurguyu hatalı şekilde 'fe' hecesinde tutmuştur. SİSTEM İYİLEŞTİRMESİ VE KURAL ÖNERİSİ: Sisteme şu katı kurallar eklenmelidir: 1) 'Arapça kökenli alıntı kelimelerde (halife, latife vs.) özgün yapıdaki uzun ünlüleri [iː] standart olarak koru.' 2) 'Basit isimlere gelen -ler/-lar çoğul ekleri daima vurguludur; birincil vurguyu (ˈ) çoğul ekinin olduğu son heceye taşı.' 3) 'Kesinlikle izin verilen sembol havuzundaki fonemleri kullan, dışarıdan ünsüz diyakritikleri (örn. ɾ̞̊) icat etmekten kaçın.'",/ha.li.fe.ˈlæɾ̞̊/,false
halifesi,/ha.liː.fe.ˈsi/,h a l iː f e s i,0.95,"DOĞRU KURALLAR: Kelime Arapça kökenlidir (khalīfa). İkinci hecedeki 'i' ünlüsü etimolojik yapısı gereği Türkçede uzun [iː] olarak telaffuz edilir. Kelimede patlayıcı ünsüz (p, t, k, vs.) bulunmadığı için aspirasyon kuralı işlemez; 'h', 'f' ve 's' tamamen sürtünmelidir. İyelik eki olan '-si' kelime sonu standart Türkçe vurgu kuralına uyar, bu nedenle birincil vurgu son hecededir. HATA ANALİZİ: Referans 1 ve Referans 2, hecelemeyi ve vurgu konumunu kusursuz bir şekilde belirtmiştir. Ancak yazımda düzeltme işareti (^) bulunmamasına kanarak etimolojik uzun ünlüyü gözden kaçırmış ve [i] sesini kısa aktarmıştır. SİSTEM İYİLEŞTİRMESİ VE KURAL ÖNERİSİ: Sisteme şu kural eklenmelidir: 'Görünmez Kök Uzunlukları Tablosu (Hidden Long Vowels Lookup): Ortografik olarak düzeltme işareti almayan ancak Arapça/Farsça kökenli olup etimolojik olarak uzun ünlü taşıyan kelimeler (halife, ifade, şelale vb.) için bir istisna sözlüğü (dictionary mapping) oluştur. Bu kelime kökleriyle karşılaştığında ilgili ünlüyü grafemden foneme (G2P) doğrudan çevirmek yerine uzun varyantıyla ([iː], [aː] vb.) değiştir.'",/ha.li.fe.ˈsi/,false
hangi,/ˈhaɲ.ɟi/,h a ɲ ɟ i,0.98,"DOĞRU KURALLAR: Vurgu: 'hangi' bir soru zamiridir ve Türkçede soru kelimelerinde vurgu ilk hecededir. Damaksıllaşma: İnce ünlü 'i' öncesindeki 'g' sesi damaksıllaşarak [ɟ] varyantına dönüşür. Gerileyici Yer Benzeşmesi: Damaksıl [ɟ] sesinden hemen önce gelen alveolar 'n' burun ünsüzü, eklemleme yeri açısından kendisinden sonraki sese uyum sağlayarak damaksıl burun ünsüzü [ɲ] sesine dönüşür. HATA ANALİZİ: Referans 1 damaksıllaşmayı ve asimilasyonu kusursuz uygulamıştır. Referans 2 ise 'n' sesinin velar (artdamaksıl) [k, ɡ] önünde [ŋ] olduğu genel kuralını ezbere işletmiş, ancak 'g'nin 'i' etkisiyle damaksıl [ɟ] varyantına dönüştüğünü hesaplayamamıştır. Fonetik olarak [ŋ.ɟ] dizilimi artikülasyon açısından uyumsuzdur. SİSTEM İYİLEŞTİRMESİ VE KURAL ÖNERİSİ: Sisteme şu hiyerarşik asimilasyon kuralı eklenmelidir: 'Sıralama Önceliği: 1) Önce /k/ ve /g/ seslerinin ince ünlüler (e, i, œ, y) komşuluğunda damaksıl varyantlara [c, ɟ] dönüştüğünü tespit et. 2) Ardından /n/ asimilasyonunu uygula: Eğer /n/, [k, ɡ] önündeyse [ŋ]; [c, ɟ] önündeyse kesinlikle [ɲ] olarak çevir.'",/ˈhaɲ.ɟi/,true
hanımefendilerimizi,/ha.ˈnɯ.me.fæn.di.le.ɾi.mi.zi/,h a n ɯ m e f æ n d i l e ɾ i m i z i,0.95,"DOĞRU KURALLAR: Ulama (Liaison) ile 'hanım' ve 'efendi' birleşirken 'm' ünsüzü sonraki heceye başlangıç (onset) olarak kayar [ha.nɯ.me...]. Vurgu bağlamında birleşik kelimelerde ana vurgu genellikle ilk kelimenin vurgulu hecesinde kalır ('haˈnım' -> haˈnımefendi). İstisnai vurguya sahip kelimelere gelen çekim ekleri vurguyu kelime sonuna çekemez, vurgu sabit kalır [ha.ˈnɯ...]. Ayrıca 'fen' hecesi kapalı bir hece olup sonuna 'n' ünsüzü geldiği için 'e' ünlüsü açık telaffuz edilir [æ]. Vokaller arası 'r' sesi [ɾ] flep (çarpma) olarak okunur. HATA ANALİZİ: Referans 1, birleşik isimlerin ve istisnai kök vurgularının çekim ekleriyle nasıl davrandığını bilmeyerek 'Türkçede vurgu hep sondadır' kuralını ezbere işletmiş ve vurguyu son heceye atmıştır. Referans 2 ise transkripsiyonda zorunlu olan birincil vurgu işaretini (ˈ) tamamen atlamıştır. SİSTEM İYİLEŞTİRMESİ VE KURAL ÖNERİSİ: Algoritmaya şu net kurallar eklenmelidir: 1) 'Birleşik İsim Vurgu Kuralı: Hanımefendi gibi leksikalleşmiş sözcüklerin vurgusunu ilk ögenin kurallı vurgusuna sabitle ve çekim eklerinin bu vurguyu sona taşımasını engelle.' 2) 'Birden fazla hecesi olan her sözcükte, vurgu markerı (ˈ) kullanımını zorunlu tut.'",/ha.nɯ.me.fæn.di.le.ɾi.mi.ˈzi/,false
hayalperestliğiniz,/ha.jal.pʰe.ɾæst.li.ji.ˈniz/,h a j a l pʰ e ɾ æ s t l i j i n i z,0.95,"DOĞRU KURALLAR: Kelimedeki birincil vurgu son hecededir [ˈniz]. 'hayal' kelimesindeki 'l' incedir [l]. 'perest' bölümünde ilk 'e' açık hecede kapalı [e], ikinci 'e' kapalı hecede 's' ünsüzünden önce açık [æ] okunur. 'liğiniz' ekindeki 'ğ' harfi, iki ön/ince ünlü ('i' ve 'i') arasında kalarak [j] kayıcı ünsüzüne dönüşür (ğ -> j). Hece başında bulunan 'p' patlayıcı ünsüzü aspire edilir [pʰ]. HATA ANALİZİ: Referans 1 fonetik kurallara uygun transkripsiyon üretse de, dar çeviri gereği eğik çizgi yerine köşeli ayraç kullanması gerektiğini atlamıştır. Referans 2 ise hece başındaki p sesini aspire etmeyerek [p] yazmış ve dar çeviri kuralını eksik bırakmıştır. SİSTEM İYİLEŞTİRMESİ VE KURAL ÖNERİSİ: Sisteme eklenecek kurallar: 1) Yumuşak G Dönüşümü: Ön ünlüler arasında kalan ğ grafemini doğrudan [j] fonemi ile haritala. 2) Hece Başı Aspirasyon: Eğer [p, t, k, c] patlayıcıları hece başında bulunuyor ve kendisinden önce s/ş gelmiyorsa zorunlu olarak [pʰ, tʰ, kʰ, cʰ] şeklinde aspire et. 3) Dar Çeviri İşareti: Üretilen final IPA çıktısını mutlaka köşeli ayraç içine al.",/ha.jal.pʰe.ɾæst.li.ji.ˈniz/,true
hayat,/ha.ˈjat/,h a j a t,0.95,"DOĞRU KURALLAR: Kelime Arapça kökenli olup ünlü uzunlukları Türkçede kısalmıştır. Vurgu standart Türkçe kurallarına uygun olarak son hecededir. Kelime sonundaki 't' patlayıcısı hece başında yer almadığı için aspirasyon almaz ve [t] olarak transkribe edilir. HATA ANALİZİ: Referans çıktılar grafem-fonem dönüşümlerini ve vurguyu doğru tespit etmiştir; ancak dar çeviri prensiplerine aykırı olarak köşeli ayraç yerine geniş çeviri işareti olan eğik çizgi kullanmışlardır. SİSTEM İYİLEŞTİRMESİ VE KURAL ÖNERİSİ: Sisteme şu katı kurallar eklenmelidir: 1) İstenen çıktı dar çeviri olduğunda sonuçları daima eğik çizgi (/) yerine köşeli ayraç ([]) içine al. 2) Kelime veya hece sonunda yer alan ötsüz patlayıcıları (p, t, k, c) aspirasyonsuz temel varyantlarıyla transkribe et.",/ha.ˈjat/,true
hemen,/he.ˈmæn/,h e m æ n,0.95,"DOĞRU KURALLAR: Kelime 'he.men' olarak hecelenir. Türkçe sesbilgisinde kapalı hecelerde ve özellikle hece sonunda bulunan /m, n, l, ɾ/ akıcı ve genizsil ünsüzlerinden önce gelen 'e' ünlüsü açılarak [æ] olarak telaffuz edilir. 'hemen' kelimesi bir zarf olmasına rağmen (çoğu zarfın aksine) vurgu son hecededir. HATA ANALİZİ: Referans çıktılar vurgu yerini ve açık 'e' ([æ]) dönüşümünü doğru tespit etmiştir. Ancak dar çeviri (narrow transcription) talep edilmesine rağmen fonemik (geniş) çeviri göstergesi olan eğik çizgi (//) kullanılması biçimsel bir hatadır. SİSTEM İYİLEŞTİRMESİ VE KURAL ÖNERİSİ: Sistemin algoritmasına şu iki kural eklenmelidir: 1) 'Dar Çeviri Formatı: Eğer dar çeviri (narrow transcription) isteniyorsa, çıktıyı hiçbir zaman eğik çizgi (//) ile değil, kesinlikle köşeli parantez ([]) içerisinde üret.' 2) 'Açık E Kuralı: Kapalı hecelerde, özellikle hece sonundaki /m, n, l, ɾ/ ünsüzlerinden hemen önce yer alan e ünlülerini dar çeviride daima açık [æ] sembolüyle göster.'",/he.ˈmæn/,true
hendekler,/hen.dec.ˈleɾ/,h e n d e c l e ɾ,0.95,"DOĞRU KURALLAR: Vurgu: Standart Türkçe kelimelerde isimlere gelen çoğul eki (-ler) vurguyu üzerine çeker ve birincil vurgu son hecede bulunur. Ünsüzler ve Damaksıllaşma (Palatalization): Kelimedeki tüm ünlüler ince grupta (e) yer aldığı için, art damak ünsüzü olan 'k' ön damaksıllaşarak ince [c] varyantını alır. Aspirasyon: Hece sonu ve kelime sonu konumundaki ünsüzler aspirasyon almadığından, 'k' (c) sesi için ekstra bir soluklanma (ʰ) işareti kullanılmaz. HATA ANALİZİ: Referans 1, damaksıllaşmayı (c) ve vurgu yerini doğru bulmuş ancak izin verilen sembol havuzunda olmayan, dışarıdan uydurulmuş tonsuz (voiceless) 'r' varyantını (ɾ̞̊) üretmiştir. Referans 2 ise ünlü kuralına dikkat etmeden kalın [k] kullanmış, damaksıllaşmayı atlamış ve birincil vurguyu hatalı bir şekilde kökte bırakarak ek çekim kuralını işletmemiştir. SİSTEM İYİLEŞTİRMESİ VE KURAL ÖNERİSİ: Sisteme şu katı talimatlar eklenmelidir: 1) 'Damaksıllaşma: İnce ünlülerle (e, i, œ, y) aynı hecede bulunan veya komşu olan k, g ünsüzlerini daima [c, ɟ] sembolleriyle eşleştir.' 2) 'Vurgu Kuralı: Standart kelimelere gelen -lAr gibi sıradan çekim eklerinde, birincil vurguyu son heceye taşı.' 3) 'İzin Verilen Semboller (Whitelist): Yalnızca tanımlı kümedeki IPA sembollerini kullan; kelime sonu r sesi için harici diyakritik işaretler (ɾ̞̊) üretme.'",/hæn.dæc.ˈlæɾ̞̊/,false
herkes,/ˈhæɾ.cʰæs/,h æ ɾ cʰ æ s,0.95,"DOĞRU KURALLAR: Ünlüler: Kapalı hecelerdeki 'e' sesleri genellikle açık [æ] olarak telaffuz edilir. Ünsüzler/Aspirasyon: İnce ünlü (e, i, ö, ü, æ) ile hece kuran 'k' ünsüzü damaksıllaşarak [c] olur. İkinci hecenin başında olduğu için soluklanarak (aspire edilerek) [cʰ] değerini alır. Vurgu: Farsça kökenli 'her' ve 'kes' sözcüklerinin birleşiminden oluşan bu kelimede istisnai olarak birincil vurgu ilk hecededir. HATA ANALİZİ: Referans 1, sistem havuzunda bulunmayan ötümsüzleştirilmiş (ɾ̞̊) sembolünü kullanmış ve vurguyu standart Türkçe kuralıymış gibi hatalı şekilde son heceye atmıştır. Referans 2, vurgu yerini doğru tespit etmiş ancak ince ünlü komşuluğundaki damaksıllaşmayı atlayarak kalın/art damak ünsüzünü (kʰ) kullanmıştır. SİSTEM İYİLEŞTİRMESİ VE KURAL ÖNERİSİ: Sistemin algoritmasına şu kurallar eklenmelidir: 1) 'Damaksıllaşma (Palatalization): Eğer [k, ɡ] ünsüzleri [e, i, œ, y, æ] gibi ön (ince) ünlülerle komşuysa, bu sesleri mutlak surette damaksıl varyantları olan [c, ɟ] ile eşleştir.' 2) 'Vurgu İstisnası Sözlüğü: herkes, bazen, yalnız gibi kalıplaşmış zamir ve zarfları içeren bir istisna listesi oluştur ve bu kelimeler için son hece vurgusu kuralını devre dışı bırakıp vurguyu (ˈ) ilk heceye sabitle.' 3) 'Katı Sembol Kontrolü: Çıktı üretmeden önce karakterleri izin verilen sembol havuzuyla doğrula, havuz dışı (örn. ɾ̞̊) sembol kullanımını engelle.'",/hæɾ̞̊.ˈcʰæs/,false
hilekâr,/hiː.le.ˈcʰaːɾ/,h iː l e cʰ aː ɾ,0.95,"DOĞRU KURALLAR: Kelime Arapça kökenli 'hile' ve Farsça kökenli '-kâr' ekinin birleşimidir. İlk hecedeki 'i' ünlüsü uzundur [iː]. '-kâr' ekindeki düzeltme işareti (şapka), 'a' ünlüsünün uzun [aː] okunmasını ve önceki kural dışı kalın 'k' ünsüzünün asimile olarak ince/damaksıl [c] olarak telaffuzunu sağlar. Vurgulu hece başındaki ince 'c' patlayıcısı aspire edilir [cʰ]. Vurgu son hecededir. HATA ANALİZİ: Referans 1, havuz dışı (ɾ̞̊) bir sembol kullanmış, 'k' sesini damaksıllaştırmayı atlamış ve [iː] uzunluğunu es geçmiştir. Referans 2 ise damaksıllaşma [c], aspirasyon [ʰ] ve [iː] uzunluğunu tamamen kaçırıp kaba grafem-fonem eşlemesine gitmiştir. SİSTEM İYİLEŞTİRMESİ VE KURAL ÖNERİSİ: Sisteme şu kurallar eklenmelidir: 1) 'Şapka (Circumflex) Kuralı: â veya û grafemlerinden hemen önce gelen k, g, l seslerini istisnasız olarak ince/damaksıl varyantlarına [c, ɟ, l] dönüştür.' 2) 'Havuz İzolasyonu: Dar r varyantı gibi sistem havuzunda tanımlı olmayan (ɾ̞̊ vb.) sesleri daima havuzdaki birincil fonemle [ɾ] sınırla.' 3) 'Vurgu ve Aspirasyon: İnce patlayıcılar (c, ɟ) vurgulu hece başındayken [cʰ] şeklinde aspire edilmelidir.'",/hi.le.ˈkʰaːɾ̞̊/,false
hissettiklerimizden,/his.sæt.tʰic.le.ɾi.miz.ˈdæn/,h i s s æ t tʰ i c l e ɾ i m i z d æ n,0.95,"DOĞRU KURALLAR: 1) Vurgu: İsim çekim ekleri aldıkça vurgu Türkçe genel kurallarına göre sona kayar. Ayrılma hâl eki (-den) vurguyu üzerine alarak [ˈdæn] şeklinde okunur. 2) Damaksıllaşma: İnce/ön ünlülerle (i, e) bitişik olan veya aynı hecede bulunan arka damak ünsüzü /k/, damaksıllaşarak ön damak ünsüzü [c] sesine dönüşür ('-tik' -> [-tʰic]). 3) Aspirasyon: İkizleşen ve sınırda kalan patlayıcı ötümsüz ünsüzlerde (t.t), hece başında olan konumdaki 't' sesi aspire edilir [tʰ]. 4) Açık ve Kapalı 'e': 'e' ünlüleri kapalı hecelerde, özellikle de 't', 'm', 'n' gibi ünsüzlerle bitenlerde, ağzın daha fazla açılmasıyla [æ] varyantını üretirken; 'le' gibi açık hecelerde standart [e] biçimini korur. HATA ANALİZİ: Referans 1, sistemin kurallarını en doğru biçimde işleterek kusursuz bir üretim yapmıştır. Referans 2 ise ince bağlamdaki damaksıllaşmayı atlamış ([c] yerine kalın [k] bırakmış), patlayıcıların hece başı aspirasyonunu es geçmiş ve daha önemlisi ardışık çekim eklerinde vurgunun sona itilmesi kuralını göz ardı ederek vurguyu kelime ortasında ('-miz') bırakmıştır. SİSTEM İYİLEŞTİRMESİ VE KURAL ÖNERİSİ: Sisteme şu katı kurallar entegre edilmelidir: 1) 'Damak Uyumu Algoritması: İçinde veya komşuluğunda ön ünlüler (e, i, œ, y) bulunan [k, g] seslerini istisnasız damaksıl/ön damak [c, ɟ] ünsüzleriyle eşle.' 2) 'Dinamik Vurgu Kuralı: İsimler çekim eki aldığında (çoğul, iyelik, yönelme/ayrılma ekleri dâhil), özel bir vurgu-itici (stress-repelling) ek dizilimi yoksa, birincil vurguyu her halükarda en son eklenen heceye taşı.' 3) 'Hece Başı Aspirasyonu: Hece başlangıcında konumlanmış [p, t, c, k] seslerini, öncesinde bir sürtünmeli ünsüz bulunmadığı durumlarda her zaman aspirasyon işareti (ʰ) ile birlikte kullan.'",/his.sæt.tʰic.le.ɾi.miz.ˈdæn/,true
hiç,/ˈhitʃ/,h i t͡ʃ,1,"DOĞRU KURALLAR: Kelime tek hecelidir ve vurgu tek hecenin üzerindedir [ˈ]. 'h' sürtünmelisi [h], dar düz ünlü 'i' [i] ve ötümsüz patlamalı-sızmalı (affricate) 'ç' harfi [tʃ] standart değerlerini korur. HATA ANALİZİ: Referans 1 vurgu işaretini atlamıştır. Ayrıca her iki referans da 'ç' sesini gösterirken izin verilmeyen üstten birleştirme işareti (tie-bar, t͡ʃ) kullanarak sembol havuzunun dışına çıkmıştır. SİSTEM İYİLEŞTİRMESİ VE KURAL ÖNERİSİ: Sisteme şu iki kural eklenmelidir: 1) 'Bağımsız tek heceli sözcüklerin IPA transkripsiyonunda kelime başına her zaman birincil vurgu işareti (ˈ) koy.' 2) 'Patlamalı-sızmalı (affricate) sesler olan ç ve c harfleri için asla birleştirme işareti (tie-bar) kullanma; bunları her zaman standart havuzda izin verilen [tʃ] ve [dʒ] formatıyla haritala.'",/hit͡ʃ/,false
hocasızken,/ho.dʒa.ˈsɯz.cʰæn/,h o d͡ʒ a s ɯ z cʰ æ n,0.95,"DOĞRU KURALLAR: Kelime 'hoca' köküne eklenen yapım eki '-sız' ve zarf-fiil eki '-ken'den oluşur. Zarf-fiil eki olan '-ken' vurgu almaz ve vurguyu kendinden önceki heceye (-sız) öteler; dolayısıyla vurgu sondan bir önceki hecededir [ˈsɯz]. '-ken' ekindeki 'k' ünsüzü, ince ünlü önünde damaksıllaşır ve hece başı olduğu için aspire olarak [cʰ] biçimini alır. Aynı hecedeki 'n' ünsüzünden önce gelen 'e' ünlüsü ise açılarak [æ] sesine dönüşmelidir. HATA ANALİZİ: Referans 1, damaksıllaştırma ve ünlü açılmasını doğru uygulamış ancak '-ken' ekinin istisnai vurgusunu atlayıp vurguyu son heceye yerleştirmiştir. Referans 2 ise hem ince ünlü yanındaki k sesini damaksıl değişime sokmamış [kʰ], hem 'n' öncesi ünlü açılmasını kaçırmış [e], hem de vurguyu yanlış yere koymuştur. SİSTEM İYİLEŞTİRMESİ VE KURAL ÖNERİSİ: Sisteme şu kurallar eklenmelidir: 1) 'Vurgu İstisnası: İsim soyundan kelimelere gelen -ken zarf-fiil eki daima vurgusuzdur; vurguyu doğrudan bir önceki heceye sabitle.' 2) 'Ünsüz Uyumu: İnce ünlülerden (e, i, œ, y) önce gelen kalın 'k' ünsüzünü damaksıl varyant olan [c] ile haritalandır ve hece başındaysa aspire et [cʰ].' 3) 'Ünlü Açılması: Aynı kapalı hece içinde 'm, n, l, r' akıcı ünsüzlerinden önce gelen 'e' ünlüsünü açık [æ] olarak dönüştür.'",/ho.d͡ʒa.sɯz.ˈcʰæn/,false
hoşa gitmesi,/ho.ˈʃaɟit.me.ˈsi/,h o ʃ a ɟ i t m e s i,0.95,"DOĞRU KURALLAR: Vurgu: Girdi iki ayrı kelimeden oluşan bir öbektir. İlk kelimede vurgu olağan kurallara göre son hecededir [ho.ˈʃa]. İkinci kelimedeki '-me' eki olumsuzluk eki değil, isim-fiil eklentisi olduğu için vurguyu engellemez ve kelime vurgusu iyelik ekiyle birlikte en sona kayar [ɟit.me.ˈsi]. Ünsüzler/Damaksıllaşma (Palatalizasyon): İnce ünlü 'i' ile kelimeye başlayan 'g' sesi ön-damaksıllık (palatalizasyon) kazanarak [ɟ] sesine dönüşür. Hece sonundaki patlayıcı 't' kural gereği aspire edilmez [t]. HATA ANALİZİ: Referans 1, kelimedeki '-me' ekini olumsuzluk eki zannederek vurguyu doğrudan köke [ˈɟit] çekme hatasına düşmüş ve kelimeyi yanlış bir anlama sürüklemiştir. Referans 2 ise iki kelime arasındaki sözcük sınırını (boşluğu) tamamen silerek kelime grubunu tek parça gibi birleştirmiş ve ilk kelimenin vurgusunu yok etmiştir. SİSTEM İYİLEŞTİRMESİ VE KURAL ÖNERİSİ: Sistemin algoritmasına şu iki kural eklenmelidir: 1) 'Kelime Sınırlarının Korunması: Girdi boşluk içeren bir kelime öbeğiyse, her sözcüğün fonolojik sürecini (heceleme, vurgu atama) bağımsız olarak işlet ve aradaki boşluğu çıktıda kesinlikle koru.' 2) 'Morfo-Fonolojik Analiz (Vurgu İçin): -mA ekinin bulunduğu fiillerde, bu ekin isim-fiil mi yoksa olumsuzluk eki mi olduğunu ayırt et. Olumsuzluk ekiyse vurguyu bir önceki heceye sabitle, isim-fiil ekiyse standart kurallarla son heceye yönlendir.'",/ho.ˈʃaˈɟit.me.si/,false
hukukundan,/hu.kʰu.kʰun.ˈdan/,h u kʰ u kʰ u n d a n,0.95,"DOĞRU KURALLAR: Kelime Arapça kökenlidir ancak Türkçedeki standart vurgu ve ünlü uyumu özelliklerini barındırır. Vurgu en son hecededir [ˈdan]. Arapça 'hukuk' sözcüğündeki 'k' sesleri kalın (qāf) kökenli olduğu için, ardına gelen ünlü eklerle birleşirken ince/damaksıl [c] varyantını almaz, kalın (back velar) [k] olarak kalır. Hece başı konumundaki ötümsüz patlayıcılar (k) yapı gereği tam aspire edilerek soluklu telaffuz edilir [kʰ]. HATA ANALİZİ: Referans 1 kuralları kusursuz uygulayarak kalın k'leri doğru tespit etmiş ve hece başı aspirasyonunu (kʰ) yerine getirmiştir. Referans 2 ise aspirasyon kuralını göz ardı ederek dar çeviri (narrow transcription) gereksinimlerini karşılayamamıştır. SİSTEM İYİLEŞTİRMESİ VE KURAL ÖNERİSİ: Sistemin algoritmasına eklenecek kurallar: 1) 'Hece başı konumunda bulunan (syllable onset) ötümsüz patlayıcılar (p, t, k, c), önünde s/ş gibi bir sürtünmeli yoksa dar çeviride kesinlikle aspire edilmelidir (pʰ, tʰ, kʰ, cʰ).' 2) 'Hukuk gibi Arapça kökenli ve yapısında kalın patlayıcılar barındıran özel (istisnai görünen ama kurallı) sözcükler için, ince ünlü beklentisi gütmeden kalın arka damağa [k/kʰ] atama yap.'",/hu.kʰu.kʰun.ˈdan/,true
huniden,/hu.ni.ˈdæn/,h u n i d æ n,0.95,"DOĞRU KURALLAR: Kelimede temel fonetik kurallar işlemektedir. 'e' ünlüsü 'm, n, l, r' gibi akıcı veya genizcil ünsüzlerle biten kapalı hecelerde açık ünlü [æ] olarak telaffuz edilir; bu nedenle '-den' ayrılma hali eki [dæn] şeklini alır. Türkçe kelimelerde varsayılan vurgu kuralı gereği birincil vurgu son hecededir [ˈdæn]. HATA ANALİZİ: Referans çıktılar açık e sesini [æ] ve vurgu yerini başarıyla tespit etmiştir. Ancak dar çeviri (narrow transcription) prensiplerine göre köşeli ayraç ([...]) kullanılması gerekirken, fonemik/geniş çeviri sembolü olan eğik çizgileri (/.../) tercih ederek biçimsel bir hata yapmışlardır. SİSTEM İYİLEŞTİRMESİ VE KURAL ÖNERİSİ: Sistemin algoritmasına şu format kuralı eklenmelidir: 'Transkripsiyon Formatı: Eğer talimat dar çeviri (narrow transcription) yapılmasını istiyorsa, elde edilen ses dizilimini hiçbir koşulda eğik çizgi (//) ile sınırlandırma; daima fonetik detayları temsil eden köşeli ayraçları ([ ]) kullan.'",/hu.ni.ˈdæn/,true
hâce,/ˈhaː.dʒe/,h aː d͡ʒ e,0.95,"DOĞRU KURALLAR: Kelime Farsça kökenlidir. Türkçeye uyarlanırken şapkalı 'â' harfi niceliksel (long) değerini korur ve [aː] olarak okunur. Farsça ve Arapçadan alınan, ilk hecesinde uzun ünlü (CVː - ağır hece) ve son hecesinde kısa ünlü (CV - hafif hece, genellikle e/a/i formunda) barındıran 'kâse, çâre, lâle, hâce' gibi kelimelerde yapısal ağırlık (moraic weight) kuralı işler. Hece çekimi nedeniyle vurgu, standart Türkçe son hece kuralının aksine uzun ünlünün bulunduğu ilk heceye yerleşir [ˈhaː]. Kelime içindeki 'c' harfi ise ötümlü patlamalı-sızmalı (affricate) bir ses olup havuz kısıtlamalarına göre formatsız [dʒ] olarak gösterilir. HATA ANALİZİ: Referans çıktılar, alıntı kelimelerdeki ünlü uzunluğunu ve hece ağırlığına dayalı istisnai ilk hece vurgusunu kusursuz bir şekilde tespit etmiştir. Ancak affricate sesler için sistemdeki izin verilen sembol havuzunu göz ardı ederek bağ/köprü karakteri (tie-bar) barındıran [d͡ʒ] sembolünü üretmişlerdir. Üstelik 'dar çeviri' (narrow transcription) köşeli ayraç [...] gerektirirken fonemik ayraç /.../ kullanılmıştır. SİSTEM İYİLEŞTİRMESİ VE KURAL ÖNERİSİ: Sisteme şu komutlar kesin kural (hard-rule) olarak eklenmelidir: 1) 'Sembol Temizliği (Sanitization): Karakter haritalama modülünde [ç] ve [c] seslerini IPA'ya çevirirken Unicode bağ karakterlerini (U+0361) kalıcı olarak engelle; yalnızca [tʃ] ve [dʒ] bigramlarını (bitişik) kullan.' 2) 'Braket Formatı (Formatting): İstem dar (narrow) çeviri olduğunda /.../ çıktılarını köşeli ayraçlara [...] zorla (override et).'",/ˈhaː.d͡ʒe/,false
hâller,/haːl.ˈleɾ/,h aː l l e ɾ,0.95,"DOĞRU KURALLAR: Kelime Arapça kökenlidir; kökteki 'â' harfi, 'a' ünlüsünün uzun okunmasını [aː] ve 'l' ünsüzünün ince [l] olarak telaffuz edilmesini sağlar. Bu yüzden çoğul eki ince '-ler' formundadır. Vurgu kuralına göre birincil vurgu son hecededir. HATA ANALİZİ: Referans 1, kökü doğru çözümlemiş ancak ekte izin verilmeyen bir r sembolü (ɾ̞̊) kullanmıştır. Referans 2 ise şapkalı 'â' harfini uzun [aː] yerine kısa ve açık [æ] şeklinde transkribe ederek nicelik hatası yapmıştır. SİSTEM İYİLEŞTİRMESİ VE KURAL ÖNERİSİ: Algoritmaya şu net kurallar eklenmelidir: 1) Arapça/Farsça alıntılardaki şapkalı 'â' harfini daima uzun ünlü [aː] olarak eşleştir ve bitişiğindeki l, k, g seslerini ince varyantlarıyla (l, c, ɟ) transkribe et. 2) İzin verilen özel sembol havuzunun dışına kesinlikle çıkma, eklerde r sesini standart [ɾ] olarak işle.",/haːl.ˈlæɾ̞̊/,false
hükümdarlığı,/hy.cʰym.daɾ.ˈɫɯː/,h y cʰ y m d a ɾ ɫ ɯː,0.95,"DOĞRU KURALLAR: Türkçe kelimelerde vurgu genellikle son hecededir. İnce ünlülerin ('ü') çevresindeki 'k' ünsüzü damaksıllaşır (palatalize olur) ve hece başında olduğu için soluklu okunur [cʰ]. Arka/kalın ünlülerle temas eden 'l' sesi artdamaksıllaşarak kalın [ɫ] varyantı ile temsil edilir. En önemlisi, iki dar-arka ünlü (ı-ı, u-u) arasında kalan 'ğ' sesi güncel standart konuşma dilinde eriyerek/düşerek kaybolur ve kendinden önceki ünlüyü telafi edici uzunlukla uzatır (lı.ğı -> lıː). HATA ANALİZİ: Referans 1, 'ğ' erimesini kismen doğru bulup uzatma yapsa da ('ɯː') sonrasında fonetikte var olmayan fazladan bir hece ('.ˈɯ') yaratarak hem hece yapısını hem de vurguyu bozmuştur. Referans 2 ise ezbere grafem-fonem dönüşümü yaparak palatalizasyonu/aspirasyonu kaçırmış ([k]), ayrıca 'ğ' sesini arka damak patlayıcısı ([ɡ]) olarak okutup majör bir hata yapmıştır. SİSTEM İYİLEŞTİRMESİ VE KURAL ÖNERİSİ: Sistemin kurallarına şunlar eklenmelidir: 1) 'Damaksıllaşma ve Aspirasyon Kuralı: İnce ünlülerle (e, i, ö, ü) komşu olan k, g seslerini kalın velar (k, ɡ) değil, palatal varyantlarla (c, ɟ) işaretle; k hece başındaysa aspire et (cʰ).' 2) 'Yumuşak G Erimesi Kuralı: Tamamen dar-arka ünlülerin arasında yer alan /ğ/ ünsüzünü fonetik çeviriden çıkar ve hece kaynaşması prensibiyle önceki ünlüyü uzun varyantı ile değiştrip (örn: ɯː) vurguyu bu kaynaşmış son heceye koy.'",/hy.cʰym.daɾ.ɫɯː.ˈɯ/,false
hırslanabilmelerinin,/hɯɾs.ɫa.na.bil.me.le.ɾi.ˈnin/,h ɯ ɾ s ɫ a n a b i l m e l e ɾ i n i n,0.95,"DOĞRU KURALLAR: 1) Heceleme: Türkçede iki ünlü arasında üç ünsüz geldiğinde kural olarak ilk ikisi önceki heceye, sonuncusu sonraki heceye bağlanır (VCC.CV). Sözcük 'hırs.la.na...' şeklinde hecelenmelidir. 2) L Ünsüzünün Varyantları: 'a, ı, o, u' gibi kalın ünlülerle yan yana gelen 'l' velarize (kalın) [ɫ] olarak üretilir (-la hecesi). Ancak 'e, i, ö, ü' gibi ince ünlülerle (örn: -bil, -le) aynı hecedeyken damaksıl (ince/temiz) [l] olarak gerçekleşir. 3) Vurgu: Buradaki '-me' eki olumsuzluk değil, isim-fiil (mastar) ekidir (yapabilme eylemi). İsim-fiil eki vurguyu kendinden önceki heceye atmaz; kelime isim çekim kurallarına uyar ve tamlayan ekinin (ilgi eki) son hecesi olan 'nin' birincil vurguyu alır. HATA ANALİZİ: Referans 1, havuzda olmayan (ɾ̞̊) sembolünü üretmiş ve '-me' ekini olumsuzluk eki zannederek vurguyu '-bil' hecesine [ˈbil] atarak morfolojik bir hata yapmıştır. Referans 2 ise heceleme kuralını ihlal ederek 'rs' ünsüz kümesini [hɯɾ.sɫa] şeklinde hatalı bölmüş, ince ünlülü '-bil' hecesinde kalın [ɫ] kullanarak varyant hatası yapmış ve vurguyu iyelik ekine [ˈɾi] sabitlemiştir. SİSTEM İYİLEŞTİRMESİ VE KURAL ÖNERİSİ: Sisteme şu üç kural eklenmelidir: 1) 'Heceleme (VCCCV): İki ünlü arasında üç ünsüz varsa (rsl), ilk ikisini önceki heceye, üçüncüyü sonraki heceye (VCC.CV) bağla.' 2) 'Allofonik /l/ kuralı: /l/ sesini hecedeki ünlüye göre bağlamsal olarak ayrıştır; ince ünlülerle [l], kalın ünlülerle [ɫ] kullan.' 3) 'Morfolojik Vurgu Filtresi: -mE ekinin morfolojik işlevini tanımla. Mastar/İsim-fiil eki olan -mE vurgu yönünü bozmaz ve kelimenin devam ilerlemesine izin verir, olumsuzluk eki olan -mE ise vurguyu daima bir önceki heceye çeker.'",/hɯɾ̞̊s.ɫa.na.ˈbil.me.le.ɾi.nin/,false
iaşesi,/i.aː.ʃe.ˈsi/,i aː ʃ e s i,0.95,"DOĞRU KURALLAR: Ünlü Uzunluğu: Kelime Arapça kökenlidir ('iâşe'). İkinci hecedeki 'a' ünlüsü, yazımda uzatma işaretiyle (^) gösterilmese de telaffuzda düzenli olarak uzundur [aː]. Vurgu: Standart isme gelen iyelik eki ('-si') kurallarına göre, kelimenin birincil vurgusu kelime sonuna (ek üzerine) düşer [ˈsi]. HATA ANALİZİ: Referans çıktıların her ikisi de köken bilgisinden yoksun bir biçimde grafem-fonem(yazı-ses) eşleşmesini doğrudan yapmış ve 'a' sesini kısa [a] olarak çevirerek hata yapmıştır. Yazımda şapka görülmediği için fonemik uzunluk atlanmıştır. SİSTEM İYİLEŞTİRMESİ VE KURAL ÖNERİSİ: Sisteme şu kalıcı kural ve yapı eklenmelidir: 'Sözlüksel İstisna Veritabanı (Lexicon/Lookup List): Arapça ve Farsça kökenli alıntı kelimelerde (iaşe, ifade, idare vb.), TDK yazımında düzeltme işareti (^) olmasa bile orijinalindeki uzun ünlüler ([aː], [iː], [uː]) korunur. Sistemi sadece yazımı değil, kelime kökenindeki fonemik uzunluğu tespit edecek bir istisna sözlüğü (exception table) kontrolüne bağla.'",/i.a.ʃe.ˈsi/,false
ibadeti,/i.baː.de.ˈtʰi/,i b aː d e tʰ i,0.95,"DOĞRU KURALLAR: Kelime Arapça kökenlidir ('ibadet'). İkinci hecedeki 'a' ünlüsü uzundur [aː]. Türkçenin genel vurgu kurallarına göre birincil vurgu son heceye, yani ekin üzerine düşer [ˈtʰi]. Hece başı konumundaki ötümsüz patlayıcı 't' ünsüzü aspirasyon (soluklanma) alarak [tʰ] sesine dönüşür. HATA ANALİZİ: Her iki referans da ortografiye tamamen bağımlı kalıp alıntı kelimenin yazılışında gösterilmeyen uzun ünlüyü (aː) kısa ünlü (a) olarak transkribe etmiştir. Ayrıca Referans 2, hece başı aspirasyon kuralını atlayarak doğrudan grafem-fonem eşlemesi yapmıştır. SİSTEM İYİLEŞTİRMESİ VE KURAL ÖNERİSİ: Sisteme şu iki kural eklenmelidir: 1) Etimolojik İstisna Sözlüğü (Lookup Table): Yazı dilinde şapka işaretiyle (^) gösterilmese dahi, Arapça ve Farsça kökenli alıntı sözcüklerde yer alan orijinal uzun ünlüleri tespit et ve transkripsiyonda [ː] sembolüyle göster. 2) Hece Başı Aspirasyon Kuralı: Hece başında bulunan p, t, k, c ötümsüz patlayıcılarını, öncesinde aspirasyonu engelleyen bir sürtünmeli (s, ʃ) yoksa daima soluklu [pʰ, tʰ, kʰ, cʰ] olarak haritalandır.",/i.ba.de.ˈtʰi/,false
idare,/i.daː.ˈɾe/,i d aː ɾ e,0.9,"DOĞRU KURALLAR: Kelime Arapça kökenlidir; ortadaki ikinci hecede bulunan 'a' ünlüsü uzundur ve [aː] olarak telaffuz edilir. Ancak 'i' ve 'e' ünlüleri kısadır. Vurgu standart Türkçeye uyarlanırken çoğunlukla son heceye yerleşir. Kelimede hece başı ötümsüz patlayıcı (p, t, k) bulunmadığı için aspirasyon uygulanmaz. Ünlü arası 'r' sesi tek vuruşlu [ɾ] (flap) olarak temsil edilir. HATA ANALİZİ: İki referans çıktı da ortadaki 'a' ünlüsünün alıntı kelimelere özgü uzunluğunu (aː) kaçırmış ve yüzeysel bir grafem-fonem dönüşümü yaparak kısa [a] kabul etmiştir. Ancak vurgu ve 'r' sesinin (ɾ) seçimi doğrudur. SİSTEM İYİLEŞTİRMESİ VE KURAL ÖNERİSİ: Sisteme şu geliştirme eklenmelidir: 'Etimolojik İstisna Sözlüğü (Lexicon Exception): Arapça veya Farsça kökenli olan, yazımda uzunluk işareti (düzeltme) barındırmamasına rağmen telaffuzda uzun ünlü içeren kelimeler (idare, ifade, ilave vb.) için sisteme özel bir kural veritabanı tanıtılmalıdır. Fonetik analize geçmeden önce kelimenin istisna havuzunda olup olmadığı kontrol edilmeli ve uzun harfler doğrudan [aː, iː, uː] şeklinde haritalanmalıdır.'",/i.da.ˈɾe/,false
iffetler,/if.fet.ˈlæɾ/,i f f e t l æ ɾ,0.95,"DOĞRU KURALLAR: Kelime ikiz ünsüz barındırır, heceleme 'if.fet' şeklindedir. Kapalı hecelerde 'l' ve 'r' gibi akıcı ünsüzlerden önce 'e' açılarak [æ] olur (ler -> læɾ). Ancak 't' gibi ötümsüz patlayıcılardan önce bu açıklık gerçekleşmez ve [e] olarak kalır (fet -> fet). Çokluk eki '-ler' kural gereği vurguyu son heceye alır [ˈlæɾ]. Hece sonundaki patlayıcı 't' aspire edilmez. HATA ANALİZİ: Referans 1, ünsüz ikizleşmesini (f.f) atlayıp hece yapısını (i.fæt) bozmuş ve yasaklı/izin verilmeyen bir diakritik sembol (ɾ̞̊) kullanmıştır. Referans 2, ünsüzleri ve vurgu yerini doğru işlemiş ancak 'fet' hecesindeki 'e'yi de [æ] yaparak gereksiz genelleme hatasına düşmüştür. SİSTEM İYİLEŞTİRMESİ VE KURAL ÖNERİSİ: 1) Ünsüz İkizleşmesi (Gemination): Yazımda çift olan ünsüzleri (ff, mm, ss vb.) hece kurulumunda iki parçaya ayır ve IPA'da her ikisini de (f.f) koruyarak göster. 2) Açık E [æ] Nüansı: Kapalı hecelerde 'e' ünlüsünü l,m,n,r gibi akıcı ve ötümlü sonorizasyonlardan önce [æ] yap; fakat t,p,k gibi ötümsüz patlayıcılardan önce standart [e] olarak bırak.",/i.fæt.ˈlæɾ̞̊/,false
ikil şahıs,/i.ˈcʰilʃa.ˈhɯs/,i cʰ i l ʃ a h ɯ s,0.98,"DOĞRU KURALLAR: 'ikil' kelimesindeki 'k' ünsüzü ince 'i' ünlülerinin arasında damaksıllaşarak [c] olur ve hece başında bulunduğu için soluklanarak (aspirasyon) [cʰ] şeklinde telaffuz edilir. 'l' sesi de ince ünlülerden dolayı standart (ince) düzeyi olan [l] ile gösterilir. 'şahıs' kelimesindeki 'ı' sesi arka-dar [ɯ] olarak çevrilir. Kelimeler öbek halinde olsa da kendi başlarına lexical yapılarını korurlar ve her ikisinde de vurgu düzenli olarak son hecede yer alır. HATA ANALİZİ: Referans 1, damaksıllaşma (cʰ), kalınlık-incelik varyantları ve vurgu yerleşimlerini tamamen doğru tespit etmiş. Ancak Referans 2, hece başı [c] sesine aspirasyon uygulamamış, her iki kelimenin bağlam dışı biçimde tek bir birleşik kelimeymiş gibi vurgulanmasına neden olmuş (i.cil.ˈʃa...) ve kelimenin sonundaki 's' sesini 'ş' [ʃ] olarak büyük bir transkripsiyon halüsinasyonuna uğratmıştır. SİSTEM İYİLEŞTİRMESİ VE KURAL ÖNERİSİ: Sistemin algoritmasına şu katı kurallar eklenmelidir: 1) 'Hece başı s/ş sürtünmelileri tarafından engellenmediği sürece, hece başlangıcında yer alan [p, t, k, c] patlayıcı varyantlarını soluklu (aspire) yap [pʰ, tʰ, kʰ, cʰ].' 2) 'Grafem-fonem dönüşümü metin tabanlı deterministik bir süreç olmalı; dildeki s harfi hiçbir bağlam kuralı yokken kendiliğinden [ʃ] (ş) olarak karakterize edilmemeli (halüsinasyonları engellemek için filtre uygulanmalı).' 3) 'Boşlukla ayrılmış olan isim ve öbek tamlamalarındaki sözcüklerin birincil vurgusu teker teker ve ayrı şekilde işlenmelidir.'",/i.ˈcʰilʃa.ˈhɯs/,true
iletişim merkezlerin,/i.le.tʰi.ˈʃimmæɾ.cʰez.le.ˈɾin/,i l e tʰ i ʃ i m m æ ɾ cʰ e z l e ɾ i n,0.9,"DOĞRU KURALLAR: Bu tamlamada, 'iletişim' kelimesinde hece başındaki 't' patlayıcısı ötümsüz ve aspirasyonludur [tʰ]. 'merkezlerin' kelimesindeki ilk 'e', 'r' ile biten kapalı hece öncesinde açılarak [æ] olur. 'k' ünsüzü ince ünlü komşuluğunda damaksıllaşır ve hece başı olduğu için soluklu telaffuz edilir [cʰ]. Vurgular her iki sözcüğün son hecesindedir. HATA ANALİZİ: Referans 1, izin verilen sembol havuzu dışına çıkarak ötümsüzleştirilmiş r için diyakritik kullanmış ve 'kez' hecesindeki 'e'yi aşırı açık [æ] olarak yazmıştır. Referans 2 ise kelimeler arasındaki boşluğu silerek tek kelime gibi birleştirmiş, patlayıcılar için zorunlu aspirasyon (ʰ) kuralını ve ince ünlü yanındaki arka damak ünsüzleri için palatalizasyon [c] kuralını işletmeyerek kalın [k] yazmıştır. SİSTEM İYİLEŞTİRMESİ VE KURAL ÖNERİSİ: Sisteme şu kurallar eklenmelidir: 1) 'Kelime Sınırları: Boşluk ile ayrılmış tamlamalarda kelime aralarını nokta ile birleştirme, sözcük sınırı için boşluğu koru.' 2) 'Hece Başı Aspirasyonu: Hece başlangıcında yer alan p, t, k, c patlayıcılarını daima solukluk (ʰ) eklentisiyle göster.' 3) 'Damaksıllaşma: Ön ünlülerle temas halindeki k seslerini [c/cʰ] ile haritalandır.' 4) 'Katı Havuz Kontrolü: Çıktı üretmeden önce karakterlerin sadece izin listesindeki fonemlerden oluştuğunu doğrula.'",/i.le.tʰi.ˈʃimmæɾ̞̊.cʰæz.le.ˈɾin/,false
ilimden,/i.lim.ˈdæn/,i l i m d æ n,0.98,"DOĞRU KURALLAR: Vurgu standart Türkçe kuralına göre son hecededir (ayrılma hali eki '-den' vurguyu üzerine çeker). İnce ünlü bağlamındaki 'l' ünsüzü ince varyantıyla [l] sesletilir. Son hecedeki 'e' ünlüsü, kapalı hecede 'n' akıcı/genizsil ünsüzünden önce geldiği için açılarak [æ] sesine dönüşür. HATA ANALİZİ: Referans çıktılar fonetik dönüşümleri ([æ] daralması dahil) doğru tespit etmiş, ancak dar çeviri (narrow transcription) formatı olan köşeli parantez ([ ]) yerine fonemik/geniş çeviri karakterleri (/) kullanmıştır. SİSTEM İYİLEŞTİRMESİ VE KURAL ÖNERİSİ: Sisteme şu kural eklenmelidir: 'Formatlama Kuralı: Dar çeviri görevlerinde, fonetik sembol dizisini kesinlikle eğik çizgi (/) yerine köşeli parantez ([ ]) içine al.' Ayrıca, 'e -> æ / _[m,n,l,r] (hece sonu)' kuralının başarıyla işlediği teyit edilmiştir, bu yapı kalıcı olarak korunmalıdır.",/i.lim.ˈdæn/,true
ilk,/ˈilcʰ/,i l cʰ,1,"DOĞRU KURALLAR: Kelime tek hecelidir. Ön ünlü olan 'i' sesi, kendisinden sonra gelen 'l' ünsüzünün ince (alveoler) [l] ve 'k' ünsüzünün damaksıl (palatal) [c] olarak gerçekleşmesini sağlar. Kelime sonunda yer alan ötsüz patlayıcılar (p, t, c, k) dar çeviride soluklu (aspire) telaffuz edilir, bu nedenle son ses [cʰ] olur. Tek heceli kelimelerde birincil vurgu işareti (ˈ) kelimenin başında gösterilir. HATA ANALİZİ: Referans 1, ince 'l' ve damaksıllaşmayı ([c]) tespit etmiş ancak dar çeviri prensiplerini eksik uygulayarak kelime başı vurgu ve kelime sonu aspirasyon (ʰ) işaretlerini atlamıştır. Referans 2 ise köklü fonolojik hatalar barındırmaktadır: Ön ünlü 'i'den sonra kurallara aykırı olarak kalın [ɫ] ve art-damaksıl [kʰ] kullanmış, üstelik tek heceli bir kelimeyi bölerek hatalı bir biçimde hece sınırı (.) eklemiştir. SİSTEM İYİLEŞTİRMESİ VE KURAL ÖNERİSİ: Sistemin algoritmasına şu katı kurallar eklenmelidir: 1) 'Ünlü Uyumu Temelli Ünsüz Varyasyonu: [i, e, y, œ] gibi ön ünlülerle aynı hecede yer alan k, g, l harflerini daima damaksıl/ince varyantlarıyla ([c, ɟ, l]) haritala.' 2) 'Heceleme ve Vurgu: Tek heceli kelimelerde hece sınırı (.) kullanma ve birincil vurguyu (ˈ) dizinin en başına yerleştir.' 3) 'Kelime Sonu Aspirasyonu: Kelime sonunda bulunan ötsüz patlayıcıları (p, t, k, c) dar transkripsiyonda her zaman aspire et (ʰ).'",/ilc/,false
iltica,/il.tʰi.ˈdʒa/,i l tʰ i d͡ʒ a,0.95,"DOĞRU KURALLAR: Kelimenin hece yapısı 'il-ti-ca' şeklindedir ve standart Türkçe vurgu kuralı gereği birincil vurgu kelimenin son hecesindedir [ˈdʒa]. 't' ünsüzü hece başı (onset) pozisyonundadır ve öncesinde s/ş gibi bir sürtünmeli ses bulunmadığından dar (narrow) fonetik çeviride zorunlu olarak aspire edilir [tʰ]. 'l' sesi, kalın/art ünlü komşuluğunda olmadığı için standart/ince varyantıyla [l] kalır. HATA ANALİZİ: Referans 1, hece başı aspirasyonunu [tʰ] doğru tespit etmiştir ancak sistem izin verilen sembol havuzu dışına çıkarak 'c' grafemi için üst bağ (tie-bar) içeren [d͡ʒ] sembolü kullanmıştır. Referans 2 ise hem üst bağ (tie-bar) hatasına düşmüş hem de dar fonetik çevirinin temel gerekliliklerinden olan hece başı patlayıcı aspirasyonunu (-tʰ) atlayarak geniş (broad) çeviri yapmıştır. SİSTEM İYİLEŞTİRMESİ VE KURAL ÖNERİSİ: Sistemin algoritmasına şu iki kural eklenmelidir: 1) 'Aspirasyon Kuralı: Eğer [p, t, k, c] gibi ötümsüz patlayıcılar hece başında (onset) bulunuyorsa ve önlerinde sürtünmeli bir ses [s, ʃ] yoksa, bu sesleri daima soluklu (aspire) varyantlarıyla [pʰ, tʰ, kʰ, cʰ] haritala.' 2) 'Katı Sembol Filtresi: Türkçe c sesi için yalnızca önceden tanımlı [dʒ] sembolünü kullan, harici kütüphanelerden gelen veya IPA bağ tildesi (tie-bar) içeren [d͡ʒ] gibi karakterleri kesin olarak engelle.'",/il.tʰi.ˈd͡ʒa/,false
ima,/iː.ˈmaː/,iː m aː,0.95,"DOĞRU KURALLAR: Kelime Arapça kökenlidir (îmâ). Türkçede yazılışta düzeltme işareti (şapka) genellikle kullanılmasa da standart telaffuzda hem ilk hecedeki 'i' hem de son hecedeki 'a' ünlüsü uzun okunur ([iː], [aː]). Vurgu kelime sonundadır. HATA ANALİZİ: Referans 1 ve Referans 2, kelimenin alıntı bir sözcük olduğunu ve kökenbilimsel ünlü uzunluklarını hesaba katmayarak doğrudan harf-ses (grafem-fonem) eşlemesi yapmış, ünlüleri kısa ([i], [a]) transkribe etmiştir. SİSTEM İYİLEŞTİRMESİ VE KURAL ÖNERİSİ: Sisteme şu temel yapı eklenmelidir: 'İstisna Sözlüğü (Lexicon Lookup): Arapça ve Farsça kökenli olup yazımda kısa ünlü barındıran ancak telaffuzu uzun olan kelimeler (örn: ima, icat, şair) için standart kısa ünlü atama kuralını devre dışı bırakan bir istisna veri tabanı oluştur. Kelime eşleştiğinde ilgili grafemleri doğrudan [iː] ve [aː] olarak işaretle.'",/i.ˈma/,false
imza,/im.ˈza/,i m z a,0.98,"DOĞRU KURALLAR: Kelimenin ünlülerinde [i] ve [a] herhangi bir uzama görülmez, ünsüzler standart değerlerini ([m], [z]) korur. Türkçe isim vurgusu kuralına göre hece dizilimi parçasal (im.za) olarak ayrılır ve birincil vurgu son heceye ([ˈza]) düşer. HATA ANALİZİ: Referans çıktılar fonolojik değerler ve vurgu konumu bağlamında doğru olsa da, pedagojik değerlendirmede dar çeviri (narrow transcription) gerekliliklerini atlamıştır. Eğik çizgi (/) geniş çeviriyi ifade eder. SİSTEM İYİLEŞTİRMESİ VE KURAL ÖNERİSİ: Sisteme şu katı kural eklenmelidir: 'Metin biçimlendirme ve Fonetik Çeviri: Sorgu özellikle dar çeviri (narrow transcription) istiyorsa, IPA çıktısını kesinlikle (/) eğik çizgileri arasına alma; çıktıyı her zaman sınırlandırıcı olarak köşeli parantez ([...]) içerisine konumlandır.'",/im.ˈza/,true
inceliklerindeki,/in.dʒe.lic.le.ɾin.ˈde.cʰi/,i n d͡ʒ e l i c l e ɾ i n d e cʰ i,0.95,"DOĞRU KURALLAR: 1. Ünsüzler ve Aspirasyon: İnce ünlülerin (e, i) yanındaki k sesi damaksıllaşır ve [c] varyantına döner. Hece başındaki [c] ötümsüz patlayıcısı aspire edilerek [cʰ] şeklini alır (-ki -> [cʰi]). Hece sonunda ise aspirasyon olmaz (-lik -> [lic]). 2. Vurgu: İlgi eki olan '-ki' vurgu kabul etmez ve birincil vurguyu daima kendinden önceki heceye kaydırır. Bu sebeple vurgu '-de-' hecesindedir. 3. Genizsil Benzeşme: [n] sesi, [dʒ] veya [tʃ] gibi dişyuvası-damak (post-alveolar) sesler öncesinde tam damaksıl [ɲ] sesine dönüşmez, [n] olarak kalır. HATA ANALİZİ: Referans 1, vurgu atamasını, hece başı [cʰ] ve hece sonu [c] ayrımlarını doğru yapsa da; [dʒ] sesinden evvel [ɲ] kullanarak kuralı olması gerekenden fazla genellemiş (over-application) ve hata yapmıştır. Referans 2 ise ince bölge 'k' sesini [c] yapmamış, [cʰ] aspirasyonu atlamış ve '-ki' ekinin istisnai vurgu yönlendirici kuralını bilmediği için vurguyu kökte unutmuştur. SİSTEM İYİLEŞTİRMESİ VE KURAL ÖNERİSİ: Çözümleyici algoritmaya şu değişmez (hardcoded) kuralları ilave ediniz: 1) İstisnai Vurgu Tetikleyicisi: Eğer kelimede aidiyet bildiren '-ki' eki saptanırsa, olağan kelime sonu vurgu kuralını durdur ve birincil vurguyu (ˈ) hemen '-ki' hecesinin öncesindeki heceye ata. 2) Nasal Benzeşme Kısıtlaması: 'n' karakterini [ɲ] fonemine çevirme işlevini yalnızca peşi sıra tam damaksıl [c] veya [ɟ] gelirse aktifleştir; [dʒ] ya da [tʃ] öncesinde her vakit [n] haritalamasına sadık kal. 3) Damaksıl Soluklanma Algoritması: İnce ünlü ile komşu 'k' sesini [c] karakterine ata, şayet bu ses hece başlangıcındaysa onu mecburi olarak [cʰ] varyantı ile haritala.",/iɲ.d͡ʒe.lic.le.ɾin.ˈde.cʰi/,false
infilak etmede,/in.fi.ˈla.kʰæt.me.de/,i n f i l a kʰ æ t m e d e,0.95,"DOĞRU KURALLAR: 1. Vurgu: İsim + yardımcı eylemden oluşan birleşik fiillerde (infilak etmek) birleşik eylem grubunun ana vurgusu, fiil olmayan ilk unsurun kendi orijinal vurgusunun olduğu yere (infilak -> son hece) düşer; 'etmede' eylemi vurgusuz okunur. 2. Ulama (Resyllabification): Ünsüz ile biten 'infilak' sözcüğü ile ünlü ile başlayan 'etmede' sözcüğü akıcı konuşmada birleştirilir; 'k' ünsüzü sonraki izleyen hecenin başına geçer (in.fi.la.kʰæt.me.de). 3. Açık İzole 'e' Kuralı: 'et-' fiil kökünün ünlüsü olan 'e', kapalı hece sonunda yer alan 't' sesinin baskısıyla genişleyerek açık [æ] şeklinde gerçekleşir. 4. Aspirasyon ve Kalın Ünsüz: Arapça 'qaf' kökenli olan ve TDK'de ince ünlüyle ek almadığı (infilakı) belirtilen sondaki 'k' velar (kalın) bir ünsüzdür. Ulama ile hece başına geçtiği için de aspire edilerek [kʰ] formunu alır.

HATA ANALİZİ: Referans 1, ulama kuralını göz ardı edip kelimeleri bağımsız düşünmüş ve yardımcı eyleme (æt.me.de) gereksiz bir ikincil vurgu vermiştir. Ayrıca hece başında patlayıcıların geçireceği aspirasyonu (kʰ) atlamıştır. Referans 2 ise ismin kökenindeki kalın (velar) 'qaf' etkisini kaçırdığı için ezbere bir harf-sesel çeviri yaparak 'a' harfini inceltip [æ] ('læk') yapmış, 'etmede' eyleminin kökündeki kurala bağlı açık [æ] sesini ise kaçırmıştır.

SİSTEM İYİLEŞTİRMESİ VE KURAL ÖNERİSİ: Sisteme şu üç kural katı olarak eklenmelidir: 1) 'Ulama (Liaison) Modülü: Aralarında noktalama bulunmayan Ünsüz+Ünlü sözcük sınırlarında derhal önceki ünsüzü sonraki kelimenin ilk hecesine (onset) aktar (resyllabify).' 2) 'Birleşik Eylem Vurgu Kuralı: [isim + etmek/olmak/kılmak] dizilimlerini analiz ederken, kelime öbeğindeki tek (birincil) vurguyu daima ismin standart vurgulu hecesinde tut, eylemi vurgusuz bırak.' 3) 'Arapça 'k/q' İstisnası: İnfilak, ufuk, hukuk gibi kökünde 'qaf/kalın k' barındıran kelimeleri özel listele; bu kelimelerde 'a' veya 'u' ünlülerini asla inceltme [æ, y] ve 'k' ünsüzünü her zaman art-damak varyantı [k, kʰ] olarak tut.'",/in.fi.ˈlakˈæt.me.de/,false
insanlar,/in.san.ˈɫaɾ/,i n s a n ɫ a ɾ,1,"DOĞRU KURALLAR: Kelimedeki 'l' sesi, kalın 'a' ünlüsüyle komşu olduğu için kalın/velarize [ɫ] olarak gerçekleşir. Çoğul eki olan '-lar' vurguyu üzerine alır, bu nedenle birincil vurgu son hecededir. Arapça kökenli 'insan' kelimesindeki 'a' ünlüsü Türkçede kısa [a] olarak telaffuz edilir. HATA ANALİZİ: Referans 1, kelime sonu 'r' sesini ötümsüz ve sürtünmeli [ɾ̞̊] olarak işaretlemiştir. Gerçekte kelime sonu 'r' sesi Türkçede genellikle sızıcılaşsa da, izin verilen dar çeviri sembol havuzunda bu ses sadece [ɾ] olarak tanımlanmıştır, bu nedenle kural ihlali yapılmıştır. Referans 2 ise sembol havuzu sınırlarında kalarak doğru bir çeviri sunmuştur. SİSTEM İYİLEŞTİRMESİ VE KURAL ÖNERİSİ: Sisteme şu kurallar tanımlanmalıdır: 1) 'Sembol Kısıtlaması: Kelime sonu r sesinin ötümsüzleştiği durumlarda bile, eğer sistem sembol havuzunda [ɾ̞̊] yoksa, grafemi doğrudan [ɾ] olarak haritalandır.' 2) 'Kalın l Kuralı: Kalın ünlüler (a, ɯ, o, u) ile aynı hecede bulunan l seslerini daima [ɫ] olarak transkribe et.'",/in.san.ˈɫaɾ̞̊/,false
istemiyorum,/is.ˈte.mi.jo.ɾum/,i s t e m i j o ɾ u m,1,"DOĞRU KURALLAR: Vurgu: Türkçede olumsuzluk eki (-ma/-me), şimdiki zaman ekinin etkisiyle daralarak -mi olsa bile vurgu almaz ve birincil vurguyu daima kendinden bir önceki heceye atar. Bu sebeple kelimede vurgu 'te' hecesindedir. Ünsüzler/Aspirasyon: Normalde hece başı p, t, k sesleri soluklu (aspire) okunur. Ancak bu seslerden hemen önce s veya ş sürtünmelisi geliyorsa, aspirasyon düşer. 'st' yan yanalığında 't' soluksuz [t] olmalıdır. HATA ANALİZİ: Referans 1 ve 2, olumsuzluk ekinin vurguyu geriye atma kuralını tamamen atlayarak vurguyu '-yo-' hecesine koyma gibi majör bir hata yapmıştır. Ayrıca Referans 1, 's' ünsüzünden sonraki 't' sesini ezbere aspire [tʰ] yaparak Türkçe sesdizimi (phonotactics) kurallarını ihlal etmiştir. Referans 2 ise aspirasyon iptalini doğru işletmiştir. SİSTEM İYİLEŞTİRMESİ VE KURAL ÖNERİSİ: Sisteme şu katı kurallar eklenmelidir: 1) 'Vurgu Hiyerarşisi: Bir kelimede olumsuzluk eki varsa, diğer vurgu kurallarını (kelime sonu veya şimdiki zaman vurgusu) ez ve birincil vurguyu (ˈ) kesinlikle olumsuzluk ekinden önceki heceye sabitle.' 2) 'Aspirasyon İptali: [p, t, k, c] patlayıcılarından hemen önce [s] veya [ʃ] (ş) sürtünmelisi geliyorsa, aspirasyon (ʰ) ekleme kuralını devreden çıkar ve soluksuz varyantları üret.'",/is.tʰe.mi.ˈjo.ɾum/,false
istenmediğimizi,/is.ˈtæn.me.di.ji.mi.zi/,i s t æ n m e d i j i m i z i,0.95,"DOĞRU KURALLAR: 1) Vurgu: Olumsuzluk eki olan '-me', vurguyu daima bir önceki heceye iter [is.ˈtæn]. 2) Ünsüzler/Aspirasyon: 's' sürtünmeli sesinden sonra gelen patlayıcılar (t) aspirasyon özelliğini yitirir [t]. 3) Yumuşak G: Ön ünlüler (i-i) arasındaki 'ğ' süzülerek [j] sesine dönüşür. 4) Ünlü Açıklığı: Kapalı hecedeki 'e', 'n' ünsüzünün etkisiyle açık [æ] olarak telaffuz edilirken açık hecedeki 'e' kapalı [e] olarak kalır. HATA ANALİZİ: Referans 1, 's' sonrası aspirasyon kuralını atlayarak [tʰ] hatası yapmıştır. Referans 2 ise kelime sonu vurgusu kuralını ezbere uygulayıp olumsuzluk ekinin istisnai vurgu kuralını atlamış ve ekteki ünlüleri hatalı açmıştır. SİSTEM İYİLEŞTİRMESİ VE KURAL ÖNERİSİ: Sisteme şu iki kural eklenmelidir: 1) 'Vurgu İstisnası: Kelime -ma/-me olumsuzluk eki içeriyorsa, varsayılan son hece vurgusunu iptal et ve tırnağı (ˈ) ekten bir önceki heceye koy.' 2) 'Ünsüz Etkileşimi: p, t, k, c patlayıcıları, s veya ş (ʃ) sürtünmelilerinden hemen sonra soluklanmaz; yalın varyantları ([p, t, k, c]) kullan.'",/is.ˈtʰæn.me.di.ji.mi.zi/,false
istiyorum,/is.ˈti.jo.ɾum/,i s t i j o ɾ u m,1,"DOĞRU KURALLAR: Şimdiki zaman eki '-yor' vurgu almaz, vurguyu daima kendisinden bir önceki heceye ('ti') iter. Ünsüzler açısından, 't' sesi normalde hece başında soluklu [tʰ] olsa da, 's' gibi bir sürtünmeliden hemen sonra geldiği için aspirasyonunu kaybeder ve yalın [t] olarak telaffuz edilir. HATA ANALİZİ: Referans 1, vurguyu '-yor' ekinin kendisine (jo) koyarak büyük bir morfo-fonolojik hata yapmıştır. Ayrıca, s-t ardışıklığındaki aspirasyon düşmesini (de-aspiration) hesaba katmayarak ezbere [tʰ] üretmiştir. SİSTEM İYİLEŞTİRMESİ VE KURAL ÖNERİSİ: Algoritmaya şu kurallar entegre edilmelidir: 1) 'Vurgu İstisnası: Eğer kelime -yor eki içeriyorsa, varsayılan son hece vurgusunu iptal et ve birincil vurguyu (ˈ) -yor hecesinden bir önceki heceye yerleştir.' 2) 'Aspirasyon Kaybı: Sürtünmeli [s, ʃ] seslerinden hemen sonra gelen ötümsüz patlayıcıların (p, t, k, c) hece başında olsalar dahi aspirasyon (ʰ) özelliğini kaldır.'",/is.tʰi.ˈjo.ɾum/,false
itekliyorum,/i.tʰec.ˈli.jo.ɾum/,i tʰ e c l i j o ɾ u m,0.98,"DOĞRU KURALLAR: Vurgu: Şimdiki zaman eki olan '-yor' hiçbir zaman vurgu almaz; vurgu bu ekten hemen önceki heceye ('li' hecesine) kayar. Ünlü Daralması: 'iteklemek' fiilindeki '-le' ekinin ünlüsü, şimdiki zaman ekinin başındaki [j] sesinin daraltıcı etkisiyle 'i'ye dönüşür. Ünsüzler ve Heceleme: Hece başındaki ötümsüz 't' patlayıcısı aspire edilerek [tʰ] olur. İkinci hecenin sonundaki koda 'k' sesi, ön (ince) ünlülerin ('e' ve 'i') çevresinde damaksıllaşarak [c] olarak çıkar (hece sonunda aspirasyon olmaz). Kelime 'i.tek.li... ' biçiminde hecelenir. HATA ANALİZİ: Referans 1, vurguyu '-yor' hecesine yerleştirerek istisnayı gözden kaçırmış ve genel bir 'e' sesini gereksiz yere [æ] olarak yazmıştır. Referans 2 ise kelime sonu vurgu kuralını dogmatik şekilde işleterek vurguyu [ˈɾum] hecesine atmıştır. Ayrıca hecelemeyi '.kli' biçiminde yaparak Türkçe fonotaktik kurallarını (VCCV yapısındaki ünsüzlerin farklı hecelere bölünmesi) açıkça ihlal etmiştir. SİSTEM İYİLEŞTİRMESİ VE KURAL ÖNERİSİ: Sisteme şu katı kurallar eklenmelidir: 1) 'Vurgu İstisnası: Kelimede -yor eki bulunuyorsa, kelime sonu vurgu kuralını geçersiz kıl ve birincil vurguyu (ˈ) muhakkak -yor ekinin öncesindeki heceye yerleştir.' 2) 'Heceleme Algoritması: Türkçede hece ortasında art arda gelen iki ünsüz varsa, bunları kesinlikle iki ayrı heceye paylaştır (.VC.CV); Türkçe kelimelerde 'kli' gibi çift ünsüzlü onset (hece başı) kümelerine izin verme.'",/i.tʰæc.li.ˈjo.ɾum/,false
itibarımı,/iː.tʰi.baː.ɾɯ.ˈmɯ/,iː tʰ i b aː ɾ ɯ m ɯ,0.95,"DOĞRU KURALLAR: Ünlü Uzunluğu: Sözcük Arapça kökenlidir (iʿtibār). Düşen 'ayn' sesi ilk hecedeki 'i' ünlüsünü uzatır [iː]. Üçüncü hecedeki 'a' ünlüsü de orijinalinde uzundur ve sözcük ünlüyle başlayan ek aldığında bu uzunluğunu korur [aː]. Aspirasyon: İkinci hecenin başındaki ötümsüz patlayıcı 't', hece başında yer aldığı için soluklu (aspire) okunur [tʰ]. Vurgu: Türkçede isim çekim ekleri (iyelik ve belirtme) eklendiğinde genel kural gereği vurgu daima en son heceye kayar [ˈmɯ]. HATA ANALİZİ: Referans 1 ve Referans 2, kelimenin köken bilgisini hesaba katamamış ve yazım kurallarına körü körüne bağlı kalarak uzun okunan ünlüleri (iː ve aː) kısa [i] ve [a] olarak hatalı transkribe etmiştir. Ayrıca Referans 2, hece başındaki ötümsüz /t/ sesinin soluklulaşma (aspirasyon) kuralını dahil etmemiş ve düz [t] kullanmıştır. SİSTEM İYİLEŞTİRMESİ VE KURAL ÖNERİSİ: Sistemin algoritmasına şu iki temel kural eklenmelidir: 1) Alıntı Sözcük Filtresi: 'Arapça ve Farsça kökenli sözcükler transkribe edilirken, yazımda gösterilmeyen ancak etimolojik olarak uzun söylenen ünlüleri belirleyebilmek adına bir leksikal sözlük yapısı (lookup dictionary) kullan.' 2) Ünsüz Aspirasyonu: 'Sözcük içindeki bir hece p, t, k, c patlayıcılarından biriyle başlıyorsa ve kendisinden hemen önce s veya ʃ sürtünmelisi gelmiyorsa bu ünsüzü kesinlikle soluklu [ʰ] sembolüyle işaretle.'",/i.tʰi.ba.ɾɯ.ˈmɯ/,false
ittifaka,/it.tʰi.fa.ˈkʰa/,i t tʰ i f a kʰ a,0.95,"DOĞRU KURALLAR: Kelime Arapça kökenlidir ('ittifāq'). İkiz ünsüz (geminate) içeren 'tt' kümesinde, hece sonundaki ilk 't' aspire edilmez, ancak hece başındaki ikinci 't' aspire edilir [tʰ]. Vurgu son heceye düşer. 'İttifak' kelimesi Arapçada kalın damak ünsüzü (qaf) ile bittiği için, kalın ünlülerle (-a) ek alır ve 'k' sesi arka/kalın [k] olarak kalır, ünlü veya ünsüz yumuşaması göstermez. Hece başı patlayıcı 'k' sesi aspire edilir [kʰ]. HATA ANALİZİ: Referans 1 kuralları tam olarak uygulayarak doğru aspirasyonlu sesleri ve arka ünlüleri kullanmıştır. Referans 2 ise kelimenin 'idrak' veya 'iştirak' gibi ince ünlülerle ve damaksıl ünsüzle ek alan Arapça/Farsça bir istisna olduğunu farz etmiş, bu sebeple [æ] ünlüsünü üretme hatasına düşmüş ve aspirasyon atlaması yapmıştır. SİSTEM İYİLEŞTİRMESİ VE KURAL ÖNERİSİ: Sisteme şu kural eklenmelidir: 'Sözlük Kuralı (Lexical Mapping): Arapça kökenli ve sonu -ak ile biten alıntı kelimeleri iki gruba ayır; orijinalinde Kaf (q) harfi barındıran kelimeler (örn: ittifak, hak, ufuk) kalın ünlüler olan [-a, -ı, -lar] eklerini alır ve sondaki velar sesteki patlama [kʰ] olarak korunur. Kef (k) harfinden türeyenler ise (örn: idrak, iştirak) damaksıllaşarak [-e, -i, -ler] alır. Aynı zamanda ikiz ünsüz durumunda (örn. tt) yalnızca hece başı olanı (ikincisini) aspire et.'",/it.tʰi.fa.ˈkʰa/,true
içeri,/i.tʃe.ˈɾi/,i t͡ʃ e ɾ i,0.95,"DOĞRU KURALLAR: Heceleme ve Vurgu: Kelime 'i.çe.ri' şeklinde üç açık heceden oluşur. Yalın isim formunda kullanıldığında birincil vurgu son hecededir. Ünsüzler: Türkçedeki 'ç' sesi, dar çeviride ötümsüz dişyuvası-damak affricate (patlamalı-sızmalı) ünsüzü olan [tʃ] ile gösterilir. İki ünlü arasındaki 'r' sesi tek vuruşlu [ɾ] (flap) karakteridir. HATA ANALİZİ: Referans 1 ve Referans 2, kelimenin hece sınırlarını ve vurgusunu doğru belirlemiş olsa da kısıtlı sembol havuzunu ihlal etmiştir. Sistem, genel geçer IPA kütüphanelerine dayanarak 'ç' sesini bağ-işareti (tie-bar) içeren [t͡ʃ] formunda üretmiştir. Ancak izin verilen sembol havuzunda bu ses doğrudan bağ-işaretsiz [tʃ] olarak listelenmiştir. SİSTEM İYİLEŞTİRMESİ VE KURAL ÖNERİSİ: Sistemin algoritmasına şu kural eklenmelidir: 'Sembol Kısıtlaması (Strict Validation): Affricate (patlamalı-sızmalı) sesler olan ç ve c seslerini transkribe ederken hiçbir koşulda Unicode bağ-işareti (tie-bar, U+0361) kullanma. Çıktı filtresi uygulayarak bu sesleri her zaman havuzda tanımlı olan saf [tʃ] ve [dʒ] formlarıyla haritala.'",/i.t͡ʃe.ˈɾi/,false
içi.ver.sem,/i.ˈtʃi.væɾ.sæm/,i t͡ʃ i v æ ɾ s æ m,0.95,"DOĞRU KURALLAR: Vurgu: Türkçede tezlik fiili olan '-iver' birleşik yapısı vurgusuzdur ve kendisinden hemen önceki heceye (yardımcı ünlüye) vurguyu atar. Vurgu yeri sondaki şart kipine (-se) rağmen değişmez, ikinci hece olan [ˈtʃi] üzerinde kalır. Ünlü Genişlemesi: 'e' ünlüsü, kapalı hecelerde 'm, n, l, r' gibi akıcı ve genizcil ünsüzlerden önce geldiğinde açılarak standart olarak [æ] sesine dönüşür ('ver' -> [væɾ], 'sem' -> [sæm]). Ünsüzler: İki ünlü arasındaki 'v' labiodental bir sürtünmelidir [v]; hece sonundaki 'r' ise tek vuruşlu [ɾ] sesidir. HATA ANALİZİ: Ref 1, '-iver' ekinin morfolojik vurgu istisnasını bilmediği için vurguyu standart kuralmış gibi son heceye ([ˈsæm]) atmış ve havuz dışı (ɾ̞̊) aşırı dar/ötümsüz bir r varyantı yazmıştır. Ref 2 ise birincil vurgu işaretini koymayı tamamen unutmuş, izin verilmeyen [ɛ] sembolünü kullanmış ve dudak ünlüsü ortamı olmadığı halde 'v' sesini [β] atayarak aşırı düzeltme (hypercorrection) yapmıştır. SİSTEM İYİLEŞTİRMESİ VE KURAL ÖNERİSİ: Sisteme şu katı kurallar eklenmelidir: 1) 'Morfolojik Vurgu İstisnası: Kelimede tezlik birleşik fiil eki (-iver) tespit edildiğinde kelime sonu vurgu kuralını ez; birincil vurguyu (ˈ) kesinlikle '-iver' hecelerinden önceki ilk heceye yerleştir.' 2) 'Bağlamsal Ünlü Kuralı: Kapalı hece yapılarında, eğer hece codasında [m, n, l, ɾ] sesleri varsa, ortadaki 'e' ünlüsünü daima açık [æ] olarak eşleştir.' 3) 'Havuz Filtresi (Post-processing): Nihai transkripsiyonda [ɛ] veya [ɾ̞̊] gibi izin verilen sembol havuzunda bulunmayan tüm işaretleri sil veya belirlenmiş standart [e/æ] ve [ɾ] ile değiştir.'",/i.t͡ʃi.væɾ̞̊.ˈsæm/,false
için,/ˈi.tʃin/,i t͡ʃ i n,0.96,"DOĞRU KURALLAR: Vurgu: 'için' kelimesi bir edattır. Türkçede zarflar, bağlaçlar ve edatlar (için, gibi, kadar vb.) genellikle ilk hecelerinde vurgu taşır. Bu nedenle birincil vurgu baştadır: [ˈi.tʃin]. Ünsüzler ve Ünlüler: 'ç' sesi ötümsüz patlamalı-sızmalı (affricate) bir sestir ve belirlenen sembol havuzundaki [tʃ] ile gösterilir. İki 'i' ünlüsü de kısa, dar-düz [i] sesidir. HATA ANALİZİ: Referans çıktılar kelimenin sözcük türünü (POS) analiz etmeden ezbere kelime sonu vurgusu kuralını uygulamış ve vurguyu hatalı şekilde son heceye yerleştirmiştir. Ayrıca kısıtlanmış sembol setine uymayarak 'ç' sesi için havuzda olmayan üstten bağlaçlı [t͡ʃ] karakterini kullanmışlardır. SİSTEM İYİLEŞTİRMESİ VE KURAL ÖNERİSİ: Sisteme şu iki yapısal kural eklenmelidir: 1) 'Kelime Türü (POS) Vurgu Kuralı: Eğer kelime bir edat, zarf veya bağlaç ise, standart son hece vurgusunu iptal et ve vurguyu (ˈ) sözlük kuralı gereği ilk heceye yerleştir.' 2) 'Karakter Filtresi: Afrikate (ç, c) seslerin transkripsiyonunda bağlaçlı/birleşik karakterleri (t͡ʃ, d͡ʒ) filtrele ve daima izin verilen düz [tʃ, dʒ] sembolleriyle haritalandır.'",/i.ˈt͡ʃin/,false
içiversem,/i.ˈtʃi.βæɾ.sæm/,i t͡ʃ i β æ ɾ s æ m,0.95,"DOĞRU KURALLAR: 1. Ünlüler (Açık 'e' Kuralı): Kapalı hecelerde ve [m, n, l, ɾ] gibi akıcı/genizsil ünsüzlerden önce gelen 'e' ünlüleri açılarak [æ] sesine dönüşür ('ver' -> [βæɾ], 'sem' -> [sæm]). 2. Ünsüzler ('v' Süzülmesi): İki ünlü arasında yer alan 'v' sesi dudaksıllaşarak konumunu iki dudak sürtünmelisi varyantına [β] bırakır. 3. Vurgu (-iver İstisnası): Tezlik bildiren '-iver' birleşik fiili vurguyu taşımaz ve vurguyu kendinden bir önceki heceye (bağlama ünlüsüne) iter. Bu nedenle eylemde vurgu son hecede değil, '-çi' hecesindedir. HATA ANALİZİ: Referans 1, vurguyu standart Türkçe fiil kuralına göre ezbere işletip son heceye yerleştirmiş, 'v' sesini dar çeviriye uyarlamamış ve izin verilen havuzda bulunmayan /ɾ̞̊/ (ötümsüz r) sembolünü kullanmıştır. Referans 2 ise 'v' sesini [β] yaparak doğru allofonu bulmuş ancak birincil vurguyu tamamen atlamış ve havuz dışı olan [ɛ] sembolünü dahil ederek sistem kurallarını ihlal etmiştir. SİSTEM İYİLEŞTİRMESİ VE KURAL ÖNERİSİ: Sisteme şu katı yapısal kurallar eklenmelidir: 1) Sözcüksel Vurgu İstisnası: 'Eğer fiil içinde -iver tezlik belirteci varsa, kelime sonu veya ek sonu standart vurgu kurallarını iptal et; birincil vurguyu (ˈ) kesinlikle -ver hecesinden bir önceki hecenin başına sabitle.' 2) Allofonik Haritalama: 'İki ünlü arasında kalan [v] sesini bağlamsal olarak [β] ile değiştir; kapalı hecelerde [ɾ, m, n, l] ünsüzleri öncesindeki [e] seslerini daima açık [æ] olarak haritala ve kısıtlı havuz dışındaki sembolleri (ɛ, ɾ̞̊ vb.) tamamen blokla.'",/i.t͡ʃi.væɾ̞̊.ˈsæm/,false
işitmemekte,/i.ˈʃit.me.mæc.tʰe/,i ʃ i t m e m æ c tʰ e,0.95,"DOĞRU KURALLAR: Fiillerde olumsuzluk eki (-me/-ma) vurgu almaz ve sözcük vurgusunu kendinden bir önceki heceye iter; bu nedenle vurgu 'şit' hecesindedir [i.ˈʃit]. Dar çeviride (narrow transcription), kapalı hecelerdeki 'e' ünlüsü daha açık bir varyant olan [æ] olarak telaffuz edilir (-mæc). Ayrıca ince ünlülerin (e, i, ö, ü, æ) yanında bulunan art damak ünsüzü 'k', öndamaksıllaşarak (palatalizasyon) [c] sesine dönüşür. Hece başı p, t, k sesleri ise aspire edilir, dolayısıyla '-te' eki [tʰe] şeklinde transkribe edilir. HATA ANALİZİ: Referans 1, vurguyu doğru heceye yerleştirse de ince 'k' sesinin damaksıllığını (palatalizasyonunu) ihmal ederek standart [k] harfini kullanmıştır. Referans 2 ise hem [c] dönüşümünü yapmamış hem de olumsuzluk ekinin vurguyu bir önceki heceye kaydırdığı istisnai durumu atlayarak olumlu form periyodundaki vurgu yerini (-mæk) ezbere kullanmıştır. SİSTEM İYİLEŞTİRMESİ VE KURAL ÖNERİSİ: Sistemin algoritmasına şu iki yapısal kural eklenmelidir: 1) 'Vurgu İstisnası (Hardcoded Rule): Eğer kelime yapısında fiilden isim ya da fiil olumsuzluk eki (-me/-ma) tespit edilirse, genel vurgu kuralını iptal et ve birincil vurguyu (ˈ) muhakkak bu ekten bir önceki hecenin başına ekle.' 2) 'Bağlamsal Haritalama (Palatalizasyon): Ön (ince) ünlülerle aynı heceyi paylaşan veya bitişik olan /k/ ve /g/ seslerini, dar çeviri süreçlerinde daima damaksıl [c] ve [ɟ] varyantlarına dönüştür.'",/i.ˈʃit.me.mæk.tʰe/,false
işletseydi,/iʃ.let.ˈsej.di/,i ʃ l e t s e j d i,0.95,"DOĞRU KURALLAR: Kelime [iş.let.sey.di] olarak hecelenir. Sesbilimsel olarak, kapalı hecelerdeki 'e' ünlüsü [m, n, l, ɾ] gibi akıcı/kayıcı ünsüzler önünde açık [æ] olurken, [t] ve [j] gibi ünsüzler öncesinde standart kapalı [e] olarak korunur. Vurgu kuralları açısından, kelime sonundaki '-di' eki, ek-fiil olan 'idi'nin kökenidir ve Türkçede ek-fiiller (idi, imiş, ise, iken) vurgu almazlar; vurguyu daima kendilerinden bir önceki heceye atarlar. Bu sebeple vurgu '-se' şart ekinin bulunduğu '-sey-' hecesi üzerindedir. HATA ANALİZİ: Referans 1, 'e' sesini bağlamdan bağımsız biçimde açık [æ] olarak çevirerek fonolojik bir aşırı genelleme (overgeneralization) hatası yapmıştır. Ayrıca her iki referans çıktı da ek-fiillerin vurgu istisnasını bilmediği için standart kelime sonu vurgu kuralını işleterek birincil vurguyu hatalı şekilde son heceye [ˈdi] atamıştır. SİSTEM İYİLEŞTİRMESİ VE KURAL ÖNERİSİ: Sisteme şu iki özel yapısal kural eklenmelidir: 1) 'Ek-fiil Vurgu İstisnası: Kelime sonunda -(y)di, -(y)miş, -(y)se veya -ken ek-fiilleri tespit edildiğinde, varsayılan kelime sonu vurgu algoritmasını devreden çıkar ve birincil vurguyu (ˈ) kesinlikle bu ekten bir önceki heceye konumlandır.' 2) 'e/æ Ayrımı (Allophonic Rule): 'e' sesini yalnızca hece sonunda [m, n, l, ɾ] ünsüzleri bulunduğunda [æ] olarak haritala; [t], [j], [s] vb. ünsüzlerle biten kapalı hecelerde ise kapalı [e] olarak bırak.'",/iʃ.læt.sæj.ˈdi/,false
jüriler,/ʒy.ɾi.ˈlæɾ/,ʒ y ɾ i l æ ɾ,0.95,"DOĞRU KURALLAR: Ünsüzler: 'j' harfi [ʒ] sesini temsil eder. 'ü' ve 'i' ünlüleri ince olduğu için 'l' sesi standart [l] olarak yazılır. Ünlüler: Son hecedeki 'e' ünlüsü, kapalı hecede 'r' akıcısından önce geldiği için açılarak [æ] varyantına dönüşür. Vurgu: Çoğul eki (-ler) vurguyu son heceye taşır [ˈlæɾ]. HATA ANALİZİ: Referans 1, kelime sonu 'r' sesi için fonetik olarak doğru olabilecek ancak izin verilen sembol havuzunda kesinlikle bulunmayan ötümsüz [ɾ̞̊] sembolünü üreterek kural dışına çıkmıştır. Referans 2 havuz kısıtlarına tam uymuştur. SİSTEM İYİLEŞTİRMESİ VE KURAL ÖNERİSİ: Sisteme şu komutlar eklenmelidir: 1) 'Sembol Kısıtlaması: Kelime sonu r sesinin ötümsüzleştiği durumlarda bile, eğer izin havuzunda ötümsüz varyant yoksa daima [ɾ] kullan, havuz dışı sembol (diakritik) üretme.' 2) 'Ünlü Açılması: /l, m, n, r/ akıcı ünsüzleriyle biten kapalı hecelerdeki /e/ ünlüsünü daima [æ] olarak transkribe et.'",/ʒy.ɾi.ˈlæɾ̞̊/,false
kalmak,/kʰaɫ.ˈmak/,kʰ a ɫ m a k,1,"DOĞRU KURALLAR: Kelime Türkçe kökenlidir. Hece başındaki ötümsüz patlayıcı 'k' sesi aspire edilerek [kʰ] olur. Kalın ünlülerle (a) beraber bulunduğu için hece sonundaki 'l' ünsüzü artdamaksıllaşarak [ɫ] olarak telaffuz edilir. İsim-fiil eki (-mak) kurallı olarak kelime sonu vurgusunu alır [ˈmak]. Kelime sonundaki ötümsüz patlayıcı 'k' genellikle güçlü bir aspirasyon almaz [k]. HATA ANALİZİ: Referans 1 tüm dar çeviri (narrow transcription) detaylarına hakimdir. Referans 2 ise hece başı ötümsüz patlayıcıda zorunlu olan aspirasyon (kʰ) kuralını işletmeyerek geniş çeviride (broad transcription) kalmıştır. SİSTEM İYİLEŞTİRMESİ VE KURAL ÖNERİSİ: Sistemin dar çeviri yeteneğini güçlendirmek için şu kural eklenmelidir: 'Hece Başı Aspirasyon Kuralı: Kelime veya hece başında yer alan ötümsüz patlayıcıları (p, t, k, c), öncesinde sızıcı/sürtünmeli (s, ʃ vb.) bir ünsüz bulunmadığı sürece daima aspireli (pʰ, tʰ, kʰ, cʰ) haritala.'",/kʰaɫ.ˈmak/,true
kanunları,/kʰaː.nun.ɫa.ˈɾɯ/,kʰ aː n u n ɫ a ɾ ɯ,0.92,"DOĞRU KURALLAR: 1) Ünlü Uzunluğu (Alıntı Kelime): Arapça kökenli 'kanun' (yasa) kelimesinin ilk hecesindeki 'a' ünlüsü uzundur ([aː]). Yazımda şapka (düzeltme işareti) olmamasına rağmen, 'kânun' (çalgı) kelimesinden farklı olarak damaksıllaşmamış kalın k ([kʰ]) ile fakat yine uzun ünlüyle ([aː]) telaffuz edilir. 2) Vurgu: Çokluk ve iyelik ekini peş peşe alan kelimelerde vurgu düzenli olarak son heceye kayar ([ˈɾɯ]). 3) Aspirasyon: Hece başındaki ötümsüz patlayıcı 'k' sesi aspire edilir ([kʰ]). 4) Ünsüz Varyantları: '-lar' çoğul ekinin ünlü uyumuna paralel olarak, art ünlüler (u, a) ile komşu olan 'l' sesi karanlık/velar varyantlıdır ([ɫ]). HATA ANALİZİ: Referans 1; ünsüz aspirasyonunu ([kʰ]), velar l ([ɫ]) varyasyonunu ve hecelemeyi kusursuz tespit etmiş, ancak çok yaygın bir hata yapılarak kelimedeki kalıplaşmış uzun 'a' ([aː]) istisnası atlanmıştır. Referans 2 ise temel fonotaktik kuralları ihlal ederek hecelemeyi bozmuş (nu.nla), hece başı patlayıcı kuralını ([kʰ]) uygulamamış, varyantları tespit edememiş ve doğrudan harf eşleştirme hatasına düşmüştür. SİSTEM İYİLEŞTİRMESİ VE KURAL ÖNERİSİ: Sisteme şu üç katı kural eklenmelidir: 1) 'Fonotaktik Heceleme Kuralı: Türkçede hece sınırında iki ünsüz yan yana gelirse (.CC) şeklinde değil, (C.C) şeklinde böl (nu.nla değil, nun.la).' 2) 'İstisnai Uzunluklar (Lookup Table): Yazılışında düzeltme işareti (^) içermemesine rağmen etimolojik olarak uzun ünlü taşıyan kelimeleri (örn: kanun, lazım, dahi, katil) önceden tanımlanmış bir liste (dictionary/lookup table) ile kontrol edip ilk heceyi daima [aː] olarak transkribe et.' 3) 'Kalın/İnce (Velar/Palatal) L Kuralı: /a, ɯ, o, u/ gibi art (karanlık) ünlüleri barındıran hecelerin etrafındaki l harfini, eğer başka düzeltici/damaksıllaştırıcı bir alıntı kuralı yoksa, varsayılan olarak [ɫ] varyantına eşle.'",/kʰa.nun.ɫa.ˈɾɯ/,false
kapalı,/kʰa.pʰa.ˈɫɯ/,kʰ a pʰ a ɫ ɯ,0.95,"DOĞRU KURALLAR: Kelimede vurgu son hecededir (isimden isim yapım eki -lı vurguyu çeker). 'k' ve 'p' sesleri hece başında oldukları için soluklu (aspire) [kʰ, pʰ] olarak telaffuz edilir. Kalın ünlüler (a, ı) bağlamında 'l' sesi kalın/koyu [ɫ] varyantı ile gösterilir. HATA ANALİZİ: Referans 1 tüm fonolojik kuralları başarılı bir şekilde uygulamış ve dar çeviriyi eksiksiz yapmıştır. Referans 2 ise kelime başındaki 'k' sesini aspire etmesine rağmen kelime içindeki hece başı 'p' sesini soluksuz [p] olarak bırakmıştır. Sistem, ötümsüz patlayıcıların hece başındaki aspirasyon kuralını yalnızca kelime başı ile sınırlandırma hatasına düşmüştür. SİSTEM İYİLEŞTİRMESİ VE KURAL ÖNERİSİ: Sistemin algoritmasına şu kurallar eklenmelidir: 1) 'Hece Başı Aspirasyon: [p, t, k, c] ötümsüz patlayıcıları kelime içinde veya başında fark etmeksizin hece başı konumundaysa ve öncesinde [s, ʃ] yoksa, her zaman soluklu [pʰ, tʰ, kʰ, cʰ] olarak transkribe et.' 2) 'Kalınlık Uyum Kuralı: Art ünlülerle (a, ı, o, u) ardışık hecelerde bulunan /l/ sesini istisnasız olarak velarize [ɫ] şeklinde işaretle.'",/kʰa.pʰa.ˈɫɯ/,true
kapayabilmek,/kʰa.pʰa.ja.bil.ˈmæc/,kʰ a pʰ a j a b i l m æ c,0.95,"DOĞRU KURALLAR: Sözcük /ka.pa.ja.bil.mek/ şeklinde hecelenir. Mastar eki vurguyu aldığından birincil vurgu son hecededir [ˈmæc]. Hece başındaki tonsuz patlayıcı k ve p sesleri aspire edilerek [kʰ] ve [pʰ] şeklinde çıkar. Ön ünlü olan 'i' harfinden sonra gelen 'l' sesi standart incedir [l]. Son hecedeki 'e' sesi genizsil m harfinden sonra kapalı hecede açılarak [æ] sesine dönüşür. Kelime sonundaki k sesi ise ön ünlünün etkisiyle damaksıllaşarak [c] varyantını alır. HATA ANALİZİ: Referans 1 aspirasyon, damaksıllaşma ve ünlü açılması kurallarını kusursuz uygulayarak tam doğru bir çeviri sunmuştur. Referans 2 ise ezbere bir haritalama hatasına düşerek ön ünlü (i) sonrasında ince l kullanması gerekirken karanlık [ɫ] ünsüzünü koymuştur. Ayrıca hece başı aspirasyonlarını (ʰ) ve kelime sonu damaksıllaşma kuralını (c) atlayarak geniş (yüzeysel) bir fonetik döküm yapmıştır. SİSTEM İYİLEŞTİRMESİ VE KURAL ÖNERİSİ: Sisteme şu iki kural kodlanmalıdır: 1) 'Bağlamsal Allafon Kuralı: Eğer k veya l ünsüzleri i, e, æ, œ, y gibi ön ünlülerle aynı hecede veya komşu durumdaysa, kalın/arka varyantları (k, ɫ) kullanma; zorunlu olarak ince varyantları olan [c] ve [l] sembollerini seç.' 2) 'Varsayılan Aspirasyon: Türkçe morfoloji yapılarında hece başına denk gelen tonsuz patlayıcıları (p, t, k) eğer önlerinde engelleyici sürtünmeli bir ses (örn. s) yoksa her zaman aspire edilmiş varyantlarıyla (pʰ, tʰ, kʰ) transkribe et.'",/kʰa.pʰa.ja.bil.ˈmæc/,true
kapıştığında,/kʰa.pʰɯʃ.tɯ.ɯn.ˈda/,kʰ a pʰ ɯ ʃ t ɯ ɯ n d a,0.95,"DOĞRU KURALLAR: 1. Vurgu: Çekim eki alan bu kelimede vurgu son hecededir [ˈda]. 2. Ünsüzler ve Aspirasyon: Kelime ve hece başı ötümsüz patlayıcılar 'k' ve 'p' solukludur [kʰ, pʰ]. Ancak, kendinden hemen önce gelen 'ş' [ʃ] sürtünmelisinin etkisiyle 't' patlayıcısı efor ekonomisi gereği aspirasyonunu kaybeder [t]. 3. Yumuşak G (ğ) Düşmesi: İki art dar ünlü (ı) arasına giren 'ğ' fonetik olarak düşer ve geriye sürtünmesiz iki ünlü [ɯ.ɯ] kalır (konuşma hızına bağlı olarak bu sesletim [ɯː] şeklinde tek heceye de dönüşebilir ancak pedagojik transkripsiyonda [ɯ.ɯ] hece bağıntısı korunur). HATA ANALİZİ: Referans 1, 'ş' sesinden sonra 't'nin solukluluğunu kaybedeceği fonotaktik kuralı atlayarak [tʰ] üretmiş; ayrıca 'ğ' sesinin düşmesini hecelere yanlış paylaştırıp [ɯː.ɯ] gibi anlamsız bir kurgu yapmıştır. Referans 2 ise heceleme ve 'ğ' evrimini doğru tahmin etmiş ancak temel hece başı aspirasyon kuralını işleterek k ve p seslerini soluksuz bırakmıştır. SİSTEM İYİLEŞTİRMESİ VE KURAL ÖNERİSİ: Sisteme şu algoritmik kurallar eklenmelidir: 1) 'Aspirasyon İptal Kuralı: Eğer [p, t, k, c] patlayıcılarından hemen önce [s] veya [ʃ] seslerinden biri geliyorsa (arada hece sınırı olsa dahi), bu patlayıcılardaki aspirasyon (ʰ) özelliğini kaldır.' 2) 'Yumuşak G Hiatus Kuralı: V1 ve V2 aynı nitelikte dar ünlüler olduğunda ve aralarında /ğ/ bulunduğunda, /ğ/ sesini sıfırla. Kalan ünlüleri aynı kalitede ardışık heceler ([ɯ.ɯ]) olarak işle; kesinlikle uzun ünlüden sonra aynı kısa ünlüyü tekrarlayarak ([Vː.V]) yazma.'",/kʰa.pʰɯʃ.tʰɯː.ɯn.ˈda/,false
karine ile anlamak,/kʰa.ɾiː.ˈnei.ˈlean.ɫa.ˈmak/,kʰ a ɾ iː n e i l e a n ɫ a m a k,0.95,"DOĞRU KURALLAR: Öbek üç kelimeden oluşur; kelimeler arası boşluklar korunduğu ve ayrı yazıldığı için her kelime kendi bağımsız vurgusuna sahiptir. Arapça kökenli 'karine' sözcüğünün ikinci hecesindeki 'i' ünlüsü uzundur ([iː]). Hece başında bulunan ötümsüz patlayıcı 'k' sesi aspire edilir ([kʰ]). 'anlamak' kelimesindeki 'l' ünsüzü, art-damak (kalın) ünlüleri ile çevrili olduğu için velarize (karanlık) varyant olan [ɫ] ile gösterilir. Kelime sonundaki 'k' patlayıcısı ise kural gereği aspirasyon almaz ([k]). HATA ANALİZİ: Referans 1, alıntı dillerden geçen kelimelerdeki ünlü uzunluğu istisnalarını tespit edememiş ve [iː] yerine kısa [i] kullanmıştır. Referans 2, kelimeler arasındaki boşlukları hece sınırı (.) yaparak bağlamı tek bir kelimeye dönüştürmüş, hece başı aspirasyon kuralını işletememiş ve ilk iki kelimenin sahip olması gereken birincil vurguları silerek sadece en sona vurgu yerleştirmiştir. SİSTEM İYİLEŞTİRMESİ VE KURAL ÖNERİSİ: Sisteme iki temel algoritma adımı eklenmelidir: 1) 'Alıntı Sözcük Uzunluk İşleyicisi (Vowel Length Lookup): Arapça ve Farsça gibi dillerden geçmiş (örn. karine, şahane) sözcükler için iç sözlük kontrolü yap ve yazımda gösterilmeyen uzun ünlüleri ([aː, iː, uː]) IPA karşılığına ekle.' 2) 'Sözcük Öbeği Parçalayıcı (Phrase Parser): Girdi birden fazla kelimeden oluşuyorsa boşluk karakterlerini yutma; metni kelime dizilerine böl, her kelimenin kendi hece içi sınırlarını (.) ve birincil vurgusunu (ˈ) ayrı ayrı hesapladıktan sonra birleştir.'",/kʰa.ɾi.ˈnei.ˈlean.ɫa.ˈmak/,false
karşı,/kʰaɾ.ˈʃɯ/,kʰ a ɾ ʃ ɯ,1,"DOĞRU KURALLAR: Kelimede birincil vurgu son hecededir. İlk hecenin başındaki ötümsüz patlayıcı 'k', ünlüden önce geldiği için aspire edilerek [kʰ] şeklinde yazılır. 'r' sesi [ɾ], 'ş' sesi [ʃ] ve 'ı' sesi [ɯ] ile gösterilir. HATA ANALİZİ: Referans 1, 'r' ünsüzü için izin verilen sembol havuzunda olmayan ötümsüz diyakritiğini (ɾ̞̊) kullanmıştır. Referans 2 ise 'karşı' sözcüğünü bazı zaman zarflarıyla karıştırarak vurguyu hatalı şekilde ilk heceye (ˈkaɾ.ʃɯ) almış ve aspirasyon (kʰ) kuralını uygulamamıştır. SİSTEM İYİLEŞTİRMESİ VE KURAL ÖNERİSİ: Sistemin algoritmasına şu kurallar eklenmelidir: 1) 'Sembol Kısıtlaması: Çıktı üretirken sadece izin verilen sembol havuzundaki karakterleri kullan, harici diyakritik işaretler ekleme.' 2) 'Sözcüksel Vurgu Ayrımı: Yer ve yön bildiren kelimelerin (karşı, ileri, geri vb.) yalın hâllerinde vurguyu kural gereği kelime sonuna yerleştir; istisnai zarf vurgusu (ilk hece) uygulama.' 3) 'Aspirasyon: Hece başındaki p, t, k, c patlayıcılarını aspire (ʰ) et.'",/kʰaɾ̞̊.ˈʃɯ/,false
katili,/kʰaː.tʰi.ˈli/,kʰ aː tʰ i l i,0.95,"DOĞRU KURALLAR: Ünlü Uzunluğu ve Kök Ayrımı: Kelime Arapça 'qātil' (öldüren) kelimesinden türemiştir. Bu kelimenin sesteşi olan 'katil' (qatl, öldürme eylemi) kelimesi sesliyle başlayan ek aldığında ünlü düşmesine uğrayıp 'katli' biçimine girdiği için, 'katili' biçimi morfolojik olarak katleden kişi (murderer) anlamına gelir ve kökteki ilk ünlü uzundur [aː]. Vurgu: Arapça kökenli kimi sıfatlar ilk hece vurgusu alsa da, 'katil' belirtme veya iyelik eki aldığında vurgu düzensiz bir şekilde içeride kalmaz, kurallı olarak son heceye kayar [kʰaː.tʰi.ˈli]. Aspirasyon ve Ünsüzler: Hece başı ötümsüz patlayıcılar solukludur (aspire edilir) [kʰ, tʰ]. Arapça 'Qaf' kökeninden dolayı kelime başı 'k' art damak ünsüzüdür ([c] incelmesi olmaz) ve 'i' ünlüsüyle birleşen 'l' sesi de ince [l] varyantı ile telaffuz edilir. HATA ANALİZİ: Referans 1, ünsüz aspirasyonlarını ve vurgunun yerini başarılı bir şekilde işaretlemiş ancak [aː] uzunluğunu saptayamayarak doğrudan grafem-fonem dönüşümü yapmıştır. Referans 2 hem [aː] uzunluğunu hem de hece başı [tʰ] aspirasyonunu kaçırmış, ayrıca hiçbir Türkçe kuralına uymayacak şekilde vurguyu orta heceye [ˈti] yerleştirerek, algoritmasının sesteş köklerle (qatl -> adamın kat(i)li) tam bir karmaşa yaşadığını ve bağlamdan kopuk yanlış bir istisna uyguladığını göstermiştir. SİSTEM İYİLEŞTİRMESİ VE KURAL ÖNERİSİ: Algoritmaya şu kati kurallar eklenmelidir: 1) 'Sesteş Ayrımı (Disambiguation): Eğer (katil) kökü ünlüyle başlayan bir ek alıp hece düşmesi göstermiyorsa (-katili gibi), ilk ünlüyü daima uzun [aː] olarak eşleştir (map).' 2) 'Vurgu Düzeltmesi: Bu kelimede orta hece vurgusu ([ˈti]) mutlak suretle iptal edilmelidir; vurguyu doğrudan ekin bulunduğu son heceye sabitle.'",/kʰa.tʰi.ˈli/,false
katiyetle,/kʰa.tʰi.ˈjet.le/,kʰ a tʰ i j e t l e,0.95,"DOĞRU KURALLAR: 1. Vurgu: '-la/-le' vasıta eki/bağlacı (enklitik) vurgu kabul etmez, vurguyu kendinden bir önceki heceye atar [ˈjet]. 2. Ünsüzler/Aspirasyon: Hece başında bulunan ötmeksiz patlayıcılar (k, t) soluklu, yani aspire edilerek sesletilir [kʰ, tʰ]. 3. Ünlüler: Kökteki 'a' arkada bırakılır, eklerdeki ince ünlüler 'e, i' ince kalır ve '-le' ekinin 'l'si ince [l] varyantındadır. HATA ANALİZİ: Referans 1, vurguyu ve aspirasyonu doğru uygulamış fakat kapalı hecedeki 'e' sesini (özellikle l, m, n, r önündeki gibi algılayıp) açarak [æ] yapımına gitmiş ve yanılgıya düşmüştür. Referans 2 ise '-le' ekinin istisnai vurgu davranışını atlayarak düz kelime sonu vurgusu kullanmış ve hiçbir patlayıcı aspirasyonu eklememiştir. SİSTEM İYİLEŞTİRMESİ VE KURAL ÖNERİSİ: Kod tabanına şu kurallar eklenmelidir: 1) 'Eğer sistem kelimenin -la / -le eklenti formu aldığını tespit ederse, kelime sonu vurgu formülünü baskılayarak birincil vurguyu (ˈ) derhal eklentiden bir önceki heceye yerleştir.' 2) 'Tüm hece ve kelime başı [k, t, p] seslerini aspire et [kʰ, tʰ, pʰ], ardından gelen ve hece kapatan patlayıcıları ise salt (aspirasyonsuz) formda bırak.'",/kʰa.tʰi.ˈjæt.le/,false
katılım bankasını,/kʰa.tʰɯ.ˈɫɯmˈbaŋ.kʰa.sɯ.nɯ/,kʰ a tʰ ɯ ɫ ɯ m b a ŋ kʰ a s ɯ n ɯ,0.95,"DOĞRU KURALLAR: 1) Aspirasyon: 'katılım' ve 'bankasını' sözcüklerinde hece başındaki ötümsüz patlayıcılar soluklu [kʰ, tʰ] varyantlarıyla gerçekleşir. 2) Velarize L: 'katılım'daki 'l' ardışık kalın ünlülerin etkisiyle artdamaksıl [ɫ] olur. 3) Gerileyici Benzeşme: 'bankasını' kelimesindeki 'n' kendisinden sonraki artdamak sesi 'k' nedeniyle velar nazale [ŋ] dönüşür. 4) Vurgu: 'katılım' kelimesi son hecesinde vurguluyken, 'banka' kelimesi (İtalyanca alıntı istisnası sebebiyle) ilk hecesinde vurguludur (ˈbaŋ.kʰa), üzerine gelen çekim ekleri bu vurguyu sağa kaydırmaz. HATA ANALİZİ: Referans 1 benzeşme, arka 'L' varyantı ve aspirasyon kurallarını kusursuz uygulasa da 'bankasını' kelimesinde alıntı sözcük vurgu istisnasını atlayarak vurguyu kelime sonuna atmıştır. Referans 2 ise iki kelimeyi boşluksuz tek bir birimmiş gibi bağlamış ve gerekli hiçbir allofonik değişime (ɫ, ŋ, kʰ) yer vermemiştir. SİSTEM İYİLEŞTİRMESİ VE KURAL ÖNERİSİ: Algoritmaya şu kurallar kodlanmalıdır: 1) 'Nazal Asimilasyon: /n/ sesi hece bitimi konumundayken k/g gibi artdamak sesleriyle takip ediliyorsa her zaman [ŋ] varyantıyla transkribe et.' 2) 'Sabit Vurgu İstisnası: banka, bando, lokanta gibi batı kökenli alıntı sözcüklere gelen Türkçe iyelik veya ismin hal ekleri (-sı, -nı vb.) vurguyu kendi üzerine alamaz, vurguyu kelimenin kökündeki özgün pozisyonda sabitle.'",/kʰa.tʰɯ.ˈɫɯmbaŋ.kʰa.sɯ.ˈnɯ/,false
kavuşturacaklarının,/kʰa.vuʃ.tu.ɾa.dʒak.ɫa.ɾɯ.ˈnɯn/,kʰ a v u ʃ t u ɾ a d͡ʒ a k ɫ a ɾ ɯ n ɯ n,0.95,"DOĞRU KURALLAR: Vurgu: Çoğul (-lar), iyelik (-ı) ve ilgi/tamlayan (-nın) eklerinden oluşan çekim diziliminde birincil vurgu kural gereği son heceye [ˈnɯn] yerleşir. Ünsüzler ve Aspirasyon: Kelime başındaki 'k' ötümsüz patlayıcısı aspire edilerek [kʰ] biçiminde sesletilir. Ancak sürtünmeli 'ş' [ʃ] sesinden hemen sonra gelen 't' patlayıcısı aspirasyonunu yitirerek [t] olarak kalır. Hece sonu 'k' harfi aspire olmaz [k]. Kalınlık: Kalın ünlü sırasına dahil olan 'l' sesi, velarize/kalın olan varyantıyla [ɫ] ifade edilir. HATA ANALİZİ: Referans 1, kelimenin morfolojik dizilimini görmezden gelip vurguyu rastgele heceye [ˈβ̞uʃ] taşımış ve sürtünmeli ses sonrasında kural ezberinden dolayı [tʰ] ile hatalı aspirasyon yapmıştır. Referans 2 ise vurgu yerini doğru bulmasına rağmen, kelime başı 'k' sesinin zorunlu aspirasyonunu atlamış ve [dʒa.kɫa] biçiminde İngilizce fonotaktiğine benzer hatalı bir açık heceleme sergilemiştir. SİSTEM İYİLEŞTİRMESİ VE KURAL ÖNERİSİ: Sisteme şu iki sıkı kural eklenmelidir: 1) 'Heceleme (Syllabification): Türkçede kelime ortasındaki ardışık iki ünsüz, önceki hecenin sonu ve sonraki hecenin başı olacak şekilde tam ortadan ayrılır (VC.CV). Asla çift ünsüzle hece başlatarak ayırma (cak.la -> dʒak.ɫa şeklinde hecele).' 2) 'Bağlamsal Aspirasyon Kısıtlaması: [p, t, k, c] gibi patlayıcıları kelime/hece başında aspire et, fakat eğer öncesinde [s, ʃ, f, h] vb. sürtünmeli bir ünsüz varsa, o hece başındaki patlayıcının aspirasyon (ʰ) özelliğini kesinlikle kapat.'",/kʰa.ˈβ̞uʃ.tʰu.ɾa.d͡ʒak.ɫa.ɾɯ.nɯn/,false
kaçınılmazlığında,/kʰa.tʃɯ.nɯɫ.maz.ɫɯː.ɯn.ˈda/,kʰ a t͡ʃ ɯ n ɯ ɫ m a z ɫ ɯː ɯ n d a,0.95,"DOĞRU KURALLAR: 1) Vurgu: Sözcük adlaşmış isim (kaçınılmazlık) üzerine iyelik ve bulunma durumu (-da) ekleri almıştır. İstisnai bir vurgu kuralı (yapısal olumsuzluk iterasyonu vb.) bulunmadığı için birincil vurgu son hecededir (ˈda). 2) Ünsüzler ve Aspirasyon: Kelime başındaki ötümsüz patlayıcı 'k' sesi, kalın 'a' öncesinde solukludur [kʰ]. 'ç' affricate sesi [tʃ] ile temsil edilir. Kelimenin tamamı art damak ünlülerinden (kalın) oluştuğu için, 'l' ünsüzleri bağlamsal varyant olan velarize [ɫ] biçimini alır. 3) Yumuşak G (ğ) Düşmesi: İki 'ı' ünsüzü arasındaki 'ğ' tam erimeye uğrayarak düşer, önceki dar ünlüyü uzatır [ɯː]. Dikkatli konuşma baz alındığı için hece kırılması korunur [ɯː.ɯ]. HATA ANALİZİ: Ref 1 vurguyu hatalı şekilde '-nıl' hecesine atmış (muhtemelen '-maz' ekinin fiillerdeki gibi kural dişi vurgu ötelemesini standart isme de uygulamış) ve sistem dışı t͡ʃ bağ karakterini kullanmıştır. Ref 2 apsirasyonu atlamış, velar [ɫ] yerine standart /l/ kullanmış, vurguyu yine ara hecede unutup ğ düşmesi sonrasında heceleri tamamen iç içe sokarak '-lɯn-' hatası (hece kaybı) yapmıştır. SİSTEM İYİLEŞTİRMESİ VE KURAL ÖNERİSİ: Sisteme eklenecek kurallar: 1) 'Durum Eklerinde Vurgu: -lIk yapım eki sonrası iyelik ve bulunma/ayrılma ekleri (-da, -dan vb.) alan ad soylu kelimelerde vurguyu kesinlikle son heceye taşı.' 2) 'Ortam Duyarlı L (ɫ) Ataması: Çevresinde (a, ı, o, u) barındıran /l/ sesleri için standart 'l' değil, velarize 'ɫ' varyantını kullan.' 3) 'Yumuşak G (ığı/uğu) Uzaması: İki dar ünlü arasındaki ğ sesini sıfırla, birinci ünlüyü uzat [ɯː] ve hece sekansını korumak için takip eden ünlüyle olan sınırı [ɯː.ɯ] şeklinde işle.'",/kʰa.t͡ʃɯ.ˈnɯɫ.maz.ɫɯː.ɯn.da/,false
kelmiş,/ˈcʰæl.miʃ/,cʰ æ l m i ʃ,0.95,"DOĞRU KURALLAR: 1) Morfoloji ve Vurgu: 'kel' bir isim/sıfattır ve sonrasındaki '-miş' eki ek-fiildir (imiş). Türkçede ek-fiiller vurgu almaz, birincil vurgu gövdeye (ilk heceye) düşer [ˈcʰæl]. 2) Damaksıllaşma ve Aspirasyon: İnce 'e' ünlüsü öncesi 'k' ünsüzü damaksıllaşır [c] ve hece başı patlayıcı olduğu için soluklanır [cʰ]. 3) Ünlü Açıklığı: 'kel', 'gel' gibi 'l' ile biten kapalı hecelerde 'e' ünlüsü açık 'e' [æ] varyantıyla telaffuz edilir. HATA ANALİZİ: Referans çıktılar fonetik varyantları (cʰ, æ) kusursuz tespit etmiş olmalarına rağmen, morfolojik analiz yapmadan ezbere 'Türkçede vurgu son hecededir' kuralını işletmiş ve ek-fiile hatalı vurgu atamışlardır. SİSTEM İYİLEŞTİRMESİ VE KURAL ÖNERİSİ: Sisteme şu kural eklenmelidir: 'Ek-fiil Vurgu İstisnası: Eğer -mIş, -DI, -sA gibi ekler bir isim veya sıfat köküne geliyorsa (yani ek-fiil işlevi görüyorlarsa), varsayılan kelime sonu vurgu algoritmasını devreden çıkar ve birincil vurguyu (ˈ) daima bu eklerden bir önceki heceye sabitle.'",/cʰæl.ˈmiʃ/,false
kendi,/cʰæn.ˈdi/,cʰ æ n d i,0.95,"DOĞRU KURALLAR: Kelime başındaki 'k' ünsüzü, kendisinden sonra gelen ince 'e' ünlüsünün etkisiyle damaksıllaşır ve hece başı patlayıcısı olduğu için soluklanarak (aspire) [cʰ] şeklini alır. Kapalı hecedeki 'e' ünlüsü, kendisinden sonra gelen 'n' akıcı/ötümlü (sonorant) ünsüzünün etkisiyle açılarak [æ] sesine dönüşür (ben, sen, kendi, gel kelimelerinde olduğu gibi). İsim soylu bir sözcük olarak vurgu son hecededir. HATA ANALİZİ: Referans çıktılar damaksıllaşma, soluklanma (cʰ) ve ünlü açılması (æ) kurallarını doğru tespit etmiştir. Ancak dar çeviri (narrow transcription) gösterim kuralını ihlal ederek köşeli parantez ([]) yerine fonemik eğik çizgi (//) kullanmışlardır. SİSTEM İYİLEŞTİRMESİ VE KURAL ÖNERİSİ: Sistemin algoritmasına şu iki kural eklenmelidir: 1) 'Gösterim (Notation) Kuralı: İstenen çıktı dar çeviri (narrow transcription) ise, nihai metni daima eğik çizgi (//) yerine köşeli parantez ([]) içine al.' 2) 'Ünlü Açılması: Eğer 'e' ünlüsü kapalı bir hecede [l, m, n, ɾ] akıcı (sonorant) ünsüzlerinden biriyle bitiyorsa, standart [e] sesini açık [æ] olarak haritala.'",/cʰæn.ˈdi/,true
keremle,/cʰe.ˈɾæm.le/,cʰ e ɾ æ m l e,0.95,"DOĞRU KURALLAR: 1) Vurgu: İle edatının ekleşmiş hali olan '-la / -le' vurgu almaz, birincil vurguyu kendinden bir önceki heceye kaydırır. 2) Ünsüzler ve Aspirasyon: Ön ünlü (e) öncesindeki 'k' sesi damaksıllaşarak [c] olur ve hece başında olduğu için soluklu (aspire) okunur [cʰ]. 3) Ünlü Açılması: Kapalı hece sonundaki 'm' akıcı ünsüzünden önce gelen 'e' ünlüsü dar çeviride açılarak [æ] varyantına dönüşür. HATA ANALİZİ: Referans 1, dar çeviri kurallarını (cʰ ve æ) doğru uygulamış ancak '-le' ekinin vurgu almadığı kuralını atlayarak kelime sonu vurgu genellemesine düşmüştür. Referans 2 ise vurguyu doğru yere koymuş fakat grafem-fonem dönüşümünü temel düzeyde tutarak 'k' sesindeki damaksıllaşma ve aspirasyonu (cʰ) gözden kaçırmıştır. SİSTEM İYİLEŞTİRMESİ VE KURAL ÖNERİSİ: Sisteme şu katı kurallar eklenmelidir: 1) 'Vurgu Kaydırma Kuralı: Eğer kelime -la/-le (vasıta/birliktelik) eki alıyorsa, varsayılan kelime sonu vurgu kuralını iptal et ve vurguyu (ˈ) ekin hemen öncesindeki heceye sabitle.' 2) 'Damaksıllaşma (Palatalization): [e, i, œ, y] ön ünlüleri öncesinde bulunan velar [k, g] ünsüzlerini daima damaksıl [c, ɟ] varyantlarına çevir ve hece başı ötümsüz durakları aspire et (cʰ).'",/cʰe.ɾæm.ˈle/,false
kilerlerinde,/cʰi.læɾ.le.ɾin.ˈde/,cʰ i l æ ɾ l e ɾ i n d e,0.95,"DOĞRU KURALLAR: Vurgu kelime sonundaki bulunma hali eki '-de' üzerindedir. İnce 'i' ünlüsü kendisinden önceki 'k' sesini damaksıllaştırarak [c] yapar; kelime başında bulunduğu için de aspire edilerek [cʰ] olarak sesletilir. 'ler' hecesindeki 'e', kapalı hecede akıcı 'r' ünsüzünden önce geldiği için açılarak [æ] varyantına dönüşür. Açık hecelerdeki 'e' sesleri ise standart [e] olarak korunur. HATA ANALİZİ: Referans 1 tüm fonolojik kuralları eksiksiz işletmiştir. Referans 2 ise kelime başı ötümsüz patlayıcıların solukluluk (aspirasyon) kuralını atlamış ve yalnızca damaksıllaşma kuralını işleterek [c] kullanmıştır. Sistemin alofonik özellikleri dar çeviri düzeyinde her zaman tutarlı uygulayamadığı görülmektedir. SİSTEM İYİLEŞTİRMESİ VE KURAL ÖNERİSİ: Sistemin algoritmasına şu katı kural eklenmelidir: 'Dar çeviri (narrow transcription) modunda, kelime ve hece başında bulunan ötümsüz patlayıcıları (p, t, k, c), önlerinde [s] veya [ʃ] sürtünmelisi yoksa ve doğrudan bir ünlüye bağlanıyorlarsa istisnasız olarak soluklu [pʰ, tʰ, kʰ, cʰ] sembolleriyle eşleştir.'",/cʰi.læɾ.le.ɾin.ˈde/,true
kilitlendiğimizi,/cʰi.lit.læn.di.ji.mi.ˈzi/,cʰ i l i t l æ n d i j i m i z i,0.95,"DOĞRU KURALLAR: Ünsüzler/Aspirasyon: Kelime başındaki 'k' harfi ince ünlü (i) etkisiyle damaksıllaşır [c] ve sözcük başında olduğu için soluklu [cʰ] okunur. Ünlüler ve 'ğ' Sesi: Kapalı hecede ve (n) gibi akıcı ünsüzlerden önce 'e' ünlüsü genişleyerek [æ] varyantıyla telaffuz edilir (-læn). İki ince 'i' ünlüsü arasında kalan 'ğ', fonetik bağlama uyarak sızıcılaşır ve [j] yarı ünlüsüne dönüşür. Vurgu: Sıfat fiil, iyelik ve belirtme durumu eki ardışık olarak sıralanmıştır; standart çekimde vurgu en sondaki hece üzerinde toplanır. HATA ANALİZİ: Referans 1 tüm kuralları kusursuz tespit edip doğru çıktıyı üretmiştir. Referans 2 ise 'k' harfini kalın bırakıp standart [k] ile haritalamış, ayrıca Türkçenin kurallı sözcük sonu vurgu yasasını yok sayarak herhangi bir istisnai durum olmamasına rağmen vurguyu '-ji' hecesine konumlandırmıştır. SİSTEM İYİLEŞTİRMESİ VE KURAL ÖNERİSİ: Sisteme şu üç kural algoritmik olarak işlenmelidir: 1) 'Eğer k veya g harfleri e, i, œ, y ünlüleriyle hece kuruyorsa mutlak suretle damaksıl varyantları (c, ɟ) kullan, kelime başındaysa k için aspirasyonu (ʰ) aktif et.' 2) 'İki i ünlüsü arasında yer alan ğ grafemini grafem-fonem eşleme bloğunda j olarak ayarla.' 3) 'Son ek zincirlerinde (özellikle sıfat fiil + iyelik + belirtme) vurgu her zaman son heceye kayar; zarf fiil türetmesi, -ma olumsuzluk eki veya soru eki olmadığı sürece ortadan vurgu atamasını engelle.'",/cʰi.lit.læn.di.ji.mi.ˈzi/,true
kimse,/ˈcʰim.se/,cʰ i m s e,0.95,"DOĞRU KURALLAR: Vurgu: Belgisiz zamir olan 'kimse' kelimesinde vurgu istisnai olarak ilk hecededir. Ünsüzler ve Aspirasyon: İnce ünlü (i) öncesinde gelen 'k' ünsüzü damaksıllaşarak [c] varyantına dönüşür ve hece başında olduğu için kuvvetli soluklanarak [cʰ] olarak gerçekleşir. HATA ANALİZİ: Referans 1 ve Referans 2, kelimenin gramatikal sınıfından (zamir) kaynaklanan istisnai vurgu kuralını atlayarak standart kelime sonu vurgu kuralını işletmiş ve vurguyu son heceye koyarak hata yapmıştır. Ayrıca Referans 2, kelime sonu 'e' sesini gereksiz yere açık [æ] olarak transkribe etmiştir; oysa kelime sonunda 'e' standart olarak kapalı kalır. SİSTEM İYİLEŞTİRMESİ VE KURAL ÖNERİSİ: Sisteme şu kurallar eklenmelidir: 1) 'Zamir/Zarf Vurgu Kuralı: Kimse, herkes, nasıl, hangi gibi belgisiz zamir ve zarflarda kelime sonu vurgu kuralını ez; birincil vurguyu (ˈ) ilk heceye yerleştir.' 2) 'Kelime Sonu Ünlüleri: Kelime sonundaki e seslerini, özel bir geriletici/ilerletici asimilasyon etkisi bulunmadıkça daima [e] olarak işaretle, [æ] kullanma.'",/cʰim.ˈse/,false
kistten,/cʰist.ˈtʰæn/,cʰ i s t tʰ æ n,0.95,"DOĞRU KURALLAR: İnce ünlü (i) öncesindeki 'k' sesi damaksıllaşır ve hece başında olduğu için soluklanarak [cʰ] olur. 'kist' kelimesinin sonundaki 't' sesi, öncesinde 's' sürtünmelisi olduğu için soluksuz (aspirasyonsuz) kalır [t]. '-ten' ekinin başındaki 't' ise hece başı patlayıcısı olduğu için solukludur [tʰ]. Kapalı hecedeki 'e' ünlüsü 'n' sesi öncesinde açılarak [æ] olur. Vurgu son hecededir. HATA ANALİZİ: Referans 1 kuralları başarılı şekilde uygulamıştır. Referans 2 ise 'k' sesini damaksıllaştırmayı (cʰ) atlamış ve yavaş/dikkatli söyleyişte korunması gereken ünsüz kümesini (st.t) konuşma dilindeki gibi sadeleştirerek kökteki 't' sesini düşürmüştür. SİSTEM İYİLEŞTİRMESİ VE KURAL ÖNERİSİ: Sisteme şu kurallar eklenmelidir: 1) 'İnce ünlüler öncesinde k harfini damaksıl varyantına (c) dönüştür.' 2) 'Dar/dikkatli transkripsiyonda, kök ve ek birleşiminde yan yana gelen aynı ünsüzleri koru, ünsüz düşmesini standart dar çeviride uygulama.'",/cʰist.ˈtʰæn/,true
kitap,/cʰi.ˈtʰap/,cʰ i tʰ a p,1,"DOĞRU KURALLAR: Kelimedeki 'k' ünsüzü ince 'i' ünlüsünden önce geldiği için damaksıllaşır [c]. Türkçe fonolojisinde hece başında yer alan ötümsüz patlayıcılar soluklu (aspire) okunur; bu nedenle ilk hecenin başındaki ses [cʰ], ikinci hecenin başındaki 't' ise [tʰ] olmalıdır. Hece/kelime sonundaki 'p' patlayıcısı ise dar çeviride yalın [p] olarak kalır. Vurgu kurallı olarak son hecededir. HATA ANALİZİ: Referans 1, hece başı ötümsüz patlayıcıların aspirasyon kuralını hem [cʰ] hem de [tʰ] için kusursuz uygulayarak doğru sonuca ulaşmıştır. Referans 2 ise 't' sesini doğru bir şekilde [tʰ] olarak çevirirken, damaksıllaşan [c] sesinin de hece başı pozisyonunda ötümsüz bir patlayıcı olduğunu gözden kaçırmış ve aspirasyonsuz bırakarak tutarsız bir kural işletimi sergilemiştir. SİSTEM İYİLEŞTİRMESİ VE KURAL ÖNERİSİ: Sistemin algoritmasına şu katı kural eklenmelidir: 'Hece Başı Aspirasyon Kapsamı: Öncesinde [s] veya [ʃ] gibi bir sürtünmeli bulunmadığı sürece hece başındaki tüm ötümsüz patlayıcıları (p, t, k, c) istisnasız aspire et (pʰ, tʰ, kʰ, cʰ). Eğer damaksıl bir c [c] varyantı elde edilmişse, o da hece başında daima [cʰ] formunu almalıdır.'",/cʰi.ˈtʰap/,true
kitleselleştirip,/cʰit.le.sæl.leʃ.tʰi.ˈɾip/,cʰ i t l e s æ l l e ʃ tʰ i ɾ i p,0.95,"DOĞRU KURALLAR: Kelime 'kitle-sel-leş-tir-ip' eklerini almıştır. Zarf-fiil eki olan '-ip' genel Türkçe vurgu kurallarına uyarak vurguyu kendi üzerine çeker [ˈɾip]. İnce ünlüyle başlayan hece başı 'k' damaksıllaşır ve aspire edilir [cʰ], hece başı 't' de yine aspire edilir [tʰ]. Türkçe fonotaktik kurallarına göre 'e' ünlüsü, aynı hece içinde 'l, m, n, r' akıcı ünsüzleriyle kapandığında açılarak [æ] olur (sel -> [sæl]); açık hecelerde veya 'ş' gibi diğer ünsüzlerle kapanan hecelerde kapalı kalır (le -> [le], leş -> [leʃ]). HATA ANALİZİ: Ref 1, vurguyu hatalı bir şekilde [ˈlæʃ] hecesine kaydırmıştır. Ref 2 vurgu yerini doğru tespit etse de, her iki referans da [æ] açılması kuralını aşırı genelleştirerek açık hecelere ve 'ş' ile biten hecelere (læ, læʃ) uygulamıştır. SİSTEM İYİLEŞTİRMESİ VE KURAL ÖNERİSİ: Sisteme şu iki katı kural eklenmelidir: 1) 'Zarf-Fiil Vurgusu: -ip/-ıp/-up/-üp ekleri vurguyu çeker, istisnai bir bağlam yoksa birincil vurguyu (ˈ) daima bu ekin bulunduğu son heceye yerleştir.' 2) 'Ünlü Açılması (æ) Sınırlandırması: Bir e ünlüsünü [æ] sembolüne dönüştürmek için, o ünlünün aynı hece içinde mutlaka [l, m, n, ɾ] akıcı ünsüzlerinden biriyle kapanması şartını (hard constraint) ara; açık hecelerde veya diğer ünsüzlerle biten hecelerde (örn. leş) [e] sembolünü koru.'",/cʰit.le.sæl.ˈlæʃ.tʰi.ɾip/,false
konulmadığının,/kʰo.ˈnuɫ.ma.dɯ.ɯ.nɯn/,kʰ o n u ɫ m a d ɯ ɯ n ɯ n,0.95,"DOĞRU KURALLAR: 1) Vurgu: Olumsuzluk eki olan '-mA' vurgu almaz, birincil vurgu daima bu ekten bir önceki heceye, yani 'nul' hecesine kayar [ˈnuɫ]. 2) Ünsüzler ve Aspirasyon: Kelime başındaki ötümsüz patlayıcı 'k' aspire edilerek [kʰ] şeklinde okunur. Kalın art ünlülerle (o, u, a) çevrili olan 'l' sesi velarize (kalın) varyantıyla [ɫ] gerçekleşir. 3) 'ğ' Düşmesi: İki kalın dar arka ünlü (ı) arasındaki 'ğ' ünsüzü tamamen düşer ve iki ünlü art arda kalarak hiatus (ünlü çarpışması) [ɯ.ɯ] oluşturur. HATA ANALİZİ: Ref 1, vurgu yerini ve 'ğ' düşmesini başarıyla saptamıştır; ancak 'ğ' düştükten sonra yan yana gelen iki aynı dar ünlünün oluşturduğu dizilimi [ɯː.ɯ] şeklinde fazladan uzatarak (over-lengthening) hatalı bir transkripsiyon üretmiştir (aynı ünlüler yan yana geldiğinde ya birleşerek tek uzun ünlüye döner ya da iki hece halinde kısa ünlü olarak kalır). Ref 2 ise ses çevirilerini kusursuz yapmış olsa da '-mA' olumsuzluk ekinin getirdiği sabit vurgu kuralını atlayarak (hiç vurgu kullanmayarak) kritik bir prosodi hatası yapmıştır. SİSTEM İYİLEŞTİRMESİ VE KURAL ÖNERİSİ: Sisteme şu iki kuralın kodlanması elzemdir: 1) 'Vurgu İstisnası-Olumsuzluk: Eğer kelime -ma/-me eylemsiz/olumsuzluk ekini barındırıyorsa, kelime sonu kuralını iptal et ve birincil vurguyu (ˈ) doğrudan bu ekten bir önceki hecenin başına ekle.' 2) 'Yumuşak G Hiatus Kuralı: İki aynı dar ünlü ([ɯ]) arasındaki 'ğ' düşürüldüğünde hece ayrımını korumak için ya [ɯ.ɯ] yaz ya da hece birleşmesi oluyorsa [ɯː] yap; ancak [ɯː.ɯ] gibi birleşik tekrarlardan kaçın.'",/kʰo.ˈnuɫ.ma.dɯː.ɯ.nɯn/,false
konuş,/kʰo.ˈnuʃ/,kʰ o n u ʃ,1,"DOĞRU KURALLAR: Kelime iki hecelidir (ko-nuş). Ünsüzler/Aspirasyon: Kelime başındaki ötümsüz art damak patlayıcısı 'k', hece başında yer aldığı için soluklu (aspire) olarak [kʰ] sesletilir. Ünlüler: Kalın ünlüler (o, u) art damakta oluştukları için 'k' ünsüzünün kalın formunu korumasını sağlarlar. Vurgu: Türkçede temel kural ve tek heceli kök fiillere gelen eklerde veya kelimenin yalın emir kipi formlarında vurgu genellikle son heceye düşer [ˈnuʃ]. HATA ANALİZİ: Referans çıktılar aspirasyon, heceleme ve vurgu tespitinde tamamen başarılıdır. Ancak temel bir biçimlendirme hatası yaparak dar (narrow) çeviri istenmesine rağmen fonemik/geniş çeviri işareti olan eğik çizgi (/) kullanmışlardır. Dar çeviriler daima köşeli ayraç ([]) ile gösterilir. SİSTEM İYİLEŞTİRMESİ VE KURAL ÖNERİSİ: Sisteme şu metadolojik kural eklenmelidir: 'Biçimlendirme Kuralı (Formatting Rule): Prompt tarafından dar çeviri (narrow transcription) talep edildiğinde, çıktı dizgisi daima fonetik kesinlik ifade eden köşeli ayraçlar [...] arasına alınmalıdır; hiçbir surette fonemik gösterim sembolü olan /.../ kullanılamaz.'",/kʰo.ˈnuʃ/,true
kopartabilen,/kʰo.pʰaɾ.tʰa.bi.ˈlæn/,kʰ o pʰ a ɾ tʰ a b i l æ n,0.95,"DOĞRU KURALLAR: Kelimede hece başında bulunan ötümsüz patlayıcılar (k, p, t) soluklu/aspire edilmiş [kʰ, pʰ, tʰ] varyantlarıyla gerçekleşir. Vurgu, sıfat-fiil (-en) ekinin etkisiyle kelimenin son hecesindedir. Kelime sonundaki 'e' ünlüsü, kapalı bir hece oluşturacak şekilde (n) geniz ünsüzünden önce geldiği için açılarak [æ] şekline dönüşür. Hece sonundaki 'r' sesi tek vuruşlu [ɾ] olarak telaffuz edilir. HATA ANALİZİ: Referans 1, açık ünlü [æ] kuralını ve aspirasyon kurallarını doğru uygulamış olmakla birlikte, hece sonu 'r' için izin verilen evrensel havuzda olmayan (ɾ̞̊) bir sembol kullanarak hata yapmıştır. Referans 2 ise kelime içindeki hece başlangıcı 'p' ve 't' ünsüzlerini (pʰ, tʰ) aspire etmemiş ve son hecedeki kapalı hece 'e' açılmasını bilmeyerek ezbere standart [e] kullanmıştır. SİSTEM İYİLEŞTİRMESİ VE KURAL ÖNERİSİ: Sistemin algoritmasına şu kurallar eklenmelidir: 1) 'Kelime başında veya içinde, hece başı pozisyonunda yer alan p, t, k patlayıcılarını soluklu varyantlara [pʰ, tʰ, kʰ] çevir.' 2) 'Hecesi [m, n, l, ɾ] gibi akıcı ve genizcil seslerle kapanan son hecelerdeki 'e' ünlülerini daima açık [æ] formuna dönüştür.' 3) 'Hedef sembol havuzunda bulunmayan aşırı dar gösterimleri (örn. ötümsüz /ɾ/) reddet ve en yakın temel varyant olan [ɾ] ile eşleştir.'",/kʰo.pʰaɾ̞̊.tʰa.bi.ˈlæn/,false
korunacağından,/kʰo.ɾu.na.dʒa.ɯn.ˈdan/,kʰ o ɾ u n a d͡ʒ a ɯ n d a n,0.95,"DOĞRU KURALLAR: Vurgu: Yönelme/ayrılma ekleri veya çoğul ekleri kullanıldığında kurallı kurallı kelimelerde birincil vurgu son heceye düşer [ˈdan]. Ünsüzler/Aspirasyon: Kelime başındaki 'k' gibi ötümsüz patlayıcılar her zaman aspire edilir (soluklu okunur) [kʰ]. 'ğ' Düşmesi (Hiatus): Ardışık kalın ünlüler 'a' ve 'ı' arasında bulunan 'yumuşak g' (ğ) dar transkripsiyonda sesletilmez ve düşer; ancak düşerken 'a' ünlüsünü uzatmaz, iki ünlü konuşma dilinde art arda hecelenir [a.ɯ]. İzin Verilen Semboller: Affrikat 'c' sesi, liste zorunluluğundan dolayı 'd͡ʒ' şeklinde değil, bağsız olarak [dʒ] şeklinde yazılmalıdır. HATA ANALİZİ: Referans 1, 'k' patlayıcısını doğru aspire etmiş olsa da, 'ğ' sesinin düşüşünü hatalı yorumlamış; hem 'a' sesini uzatmış (aː) hem de devamına 'ı' [ɯ] ünlüsü koyarak Türkçenin hece yapısına fonotaktik açıdan ters düşen kuraldışı bir form (d͡ʒaː.ɯn) üretmiştir. Ayrıca yasaklı 'tie-bar' sembolü kullanmıştır. Referans 2 ise hem kelime başı 'k' aspirasyonunu atlamış hem de aynı ünlü uzatma ve yasaklı sembol hatasını yapmıştır. SİSTEM İYİLEŞTİRMESİ VE KURAL ÖNERİSİ: Sisteme şu katı kurallar eklenmelidir: 1) 'Yumuşak G (ğ) Kuralı: Eğer 'ğ' harfi 'a' ve 'ı' veya 'o' ve 'u' gibi farklı ünlü dizileri arasındaysa (örn: -acağı), 'ğ' harfini tamamen sil, ancak birinci ünlüyü (a) uzatma; bunları iki ayrı hece olarak [a.ɯ] şeklinde kurgula.' 2) 'Karakter Haritalama Filtresi (Hard Rule): Üretilen IPA metninde üstten bağ (tie-bar) sembolü (d͡ʒ, t͡ʃ) bulunamaz. Bunları doğrudan yalın [dʒ, tʃ] formuna dönüştür.'",/kʰo.ɾu.na.d͡ʒaː.ɯn.ˈdan/,false
krater göllerinin,/kʰɾa.ˈtʰeɾɟœl.le.ɾi.ˈnin/,kʰ ɾ a tʰ e ɾ ɟ œ l l e ɾ i n i n,0.95,"DOĞRU KURALLAR: 1. Ünsüzler ve Aspirasyon: Kelime veya hece başındaki ötümsüz patlayıcılar soluklu (aspirated) okunur. Bu sebeple 'krater' sözcüğünde k ve t sesleri [kʰ] ve [tʰ] biçimini alır. 'göllerinin' sözcüğündeki ötümlü 'g' sesi ise, ön ünlü olan 'ö' ([œ]) sebebiyle damaksıllaşarak (palatalization) ince [ɟ] varyantına dönüşür. 2. Ünsüz İkizleşmesi: 'göl' kökü ile '-ler' ekinin birleşme noktasında iki 'l' sesi bulunur, bu durum ünsüz ikizleşmesine yol açar [ɟœl.le...]. 3. Kelime Sınırları ve Vurgu: Hedef kelime bir sözcük öbeğidir; bu yüzden kelimeler çevirilerde ayrı tutulmalı ve her birinin son hecesi, kendi morfolojik grubunun olağan vurgusunu taşımalıdır [ˈ]. HATA ANALİZİ: Referans 1, izin verilen sembol havuzunda bulunmayan ötümsüz r [ɾ̞̊] sembolünü kullanarak format kurallarını çiğnemiştir. Referans 2 ise iki ayrı kelimeyi nokta ile bir hece zinciriymiş gibi bağlamış (.teɾ.ɟœl.), patlayıcılardaki (k, t) aspirasyonu eksik bırakmış ve ikinci kelimeye vurgu atamayı unutmuştur. SİSTEM İYİLEŞTİRMESİ VE KURAL ÖNERİSİ: Sisteme şu katı kurallar eklenmelidir: 1) 'Sembol Filtresi (Whitelist Validation): Sadece izin verilen sembol havuzunu kullan; [ɾ̞̊] gibi listelenmemiş ultra-dar allofonları en yakın temel sese ([ɾ]) indirge.' 2) 'Sözcük Öbeği Ayrımı (Word Boundary): Boşluk ile ayrılan kelimeler arasına nokta konmaz; sentaktik boşluğu koru ve sözcükleri heceleriyle bitişik yazma.' 3) 'Patlayıcı Uyum Kuralı: Ön ünlüler ([e, i, œ, y]) ile aynı heceyi paylaşan 'g' harfini doğrudan ince/damaksıl [ɟ] varyantıyla eşleştir.'",/kʰɾa.ˈtʰæɾ̞̊ɟœl.le.ɾi.ˈnin/,false
kucakladığına,/kʰu.dʒak.ɫa.dɯ.ɯ.ˈna/,kʰ u d͡ʒ a k ɫ a d ɯ ɯ n a,0.95,"DOĞRU KURALLAR: 1) Ünsüzler/Aspirasyon: Kelime başındaki ötümsüz patlayıcı 'k' aspire edilerek [kʰ] olarak seslendirilir. Kelime içindeki 'c' harfi, standart IPA'da patlamalı-sızmalı (affricate) bir bütün olan [dʒ] sesine denktir. 2) Artdamaksıl 'L' (Velarized L): Arka ünlü (a) ile komşu olan 'l' ünsüzü kalınlaşarak karanlık 'l' varyantı olan [ɫ] sesine dönüşür. 3) Yumuşak G (ğ) Kuralı: İki ardışık 'ı' ünlüsü arasında kalan 'ğ', standart Türkiye Türkçesinde damak temasını kaybederek tamamen düşer; geriye iki ardışık moradan oluşan bir hiatus [ɯ.ɯ] (veya daha hızlı konuşmalarda [ɯː]) kalır. 4) Vurgu: Yönelme durum eki (-a), birincil vurguyu son heceye [ˈna] taşır. HATA ANALİZİ: İstisnai grafem-fonem dönüşümlerini uygulayan Referans 1, 'ğ' düştükten sonra ilk ünlüye ekstra bir uzunluk (ː) katarak [ɯː.ɯ] şeklinde mora (zaman birimi) hatası yapmış ve kısıtlı bağlam listesinde bulunmayan bitişik (d͡ʒ) işaretini kullanmıştır. Referans 2 ise ezberci bir yapı sergileyerek 'ğ' sesini yazılışına aldanıp [ɡ] olarak kodlamış, aspirasyonu yok saymış, Türkçe arka bağlam 'l' kurallarını atlamış ve vurguyu tamamıyla hatalı bir yere almıştır. SİSTEM İYİLEŞTİRMESİ VE KURAL ÖNERİSİ: Sisteme iki yapısal kural eklenmelidir: 1) 'Yumuşak G (ğ) Düşümü: İki arka-dar ünlü (ı-ğ-ı, u-ğ-u) ortasındaki ⟨ğ⟩ grafemini ASLA [ɡ] olarak haritalama; doğrudan silerek komşu ünlüleri art arda [ɯ.ɯ] heceleri olarak tutştur ve bunu yaparken fazladan [ː] (uzunluk) işareti üretme.' 2) 'L Allophones (Allofon kuralları): Bir ⟨l⟩ grafemi ⟨a, ı, o, u⟩ ile hece kuruyorsa ya da ardından/önünden geliyorsa transkripsiyonda açık [l] yerine mutlak şekilde velarize [ɫ] karakterini zorunlu kıl.'",/kʰu.d͡ʒak.ɫa.dɯː.ɯ.ˈna/,false
kumarhanelerimiz,/kʰu.ˈmaɾ.ha.ne.le.ɾi.miz/,kʰ u m a ɾ h a n e l e ɾ i m i z,0.95,"DOĞRU KURALLAR: Kelime, 'kumar' ve 'hane' sözcüklerinden oluşan birleşik bir kelimedir. Vurgu: Birleşik kelimelerde ana vurgu tipik olarak bileşenlerin vurgu kurallarına göre ilk kelimenin vurugulu hecesinde kalır (kuˈmarhane) ve -ler, -miz gibi ekler gelse dahi vurgu yeri kolay kolay değişmez. Ünsüzler ve Aspirasyon: Kelime başındaki ötümsüz patlayıcı 'k' düzenli olarak aspire edilir [kʰ]. Ünlüler: 'ne' ve 'le' heceleri açık hece oldukları için 'e' sesi dar/kapalı kalır [e]. HATA ANALİZİ: Referans 1, birleşik kelime vurgusunu atlayıp ezbere son hece vurgusu yapmış ve izin verilmeyen (ve Türkçe fonolojisinde gereksiz bir daralma belirten) 'ɾ̞̊' sembolünü kullanmıştır. Referans 2 ise hem 'k' sesi için aspirasyonu atlamış, hem vurguyu yanlış yere koymuş hem de açık hecedeki [e] seslerini gereksiz yere [æ] yaparak 'aşırı kural uygulama' hatasına düşmüştür. SİSTEM İYİLEŞTİRMESİ VE KURAL ÖNERİSİ: Algoritmaya şu kurallar eklenmelidir: 1) 'Birleşik Kelime Vurgusu: -hane ile kurulan birleşik isimlere ek (çoğul, iyelik vb.) gelse bile birincil vurguyu (ˈ) her zaman birinci sözcüğün son hecesinde sabitle.' 2) 'Hece Başı Aspirasyon: Kelime başındaki (p, t, k, c) ünsüzlerini koşulsuz şartsız [pʰ, tʰ, kʰ, cʰ] şeklinde aspire et.' 3) 'Açık Hece e Kuralı: e sesini r, l, m, n ile biten kapalı heceler haricinde; açık hecelerde (ne, le gibi) daima standart [e] olarak koru.'",/kʰu.maɾ̞̊.ha.ne.le.ɾi.ˈmiz/,false
kumullarının,/kʰu.muɫ.ɫa.ɾɯ.ˈnɯn/,kʰ u m u ɫ ɫ a ɾ ɯ n ɯ n,0.95,"DOĞRU KURALLAR: İsim çekim ekleri zincirinde (-lar, -ı, -nın) vurguyu kelimenin en sonuna taşıyan standart kural geçerlidir, bu yüzden vurgu son hecededir [ˈnɯn]. Kelime başındaki ötümsüz artdamak patlayıcısı 'k' aspire edilerek [kʰ] değerini alır. Kalın ünlülerle (u, a, ı) oluşturulmuş bir kelime olduğundan ötürü 'l' ünsüzü kalın/velarize [ɫ] varyantıyla telaffuz edilir ve hece sınırında iki ses yan yana gelip [ɫ.ɫ] şeklinde ikizleşir. Ünlüler arasındaki 'r' tek vuruşlu [ɾ] ünsüzünü temsil eder. HATA ANALİZİ: Referans 1 oldukça isabetli bir dar çeviri yapmıştır. Referans 2 ise kelime başı aspirasyonunu (kʰ) ihmal etmenin yanı sıra, sıradan çekim ekleri olan bu kelimede hiçbir vurgu kaydırıcı neden yokken vurguyu hatalı bir şekilde iyelik ekine kaydırmıştır. SİSTEM İYİLEŞTİRMESİ VE KURAL ÖNERİSİ: Sisteme şu iki kural eklenmelidir: 1) Eğitilmiş yapısal kurallar listesinde: İsim çekim eki diziliminde (çoğul + iyelik + ilgi) özel bir istisna eki olmadığı sürece birincil vurguyu (ˈ) değişmez biçimde daima kelime sonu heceye yerleştir. 2) Kelime başındaki [k] sesi ardından ünlü geliyorsa kural olarak [kʰ] şeklinde aspire et.",/kʰu.muɫ.ɫa.ɾɯ.ˈnɯn/,true
kuru yemişler,/kʰu.ˈɾuje.miʃ.ˈlæɾ/,kʰ u ɾ u j e m i ʃ l æ ɾ,0.95,"DOĞRU KURALLAR: Hedef çıktı ardışık iki kelimeden (sıfat tamlaması) oluşmaktadır, bu nedenle her kelime kendi temel vurgusunu (son hecede) taşır. 'kuru' kelimesinin başındaki tonsuz patlayıcı ünsüz 'k' kural gereği aspire edilerek [kʰ] olarak telaffuz edilir. 'yemişler' kelimesinde, kapalı hece oluşturan ve 'ɾ' akıcısıyla biten '-ler' çoğul ekinin içindeki 'e' ünlüsü daralmayıp tam tersine açılarak (lowering) [æ] sesine dönüşür. HATA ANALİZİ: Referans 1 kural dışı ünlü açılmasını (æ) ve 'k' aspirasyonunu (kʰ) doğru kurgulamış, ancak kelime sonu r sesini ötümsüzleştirip daraltarak izin verilen sembol havuzunda olmayan [ɾ̞̊] sembolüyle göstermiştir. Referans 2 ise girdiyi boşluksuz tek bir birleşik kelime (kuruyemişler) gibi işlemiş, 'kuru' kelimesinin vurgusunu yutmuş ve aspirasyon (kʰ) kuralını ezip geçmiştir. SİSTEM İYİLEŞTİRMESİ VE KURAL ÖNERİSİ: Koda şu kısıtlamalar ve kurallar eklenmelidir: 1) 'Kelime Sınırlarını Koruma (Boundary Preservation): Girdi boşluk içeriyorsa kelimeleri birleştirme, her biri için bağımsız vurgu ve aspirasyon analizi yapıp aralarına boşluk koyarak transkribe et.' 2) 'Katı Sembol Çerçevesi (Strict Symbol Pool): Tüm alofonik değişimler (kelime sonu fısıltılı/ötümsüz R gibi) sadece izin verilen sembol listesindeki en yakın varyanta (bu durumda [ɾ]) uyarlanmalıdır, havuz dışı sembol ([ɾ̞̊]) kullanımını engelle.' 3) 'Hece Başı Patlayıcılar: Kelime başında yer alan tonsuz patlayıcıları [p, t, k, c] kesin olarak aspire et [pʰ, tʰ, kʰ, cʰ].'",/kʰu.ˈɾuje.miʃ.ˈlæɾ̞̊/,false
kurumsallaşmadığından,/kʰu.ɾum.saɫ.ˈɫaʃ.ma.dɯ.ɯn.dan/,kʰ u ɾ u m s a ɫ ɫ a ʃ m a d ɯ ɯ n d a n,0.95,"DOĞRU KURALLAR: Vurgu: Olumsuzluk eki olan '-ma' vurgu almaz ve birincil vurguyu daima kendinden önceki heceye fırlatır [ˈɫaʃ]. Ünsüzler/Aspirasyon: Kelime başındaki ötümsüz patlayıcı 'k' ses tellerindeki gecikmeden dolayı aspire edilerek [kʰ] şeklinde sesletilir. 'ğ' Erimesi ve Ünlüler: İki arka kalın ünlü (/ɯ/) arasındaki 'ğ' harfi eriyerek/düşerek sıfır fonem değerini alır; standart özenli konuşmada hece sınırını koruyarak [ɯ.ɯ] formunu alır. Kalın L: Art damak ünlüleriyle (a, u) çevrili 'l' ünsüzleri kalınlaşarak velarize l [ɫ] varyantında sesletilir [saɫ.ˈɫaʃ]. HATA ANALİZİ: Referans 1, aspirasyon ve vurguyu doğru tespit etse de 'ğ' erimesini işlerken hem önceki ünlüyü uzatmış hem de aynı ünlüyü tekrar hece başında vererek ([dɯː.ɯn]) fonolojik kurallara aykırı (gereksiz çiftleme olan) bir üretim yapmıştır. Referans 2 ise 'ğ' erimesindeki hece yapısını doğru kurmasına rağmen kelime başı hecedeki 'k' sesinin aspirasyonunu ([k]) atmıştır. SİSTEM İYİLEŞTİRMESİ VE KURAL ÖNERİSİ: Sisteme şu iki algoritmik kural entegre edilmelidir: 1) 'Yumuşak-G (ğ) Düşmesi: İki aynı ünlü arasındaki 'ğ' harfi sıfır fonem olarak silinip hece yapısı bozulmadan bırakılırsa, yalnızca [V.V] şablonunu kullan; [Vː.V] şeklinde hatalı çiftleme yapma.' 2) 'Aspirasyon (Hardcoded Rule): Kelime veya hece başındaki p, t, k, c ötümsüz patlayıcılarını, kendisinden sonra ünlü geliyorsa muhakkak aspire (ʰ) varyantlarıyla transkribe et.'",/kʰu.ɾum.saɫ.ˈɫaʃ.ma.dɯː.ɯn.dan/,false
kuvvetliyse,/kʰuv.væt.ˈlij.se/,kʰ u v v æ t l i j s e,0.95,"DOĞRU KURALLAR: 1) Vurgu: Ek-fiil olan şart eki '-se' vurgu almaz, birincil vurguyu daima kendinden bir önceki heceye kaydırır [ˈlij]. 2) Ünsüzler/Heceleme: Kaynaştırma ünsüzü olan 'y' [j], fonetik heceleme kuralları gereği önceki ünlüye tutunarak 'liy' [lij] hecesini oluşturur. Kelime başı patlayıcısı (k) kural gereği soluklanarak [kʰ] olur. İkiz (geminat) ünsüz olan 'v.v' kısımları aynen korunur. Kapalı hecedeki 'e' ünlüsü, sert ünsüz 't' öncesinde açılarak [æ] sesine dönüşür. HATA ANALİZİ: Referans 1 ve 2, ek-fiil durumlarında vurgunun kayma kuralını işletmemiştir ve standart kelime sonu vurgusu kuralına takılarak vurguyu [-se] hecesine hatalı şekilde atamıştır. Ayrıca Referans 1, 'v' ünsüzünün kelime içi hece sonunda [β] varyantına dönüşmesini ikiz (geminat) ünsüzlere taşıyarak aşırı kural uygulamasında bulunmuş; Referans 2 ise IPA diziliminde [j] kaynaştırma sesini atlayarak eksik bir transkripsiyon üretmiştir. SİSTEM İYİLEŞTİRMESİ VE KURAL ÖNERİSİ: Sisteme şu kurallar eklenmelidir: 1) 'Ek-fiil Vurgu İstisnası (Hardcoded Rule): Kelime sonuna şart eki (-sa/-se) gelirse, kelime sonu vurgusunu iptal et ve vurguyu (ˈ) kesinlikle şart ekinden bir önceki heceye yerleştir.' 2) 'Hece Kaynaşması: Ünlüyle biten bir cisme/sözcüğe -sa/-se eklenirken türeyen [j] ünsüzünü her zaman kendi öncesindeki ünlüyle hecele (örn. li.y-se -> lij.se).' 3) 'Geminat Koruması: Arka arkaya gelen aynı iki ünsüz (v.v vb.) bulunduğunda bu ikisini bölerek varyant (örn. β.v) ataması yapma; her ikisini de ana fonem (v.v) olarak haritala.'",/kʰuβ.væt.lij.ˈse/,false
kuvözlerinin,/kʰu.vœz.le.ɾi.ˈnin/,kʰ u v œ z l e ɾ i n i n,0.95,"DOĞRU KURALLAR: Kelime Fransızca kökenli 'kuvöz' sözcüğüne isim çekim eklerinin gelmesiyle oluşmuştur. Hece başındaki ötümsüz patlayıcı 'k' aspire edilerek [kʰ] olur. Türkçe fonolojisinde 'v' sesi yuvarlak ünlüler arasında dudaksıllaşıp (bilabial) [β] olabilse de, Fransızca kökenli alıntılarda diş-dudak (labiodental) [v] sürtünmelisi genel olarak korunur. Çoğul eki olan '-ler', kendisinden sonra yüksek/dar ünlü (i) içerdiği için, 'e' sesi regresif benzeşme etkisiyle kapalı [e] olarak telaffuz edilir. İsim çekim eklerinde vurgu kural gereği son hecededir [ˈnin]. HATA ANALİZİ: Referans 1, havuzda olmayan geçersiz bir sembol (β̞) kullanmış ve alıntı kelimedeki 'v' sesine yerel dudaksıllaşma kuralını ezbere uygulamıştır. Referans 2 ise hece başı 'k' aspirasyonunu [kʰ] atlamış ve kendisinden sonra dar 'i' sesi gelmesine rağmen -ler ekinin ünlüsünü bağlam dışı olarak açık [æ] yorumlamıştır. SİSTEM İYİLEŞTİRMESİ VE KURAL ÖNERİSİ: Algoritmaya şu temel kurallar entegre edilmelidir: 1) 'Batı kökenli alıntılardaki [v] sesini yuvarlak ünlüler arasında kalsa bile standart [v] olarak haritala.' 2) 'Kapalı [e] Benzeşmesi: İçinde 'e' barındıran bir heceden (-ler) hemen sonra dar-yüksek ünlü (i, u, y, ɯ) geliyorsa, 'e' sesini açık [æ] yerine kapalı [e] olarak koda ekle.' 3) 'Hece başındaki ötümsüz patlayıcıları (p, t, k, c) bir sürtünmeliden sonra gelmedikleri sürece daima aspire et (ʰ).'",/kʰu.β̞œz.le.ɾi.ˈnin/,false
kuşatıcılığa,/kʰu.ʃa.tʰɯ.dʒɯ.ɫɯ.ˈa/,kʰ u ʃ a tʰ ɯ d͡ʒ ɯ ɫ ɯ a,0.95,"DOĞRU KURALLAR: Türkçe kelimelerde hece başında bulunan ötümsüz patlayıcılar (k, t) aspire edilir [kʰ, tʰ]. Kalın ünlülerin (u, a, ı) çevresindeki 'l' ünsüzü kalınlaşarak damaksıllaşır [ɫ]. İki kalın ünlü (ı ve a) arasında bulunan 'ğ' ünsüzü söyleyişte tamamen düşer ve iki ünlü art arda gelir (hiatus) [ɯ.a]. Yönelme hal eki olan '-a' vurguyu üzerine çeker [ˈa]. HATA ANALİZİ: Referans 1, 'ğ' ünsüzünün düşmesi sonucu oluşan ünlü yan yanalığını yanlış yorumlayarak fazladan bir ünlü uzaması [ɯː] eklemiş ve 'dʒ' sesini izin verilmeyen bir formatta (tie-bar d͡ʒ) üretmiştir. Referans 2 ise ötümsüz patlayıcılardaki aspirasyon kuralını tamamen atlamış ve daha büyük bir hatayla yazılıştaki 'ğ' harfini [ɡ] olarak kopyalamıştır. SİSTEM İYİLEŞTİRMESİ VE KURAL ÖNERİSİ: Sisteme şu iki net kural eklenmelidir: 1) 'Yazımdaki ğ harfi, art (kalın) ünlüler arasında (örn. ı-a, a-ı) yer aldığında daima silinmeli ve kesinlikle [ɡ] varyantına dönüştürülmemelidir. Vokal uzatması (ː) yapılmadan yalnızca hece sınırı (.) bırakılmalıdır.' 2) 'Hece başlangıcındaki p, t, k, c patlayıcılarını kuralli olarak aspire (ʰ) et; ön/art ünlü bağlamına göre k/c ayrımını yap.'",/kʰu.ʃa.tʰɯ.d͡ʒɯ.ɫɯː.ˈa/,false
kâfi,/cʰaː.ˈfi/,cʰ aː f i,0.95,"DOĞRU KURALLAR: Kelime Arapça kökenlidir. 'k' ünsüzünden sonra gelen düzeltme işaretli 'â' harfi, hem ünlünün uzun okunduğunu [aː] hem de kendinden önceki damak/artdamak ünsüzünün (k) ince/damaksıl [c] varyantıyla telaffuz edilmesi gerektiğini gösterir. Hece başındaki ötümsüz patlayıcılar soluklu (aspire) olduğundan başlangıç sesi [cʰ] olur. Vurgu kurallı olarak son hecededir. HATA ANALİZİ: Referans 1, ünlü uzunluğunu ve aspirasyonu doğru uygulamış ancak şapka işaretinin 'k' ve 'g' harfleri üzerindeki damaksıllaştırma etkisini atlayarak kalın [kʰ] üretmiştir. Referans 2 ise hem solukluluk hem de damaksıllaşma özelliklerini ihmal etmiştir. SİSTEM İYİLEŞTİRMESİ VE KURAL ÖNERİSİ: Sisteme şu kalıcı kural (hardcoded rule) eklenmelidir: 'Karakter Haritalama ve Bağlam (Contextual Rule): Eğer k, g veya l grafeminden sonra düzeltme işaretli â veya û geliyorsa, ünlüyü [-uzun] özelliğiyle eşleştir, ancak kendinden önceki k, g ünsüzünü kesinlikle damaksıl varyantı [c, ɟ] ile güncelle.' Ayrıca hece başı [c] sesine aspirasyon özelliği (+soluklu) atanmalıdır.",/kʰaː.ˈfi/,false
kâm,/ˈcʰaːm/,cʰ aː m,0.95,"DOĞRU KURALLAR: Ünsüz Damaksıllaşması (Palatalizasyon): Farsça kökenli kâm kelimesindeki düzeltme işareti (â), kendinden önceki 'k' ünsüzünün damaksıl (palatal) varyantı olan [c] şeklinde telaffuz edilmesini sağlar. Aspirasyon: Kelime başındaki ötümsüz patlayıcı damaksıl ünsüz, hece başında olduğu için kuvvetli biçimde aspire edilir [cʰ]. Ünlü Uzunluğu: Şapkalı 'â' harfi bu kelimede ünlünün uzun [aː] olarak okunmasını temsil eder. Vurgu: Tek heceli bağımsız bir sözcük olduğu için vurgu bu ilk ve tek hecededir. HATA ANALİZİ: Referans 1 ve Referans 2, düzeltme işaretinin (â) k/g/l seslerini incelttiği (damaksıllaştırdığı) kuralını işletememiş ve standart art-damak (velar) [kʰ] sembolünü kullanmışlardır. Referans 1 ayrıca vurgu işaretini unutmuştur. SİSTEM İYİLEŞTİRMESİ VE KURAL ÖNERİSİ: Sisteme şu kural eklenmelidir: 'Düzeltme İşareti (Circumflex) Kuralı: Eğer k, g veya l grafemlerinden hemen sonra düzeltme işaretli â veya û geliyorsa, bu art-damak/diş-yuva ünsüzlerini kesinlikle ince/damaksıl varyantlarıyla (c, ɟ, l) haritalandır; ötümsüz patlayıcıları kelime/hece başında aspire et (cʰ) ve â/û ünlüsünü uzun ünlü (aː/uː) olarak çevir.'",/kʰaːm/,false
küçük gezegeni,/cʰy.ˈtʃycɟe.ze.ɟe.ˈni/,cʰ y t͡ʃ y c ɟ e z e ɟ e n i,0.98,"DOĞRU KURALLAR: Ünsüzler ve Damaksıllaşma: 'k' ve 'g' ünsüzleri ince ünlülerle (e, i, œ, y) bulunduğunda damaksıllaşarak sırasıyla [c] ve [ɟ] seslerine dönüşür. Bu nedenle 'küçük' kelimesindeki k'ler [c], 'gezegeni' kelimesindeki g'ler [ɟ] olmalıdır. Aspirasyon: Kelime başındaki ötümsüz patlayıcılar kural gereği soluklu (aspire) okunur, bu yüzden ilk [c] sesi [cʰ] olur. Vurgu: İki kelimenin de vurgusu düzenli kurala uygun olarak kendi son hecelerindedir. HATA ANALİZİ: Referans 1, fonetik analiz açısından çok doğru bir yaklaşım sergilese de izin verilen sembol havuzu dışına çıkarak 'tʃ' yerine bağcıklı/tie-bar (t͡ʃ) sembolünü kullanmıştır. Referans 2 ise kelime aralığındaki boşluğu silerek birleşik bir yapı oluşturmuş, ince g seslerini damaksıllaştırmadan [ɡ] olarak bırakmış ve ilk hecedeki aspirasyonu (ʰ) atlayarak yanlışlıkla ikinci heceye yerleştirmiştir. SİSTEM İYİLEŞTİRMESİ VE KURAL ÖNERİSİ: Sistemin algoritmasına şu kurallar eklenmelidir: 1) 'Sembol Filtresi: Sistem havuzunda olmayan bağcıklı karakterleri (t͡ʃ, d͡ʒ) algıla ve bağcığı kaldırıp onaylı formattaki (tʃ, dʒ) haline eşle.' 2) 'Damak Ünsüzleri Kuralı: İnce ünlüler bağlamındaki (e, i, œ, y) <k> ve <g> grafemlerini daima damaksıl [c] ve [ɟ] seslerine dönüştür.' 3) 'Çoklu Kelime Ayrımı: Tokenization işlemini boşluklardan bölerek yap. Kelimeleri aralarında boşluk bırakacak şekilde transkribe et ve aspirasyon ile vurgu hesaplamasını her kelimenin bağımsız hece sınırları içinde yap.'",/cʰy.ˈt͡ʃycɟe.ze.ɟe.ˈni/,false
küçüklüğünüzü,/cʰy.tʃyc.ly.jy.ny.ˈzy/,cʰ y t͡ʃ y c l y j y n y z y,1,"DOĞRU KURALLAR: Kelime Türkçe kökenlidir ve hece yapısı 'kü.çük.lü.ğü.nü.zü' şeklindedir. İnce ünlülerin (ü) komşuluğundaki 'k' fonemleri damaksıllaşarak ince [c] varyantını alır. Kelime başındaki patlayıcı 'k' aynı zamanda ötümsüz olduğu için soluklanarak (aspire edilerek) [cʰ] olur. İki ince yuvarlak ünlü arasındaki 'ğ' sesi y-leşerek yarı ünlü [j] fonemine dönüşür. Özel bir vurgu kaydırma durumu olmadığından, belirtme durumu eki (akuzatif) olan son hecedeki '-ü' düzenli olarak birincil vurguyu alır. HATA ANALİZİ: Referans Çıktı 1, kuralları (damaksıllaşma, aspirasyon, j-leşme) başarıyla işletmiştir ancak 'ç' sesi için havuzda bulunmayan ve kısıtlanan fonetik bağ (tie bar) sembolünü kullanarak (t͡ʃ) kural ihlali yapmıştır. Referans Çıktı 2 ise kelime başındaki aspirasyonu ([cʰ]) bulamamış, hece sonundaki 'k' sesinde damaksıl varyantı ([c]) atlayıp kalın [k] bırakmış ve kelime vurgusunu hatalı biçimde ikinci heceye yerleştirerek oldukça yanlış bir dizin üretmiştir. SİSTEM İYİLEŞTİRMESİ VE KURAL ÖNERİSİ: Sistemin algoritmasına şu katı kurallar eklenmelidir: 1) Sembol Havuzu Kısıtı: Affricate (patlamalı-sızıcı) sesleri eşlerken asla fonetik üst bağ (tie bar) kullanma, 'ç' için daima düz [tʃ] karakterini map et. 2) Damaksıllaşma (Palatalization) Kuralı: İnce ünlülerle (e, i, ö, ü) komşu olan /k/ seslerini daima [c] varyantına dönüştür. Bu ses ötümsüz olduğu için kelime başındayken [cʰ] olarak aspire et. 3) 'ğ' Dağılımı: İki ön-yuvarlak ünlü (ü-ü, ö-ü vb.) arasındaki 'ğ' sesini sürtünmeli varyant olan [j] olarak yansıt. 4) Vurgu Kuralı: İyelik ve belirtme durumu gibi ekler alan standart Türkçe kelimelerde varsayılan kelime sonu vurgusunu koru ve birincil vurguyu son hecede işaretle.",/cʰy.t͡ʃyc.ly.jy.ny.ˈzy/,false
kılmadıklarının,/ˈkʰɯɫ.ma.dɯk.ɫa.ɾɯ.nɯn/,kʰ ɯ ɫ m a d ɯ k ɫ a ɾ ɯ n ɯ n,0.95,"DOĞRU KURALLAR: Vurgu: Türkçede fiilimsi (sıfat-fiil vb.) gövdelerindeki olumsuzluk eki (-ma/-me) vurgu kabul etmez ve birincil vurguyu daima kendinden önceki heceye atar; bu sebeple vurgu ilk hecededir [ˈkʰɯɫ]. Ünsüzler/Aspirasyon: Kelime başındaki ötümsüz patlayıcı 'k' sesi soluklu (aspire) olarak telaffuz edilir [kʰ], ancak hece (veya kelime) sonu (coda) konumundaki patlayıcılar standart formunda kalır ve aspirasyon almaz [k]. Kalın ünlülerle (a, ı) aynı hece veya bağlamda bulunan 'l' sesleri kalın (karanlık) 'l' [ɫ] olarak transkribe edilir. İki ünlü arasında kalan 'r' sesi tek vuruşlu (tap) [ɾ] şeklindedir. HATA ANALİZİ: Referans 1, vurguyu, hece başı aspirasyonunu ve alofonik değişimleri [ɫ, ɾ] eksiksiz tespit etmiştir. Referans 2 ise olumsuzluk ekinin dâhil olduğu fiilimsi yapılarındaki vurgu istisnasını bilmediği için sıfat-fiil yapısına ezbere vurgu uygulamış [ˈdɯk] ve kelime başındaki ötümsüz patlayıcının aspirasyon (kʰ) kuralını ihlal ederek temel seviye çözümleme yapmıştır. SİSTEM İYİLEŞTİRMESİ VE KURAL ÖNERİSİ: Sisteme şu katı algoritmik kurallar eklenmelidir: 1) 'Olumsuzluk Eki Vurgu Kaydırması: Eğer bir kelimede fiilden türeyen olumsuzluk eki (-ma/-me) içeriliyorsa, varsayılan son hece veya standart eklere dayalı vurgu kurallarını ezerek birincil vurguyu (ˈ) kesinlikle olumsuzluk ekinden bir önceki heceye sabitle.' 2) 'Hece Pozisyonuna Bağlı Aspirasyon: Ötümsüz patlayıcılara [p, t, k, c] atanan soluklanma (ʰ) efektini yalnızca hece başı (onset) konumundaysa aktive et; kapalı hece sonunda (coda) ise temel ötümsüz karakterde bırak.'",/ˈkʰɯɫ.ma.dɯk.ɫa.ɾɯ.nɯn/,true
lazım,/ˈlaː.zɯm/,l aː z ɯ m,0.95,"DOĞRU KURALLAR: Kelime Arapça kökenlidir. İlk hecedeki 'a' ünlüsü uzundur [aː] ve ilk ünsüz ince 'l' [l] olarak telaffuz edilir. Arapça kökenli ve ilk hecesi uzun ünlü barındıran bu tarz kelimelerde birincil vurgu genellikle ilk hecededir. Bu nedenle vurgu işareti [ˈ] ilk hecenin başına konmalıdır. Hece sınırı [laː.zɯm] şeklindedir. HATA ANALİZİ: Referans 1, kelimenin Arapça kökenli bir istisna olduğunu atlayarak standart Türkçe kelime sonu vurgu kuralını işletmiş ve vurguyu son heceye almıştır. Referans 2 ise vurguyu doğru yere koymuş ancak hece sınırlarını (.) göstermeyi unutmuştur. SİSTEM İYİLEŞTİRMESİ VE KURAL ÖNERİSİ: Sisteme şu kurallar eklenmelidir: 1) 'Arapça veya Farsça kökenli olup ilk hecesinde uzun ünlü (aː, uː, iː) barındıran zarf veya niteleme sıfatı işlevindeki kelimelerde varsayılan kelime sonu vurgusu kuralını ez ve vurguyu ilk heceye [ˈ] al.' 2) 'Çıktı formatında hece sınırlarını belirten (.) sembolünün her hece arasına eklendiğini doğrulayan bir kontrol mekanizması oluştur.'",/laː.ˈzɯm/,false
loğlayıp,/ɫoː.ɫa.ˈjɯp/,ɫ oː ɫ a j ɯ p,0.95,"DOĞRU KURALLAR: Kelimedeki art ünlüler (o, a) sebebiyle 'l' ünsüzleri kalın (velarize) [ɫ] olarak telaffuz edilir. Hece sonundaki 'ğ' (yumuşak g) düşer ve kendinden önceki 'o' ünlüsünü uzatır [oː]. Zarf-fiil eki '-yıp', Türkçenin varsayılan kelime sonu vurgusu kuralına uyarak vurguyu üzerinde taşır [ˈjɯp]. HATA ANALİZİ: Referans 1 tüm fonetik kuralları kusursuz biçimde uygulamıştır. Referans 2 ise 'ğ' sesinin ünlü uzatma etkisini atlamış, kelime başındaki kalın 'l' sesini ince bırakmış ve hece sınırlarını ('aj.ɯp' şeklinde) yanlış bölerek hatalı bir yapı kurmuştur. SİSTEM İYİLEŞTİRMESİ VE KURAL ÖNERİSİ: Sisteme şu iki kural eklenmelidir: 1) 'Yumuşak G Uzatması: Art ünlüden (a, ı, o, u) sonra gelip ünsüzden önce bulunan hece sonu 'ğ' sesini transkripsiyona dahil etme; bunun yerine önceki ünlüyü uzun (ː) yap.' 2) 'Kalınlık Uyum Kuralı: Kalın ünlülerle arka arkaya gelen 'l' ünsüzlerini daima kalın varyant [ɫ] ile eşleştir.'",/ɫoː.ɫa.ˈjɯp/,true
mabedi,/maː.be.ˈdi/,m aː b e d i,0.95,"DOĞRU KURALLAR: Kelime Arapça kökenlidir (ma'bed). Orijinal hece yapısındaki 'ayn' (ع) sürtünmelisi Türkçede düşmüş, bunun sonucunda telafi uzaması (compensatory lengthening) yaşanarak ilk hecedeki 'a' ünlüsü uzun konuma geçmiştir [aː]. Yalın halde (mabet) sonda bulunan 't' patlayıcısı ünlüyle başlayan ek ('-i') aldığında yumuşayarak [d] sesine dönüşür. Vurgu kuralına uygun olarak birincil vurgu son hecededir. HATA ANALİZİ: Her iki referans çıktı da kelimenin alıntı fonolojisini hesaba katmamış ve 'ayn' düşmesinin yarattığı ünlü uzamasını bilmedikleri için ilk hecedeki ünlüyü yazıma dayanarak kısa [a] olarak çevirme hatasına düşmüşlerdir. Bu durum, modelin leksikal istisnaları tanımadan sadece ezbere grafem-fonem dönüşümü yaptığını göstermektedir. SİSTEM İYİLEŞTİRMESİ VE KURAL ÖNERİSİ: Sistemin alıntı kelimeler veritabanına şu telafi kuralı eklenmelidir: 'Arapça kökenli olup orijinal hece yapısında hece kapatan ayn (ع) veya hemze (ء) barındıran kelimelerde (ör. mabet, mana, memur vb.), ilgili ünsüzün düşümü sebebiyle öncesindeki ünlüyü yazımda şapka/uzatma işareti olmasa dahi kesinlikle uzun (ör. [aː]) olarak transkribe et.'",/ma.be.ˈdi/,false
mahzenlerine,/mah.zæn.le.ɾi.ˈne/,m a h z æ n l e ɾ i n e,0.95,"DOĞRU KURALLAR: Kelime 'mah-zen-le-ri-ne' şeklinde beş hecelidir. 'l, m, n, r' akıcı ünsüzleriyle biten kapalı hecelerde 'e' ünlüsü açılarak [æ] (açık e) olarak sesletilir ('zen' -> [zæn]). Açık hecelerdeki 'e' ünlüleri ise kapalı konumunu koruyarak [e] olarak kalır ('le', 'ne'). Kelimede patlayıcı ünsüz olmadığı için aspirasyon gerçekleşmez. İsim çekim ekleri diziliminde (çoğul, iyelik, yönelme), Türkçe vurgu kuralları gereği birincil vurgu son heceye kayar [ˈne]. HATA ANALİZİ: Referans 1 ve Referans 2, allofonların tespiti ([æ], [ɾ]) ve vurgu yeri konusunda bütünüyle başarılıdır. Ancak dar (narrow) fonetik çeviri yapmalarına rağmen çıktıyı fonemik (geniş) çeviri işareti olan eğik çizgiler /.../ arasına alarak notasyon hatasına düşmüşlerdir. SİSTEM İYİLEŞTİRMESİ VE KURAL ÖNERİSİ: Sisteme şu kural kodlanmalıdır: 'Notasyon Standardı: Eğer transkripsiyonda allofon, varyant (örn. [æ], [ɾ]) ve aspirasyon gibi alt sesbirimsel detaylar yer alıyorsa (dar çeviri), sonuç her zaman köşeli parantez [...] ile yazılmalıdır; eğik çizgi /.../ yalnızca sesbirimsel (broad/geniş) çevirilerde kullanılabilir.'",/mah.zæn.le.ɾi.ˈne/,true
mamafih,/ma.ma.ˈfih/,m a m a f i h,0.9,"DOĞRU KURALLAR: 'mamafih' kelimesi Arapça kökenli bir bağlaçtır. Orijinal dilinde uzun ünlüler barındırsa da modern Türkiye Türkçesinde standart olarak kısa ünlülerle [a] ve [i] şeklinde telaffuz edilir. Kelimenin bünyesinde aspirasyon (p, t, k) veya damaksıllaşma (palatalizasyon) gerektiren incesıl ve patlayıcı ünsüzler bulunmadığı için fonetik yapısı yalındır. Vurgu ise genellikle kalıplaşmış son hecede [ma.ma.ˈfih] kalır. HATA ANALİZİ: Referans çıktıların her ikisi de hecelemeyi, vurguyu ve temel ses değerlerini hatasız bulmuştur. Ancak spesifik olarak 'dar çeviri' (narrow transcription) istenmesine rağmen, sentaktik olarak dar çeviriyi temsil eden köşeli ayraç [...] yerine, geniş fonemik çeviri işareti olan eğik çizgi /.../ kullanmaları yapısal bir hatadır. SİSTEM İYİLEŞTİRMESİ VE KURAL ÖNERİSİ: Sisteme şu iki kuralın entegre edilmesi gerekir: 1) 'Transkripsiyon Biçimlendirme: Eğer metin dar (narrow)/fonetik çevirisi istiyorsa, elde edilen diziyi daima köşeli ayraç [...] içine alarak döndür, /.../ formatını kullanma.' 2) 'Alıntı Bağlaçlar Vokal Kuralı: mamafih, filhakika gibi Arapça kökenli zarf/bağlaçları transkribe ederken, TDK yazımında düzeltme işareti (^) yoksa tarihsel uzunlukları yoksay ve modern standart telaffuza uygun şekilde kısa ünlülerle (a, i) transkribe et.'",/ma.ma.ˈfih/,true
mavi,/maː.ˈvi/,m aː v i,0.95,"DOĞRU KURALLAR: Kelime Arapça kökenli 'māʾ' kelimesine Farsça '-ī' ekinin getirilmesiyle oluşmuştur. Türkçedeki standart telaffuzunda ilk hecedeki 'a' ünlüsü uzundur [aː]. Vurgu, sıfat ve isimlerdeki genel kurala uygun olarak son hecededir [maː.ˈvi]. İki ünlü arasındaki 'v' ünsüzü dudak-diş sürtünmelisi [v] olarak telaffuz edilir. HATA ANALİZİ: Referans çıktılar kelimenin alıntı yapısını ve kökenini göz ardı etmiş, standartlarda açıkça belirtilen ünlü uzunluğunu atlayarak 'a' sesini kısa [a] olarak transkribe etmiştir. Bu durum yazıma (ortografiye) aşırı güvenmekten kaynaklanan ezbere bir hatadır. SİSTEM İYİLEŞTİRMESİ VE KURAL ÖNERİSİ: Sisteme şu kural eklenmelidir: 'İstisna Sözlüğü (Lexicon Lookup): Arapça ve Farsçadan dilimize geçen ve yazımda gösterilmeyen ancak telaffuzda uzun ünlü barındıran kelimeler (mavi, cahil, tarih vb.) için doğrudan harf-ses dönüşümü yapma. Bu kelimeleri gömülü bir istisna listesinden denetleyerek ünlü uzunluğunu (ː) fonetik çıktıya kesinlikle yansıt.'",/ma.ˈvi/,false
memleketlerindeki,/mæm.le.cʰet.le.ɾin.ˈde.cʰi/,m æ m l e cʰ e t l e ɾ i n d e cʰ i,0.95,"DOĞRU KURALLAR: Vurgu: Aitlik eki olan '-ki', vurguyu kendi üzerine almaz ve daima bir önceki heceye (-de) kaydırır. Ünsüz Varyantları: İnce ünlüler (e, i) öncesindeki 'k' ünsüzü damaksıllaşır [c] ve hece başında soluklu [cʰ] olarak gerçekleşir. 'e' Açık/Kapalı Durumu: 'e' ünlüsü, hece sonunda 'm, n, l, ɾ' akıcı ünsüzleri bulunduğunda açık [æ] olarak telaffuz edilir (örneğin 'mem' -> mæm). HATA ANALİZİ: Referans 1, açık 'e' kuralını hatalı biçimde hece sonu 't' olan duruma da aşırı genellemiş ve 'ket' yerine 'cʰæt' yazmıştır (patlayıcı öncesi 'e' kapalı kalmalıdır). Referans 2 ise 'k' sesindeki damaksıllaşma/aspirasyonu tamamen kaçırmış ve eklerin vurguyu kaydırdığını bilmediği için vurguyu ezbere kökün sonuna atmıştır. SİSTEM İYİLEŞTİRMESİ VE KURAL ÖNERİSİ: Sisteme eklenecek kurallar: 1) 'Açık E Filtresi: Bir kapalı hecedeki e ünlüsünü [æ] yapmak için o hecenin m, n, l veya ɾ ile bitip bitmediğini denetle, t gibi patlayıcılardan önce [e] bırak.' 2) 'İlgi Eki Vurgu Sabitlemesi: Kelime -ki ekiyle bitiyorsa, kelime sonu temel vurgu ayarını devreden çıkar ve birincil vurguyu [ˈ] her zaman -ki ekinden bir önceki heceye konumlandır.'",/mæm.le.cʰæt.le.ɾin.ˈde.cʰi/,false
menfeze,/mæn.fe.ˈze/,m æ n f e z e,0.95,"DOĞRU KURALLAR: Vurgu: Yönelme durumu eki olan '-e' vurguyu üzerine çeker, bu nedenle birincil vurgu son hecededir. Açık/Kapalı 'e': İlk hece (men), 'n' genizsil ünsüzüyle biten kapalı bir hecedir. Türkçede 'm, n, l, r' gibi akıcı veya genizsil seslerle biten kapalı hecelerdeki 'e' ünlüsü açık [æ] olarak telaffuz edilir. Diğer hecelerdeki (fe, ze) 'e' sesleri ise ünlüyle biten açık hece yapısında oldukları için standart [e] olarak korunur. HATA ANALİZİ: Referans 1, açık [æ] kullanımını doğru uygulamış ancak dar çeviri (narrow transcription) standardı olan köşeli parantez [...] yerine geniş çeviri işaretleri /.../ kullanmıştır. Referans 2 ise 'e' sesinin bağlamsal allofon kuralını bilmediğinden ilk hecede ezbere standart [e] kullanmıştır. SİSTEM İYİLEŞTİRMESİ VE KURAL ÖNERİSİ: Sistemin algoritmasına şu kural eklenmelidir: 'Kural 1: Eğer bir e ünlüsü m, n, l, r ünsüzlerinden biriyle biten kapalı bir hecenin içindeyse, bu ünlüyü istisnasız olarak açık [æ] sembolüyle transkribe et.' 'Kural 2: Dar çeviri çıktılarını daima [...] köşeli parantezleri içine al.'",/mæn.fe.ˈze/,true
mersiye,/mæɾ.si.ˈje/,m æ ɾ s i j e,0.92,"DOĞRU KURALLAR: Kelime Arapça kökenlidir ('marsiyya'). Türkçede 'l, m, n, r' akıcı ünsüzleri ile biten kapalı hecelerdeki 'e' ünlüsü fonetik olarak açılarak [æ] sesine dönüşür (mer -> [mæɾ]). Vurgu kelimenin son hecesindedir [ˈje]. 'r' sesi tek vuruşlu dişyuvasıl [ɾ], 'y' harfi ise damaksıl yarı ünlü [j] olarak transkribe edilir. HATA ANALİZİ: Referans 1, 'e' ünlüsünün açılma kuralını [æ] ile doğru tespit etmiş ancak izin verilen sembol havuzunda yer almayan ötümsüz 'r' ([ɾ̞̊]) diyakritiğini kullanarak sistem kısıtlarını ihlal etmiştir. Referans 2 ise ünlü açılmasını gözden kaçırarak standart [e] kullanmıştır. Ayrıca her iki referans da dar çeviri (narrow transcription) formatına aykırı biçimde çıktılarını köşeli parantez ([ ]) yerine slash (/ /) içine alma hatasına düşmüştür. SİSTEM İYİLEŞTİRMESİ VE KURAL ÖNERİSİ: Sistemin algoritmasına şu katı kurallar eklenmelidir: 1) 'Ünlü Açılması Kuralı: Aynı hece içinde [l, m, n, ɾ] ünsüzlerinden biriyle kapanan hecelerdeki ön ünlü [e] sesini, açık varyantı olan [æ] ile değiştir.' 2) 'Sembol ve Format Kısıtlaması: Dar fonetik çevirileri her zaman köşeli parantez ([ ]) ile çevrele; sadece belirlenen sembol havuzunu kullan ve havuzda tanımlanmamış diyakritik işaretleri (ötümsüzleştirme halkası vb.) üretmeyi reddet.'",/mæɾ̞̊.si.ˈje/,false
mevzu,/mæv.ˈzu/,m æ v z u,0.95,"DOĞRU KURALLAR: Kelimenin ilk hecesindeki 'e' ünlüsü, kendisinden sonra gelen 'v' ünsüzünün etkisiyle daha geniş/açık olan [æ] varyantıyla telaffuz edilir. Orijinali Arapça (موضوع) olan kelimedeki son hece aslında uzun ünlü (ū) taşımasına rağmen, Türkçede kelime sonunda bulunmasından dolayı bu ünlü yalın halde kısalarak [u] olarak sesletilir (ünlüyle başlayan bir ek aldığında tekrar uzar: örn. mevzuyu/mevzuːu). Vurgu standart Türkçe kuralına uygun olarak son hecededir. HATA ANALİZİ: Referans 1 ve Referans 2, açık 'e' [æ] sesini ve kısa [u] varyantını doğru tespit etmiştir, ancak sistemden en kusursuz 'dar çeviri' (narrow transcription) istenmesine rağmen köşeli ayraç ([ ]) yerine geniş çeviri işareti olan eğik çizgi (/ /) kullanmışlardır. SİSTEM İYİLEŞTİRMESİ VE KURAL ÖNERİSİ: Sistemin koduna şu kurallar eklenmelidir: 1) 'Formatlama Sınırı (Formatting Constraint): Eğer dar (narrow) fonetik transkripsiyon isteniyorsa, çıktıyı eğik çizgi (/) yerine kesinlikle köşeli ayraç ([...]) içinde ver.' 2) 'Kelime Sonu Ünlü Kısalması (Word-Final Vowel Shortening): Arapça veya Farsça kökenli, aslında uzun ünlüyle biten yabancı kelimeler yalın halde veya kelime sonundayken ünlüsünü (ː) düşürerek kısa ünlü formatıyla transkribe et (örn. mevzuː -> mevzu).'",/mæv.ˈzu/,true
meydan muharebelerinin,/mej.ˈdanmu.ha.ɾe.be.le.ɾi.ˈnin/,m e j d a n m u h a ɾ e b e l e ɾ i n i n,0.95,"DOĞRU KURALLAR: Kelime grubu bir isim tamlaması yapısındadır. Kelimeler fonetik olarak ayrı ayrı ele alındığında 'meydan' kelimesinin birincil vurgusu son hecesinde [ˈdan], 'muharebelerinin' kelimesinin birincil vurgusu ise en sondaki ilgi (tamlayan) eki üzerinde [ˈnin] bulunur. 'y' [j] sesi standart İstanbul Türkçesinde kendinden önceki 'e' ünlüsünü daraltmaz veya daha açık a/e arası [æ] formuna çevirmez, genelde [e] olarak korur. Arapça kökenli 'muharebe' kelimesindeki orijinal uzun ünlü Türkçede kısalmıştır. 'l' ünsüzü ince ünlüler (e, i) çevresinde ince/düz [l] varyantıyla, hece başlarındaki/sonlarındaki 'r' ünsüzleri ise çarpmalı [ɾ] olarak sesletilir. HATA ANALİZİ: Referans 1, kelimeler arasındaki boşluğu bağımsız birim ayırıcısı olarak doğru şekilde korumuş ancak 'y' öncesindeki 'e' ünlüsünü konuşma diline / dar deşifre jargonuna bağlayarak [æ] olarak çevirmiştir (mæj). Referans 2 ise bu ünlüde doğruyu (mej) bulmuş fakat kelime sınırlarını hece sınırı (.) ile birleştirip tek bir kelime haline getirerek sistem boşluk mantığını bozmuş, dolayısıyla 'meydan' kelimesindeki vurguyu kaybetmiştir. SİSTEM İYİLEŞTİRMESİ VE KURAL ÖNERİSİ: Sistemin algoritmasına şu kurallar eklenmelidir: 1) 'Kelime / Öbek Sınırları: Kullanıcı girdisinde birden fazla kelime boşlukla ayrılmışsa, boşlukları hece sınırına (.) çevirme; ayrı fonetik birimler olarak işleyerek kendi kelime vurgusu kural setlerini (her kelime için bağımsız [ˈ]) işlet.' 2) 'e-y Konumlanması İstisnası: [j] ünsüzünden hemen önce gelen 'e' genel standartta [e] haritalamasına tabidir, kesin bir ağız veya aşırı dar çeviri özelliği istenmedikçe [æ] olarak değiştirmekten kaçın.'",/mæj.ˈdanmu.ha.ɾe.be.le.ɾi.ˈnin/,false
meşrulaştırmıştı,/mæʃ.ɾu.ɫaʃ.tɯɾ.ˈmɯʃ.tɯ/,m æ ʃ ɾ u ɫ a ʃ t ɯ ɾ m ɯ ʃ t ɯ,0.95,"DOĞRU KURALLAR: Vurgu: 'meşrulaştırmıştı' birleşik zamanlı bir fiildir. Öğrenilen geçmiş zaman eki ('-mış') normal şartlarda vurgu alır; ardından gelen ek eylem (copula) olan '-tı' (< idi) ise vurgu almaz (enklitik) ve vurguyu tamamen kendinden bir önceki heceye, yani '-mış' hecesine sabitler [ˈmɯʃ]. Ünsüzler ve Aspirasyon: Türkçede /s/ veya /ʃ/ sürtünmelilerinden sonra gelen ötümsüz patlayıcılar (p, t, k, c) fonotaktik olarak aspirasyon (soluklanma) kaybeder. Bu nedenle '-tır' ve '-tı' hecelerindeki 't' sesleri soluksuz [t] olarak transkribe edilmektedir. Ünlüler ve 'l' varyantı: Kelimedeki 'a' ünlüsü komşuluğundaki 'l' kalın [ɫ] ile ifade edilir; ilk hecedeki 'e', kapalı hece ve sürtünmeli komşuluğunda [æ] varyantına dönüşür. HATA ANALİZİ: Referans 1, vurguyu rastgele bir biçimde '-laş' hecesine atamış ve /ʃ/ sonrası aspirasyon kuralını atlayarak 't' seslerini kural dışı biçimde aspire etmiştir ([tʰ]). Referans 2, aspirasyon iptali kuralını doğru işletip soluksuz [t] kullansa da ek eylem vurgu dinamiğini yanlış hesaplayarak vurguyu '-tır' hecesinde göstermiştir. SİSTEM İYİLEŞTİRMESİ VE KURAL ÖNERİSİ: Sistemin kural tabanına şu koşullar eklenmelidir: 1) 'Fonotaktik Kısıtlama: Kod diziliminde ötümsüz bir patlayıcı (p, t, k, c) eğer [s] veya [ʃ] frikatifinden hemen sonra diziliyorsa, aspirasyon takısı (ʰ) ekleme eylemini devre dışı bırak.' 2) 'Ek Eylem Vurgu Modeli: Bileşik zamanlı fiil çekimlerinde kelime '-di/-ti' vb. ek eylem ile sonlanıyorsa, ana vurguyu (ˈ) kelime sonundan çekerek kesinlikle ek eylemden bir önceki hecenin başına ekle.'",/mæʃ.ɾu.ˈɫaʃ.tʰɯɾ.mɯʃ.tʰɯ/,false
mi,/ˈmi/,m i,0.95,"DOĞRU KURALLAR: Kelime tek hecelidir. Sözlük biçiminde (izole olarak) okunduğunda, tek heceli kelimeler birincil vurguyu doğal olarak hece başında alır. Sesler, temel [m] dudak ünsüzü ve ön-dar ünlü [i] sesleridir. Dar çeviri standartları gereği köşeli parantez kullanılmalıdır. HATA ANALİZİ: Referans 1, vurgu işaretini (ˈ) tamamen atlamış ve geniş çeviri (//) kullanmıştır. Referans 2 ise vurguyu doğru eklemiş ancak dar çeviri standardı olan köşeli parantez ([]) yerine geniş çeviri sınırlarını (//) tercih etmiştir. SİSTEM İYİLEŞTİRMESİ VE KURAL ÖNERİSİ: Sistemin algoritmasına şu kurallar eklenmelidir: 1) 'Tek Heceli Kelime Vurgusu: İzole halde (sözlük biçiminde) transkribe edilen tüm tek heceli kelimelerin başına varsayılan olarak birincil vurgu işaretini (ˈ) yerleştir.' 2) 'Transkripsiyon Sınır İşaretleri: Çıktının dar çeviri (narrow transcription) formatında olması zorunlu olduğunda, fonemik çeviri olan /.../ işaretleri yerine kesinlikle [...] köşeli parantezlerini kullan.'",/mi/,false
mimarlık,/mi.maːɾ.ˈɫɯk/,m i m aː ɾ ɫ ɯ k,0.9,"DOĞRU KURALLAR: Kelime Arapça kökenlidir; gövde olan 'mimar' (mi'mār) sözcüğünün ikinci hecesindeki 'a' ünlüsü uzundur ([aː]) ve bu uzunluk ekleşme (suffixation) esnasında da korunur. İsimden isim yapan '-lık' eki kelime bütünündeki vurguyu son heceye çeker ([ˈɫɯk]). Son hecedeki kalın 'ı' ([ɯ]) ünlüsünden dolayı 'l' ünsüzü kalın/velarize varyant olan [ɫ] şeklinde telaffuz edilir. R sesi hece/kelime sonunda flap/çarpmalı [ɾ] olarak kalır. HATA ANALİZİ: İstisnasız her iki referans çıktı da vurgunun yerini ve velarize [ɫ] oluşumunu doğru bulmuştur. Ancak her ikisi de alıntı kelimelerdeki yazımda görünmeyen ünlü uzunluklarını (etimolojik uzamaları) hesaba katmamış, direkt ortografiden yola çıkarak ezbere harf-ses eşleştirmesi yapmış ve [a] ünlüsünü kısa transkribe etmiştir. SİSTEM İYİLEŞTİRMESİ VE KURAL ÖNERİSİ: Sisteme şu kural kümesi entegre edilmelidir: 1) 'Alıntı Kelime Dağarcığı (Lexicon Integration): Mimar, miras, numune gibi yazımda düzeltme işareti (şapka) almayan ancak etimolojik açıdan uzun ünlü barındıran kelimeler için özel bir veri tabanı kontrolü (lookup table) kullan. Ortografide sadece a, i, u yazsa bile fonetik transkripsiyonda bunları uzun [aː, iː, uː] formatında haritalandır.'",/mi.maɾ.ˈɫɯk/,false
mugalatalarının,/mu.ɡa.ɫa.tʰa.ɫa.ɾɯ.ˈnɯn/,m u ɡ a ɫ a tʰ a ɫ a ɾ ɯ n ɯ n,0.95,"DOĞRU KURALLAR: Türkçe sesbilgisi kuralları gereği, kalın ünlülerin (a, u, ı) yanında bulunan 'l' sesleri velarize edilerek kalın [ɫ] olarak transkribe edilir. 'g' sesi standart ötümlü art damak patlayıcısı [ɡ]'dir. Hece başı ötümsüz patlayıcı 't' sesi soluklanarak (aspirasyon) [tʰ] değerini alır. İsim soylu kelimelere art arda eklenen çokluk (-lar), iyelik (-ı) ve tamlayan (-nın) eklerinin tümü standart vurgu çekimine uygundur, bu nedenle kütlesel birikimde vurgu en son heceye [ˈnɯn] kayar. HATA ANALİZİ: Referans 1, aspirasyon, ötümlülük dengesi ve kalın L/vurgu kurallarını eksiksiz uygulayarak ideal çeviriyi sunmuştur. Referans 2 ise heceleme ve hizalama (alignment) esnasında ağır bir atlama (omission/deletion) hatasına düşmüş, 'ta' hecesini tamamen yutarak kelime iskeletini (",/mu.ɡa.ɫa.tʰa.ɫa.ɾɯ.ˈnɯn/,true
muhaberede,/mu.haː.be.ɾe.ˈde/,m u h aː b e ɾ e d e,0.95,"DOĞRU KURALLAR: Kelime Arapça kökenlidir ve 'mufā‘ala' vezninden türetilmiştir. Bu veznin karakteristik bir özelliği olarak ikinci hecedeki 'a' ünlüsü uzun [aː] telaffuz edilir. Bulunma durumu eki '-de', Türkçedeki standart vurgu kurallarına uygun olarak vurguyu üzerine çeker ve birincil vurgu son hecede [ˈde] konumlanır. 'r' ünsüzü ise ünlü harfler arasında tek vuruşlu/çarpmalı (tap) varyantı olan [ɾ] şeklinde gerçekleşir. HATA ANALİZİ: Referans çıktılar, istisnai ünlü uzunluğunu ve alıntı kelime morfolojisini tanıyamamış, ezbere bir harf-ses eşleştirmesi yaparak uzun okunması gereken [aː] ünlüsünü kısa [a] olarak vermiştir. SİSTEM İYİLEŞTİRMESİ VE KURAL ÖNERİSİ: Sisteme şu kök/bağlam kuralı eklenmelidir: 'Arapça mufā‘ala (mücadele, muhabere, muharebe, müzakere vb.) veznindeki alıntı kelimeleri özel listeye dahil et ve bu yapıya sahip sözcüklerin ikinci hecesindeki ünlüyü (a/e) çevirirken daima fonetik uzunluk işareti olan [ː] sembolünü ekle.'",/mu.ha.be.ɾe.ˈde/,false
muhafazakârlı,/mu.ha.fa.za.cʰaːɾ.ˈɫɯ/,m u h a f a z a cʰ aː ɾ ɫ ɯ,0.95,"DOĞRU KURALLAR: Kelimenin 'kâr' hecesindeki düzeltme işareti (şapka), kendinden önceki 'k' ünsüzünün ince/damaksıl okunacağını ve 'a' ünlüsünün uzun [aː] telaffuz edileceğini belirtir. Hece başında ötümsüz patlayıcı bir damak sesi olduğu için aspirasyon (soluklanma) alır [cʰ]. Türkçe vurgu kurallarına göre bir yapım eki olan '-lı' vurguyu son heceye çeker [ˈɫɯ]. Ayrıca bu ek, kalın ünlü taşıdığı için bağlam olarak kalın 'l' varyantını [ɫ] gerektirir. HATA ANALİZİ: Referans çıktılar, hecedeki ünlü uzunluğunu [aː] bilmiş olmalarına rağmen düzeltme işaretinin 'k' ünsüzü üzerindeki damaksıllaştırıcı etkisini (k > c) atlayıp varsayılan arka damak varyantını [kʰ] kullanmışlardır. SİSTEM İYİLEŞTİRMESİ VE KURAL ÖNERİSİ: Sistemin algoritmasına şu koşul eklenmelidir: 'Karakter Haritalama (Mapping) Kuralı: Eğer bir velar (arka damak) patlayıcısı (k, g), düzeltme işaretli â (â, kâ, gâ vb.) veya l (lâ) ile hece kuruyorsa, ilgili ünsüzü mutlaka palatal/ön damak varyantlarına (k > c, g > ɟ) dönüştür. Hece başındaysa c sesini [cʰ] şeklinde aspire et. Ardından gelen â ünlülerini genellikle [aː] olarak haritala.'",/mu.ha.fa.za.kʰaːɾ.ˈɫɯ/,false
müzakereye,/my.zaː.cʰe.ɾe.ˈje/,m y z aː cʰ e ɾ e j e,0.95,"DOĞRU KURALLAR: Kelime Arapça kökenlidir ('müzakere') ve 'a' ünlüsü uzundur [aː]. İnce 'e' ünlüsünden hemen önce gelen 'k' ünsüzü damaksıllaşır [c] ve hece başında olduğu için soluklanarak (aspire edilerek) [cʰ] olarak gerçekleşir. Yönelme durum eki '-ye' kelime sonuna eklendiğinden birincil vurgu son heceye düşer [ˈje]. HATA ANALİZİ: Her iki referans da kökendeki/etimolojik uzun 'a' [aː] ünlüsünü (TDK telaffuz sözlüğünde müza:kere) atlama hatasına düşmüştür. Referans 1, damaksıllaşma/soluklanma kuralını ([cʰ]) doğru uygulamış ancak ünlü uzunluğunu eksik bırakmıştır. Referans 2 ise 'e' öncesindeki velar patlayıcıyı damaksıllaştırmayarak standart [k] olarak korumuş, aspirasyonu atlamış ve yersiz bir açık ünlü ([æ]) kullanmıştır. SİSTEM İYİLEŞTİRMESİ VE KURAL ÖNERİSİ: Sisteme şu iki kural eklenmelidir: 1) 'Yabancı Kökenli Sözcük Taraması': Arapça veya Farsça kökenli sözcükleri (örn. müzakere, müdahale) analiz ederken kök içindeki asli ünlü uzunlukları (aː, iː, uː) için her zaman etimolojik eşleşme veya iç sözlük kontrolü uygula. 2) 'İleriye Dönük Asimilasyon/Damaksıllaşma (Anticipatory Palatalization)': Velar ünsüzler (k, g) ince ünlü (e, i, ö, ü) öncesinde daima damaksıl (c, ɟ) varyantlarıyla ifade edilmeli ve bu ünsüzler hece başında tonsuz [c] konumundaysa mutlaka aspirasyon [cʰ] olarak dönüştürülmelidir.",/my.za.cʰe.ɾe.ˈje/,false
müşterekliğimiz,/myʃ.te.ɾec.li.ji.ˈmiz/,m y ʃ t e ɾ e c l i j i m i z,0.95,"DOĞRU KURALLAR: Kelimedeki tüm ünlüler incedir. İncelik etkisiyle 'k' sesi damaksıl [c] varyantıyla gerçekleşir. İki ince ünlü (i-i) arasında kalan 'ğ' sesi, bağlamsal olarak yarı ünlü [j] sesine dönüşür. 'ş' [ʃ] sürtünmelisinden sonra gelen ötümsüz patlayıcı 't', hece başında olsa dahi aspirasyon (soluklanma) özelliğini yitirir ve yalın [t] olarak telaffuz edilir. Vurgu kurallı olarak kelimenin son hecesindedir. HATA ANALİZİ: Referans 1, 'ş' [ʃ] sesinden sonra gelen 't' ünsüzünü ezbere aspire ederek [tʰ] üretmiş ve sürtünmeli ardı aspirasyon iptali kuralını ihlal etmiştir. Referans 2 ise 't' sesini doğru bir şekilde aspirasyonsuz vermiş ancak ince ünlülerle çevrili 'k' sesini damaksıllaştırmayı unutarak art-damak [k] olarak bırakmış; ayrıca 'ğ' sesini [j] yerine hatalı bir şekilde damaksıl patlayıcı [ɟ] ile göstermiştir. SİSTEM İYİLEŞTİRMESİ VE KURAL ÖNERİSİ: Sistemin algoritmasına şu katı kurallar eklenmelidir: 1) 'Aspirasyon İptali: Eğer ötümsüz patlayıcı [p, t, k, c] seslerinden hemen önce [s] veya [ʃ] sürtünmelisi geliyorsa (hece sınırı olsa dahi), aspirasyon (ʰ) ekleme.' 2) 'Damaksıllaşma (Palatalizasyon): İnce ünlülerle (e, i, ö, ü) aynı hecede veya komşu olan k harfini kesinlikle [c] olarak eşleştir.' 3) 'Yarı Ünlü (Glide) Oluşumu: İki ince ünlü (özellikle i-i veya e-i) arasında kalan ğ grafemini sürtünmeli/yarı ünlü [j] varyantı ile haritala, patlayıcı bir ses türetme.'",/myʃ.tʰe.ɾæc.li.ji.ˈmiz/,false
mırıldanacağımız,/mɯ.ɾɯɫ.da.na.dʒa.ɯ.ˈmɯz/,m ɯ ɾ ɯ ɫ d a n a d͡ʒ a ɯ m ɯ z,0.95,"DOĞRU KURALLAR: 1) Vurgu: İyelik eki almış bu sözcükte vurgu son hecededir (ˈmɯz). 2) Yumuşak G ('ğ') Sesi: Kalın ve farklı iki ünlü (a-ı) arasında bulunan 'ğ' standart dar çeviride düşer, ünlüler uzamadan hece sınırıyla yan yana kalır [a.ɯ]. 3) Ünsüz Uyumu: Art ünlülerin yanındaki 'l' kalın/velarize [ɫ] olur; 'c' harfi ise ötümlü patlamalı-sızmalı [dʒ] olarak transkribe edilir. HATA ANALİZİ: Referanslar, hece sonu 'ğ' uzatma kuralını iki ünlü arası duruma yanlış uyarlamış, hem 'a' sesini uzun [aː] yapmış hem de 'ɯ' sesini koruyarak Türkçe fonotiğine aykırı uzatmalı bir hiatus ([aː.ɯ]) üretmiştir. Ayrıca yasaklı olan tie-bar işaretli (d͡ʒ) kullanımı yapılmıştır. SİSTEM İYİLEŞTİRMESİ VE KURAL ÖNERİSİ: Sisteme şu iki kural eklenmelidir: 1) Affricate Haritalama (Hard Rule): Affricate (c, ç) transkripsiyonunda kesinlikle bağlama (tie-bar) işareti kullanma, daima havuzdaki temiz formları [dʒ, tʃ] tercih et. 2) İki Ünlü Arası 'ğ' Kontrolü: Eğer 'ğ' harfi '(a) ve (ı)' gibi iki farklı art ünlü arasındaysa, önce gelen sesliyi uzatma kuralını (aː yapma eylemini) iptal et, sadece 'ğ'yi düşür ve araya hece sınırı koyarak [a.ɯ] şeklinde yaz.",/mɯ.ɾɯɫ.da.na.d͡ʒaː.ɯ.ˈmɯz/,false
nasıl,/ˈna.sɯɫ/,n a s ɯ ɫ,0.95,"DOĞRU KURALLAR: Vurgu: 'Nasıl' kelimesi bir soru zarfı/sıfatıdır. Türkçede soru kelimeleri (nasıl, nerede, hangi vb.) istisnai olarak vurguyu ilk hecede taşır. Bu nedenle vurgu ilk hecededir: [ˈna]. Ünsüzler: Kelime sonundaki 'l' sesi, kalın ünlülerle (a, ı) uyumlu olduğu için kalın/koyu 'l' [ɫ] olarak sesletilir. HATA ANALİZİ: Referans 1 ve Referans 2, kelimenin soru zarfı statüsünü gözden kaçırmış ve Türkçenin genel 'vurgu kelime sonundadır' kuralını ezbere işleterek vurguyu hatalı bir şekilde son heceye yerleştirmiştir. Sembol kullanımları (ɯ, ɫ) ise başarılıdır. SİSTEM İYİLEŞTİRMESİ VE KURAL ÖNERİSİ: Sisteme şu kural eklenmelidir: 'Soru Kelimeleri İstisnası (Lexical Exception): Nasıl, hangi, nerede, ne zaman, kim gibi soru bildiren sözcükler için varsayılan kelime sonu vurgu kuralını iptal et ve birincil vurguyu (ˈ) ilk heceye sabitle.'",/na.ˈsɯɫ/,false
ne,/ˈne/,n e,0.98,"DOĞRU KURALLAR: Kelime tek hecelidir. Türkçe kelimeler tek başına (izole) telaffuz edildiklerinde doğal bir sözcüksel vurgu taşırlar. Ünsüz [n] standart ötümlü dişyuvasıl genizsil, ünlü [e] ise standart düz geniş ince ünlüdür. HATA ANALİZİ: Referans 1, izole telaffuz edilen tek heceli bir sözcükte bulunması gereken birincil vurguyu (ˈ) atlamıştır. Referans 2 ise vurguyu doğru tespit etmiş ancak dar (fonetik) çeviri istendiği halde köşeli parantez ([ ]) yerine geniş (fonemik) gösterim olan eğik çizgi (/ /) kullanmıştır. SİSTEM İYİLEŞTİRMESİ VE KURAL ÖNERİSİ: Sisteme şu iki kural eklenmelidir: 1) 'Tek heceli kelimeler izole halde analiz edilirken birincil vurgu işareti (ˈ) mutlak suretle hece başına eklenmelidir.' 2) 'Dar transkripsiyon (narrow transcription) görevlerinde çıktılar her zaman fonemik simge olan (/ /) yerine fonetik simge olan köşeli parantez ([ ]) ile sarılmalıdır.'",/ne/,false
ne zaman,/ˈneza.man/,n e z a m a n,0.9,"DOĞRU KURALLAR: Vurgu (Soru Öbeği İstisnası): Türkçe soru öbeklerinde ('ne zaman', 'ne kadar' vb.) vurgu mekanizması standart sözlük kelimelerinden farklı çalışır. Sorunun mantıksal odağı 'ne' sözcüğü olduğu için birincil vurgu bu kelimenin üzerinde toplanır [ˈne]. Ünlüler ve Ünsüzler: 'zaman' kelimesinde yer alan tüm 'a' ünlüleri kısa telaffuz edilir. Herhangi bir aspirasyon, daralma veya ünlü uzaması kuralı işlemez. HATA ANALİZİ: Ref 1 ve Ref 2, dilbilgisindeki kalıplaşmış soru ifadelerinin kurallarını bilmediği için ezbere 'kelime/öbek sonu vurgusu' kuralını işleterek vurguyu son heceye (ˈman) atama hatasına düşmüştür. Ek olarak Ref 2, ayrı yazılması gereken bu sözcük öbeğini boşluksuz birleştirerek tipografik/fonetik formasyon hatası yapmıştır. SİSTEM İYİLEŞTİRMESİ VE KURAL ÖNERİSİ: Sistemin koduna şu kural eklenmelidir: 'Soru Öbeği Vurgusu (Wh-Phrase Stress Mapping): Eğer hedef ifade (ne zaman, ne kadar, ne diye) gibi bir soru öbeğiyse, standart son hece vurgu atama fonksiyonunu (default word-final stress) geçersiz kıl (override). Birincil vurguyu öbeğin ilk kelimesine (soru sözcüğüne) sabitle ve ayrık kelimeler arasındaki bağlamsal boşluğu her zaman koru.'",/neza.ˈman/,false
neden,/ne.ˈdæn/,n e d æ n,0.95,"DOĞRU KURALLAR: Türkçe kökenli 'neden' kelimesinde, ilk hecedeki 'e' açık hecede bulunduğu için [e] olarak kalır. Son hece genizsil bir ünsüz olan 'n' ile kapandığından, bu hecedeki 'e' sesi allofonik olarak açılarak [æ] sesine dönüşür. Vurgu kurallı biçimde son hecededir. HATA ANALİZİ: Referans çıktılar ünlü açılması kuralını [æ] ile doğru tespit etmiştir; ancak dar (narrow) çeviri sembolü olan köşeli parantez ([]) yerine, geniş (broad) çeviri işareti olan eğik çizgi (//) kullanarak format hatası yapmıştır. SİSTEM İYİLEŞTİRMESİ VE KURAL ÖNERİSİ: Algoritmaya şu kurallar eklenmelidir: 1) Görsel Formatlama: 'Dar çeviri (narrow transcription) istenen görevlerde, çıktıyı asla eğik çizgi (//) ile değil, daima köşeli parantez ([]) ile sar.' 2) Allofonik Açılma Kuralı: 'Kelime sonunda m, n, l, r ünsüzleriyle kapanan hecelerdeki e sesini, varsayılan [e] yerine açık [æ] varyantına dönüştürme kuralını her zaman uygula.'",/ne.ˈdæn/,true
nedimesi,/ne.diː.me.ˈsi/,n e d iː m e s i,0.95,"DOĞRU KURALLAR: Kelime Arapça kökenlidir ('nedîme') ve orijinalindeki uzun 'i' ünlüsünü korur [iː]. İsim soylu bu kelimeye gelen 3. tekil şahıs iyelik eki (-si), standart Türkçe kurallarına göre vurguyu kendi üzerine çeker dolayısıyla birincil vurgu son hecededir. HATA ANALİZİ: Referans 1, alıntı kelimedeki etimolojik ünlü uzunluğunu tespit edememiş ve kısa [i] kullanmıştır. Referans 2 ise hem ünlü uzunluğunu atlamış hem de kelimeyi birleşik kelime, zarf veya istisnai yapı gibi yanlış sınıflandırarak vurguyu sondan bir önceki heceye [ˈme] koymuştur. SİSTEM İYİLEŞTİRMESİ VE KURAL ÖNERİSİ: Sisteme şu komutlar tanımlanmalıdır: 1) 'Etimoloji Kontrolü: Arapça ve Farsça kökenli (nedîme, hazîne makine vb.) kelimelerde sözlük bazlı uzun ünlü kontrolü yap ve [iː] uzunluğunu transkripsiyona ekle.' 2) 'Vurgu Kuralı: Basit yapılı isimlere eklenen -i, -si iyelik ekleri daima vurguludur; eğer kelime istisnai sözcükler (örn. özel isimler veya birleşik yapılar) listesinde değilse, birincil vurguyu (ˈ) kesinlikle en son heceye yerleştir.'",/ne.di.me.ˈsi/,false
nerede,/ˈne.ɾe.de/,n e ɾ e d e,0.95,"DOĞRU KURALLAR: 'Nerede' kelimesi yer bildiren bir soru sözcüğüdür. Türkçede soru bildiren zamir ve zarflarda (nerede, nereye, nasıl, hangi vb.) birincil vurgu istisnai olarak her zaman ilk hecede bulunur. İki ünlü arasındaki 'r' sesi tek vuruşlu (tap) [ɾ] olarak sesletilir. HATA ANALİZİ: Referans 1 ve 2, kelimenin soru sözcüğü (interrogative) statüsünü sözlüksel olarak tanımamış ve dilin standart kelime sonu vurgu kuralını ezbere uygulayarak vurguyu hatalı şekilde son heceye koymuştur. SİSTEM İYİLEŞTİRMESİ VE KURAL ÖNERİSİ: Sisteme şu kural eklenmelidir: 'Soru Sözcükleri Vurgu İstisnası: Eğer kelime kökü soru bildiriyorsa (ne, kim, hangi) ve kelime bir soru zarfı veya zamiri ise, varsayılan son hece vurgusunu iptal et ve birincil vurguyu (ˈ) kesinlikle ilk heceye sabitle. Günlük dilde [ˈneɾ.de] şeklinde orta hece düşmesi görülse de, standart resmi telaffuzda [ˈne.ɾe.de] formunu koru.'",/ne.ɾe.ˈde/,false
nesne yönelimli programlamayı,/næs.ˈnejœ.ne.lim.ˈlipʰɾoɡ.ɾam.ɫa.ma.ˈjɯ/,n æ s n e j œ n e l i m l i pʰ ɾ o ɡ ɾ a m ɫ a m a j ɯ,0.9,"DOĞRU KURALLAR: İfade üç ayrı kelimeden oluşmaktadır ve öbek içinde kelimelerin iç fonetik kimlikleri korunur. 'nesne' kelimesinde, kapalı hecedeki 'e' sesi [æ] olarak açığa çıkar ve vurgu sondadır [næs.ˈne]. 'yönelimli' sözcüğünde ince ünlüler (ö, e, i) lüzumunca ince [l] kullanılır [jœ.ne.lim.ˈli]. 'programlamayı' sözcüğünde kelime başı ötümsüz patlayıcı 'p' aspire edilir [pʰ]; kalın ünlüler (a, o, ı) nedeniyle tüm l sesleri kalın (velarize) varyant olan [ɫ] ile gösterilir. Buradaki '-ma' eki olumsuzluk değil, isim-fiil (verbal noun) eki olduğu için vurgu kendi öncesine itilmez; normal ismin hal eki kurallarına göre kelime sonuna, belirtme ekine (yı) kadar kayar [pʰɾoɡ.ɾam.ɫa.ma.ˈjɯ].

HATA ANALİZİ: Referans 1, 'programlamayı' kelimesindeki yapıları analiz ederken '-ma' isim-fiil ekini formca aynı olan olumsuzluk eki gibi değerlendirmiş ve vurguyu hatalı şekilde bir önceki heceye [ˈɫa] sabitlemiştir. Referans 2 ise boşlukları tamamen hiçe sayarak üç ayrı kelimeyi devasa bir fonetik dize gibi birbirine bağlamış, kalın 'l' varyantını [ɫ] ve hece başı aspirasyonunu [pʰ] atlayarak çok basitleştirilmiş bir çeviri yapmıştır.

SİSTEM İYİLEŞTİRMESİ VE KURAL ÖNERİSİ: Sistemin arka plan algoritmasına şu kurallar eklenmelidir: 1) 'Morfolojik Analiz ve Vurgu Senkronizasyonu: -ma/-me ekleri için Part-of-Speech (POS) kontrolü yap. Eğer ek isim-fiil (isimleştirici) görevindeyse, varsayılan kuralı koruyarak vurguyu kelime sonundaki çekim ekine gönder. Asla olumsuzluk eki gibi vurguyu ekin öncesine atma.' 2) 'Boşluk Koruma Kuralı (Tokenization): Hedef metin birden fazla kelimeden oluştuğunda, kelimeleri birbiriyle kaynaştırma; her kelimenin kendi heceleme sınırlarını (.) ve vurgusunu (ˈ) kelime boşluklarını koruyarak bağımsız şekilde oluştur.'",/næs.ˈnejœ.ne.lim.ˈlipʰɾoɡ.ɾam.ˈɫa.ma.jɯ/,false
nitelendireceğini,/ni.tʰe.læn.di.ɾe.d͡ʒe.ji.ˈni/,n i tʰ e l æ n d i ɾ e d͡ʒ e j i n i,0.95,"DOĞRU KURALLAR: Aspirasyon: Hece başındaki ötümsüz patlayıcı 't', ünlüden önce geldiğinde soluklu [tʰ] olarak telaffuz edilir. Ünlü Açıklığı: Kapalı hecede 'n' akıcı ünsüzünden önce gelen 'e' ünlüsü açılarak [æ] varyantına ([læn]) dönüşür. 'ğ' Sesinin Durumu: Ön damak ünlüleri 'e' ve 'i' arasında yer alan 'ğ', yarı ünlü [j] sesine dönüşür (eği -> [e.ji]). Vurgu: Kelime standart ad çekim ekleri silsilesi (-ecek, -i, -n, -i) almıştır ve hiçbir vurgu kaydırıcı istisnai ek barındırmaz. Bu nedenle nihai birincil vurgu düzenli olarak son hecededir. HATA ANALİZİ: Referans 1, alofonik dönüşümleri ([tʰ], [æ], [j]) başarılı bir şekilde doğru uygulamış ancak vurguyu hiçbir morfolojik veya fonolojik temeli olmaksızın 'len' hecesine atayarak majör bir vurgu hatası yapmıştır. Referans 2, [tʰ] ve [æ] gibi dar çeviri kural alofonlarını atlamış, daha da kötüsü, 'ği' hecesini konuşma diline (colloquial) ait bir indirgemeyle tamamen yutarak kelimenin hece sayısını eksiltmiş ve standart telaffuz dışına çıkmıştır. SİSTEM İYİLEŞTİRMESİ VE KURAL ÖNERİSİ: Sisteme şu katı kurallar eklenmelidir: 1) 'Açık /e/ Kuralı: Kapalı hecelerde [l, m, n, r] ünsüzlerinden önce gelen /e/ ünlüsünü dar (narrow) transkripsiyonda [æ] olarak haritala.' 2) 'Yumuşak G (ğ) Kuralı: İki ince ünlü (e-i) arasındaki orthographic ğ grafemini daima [j] ünsüzü olarak işleme al; standart telaffuz üretilirken asla hece yutulmasına izin verme.' 3) 'Düzenli Vurgu Kuralı (Default Final Stress): Kelimede vurgu kaydıran spesifik bir morfem (soru eki mi, olumsuzluk mA, vb.) yoksa, birincil vurguyu (ˈ) zincirin en sonundaki eke (kelime sonuna) yerleştir.'",/ni.tʰe.ˈlæn.di.ɾe.d͡ʒe.ji.ni/,false
normallerindeki,/noɾ.mal.le.ɾin.ˈde.cʰi/,n o ɾ m a l l e ɾ i n d e cʰ i,0.95,"DOĞRU KURALLAR: Türkçe '-ki' eki (sıfat veya aitlik yapan) daima istisnai bir vurgu kuralı içerir ve birincil vurguyu kendisinden hemen önceki heceye (burada '-de' hecesi) kaydırır. Hece başındaki 'k' ünsüzü, kendisini takip eden ince ünlü 'i' nedeniyle damaksıllaşarak [c] olur ve ötümsüz patlayıcı bir ses olarak hece başında soluklanıp (aspire edilip) [cʰ] biçiminde telaffuz edilir. Fransızca kökenli 'normal' kelimesindeki 'l', ince 'l' [l] olduğu için sonrasındaki çokluk eki ince ünlüyle (-ler) devam eder. HATA ANALİZİ: Referans 1 tüm kuralları kusursuz biçimde uygulamıştır. Referans 2 ise ezbere kural işletimiyle '-ki' ekinin istisnai vurgu özelliğini atlayıp salt kelime sonu vurgusu vermiş; damaksıllaşma ve aspirasyonu iptal ederek ince ünlü önünde hatalı 'k' kullanmıştır. Ayrıca açık konumdaki 'e' sesini aşırı genelleme yoluyla hatalı olarak [æ] varyantına çevirmiştir. SİSTEM İYİLEŞTİRMESİ VE KURAL ÖNERİSİ: Sisteme şu iki kural eklenmelidir: 1) 'Sıfat veya zamir yapan -ki ekinin bulunduğu kelimelerde, standart son hece vurgusunu iptal et ve vurguyu (ˈ) kesinlikle ekin geldiği bir önceki heceye sabitle.' 2) 'İnce ünlülerle (e, i, ö, ü) etkileşim halinde olan k sesini [c] karakterine dönüştür ve eğer bu ses hece başındaysa aspirasyonlu (cʰ) varyantını kullan.'",/noɾ.mal.le.ɾin.ˈde.cʰi/,true
odluklarının,/od.ɫuk.ɫa.ɾɯ.ˈnɯn/,o d ɫ u k ɫ a ɾ ɯ n ɯ n,0.95,"DOĞRU KURALLAR: 1) Velarize/Koyu l [ɫ] Etkisi: Kelime yalnızca ardıl (kalın) ünlüler barındırdığı için (o, u, a, ɯ) 'l' seslerinin tamamı artdamaksıllaşarak [ɫ] formuna girer. 2) Ünsüz Ötümlülüğü ve Aspirasyon: Kök hece sonundaki 'd', ardından ötümlü bir akıcı ünsüz (l) geldiği için genellikle ötümsüzleşmez ve [d] karakterini ('otluk' kelimesiyle de karışmamak için) korur. Hece sonunda olan 'd' ve 'k' patlayıcıları hece sonunda bulundukları için doğal olarak soluklanma (aspirasyon) almaz. 3) Vurgu: Tamlayan eki ('-nın') vurgu istisnası yaratmaz ve vurguyu her zaman sözcüğün son hecesine taşır. HATA ANALİZİ: Referans çıktılar, doğru alofon varyasyonunu ([ɫ] kullanımı) ve hecelemeyi kusursuz yapmış olsa da transkripsiyonun biçimsel standardını ihlal etmiştir. Dar çeviri (narrow transcription) her zaman köşeli parantez [...] ile gösterilmeliyken her iki referans da geniş çeviri (broad transcription) karakteri olan eğik çizgiyi (//) kullanmıştır. SİSTEM İYİLEŞTİRMESİ VE KURAL ÖNERİSİ: Sisteme yapısal biçimlendirme adına şu kesin kural eklenmelidir: 'Biçimsel Çıktı Standardı: Prompt içerisinde kesinleştirilmiş bir dar çeviri (narrow transcription) talep edildiğinde fonetik transkripsiyon parantezlerini eğik çizgi (//) olarak değil, daima köşeli parantez ([...]) olarak oluştur.'",/od.ɫuk.ɫa.ɾɯ.ˈnɯn/,true
oku,/o.ˈkʰu/,o kʰ u,1,"DOĞRU KURALLAR: Kelimede vurgu son hecededir (emir kipi veya yalın isim olması durumu değiştirmez). Hece başında bulunan ötümsüz art damak patlayıcısı 'k' sesi standart kurallar gereği soluklanarak (aspire edilerek) [kʰ] şeklinde telaffuz edilir. 'o' ve 'u' sesleri art damaklı ve yuvarlak kısa ünlülerdir. HATA ANALİZİ: Referans çıktılar hecelemeyi, fonetik değerleri ([o], [kʰ], [u]) ve vurgu yerini kusursuz tespit etmiştir. Ancak dar çeviri (narrow transcription) için zorunlu olan köşeli ayraçlar [...] yerine, geniş fonemik çeviri sembolü olan eğik çizgiler /.../ kullanılarak format hatası yapılmıştır. SİSTEM İYİLEŞTİRMESİ VE KURAL ÖNERİSİ: Sisteme şu katı kural eklenmelidir: 'Format Kuralı: Eğer kullanıcı dar çeviri (narrow transcription) talep ediyorsa, oluşturulan fonetik dizilimi kesinlikle eğik çizgi /.../ yerine köşeli ayraç [...] içine al.' Ayrıca sistemin hece başı [k] sesini [kʰ] olarak aspire etme refleksi doğru çalışmaktadır ve bu davranış korunmalıdır.",/o.ˈkʰu/,true
okul,/o.ˈkʰuɫ/,o kʰ u ɫ,1,"DOĞRU KURALLAR: Kelime standart bir Türkçedir ve isim olduğu için vurgu son hecededir [ˈkʰuɫ]. İkinci hecenin başındaki 'k' patlayıcısı, hece başında bulunduğu için soluklu (aspire) okunur [kʰ]. Sözcük sonundaki 'l' ünsüzü, art/kalın ünlü (u) ile aynı hecede yer aldığı için velarize olarak karanlık l [ɫ] biçiminde sesletilir. HATA ANALİZİ: Referans çıktılar fonetik varyantları ([kʰ] ve [ɫ]) ile vurgu yerini mükemmel şekilde tespit etmiştir. Allofonik veya kural bazlı bir hata yoktur. Ancak, dar çeviri (narrow transcription) gösterim kuralı gereği, allofonların kullanıldığı bir transkripsiyonun eğik çizgi (/) yerine köşeli ayraç ([ ]) içinde verilmesi standarttır. SİSTEM İYİLEŞTİRMESİ VE KURAL ÖNERİSİ: Sisteme şu gösterim kuralı eklenmelidir: 'Gösterim Formatı: Aspirasyon (ʰ) ve velarizasyon (ɫ) gibi allofonik detayların yer aldığı dar (narrow) çevirilerin çıktılarını oluştururken, her zaman köşeli ayraç ([ ]) kullan ve eğik çizgi (/) formatından kaçın.'",/o.ˈkʰuɫ/,true
ol,/ˈoɫ/,o ɫ,1,"DOĞRU KURALLAR: Kelime tek hecelidir. 'o' kalın ve yuvarlak bir ünlüdür [o]. Kalın ünlüyle bitişik olan 'l' ünsüzü, artdamaksıllaşarak kalın (dark) l varyantına [ɫ] dönüşür. Kelime tek heceli olduğu için birincil vurgu bu hecenin başındadır [ˈoɫ]. HATA ANALİZİ: Referans 1, tek heceli kelimede birincil vurgu işaretini (ˈ) kullanmayı unutmuştur. Referans 2 ise vurguyu ve sesleri doğru tespit etmiş ancak dar çeviri (narrow transcription) için kullanılması gereken köşeli ayraç ([]) yerine fonemik çeviri (/) işaretlerini baz almıştır. SİSTEM İYİLEŞTİRMESİ VE KURAL ÖNERİSİ: Sisteme şu kurallar eklenmelidir: 1) 'Tek heceli leksikal (anlamlı) kelimelerde (isim, fiil kökleri vb.), hecenin başına birincil vurgu işaretini (ˈ) kesinlikle yerleştir.' 2) 'Dar çeviri istendiğinde çıktıları her zaman köşeli ayraç ([...]) içerisine al, eğik çizgi (//) kullanımını engelle.'",/oɫ/,false
olarak,/o.ɫa.ˈɾak/,o ɫ a ɾ a k,0.95,"DOĞRU KURALLAR: Vurgu: Türkçe kökenli kelimelerde ve '-arak/-erek' zarf-fiil ekini alan kelimelerde birincil vurgu kural olarak ekin son hecesine (kelime sonuna) düşer. Ünsüzler ve Bağlam: Kalın ünlülerin (a, ı, o, u) bulunduğu hecelerde 'l' ünsüzü kalınlaşarak koyu/velarize 'l' [ɫ] sesine dönüşür. Sözcük içindeki 'r' sesi tek vuruşlu (tap) [ɾ] olarak telaffuz edilir. HATA ANALİZİ: Referans 1, arka ünlü bağlamındaki kalın [ɫ] varyantını doğru tahmin etmiş ancak zarf-fiil vurgu kuralını atlayarak vurguyu hatalı şekilde orta heceye [ˈɫa] yerleştirmiştir. Referans 2 ise vurgunun son hecede [ˈɾak] olacağını bilmiş ancak kalın/ince ünlü ayrımına dikkat etmeden standart ince 'l' kullanma hatasına düşmüştür. SİSTEM İYİLEŞTİRMESİ VE KURAL ÖNERİSİ: Sistemin algoritmasına şu kurallar entegre edilmelidir: 1) 'Bağlamsal /l/ Kuralı: Eğer /l/ ünsüzü [a, ɯ, o, u] gibi kalın (arka) ünlülerle komşuysa, varsayılan [l] yerine daima velarize [ɫ] varyantını üret.' 2) 'Zarf-Fiil Vurgu Kuralı: Kelime -arak/-erek eki aldığında, diğer bazı zarf eklerinin aksine vurguyu öne çekme; birincil vurguyu (ˈ) kesinlikle ekin son hecesine yerleştir.'",/o.ˈɫa.ɾak/,false
oldu,/oɫ.ˈdu/,o ɫ d u,1,"DOĞRU KURALLAR: Kelimedeki 'o' ve 'u' ünlüleri arka (kalın) ünlülerdir. Bu kalın ünlülerle komşu olan ve hece sonunda bulunan 'l' sesi velarize (kalın) varyantı olan [ɫ] sesine dönüşür. Görülen geçmiş zaman eki '-di' (-du) vurguludur, bu yüzden birincil vurgu son hecededir. HATA ANALİZİ: Referans çıktılar fonetik olarak doğru sesleri ve vurgu yerini başarıyla tespit etmişlerdir. Herhangi bir sesletim veya vurgu hatası yoktur, ancak dar çeviri (narrow transcription) standardı gereği eğik çizgi (/) yerine köşeli parantez ([]) kullanılması gerekmektedir. SİSTEM İYİLEŞTİRMESİ VE KURAL ÖNERİSİ: Sisteme şu katı kurallar eklenmelidir: 1) 'Bağlamsal Kalınlaşma: Arka ünlülerin (a, ɯ, o, u) bulunduğu veya bu ünlülerle temas eden hece sonlarındaki 'l' ünsüzünü daima velarize (kalın) varyantıyla [ɫ] haritala.' 2) 'Format Standardı: İstenen çıktı dar çeviri (narrow transcription) olduğunda, fonemik eğik çizgileri (/) kesinlikle köşeli parantezlerle ([]) değiştir.'",/oɫ.ˈdu/,true
olmak,/oɫ.ˈmak/,o ɫ m a k,1,"DOĞRU KURALLAR: 'olmak' fiili art ünlüler (o, a) barındıran standart bir kelimedir. Art ünlü ortamında bulunan 'l' sesi kalın (velarize) l [ɫ] olarak gerçekleşir. Kelime sonundaki 'k' sesi hece sonunda olduğu için soluksuz üretilir [k]. Mastar eki (-mak) kelime sonu vurgusunu üzerine alır ve vurgu son hecededir [ˈmak]. HATA ANALİZİ: Referans çıktılar fonem, alofon ([ɫ]) ve vurgu yeri seçimlerinde tamamen isabetlidir. Herhangi bir sesbilgisel hata yapmamışlardır. Ancak dar çeviri (narrow transcription) kuralı gereği köşeli ayraç [...] kullanmaları gerekirken geniş çeviri sembolü olan eğik çizgi /.../ kullanmışlardır. SİSTEM İYİLEŞTİRMESİ VE KURAL ÖNERİSİ: Sisteme şu gösterim kuralı eklenmelidir: 'Karakter Haritalama ve Formatlama: Kullanıcı dar çeviri (narrow transcription) talep ettiğinde, üretilen IPA dizgisini daima köşeli ayraç [...] içine al, fonemik gösterim işaretlerinden (/) kaçın.'",/oɫ.ˈmak/,true
olsa olsa,/oɫ.ˈsaoɫ.ˈsa/,o ɫ s a o ɫ s a,0.95,"DOĞRU KURALLAR: Kelime grubundaki 'o' ve 'a' kalın ünlülerdir ve kalıslık-incelik (artlık-önlük) uyumuna tabiidir. Bu kalınlık, hece sonundaki (koda) 'l' ünsüzünü artdamaksıllaştırarak [ɫ] varyantına dönüştürür. 'ol-' fiil köküne eklenen dilek-şart kipi '-sa', vurguyu kendi üzerine çeker; bu yüzden her iki kelimenin de son hecesi vurguludur. İkileme formunda kelimeler ayrı birer fonolojik birim olarak değerlendirilir. HATA ANALİZİ: Referans 1, hece sınırlarını, ses birimlerini, vurgu yerini ve boşluğu kusursuz analiz etmiştir. Referans 2 ise ikilemeyi tek bir sözcük gibi birleştirmiş ve dilek-şart kipi ile isim soylu sözcüklere gelen ek-fiil arasındaki vurgu farkını bilmediği için vurguyu yanlışlıkla ilk hecelere [ˈoɫ] atamıştır. SİSTEM İYİLEŞTİRMESİ VE KURAL ÖNERİSİ: Sisteme şu kurallar eklenmelidir: 1) 'İkileme/Ayrı Yazım Kuralı: Ayrı yazılan ve bitişme/ulama (liaison) içermeyen kelime öbekleri bloklanmamalı, aralarındaki boşluk (space) transkripsiyonda korunmalıdır.' 2) 'Şart/Dilek Kipi Vurgusu: Eğer -sa/-se eki doğrudan bir fiil kök veya gövdesine ekleniyorsa (ör. ol-sa), vurguyu muhakkak bu ekin bulunduğu heceye ver; fakat eğer isim soylu bir sözcüğe geliyorsa (ek-fiil), vurguyu ekten bir önceki heceye kaydır.'",/oɫ.ˈsaoɫ.ˈsa/,true
oluyor,/o.ˈɫu.joɾ/,o ɫ u j o ɾ,1,"DOĞRU KURALLAR: Vurgu: Şimdiki zaman eki '-yor' vurgu almaz, vurgu daima bu ekten bir önceki hecededir [ˈɫu]. Ünsüzler: Kalın ünlü (o, u) komşuluğunda bulunan 'l' sesi artdamaksıllaşarak kalın [ɫ] olarak telaffuz edilir. 'y' grafemi sürtünmesiz [j], 'r' grafemi ise çarpmalı [ɾ] olarak kodlanır. HATA ANALİZİ: Referans 1, vurguyu ve kalın [ɫ] kullanımını doğru bilmiş ancak kelime sonu 'r' sesi için izin verilen sembol havuzunun dışına çıkarak aşırı dar olan [ɾ̞̊] sembolünü kullanmıştır. Referans 2 ise kelime içi ünsüz uyumunu gözden kaçırmış ve kalın ünlülerle çevrili olmasına rağmen standart/ince [l] kullanmıştır. SİSTEM İYİLEŞTİRMESİ VE KURAL ÖNERİSİ: Sisteme şu kurallar eklenmelidir: 1) 'Karakter Havuzu Kısıtlaması: Çıktı üretirken izin verilmeyen ve katı daraltmalar barındıran (örn: [ɾ̞̊]) sembolleri kullanma, kelime sonu r sesini havuzdaki standart [ɾ] olarak işle.' 2) 'Kalın L Uyumu: Eğer l ünsüzü [a, ɯ, o, u] gibi kalın ünlülerle komşuysa, standart [l] yerine artdamaksıllaşmış varyantı olan [ɫ] sembolünü kullan.'",/o.ˈɫu.joɾ̞̊/,false
oluşturabilseler,/o.ɫuʃ.tu.ɾa.ˈbil.se.læɾ/,o ɫ u ʃ t u ɾ a b i l s e l æ ɾ,0.95,"DOĞRU KURALLAR: 1) Vurgu: Şart kipi eki '-se' vurgu almaz ve vuruguyu daima kendinden bir önceki heceye atar. Bu kelimede vurgu '-bil' hecesindedir. 2) L Allofonisi (Ünsüz Uyumu): Kalın ünlü barındıran hecelerde 'l' arka damaksıl (velarized) [ɫ] olarak (o.ɫuş), ince ünlü barındıran hecelerde standart alveolar [l] olarak (bil, ler) gerçekleşir. 3) Aspirasyon İptali: Sürtünmeli ünsüzlerden (ş, s, f, h) hemen sonra gelen ötümsüz patlayıcılar (p, t, k) aspirasyon (solukluluk) özelliğini kaybeder. Bu yüzden 'ş' sonrası gelen 't' hece başında olsa dahi aspire edilmez [t]. 4) Ünlü Açılması: Kelime sonundaki kapalı hecede 'e' ünlüsü, 'r' sürtünmelisi öncesinde açılarak [æ] sesine dönüşür (-læɾ). HATA ANALİZİ: Referans 1, 'ş' sürtünmelisi sonrasında gelmesine rağmen hece başı kuralını ezbere işleterek 't' sesini aspire etmiş (tʰ) ve şart kipindeki istisna vurgu kuralını atlayarak vurguyu yanlış yere koymuştur. Referans 2 ise şart kipinin kuralını es geçerek standart kelime sonu vurgu kuralını (-ler) işletmiş ve '-bil' hecesindeki ince ünlüye (i) rağmen kalın [ɫ] kullanarak temel bir sessel uyum hatası yapmıştır. SİSTEM İYİLEŞTİRMESİ VE KURAL ÖNERİSİ: Sisteme şu üç katı kural eklenmelidir: 1) Kural (Vurgu): 'Eğer kelimede -se/-sa şart kipi eki bulunuyorsa, kelimenin temel/varsayılan vurgu kuralını iptal et ve birincil vurguyu (ˈ) her zaman bu ekin hemen öncesindeki heceye sabitle.' 2) Kural (Aspirasyon): 'Hece başındaki [p, t, k] sesleri, kendisinden hemen önce [s, ʃ, f, h] gibi bir sürtünmeli ünsüz barındırıyorsa, bu sesleri kesinlikle aspire (ʰ) etme.' 3) Kural (Allofoni): 'l ünsüzünü çevirirken hecedeki veya komşu ünlüye dikkat et; kalın ünlüler (a, ı, o, u) varsa [ɫ], ince ünlüler (e, i, ö, ü) varsa [l] olarak haritalandır.'",/o.ˈɫuʃ.tʰu.ɾa.bil.se.læɾ̞̊/,false
oluşturulabilirken,/o.ɫuʃ.tu.ɾu.ɫa.bi.ˈliɾ.cʰæn/,o ɫ u ʃ t u ɾ u ɫ a b i l i ɾ cʰ æ n,0.98,"DOĞRU KURALLAR: Vurgu Kuralı: Türkçede '-ken' zarf-fiil eki vurgu almaz ve vurguyu daima kendinden bir önceki heceye taşır; bu nedenle vurgu '-lir' hecesindedir ([ˈliɾ.cʰæn]). Ünsüzler ve Aspirasyon: [ʃ] veya [s] gibi sürtünmeli ünsüzlerden sonra gelen p, t, k patlayıcı ünsüzleri aspirasyon (solukluluk) özelliğini yitirir. Bu nedenle 'tu' hecesindeki 't' sesi [tʰ] değil, yalın [t] olmalıdır. Damaksıllaşma ve Açıklık: İnce ünlülerin yanındaki l'ler [l], kalın ünlülerin yanındakiler [ɫ] olur. 'ken' hecesindeki k, ince e önünde [cʰ] olarak damaksıllaşırken, hece sonu n önündeki e açık [æ] varyansına dönüşür. HATA ANALİZİ: Referans 1, vurguyu temelsiz bir biçimde kelimenin ikinci hecesine kaydırmıştır. Referans 2 ise '-ken' ekinin istisnai vurgu kuralını atlayarak standart kelime sonu vurgusu uygulamıştır. Her iki referans da [ʃ] sonrası aspirasyon kuralını çiğnemiş ([tʰ]) ve kurallarda belirtilmeyen yasaklı sembolü (ɾ̞̊) kullanmıştır. SİSTEM İYİLEŞTİRMESİ VE KURAL ÖNERİSİ: Sistemin algoritmasına şu katı kurallar eklenmelidir: 1) 'Vurgu İstisnası: Kelimede -ken zarf-fiil eki yer alıyorsa varsayılan kelime sonu vurgusunu iptal et; birincil vurguyu (ˈ) derhal -ken ekinden bir önceki heceye yerleştir.' 2) 'Aspirasyon İptali: [p, t, k, c] patlayıcıları, eğer [s] veya [ʃ] sürtünmelisinden hemen sonra geliyorsa aspirasyonu (ʰ) kesinlikle düşür ve yalın formları ([p, t, k, c]) kullan.' 3) 'Havuz Filtresi: Çıktı üretiminde son doğrulama (validation) adımı ekle; listede bulunmayan daraltmalı (ɾ̞̊ vb.) geçersiz varyantları çıkart ve sadece geçerli ([ɾ]) sembolleri atölyeden geçir.'",/o.ˈɫuʃ.tʰu.ɾu.ɫa.bi.liɾ̞̊.cʰæn/,false
onlar,/on.ˈɫaɾ/,o n ɫ a ɾ,1,"DOĞRU KURALLAR: Vurgu kuralı gereği, 'onlar' gibi zamirlerde birincil vurgu son hecededir. Ünsüz varyantları bağlamında; kelimedeki 'o' ve 'a' ünlüleri kalın (art damak) olduğu için, 'l' ünsüzü art damaksıllaşarak (velarize) kalın [ɫ] sesbirimciğiyle gerçekleşir. Sözcük sonundaki 'r' sesi standart tek vuruşlu (tap/flap) [ɾ] olarak üretilir. HATA ANALİZİ: Referans 1, sözcük sonu 'r' sesinin ötümsüzleşme/sürtünmelileşme eğilimini aşırı dar bir transkripsiyonla modellemeye çalışmış, ancak izin verilen sembol havuzunun dışına çıkarak [ɾ̞̊] sembolünü üretme hatasına düşmüştür. Referans 2 ise hedef kelimenin fonemlerini, hece yapısını ve vurgu yerini havuzdaki doğru sembollerle kusursuz vermiştir. SİSTEM İYİLEŞTİRMESİ VE KURAL ÖNERİSİ: Sistemin algoritmasına şu katı kural eklenmelidir: 'Sembol Havuzu Kısıtlaması (Whitelist Enforcement): Çıktı üretirken yalnızca tanımlanmış (izin verilen) sembol havuzunu kullan. Sözcük sonu ötümsüz r gibi ekstra fonetik varyantlar olsa dahi ([ɾ̞̊] vb.), havuz dışı sembolleri daima havuzdaki en uygun temel foneme (bu örnekte [ɾ]) normalize et.'",/on.ˈɫaɾ̞̊/,false
onunkiler,/o.nuɲ.cʰi.ˈlæɾ/,o n u ɲ cʰ i l æ ɾ,1,"DOĞRU KURALLAR: Vurgu: Kelimedeki '-ki' aitlik eki (ilgi zamiri) görevindedir ve bağlaç olan 'ki'nin aksine vurgu silsilesini bozmaz, vurguyu son heceye taşır. Çoğul eki '-ler' vurguyu üzerine alır, dolayısıyla birincil vurgu son hecededir. Ünsüz Benzeşmesi (Damaksıllaşma) ve Aspirasyon: İnce 'i' ünlüsü öncesindeki 'k' damaksıllaşarak [c] olur ve hece başında soluklu [cʰ] şeklinde telaffuz edilir. Bu sesin öncesinde gelen alveolar 'n' ünsüzü, gerileyici benzeşmeyle (regressive assimilation) palatale (damaksıl genizsil) dönüşerek [ɲ] halini alır. Açık e Kuralı: Kapalı hecede /ɾ/ ünsüzü öncesinde yer alan 'e', açılarak [æ] sesine dönüşür. HATA ANALİZİ: Referans 1, damaksıllaşmayı doğru uygulasa da aitlik eki olan '-ki' ile ayrı yazılan bağlaç 'ki'yi birbirine karıştırmış, ezbere bir kural işletip vurguyu 'nun' hecesine kaydırmıştır. Ayrıca izin verilmeyen eklemsel bir sembol kullanmıştır. Referans 2 ise vurgunun yerini doğru tespit etmesine rağmen, ince [c] yerine kalın art damak [k] sesini kullanmış ve 'n' ünsüzünü yanlış algılayarak art damak genizsili [ŋ] olarak transkribe etmiştir; ayrıca hece başı aspirasyonunu (cʰ) ihmal etmiştir. SİSTEM İYİLEŞTİRMESİ VE KURAL ÖNERİSİ: Sisteme şu katı kurallar eklenmelidir: 1) Sözcük Türü Ayrımı: 'Eğer -ki eki kelimeye bitişik yazılmışsa (ilgi zamiri/sıfat yapan ki), vurguyu normal kelime sonu kurallarına göre işlet; ayrı yazılmışsa vurguyu ki hecesinden bir öncekine sabitle.' 2) Genizsil Benzeşme (Nasal Assimilation): 'Eğer /n/ ünsüzünden hemen sonra ince/damaksıl patlayıcılar olan [c, cʰ, ɟ] geliyorsa, /n/ sesini zorunlu olarak palatal [ɲ] ile haritala; kendisinden sonra art damak [k, kʰ, ɡ] sesleri geliyorsa velar [ŋ] varyantını kullan.'",/o.ˈnuɲ.cʰi.læɾ̞̊/,false
oyaladığınız,/o.ja.ɫa.dɯː.ˈnɯz/,o j a ɫ a d ɯː n ɯ z,0.95,"DOĞRU KURALLAR: Türkçe sesbilgisi kurallarına göre bir kelimenin içinde birbirinin aynısı iki kalın ünlü (ı...ı) arasında kalan 'ğ' ünsüzü doğal konuşma akışında düşer. Bu olay sonucunda bu iki ünlü kaynaşarak tek bir uzun ünlüye [ɯː] dönüşür ve hece sayısı bir azalır. İnce/kalın benzeşmesi gereği, artdamak ünlüleri ile çevrelenen 'l' harfi kalın damaksıl varyantı olan [ɫ] sesine dönüşür. Vurgu, istisnai bir yapı olmamasından ötürü kelime sonundadır. HATA ANALİZİ: Referans 1, 'ğ' sesinin önceki ünlüyü uzatması kuralını işletmiş ancak hemen sonrasındaki 'ı' ünlüsünü silmeyerek [dɯː.ɯ] formatında aynı kuralı iki kere (kusurlu veya üst üste) uygulamıştır. Referans 2 ise ezberci ve doğrudan grafem-fonem dönüşümüne başvurarak 'ğ' harfini tamamen alakasız bir patlayıcı ünsüz olan [ɡ] sesine haritalamış ve vurguyu hatalı bir heceye çekmiştir. SİSTEM İYİLEŞTİRMESİ VE KURAL ÖNERİSİ: Sistemin regex/kural katmanına şu komutlar eklenmelidir: 1) Yumuşak G Asimilasyonu: 'Eğer [ğ] karakteri birbirinin aynısı iki kalın ünlü dizisi arasında (örn: ı-ğ-ı) yer alıyorsa, [ğ] sesini ve takip eden ünlüyü sil; geriye kalan ilk ünlünün yanına uzunluk işareti (ː) ekleyerek heceleri birleştir (VğV -> Vː).' 2) Kelime Vurgusu: 'Özel isim, zarf veya olumsuzluk eki vb. bir istisna yoksa birincil vurguyu kesinlikle son heceye ata.'",/o.ja.ɫa.dɯː.ɯ.ˈnɯz/,false
ozanlarımızı,/o.zan.ɫa.ɾɯ.mɯ.ˈzɯ/,o z a n ɫ a ɾ ɯ m ɯ z ɯ,1,"DOĞRU KURALLAR: Kelime standart Türkçe çekim ekleri almıştır (-lar çoğul, -ımız iyelik, -ı belirtme heceleri sırasıyla eklenmiştir). Türkçe kelimelerde özel bir bağlam yoksa vurgu kuralı gereği birincil vurgu son hecededir [ˈzɯ]. Fonotaktik kural gereği heceleme 'o.zan.la.rı.mı.zı' şeklindedir. Arka sıra (kalın) ünlüye (a) sahip hecelerin başında 'l' harfi kalın/karanlık (velarize) allofon olan [ɫ] ile temsil edilir. Diğer sesler düzenli dönüşümlerdir: r -> [ɾ], ı -> [ɯ]. HATA ANALİZİ: İki referans çıktı da fonem-grafem dönüşümlerini, ses varyantlarını ([ɫ]) ve hecelemeyi hatasız yapmış olmalarına rağmen, dar çeviri (narrow transcription) kuralı olan köşeli ayraçlar [...] yerine fonemik çeviri işareti olan eğik çizgileri /.../ kullanma hatasına düşmüşlerdir. SİSTEM İYİLEŞTİRMESİ VE KURAL ÖNERİSİ: Sisteme kesin format katılığı bağlamında şu kural eklenmelidir: 'Eğer modelden dar transkripsiyon (narrow transcription) isteniyorsa ve allofonik ses varyantları (örn. [ɫ], [pʰ]) kullanılıyorsa, çıktının sınırlarını asla /.../ ile belirtme, her zaman katı bir şekilde köşeli ayraç [...] ile ver.'",/o.zan.ɫa.ɾɯ.mɯ.ˈzɯ/,true
pantolonlarının,/pʰan.tʰo.ɫon.ɫa.ɾɯ.ˈnɯn/,pʰ a n tʰ o ɫ o n ɫ a ɾ ɯ n ɯ n,1,"DOĞRU KURALLAR: 1. Vurgu: Standart Türkçe kuralı gereğince ilgi eki olan '-nın' vurguyu cümlenin veya kelimenin bağlamına göre son heceye taşır [ˈnɯn]. 2. Ünsüzler ve Aspirasyon: Sözcük ve hece başında bulunan ötümsüz patlayıcı p ve t sesleri aspire edilerek [pʰ] ve [tʰ] şeklinde transkribe edilir. 3. Alofoni (Kalın l): Kalın ünlülerle (a, o, ı, u) komşu olan 'l' ünsüzleri, velar/koyu 'l' [ɫ] varyantıyla gösterilir. 4. Heceleme: Morfolojik dizilim olan 'pantolon-lar-ı-n-ın' okunuş sırasında ünlüyle başlayan ekten dolayı 'la.ɾɯ' şeklinde birleşerek ulanır. HATA ANALİZİ: Referans 1 tüm fonolojik kuralları başarılı bir şekilde işleterek sorunsuz bir dar çeviri üretmiştir. Referans 2 ise morfolojik ek sınırlarını (lar.ɯ) fonetik yapının önüne geçirerek yanlış hecelemiş, kalın [ɫ] alofonunu, aspirasyon kurallarını uygulamamış ve vurgu işaretini hece sınırı yerine sadece ünlünün başına yerleştirmek gibi bağlamsal IPA dizgi hataları yapmıştır. SİSTEM İYİLEŞTİRMESİ VE KURAL ÖNERİSİ: Sisteme şu katı kurallar algoritmik olarak eklenmelidir: 1) 'Heceleme (Resyllabification) Kuralı: Morfem sınırlarına (örn. -lar-ın) bakılmaksızın bitişik ünsüz ve ünlü dizilimleri (C-V) daima fonolojik olarak hece bazında ulanır (hece bölücü noktalama buna göre adapte edilir). Vurgu (ˈ) işareti ise ardındaki hecenin bütününü belirtmek adına hecenin hemen ilk sesinden önceye konur.' 2) 'Allofon Eşleme: Kalın sıradan bir ünlü içeriyorsa fonotaktik bağlam gereği /l/ ünsüzü istisnasız [ɫ] olarak kodlanmalıdır.' 3) 'Aspirasyon Kuralı: Hece ve kelime başındaki ilgili ötümsüz patlayıcılar ([p, t, k, c]) daima aspire edilerek haritalanmalıdır ([pʰ, tʰ, kʰ, cʰ]).'",/pʰan.tʰo.ɫon.ɫa.ɾɯ.ˈnɯn/,true
parlamenterlerimiz,/pʰaɾ.ɫa.mæn.tʰæɾ.le.ɾi.ˈmiz/,pʰ a ɾ ɫ a m æ n tʰ æ ɾ l e ɾ i m i z,0.95,"DOĞRU KURALLAR: İsim köklerine zincirleme çekim ekleri (çoğul -ler, iyelik -i, aitlik -miz) eklendiğinde kelime vurgusu kural olarak en son heceye kayar [ˈmiz]. 'parlamenter' kelimesindeki kapalı 'men' ve 'ter' hecelerinde, genizsil (m, n) ve akıcı (r, l) ünsüzlerden önce gelen 'e' ünlüleri açılarak [æ] sesine dönüşür ([mæn], [tʰæɾ]). Türkçe fonolojisinde kelime ve hece başı ötümsüz patlayıcılar her zaman aspire edilir ([pʰ], [tʰ]). Çekimden sonra açık heceye dönüşen hecelerde 'e' kapalı hece kuralını yitirir ve standart kalır ([le]). Batı dillerinden alınan bu kelimede kalın ünlülerle temas halinde olan 'l' sesi standart kalın (dark) varyanttır [ɫ]. HATA ANALİZİ: Referans 1, açık 'e' [æ] dönüşümlerini, aspirasyonları, hece sınırlarının vokal dağılımını ve vurguyu kusursuz bilmiştir. Referans 2 ise aspirasyonları (p, t) atlamış, Batı menşeli her kelimede ince 'l' bulunduğu gibi hatalı bir genelleme yapmış ve çekim ekleri eklendiği halde vurguyu köke sabitleyerek [ˈtæɾ] morfolojik vurgu kayması kuralını yok saymıştır. SİSTEM İYİLEŞTİRMESİ VE KURAL ÖNERİSİ: Sistemin yapısına şu kurallar eklenmelidir: 1) 'Vurgu Kayması (Morphological Stress Shifts): Çoğul (-ler) ve iyelik (-miz) gibi ardışık eklemelerde, istisnai (örn. yabancı ve zarf) vurgu içermeyen standart formlarda kök vurgusunu ezip birincil vurguyu (ˈ) son heceye taşı.' 2) 'Alıntı L Kullanımı: Batı dillerinden geçen sözcüklerde, ilgili l harfinin etrafında a, ı, o, u gibi kalın ünlüler bulunuyor ve şapka işareti (^) içermiyorsa her zaman kalın varyantı [ɫ] olarak ayrıştır.' 3) 'Hece başı p, t, k, c ötümsüz patlayıcılarını istisnasız olarak aspirasyonla (ʰ) işaretle.'",/pʰaɾ.ɫa.mæn.tʰæɾ.le.ɾi.ˈmiz/,true
pekliği,/pʰec.li.ˈji/,pʰ e c l i j i,0.95,"DOĞRU KURALLAR: Kelimedeki 'e' ve 'i' ince ünlülerdir. İnce ünlülerle yan yana olan 'k' sesi damaksıllaşarak ince [c] varyantına dönüşür. Ön damak ünsüzleri ([c], [ɟ], [j]) kendinden önceki 'e' ünlüsünü kapalı tutarak [e] olarak korunmasını sağlar, açık [æ] sesine dönüşmesini engeller. Kelime başındaki 'p' ötümsüz patlayıcısı kuvvetli soluklanarak [pʰ] olur. İki 'i' ünlüsü arasında kalan 'ğ' grafemi, fonetik olarak [j] (y) sesine dönüşür. Kelimede isim çekim kuralları gereği vurgu son hecededir [ˈji]. HATA ANALİZİ: Referans 1, 'e' ünlüsünü yanlış bir şekilde [æ] olarak transkribe etmiştir; oysa [c] gibi ön damak ünsüzleri 'e'nin açılmasını engeller. Referans 2 ise ince ünlü bağlamındaki 'k' sesini damaksıllaştırmadan velar [k] olarak bırakmış ve vurguyu hatalı bir şekilde sondan bir önceki heceye ([ˈli]) yerleştirmiştir. SİSTEM İYİLEŞTİRMESİ VE KURAL ÖNERİSİ: Sisteme şu kurallar eklenmelidir: 1) 'Ünsüz Uyumu: İnce ünlülerin (e, i, ö, ü) bulunduğu bağlamlardaki k/g seslerini daima damaksıl [c, ɟ] olarak haritala.' 2) 'ğ-Dönüşümü: İki ince ünlü (özellikle i-i) arasında kalan ğ grafemini daima [j] olarak dönüştür.' 3) 'Ünlü Kalitesi (Kapalı e): [c, ɟ, j, l] gibi damaksıl ünsüzlerden önce gelen e ünlülerini açık [æ] yapma, kapalı [e] olarak muhafaza et.' 4) 'Vurgu Kuralı: İsim yapım ve çekim ekleri arka arkaya geldiğinde, istisnai bir zarf/bağlaç kuralı yoksa birincil vurguyu (ˈ) son heceye sabitle.'",/pʰæc.li.ˈji/,false
pepeyse,/pʰe.ˈpʰej.se/,pʰ e pʰ e j s e,0.95,"DOĞRU KURALLAR: Kelime başı ve hece başındaki ötümsüz patlayıcı 'p' ünsüzleri soluklu (aspire) okunur [pʰ]. Kelime, 'pepe' ismine/sıfatına ek-fiilin şart ekinin '-(y)se' ulanmasıyla oluşmuştur. Türkçe kurallarına göre ek-fiiller (idi, imiş, ise) vurgusuzdur ve vurguyu kendinden bir önceki heceye atarlar. Bu nedenle birincil vurgu son hecede değil, ikinci hecededir [ˈpʰej]. Kaynaştırma harfi 'y' ise standart olarak yarı ünlü [j] ile gösterilir. HATA ANALİZİ: Referans 1, 'p' ünsüzlerindeki aspirasyonu doğru bilmiş ve kapalı hecedeki 'e' sesini [æ] olarak göstererek kabul edilebilir bir varyant üretmiş olsa da '-se' ekinin vurgu istisnasını atlayarak vurguyu ezbere kelime sonuna atmıştır. Referans 2 ise hem aspirasyon (pʰ) kuralını atlamış hem de aynı vurgu hatasına düşmüştür. SİSTEM İYİLEŞTİRMESİ VE KURAL ÖNERİSİ: Sisteme şu algoritmik kurallar eklenmelidir: 1) 'Ek-fiil ve Klitik Vurgu Kuralı (Hardcoded Rule): Eğer kelime -(y)sa/-(y)se şart ekini içeriyorsa, varsayılan kelime sonu vurgusu kuralını iptal et ve birincil vurguyu (ˈ) daima bu ekten hemen önceki heceye yerleştir.' 2) 'Aspirasyon Zorunluluğu: Öncesinde [s, ʃ] gibi sürtünmeliler bulunmayan tüm hece başı ötümsüz patlayıcıları (p, t, k, c) kesinlikle aspire [pʰ, tʰ, kʰ, cʰ] varyantları ile değiştir.'",/pʰe.pʰæj.ˈse/,false
pir,/ˈpʰiɾ/,pʰ i ɾ,0.95,"DOĞRU KURALLAR: Tek heceli içerik sözcüklerinde birincil vurgu tek ünlünün bulunduğu hecededir [ˈpʰiɾ]. Kelimenin başında yer alan ötümsüz dudaksıl patlayıcı 'p', Türkçenin sesbilim dizgesi gereği aspire edilerek (soluklu) telaffuz edilir [pʰ]. Farsça kökenli (pīr) kelimede, modern Türkçede kapalı hece sonunda asıl ünlü uzunluğunu büyük oranda yitirmiş ve standart kısa [i] ile yerleşmiştir. Sözcük sonundaki 'r' sesi standart tek vuruşlu (flap) [ɾ] olarak okunur. HATA ANALİZİ: Referans 1, 'p' aspirasyonunu doğru uygulamış ancak sözcük sonu 'r' sesi için izin verilmeyen, aşırı dar ve ötümsüzleşme/sürtünme bildiren diyakritikli [ɾ̞̊] sembolünü üreterek belirlenen sembol havuzunun dışına çıkmıştır. Referans 2 ise kelimeye ezbere geniş (fonemik) bir yaklaşım sergilemiş, hece başı aspirasyon kuralını atlayarak yalın [p] kullanmıştır. SİSTEM İYİLEŞTİRMESİ VE KURAL ÖNERİSİ: Sistemin algoritmasına şu iki kural kodlanmalıdır: 1) 'Hece Başı Aspirasyon Mecburiyeti: Hece başında bulunan [p, t, c, k] ötümsüz patlayıcılarını, eğer hemen önlerinde s/ş sürtünmelisi yoksa, mutlaka soluklu varyantları olan [pʰ, tʰ, cʰ, kʰ] ile eşleştir.' 2) 'Sembol Havuzu Kısıtlaması (Hard Constraint): Kelime sonu r sesleri telaffuzda ötümsüzleşip sürtünmeli hale gelse bile, sistemde tanımlı olmayan diyakritiklerin (örn. alt halka, alçaltıcı işaret) üretilmesini engelle ve her kurguda r slerini havuzdaki [ɾ] karakteriyle map et.'",/pʰiɾ̞̊/,false
politika faizlerini,/pʰo.li.ˈtʰi.kʰafaː.iz.le.ɾi.ˈni/,pʰ o l i tʰ i kʰ a f aː i z l e ɾ i n i,0.95,"DOĞRU KURALLAR: Girdi iki sözcükten oluşmaktadır. 1) Vurgu: 'politika' kelimesi İtalyanca kökenlidir ve bu tarz '-ika' ile biten alıntılarda vurgu, tipik Türkçe kuralının aksine sondan bir önceki hecededir [ˈtʰi]. 'faizlerini' kelimesinde ise belirtme hâli eki (-ni) vurguyu üzerine alır ve birinci vurgu kelimenin sonundadır [ˈni]. 2) Aspirasyon: Hece başındaki ötümsüz patlayıcılar (p, t, k) aspire edilir [pʰ, tʰ, kʰ]. 3) Ünlü Uzunluğu: Arapça kökenli 'faiz' kelimesinin ilk hecesindeki 'a' ünlüsü uzundur [aː]. 4) 'r' sesi: Türkçe sözcükler içindeki 'r', tek vuruşlu [ɾ] olarak telaffuz edilir.

HATA ANALİZİ: Referans 1, 'politika' kelimesinin yabancı kökenli yapısındaki istisnai vurguyu atlayıp Türkçe kuralını işleterek vurguyu son heceye bağlama [ˈkʰa] hatasına düşmüş ve 'faiz' kelimesindeki ünlü uzunluğunu ihmal etmiştir. Referans 2 ise iki ayrı kelimeyi boşluk karakterini yok sayarak tek kelimeymiş gibi bağlamış, aspirasyon (ʰ) sembollerini tamamen atlamış, 'faiz' kelimesinin uzun ünlüsünü [aː] kaçırmış ve sondaki belirtme hâli ekinin vurgu aldığını bilmeyerek vurguyu yanlış heceye [ˈɾi] yerleştirmiştir.

SİSTEM İYİLEŞTİRMESİ VE KURAL ÖNERİSİ: Sisteme şu katı kurallar eklenmelidir: 1) 'Alıntı Sözcük Vurgusu: İtalyanca/Güney Avrupa dillerinden alınan ve -ika ile biten kalıplaşmış sözcüklerde (politika, fabrika vb.) varsayılan son hece vurgu kuralını ez ve vurguyu her zaman sondan bir önceki heceye sabitle.' 2) 'Hece Başı Aspirasyon: [p, t, k, c] sesleri bir hecenin başındaysa, zorunlu olarak aspirasyon ekle (ʰ).' 3) 'Morfolojik Vurgu Kuralı (Belirtme Hâli -i/-ni): Kelime belirtme hâli eki (-i/-ı/-u/-ü/-ni/-nı/-nu/-nü) aldığında kelimedeki birincil vurguyu daima bu ekin üzerine yerleştir (istisnai zarf ve özel isimler hariç).' 4) 'Kelime Sınırları: Girdide birden fazla kelime varsa, boşluk bırakarak transkripsiyonu ayır, tek bir sınır içine hapsedip birleştirme.' 5) Leksikal Etiketleme: 'faiz' gibi yerleşik alıntılar için köklerdeki niceliksel uzunluk [aː] koruma kuralını aktive et.",/pʰo.li.tʰi.ˈkʰafa.iz.le.ɾi.ˈni/,false
projektörleriyle,/pʰɾo.ʒec.tʰœɾ.le.ˈɾij.le/,pʰ ɾ o ʒ e c tʰ œ ɾ l e ɾ i j l e,0.95,"DOĞRU KURALLAR: Kelime Fransızca kökenli ('projecteur') bir alıntıdır; Türkçedeki 'j' grafemi sesi daima titreşimli artdişyuvasıl sürtünmeli [ʒ] olarak telaffuz edilir. 'e' ön ünlüsünden sonra gelen koda pozisyonundaki 'k' damaksıllaşarak [c] olur. Hece başı ötümsüz patlayıcılar (p, t) aspire edilir [pʰ, tʰ]. '-yle' eki vasıta hali (ile) eklentisidir ve vurgu almaz; birincil vurgu daima kendinden önceki hecede konumlanır ('ri' hecesi 'y' koruyucu ünsüzüyle birleşip kapalı hece oluşturur: [ˈɾij.le]). HATA ANALİZİ: Referans 1, 'k' sesini ince ünlüye rağmen damaksıllaştırmamış ve yalnızca akıcı/genizil (l,m,n,r) ünsüzler öncesi görülen 'æ' sesini bağlam dışı üretmiştir. Referans 2, doğrudan İngilizce/Uluslararası grafem manipülasyonu yaparak 'j' grafemini [j] (y sesi) olarak kodlamış, ayrıca hecelemeyi ve vurguyu bozmuştur. SİSTEM İYİLEŞTİRMESİ VE KURAL ÖNERİSİ: Sisteme şu kurallar eklenmelidir: 1) 'Karakter Haritalama Katı Kuralı: Türkçede -j- harfini gördüğünde İngilizce etkisine kapılma, daima [ʒ] sembolünü ata.' 2) 'Koda Damaksıllaşması: Ön ünlülerden (e, i, œ, y) hemen sonra gelen koda pozisyonundaki k seslerini ince [c] olarak değiştir.' 3) 'Ek Vurgu İstisnası: -(y)lA vasıta eki bulunduran kelimelerde vurguyu (-lA) ekinden bir önceki heceye koy ve bu heceyi kaynaştırma ünsüzü (j) ile birleştirerek kapalı heceye dönüştür ([Vj.lV]).'",/pʰɾo.ʒæk.tʰœɾ.le.ˈɾij.le/,false
rahatlayacağıdır,/ɾa.hat.ɫa.ja.dʒaː.ˈɯ.dɯɾ/,ɾ a h a t ɫ a j a d͡ʒ aː ɯ d ɯ ɾ,0.95,"DOĞRU KURALLAR: Kelimedeki bütün ünlüler kalındır, bu nedenle '-la' ekindeki 'l' ünsüzü ardındaki ve önündeki kalın ünlülerle uyum sağlayarak kalın/artdamaksıl [ɫ] varyantıyla okunur. 'ağı' dizilişindeki 'ğ' sesi erir ve kendinden önceki 'a' ünlüsünü uzatır ([aː.ɯ]). Bildirme eki olan '-dır' vurgu almaz (enklitik), bu yüzden kelimenin ana vurgusu ekten bir önceki heceye, yani eriyen 'ğ'den geriye kalan [ˈɯ] hecesine kayar. Hece başı p, t, k, c bulunmadığı için aspirasyon uygulanmamıştır.

HATA ANALİZİ: Çıktı 1 (Ref 1), izin verilmeyen bir diyakritik olan ötümsüz trill/flap (ɾ̞̊) sembolünü icat etmiş ve köşeli parantez yerine fonemik eğik çizgi (/) kullanmıştır. Çıktı 2 (Ref 2) ise kalın ünlü uyumuna rağmen kalın [ɫ] yerine ince [l] kullanması ve fonemik ayraç (/) hatası yapması sebebiyle başarısızdır. Ayrıca, her iki referansta da izin verilmeyen (d͡ʒ) bitişik affricate sembolü kullanılmıştır.

SİSTEM İYİLEŞTİRMESİ VE KURAL ÖNERİSİ: Sistemin algoritmasına şu katı kurallar eklenmelidir: 1) 'Sembol ve Format Kısıtı: Transkripsiyonu mutlaka köşeli parantez [...] içinde yaz ve izin verilen sembol havuzu dışındaki (örn: ɾ̞̊ veya tie bar barındıran d͡ʒ yerine dʒ) sembolleri asla kullanma.' 2) 'Varyasyon Kuralı: Kalın ünlüler (a, ı, o, u) barındıran hecelerdeki ve eklerdeki (örn. -la) l grafemini daima kalın/artdamaksıl [ɫ] olarak çıktıla.' 3) 'Yumuşak G (ğ) ve Enklitik Vurgu Kuralı: -acağı/-eceği yapılarında ğ ünsüzünü düşür, önceki ünlüyü uzat ([aː.ɯ] / [eː.i]). Kendisinden sonra -dır gibi vurgusuz bir enklitik geliyorsa, birincil vurguyu (ˈ) kesinlikle enklitikten önceki bu heceye sabitle (örn. [ˈɯ]).'",/ɾa.hat.ɫa.ja.d͡ʒaː.ˈɯ.dɯɾ̞̊/,false
rahatlayacağına,/ɾa.hat.ɫa.ja.dʒaː.ˈna/,ɾ a h a t ɫ a j a d͡ʒ aː n a,0.95,"DOĞRU KURALLAR: Türkçe fonoloji kurallarına göre 'a' ve 'ı' ünlüleri arasına giren 'ğ' harfi eriyerek düşer, kendinden önceki 'a' ünlüsü uzar ve ardından gelen dar 'ı' ünlüsü yutulur (-ağı- -> [aː]). Bu durum, seslerin birleşerek hece kaynaşmasına yol açmasını sağlar. Ayrıca, art ünlü (a, ı, o, u) bağlamında yer alan 'l' ünsüzü, koyu/velar [ɫ] olarak sesletilir. Kelime yönelme hal eki (-a) barındırdığı için birincil vurgu standart kural gereği son hecededir [ˈna]. HATA ANALİZİ: Referans çıktılar statik bir dönüşüm sergilemiş; 'ğ' sesini düşürüp 'a' sesini uzatsalar da [ɯ] sesini korumuşlardır. Bu durum, arka arkaya [aː.ɯ] şeklinde bir ünlü dizilimi üreterek Türkçe fonotaktiğine ve doğal akışa aykırı bir hata yaratmıştır. SİSTEM İYİLEŞTİRMESİ VE KURAL ÖNERİSİ: Sisteme şu kural eklenmelidir: 1) Yumuşak G (ğ) ve Dar Ünlü Yutulması: Eğer 'ğ' harfi 'a' ve 'ı' ünlüleri arasında yer alıyorsa (-acağına kalıbı), 'ğ' ve 'ı' harflerini fona çevirirken düşür, önceki 'a' fonemini uzun [aː] olarak eşle ve heceleri birleştir. 2) 'l' Ünsüzü Uyumu: Kelime içerisinde 'l' sesi art ünlülerle çevriliyse, bu sesi düz 'l' yerine daima koyu (velar) varyantı olan [ɫ] ile haritala.",/ɾa.hat.ɫa.ja.d͡ʒaː.ɯ.ˈna/,false
saat,/sa.ˈatʰ/,s a a tʰ,0.95,"DOĞRU KURALLAR: Kelime Arapça kökenlidir. Yan yana gelen iki 'a' ünlüsü, standart Türkçede kaynaşarak tek bir uzun ünlüye dönüşmez; aralarında hece sınırı barındıran iki ayrı ünlü olarak okunur. Kelime sonundaki ötümsüz patlayıcı 't' sesi aspire edilerek [tʰ] şeklinde telaffuz edilir. Vurgu standart kurala uygun biçimde son hecededir. HATA ANALİZİ: Referans 1, günlük konuşma dilindeki kaynaşmış telaffuzu baz alıp kelimeyi uzun ünlüyle tek heceye (/saːt/) indirgeyerek standart formdan sapmıştır. Referans 2, iki ünlüyü doğru ayırmasına rağmen tek başına bir ünsüzü hece sayarak (.t) hatalı bir heceleme yapmış ve kelime sonu aspirasyonunu atlamıştır. SİSTEM İYİLEŞTİRMESİ VE KURAL ÖNERİSİ: Sisteme şu kurallar eklenmelidir: 1) 'Kelime Yapısı: Çift ünlü barındıran Arapça alıntılarda (saat, maaş vb.) ünlüleri [aː] şeklinde uzatmak yerine iki ayrı hece (V.V) olarak ayır.' 2) 'Hece Sınırlandırma: Türkçede hiçbir ünsüz tek başına hece oluşturamaz; (.) işaretini ünlü barındırmayan bir dizilimin öncesine koyma.' 3) 'Kelime Sonu Aspirasyonu: Kelime bitiminde yer alan [p, t, k, c] ötümsüz patlayıcılarını soluklu varyantlarıyla (pʰ, tʰ, kʰ, cʰ) transkribe et.'",/saːt/,false
sabah,/sa.ˈbah/,s a b a h,0.95,"DOĞRU KURALLAR: Kelimenin vurgusu standart Türkçe kurallarına uygun olarak son hecededir [ˈbah]. Kelime sonundaki 'h' sesi standart ve dikkatli konuşmada (careful speech) kesinlikle korunur ve [h] olarak telaffuz edilir. İlk hecedeki 's' sürtünmeli olduğu için aspirasyon kurallarına tabi değildir. HATA ANALİZİ: Referans 1, kelime sonu 'h' sesinin düşerek kendinden önceki ünlüyü uzattığı gündelik ve hızlı konuşma (colloquial) varyantını [sa.ˈbaː] üretmiştir. Standart dar çeviride bu düşme gösterilmez. Referans 2 sesleri doğru tespit etmiş ancak dar çeviride (narrow transcription) zorunlu olan köşeli ayraç [...] yerine geniş çeviri sembolü olan eğik çizgi /.../ kullanmıştır. SİSTEM İYİLEŞTİRMESİ VE KURAL ÖNERİSİ: Sisteme şu iki kural eklenmelidir: 1) 'Standart dar çeviri (careful speech) görevlerinde gündelik dildeki kelime sonu /h/ düşmesi ve bunu takip eden telafi uzaması (compensatory lengthening) olaylarını yoksay; h grafemini daima [h] olarak koru.' 2) 'İstenen çıktının narrow transcription (dar çeviri) olduğu belirtilmişse, sonuçları daima köşeli ayraç [...] içine alarak formatla.'",/sa.ˈbaː/,false
sabit,/saː.ˈbit/,s aː b i t,0.98,"DOĞRU KURALLAR: Kelime Arapça kökenlidir; ilk hecedeki 'a' ünlüsü uzundur [aː]. İsim/sıfat durumundaki bu alıntı kelimede Türkçe vurgu kuralları gereği birincil vurgu son hecededir [ˈbit]. HATA ANALİZİ: Referans 2, grafem-fonem dönüşümünü yazılış odaklı ve ezbere yaptığı için Arapça kökenli olup ilk hecesinde uzun ünlü barındıran kelimelerdeki ünlü uzunluğu istisnasını atlamış, kısa [a] kullanmıştır. Ayrıca her iki referans da dar çeviri (narrow transcription) referansı olan köşeli parantez ([ ]) kullanmak yerine, geniş çeviri (broad transcription) sembolü olan eğik çizgi (/) sarmalayıcısı kullanmıştır. SİSTEM İYİLEŞTİRMESİ VE KURAL ÖNERİSİ: Sisteme şu iki kural eklenmelidir: 1) 'Sözlük İstisnası (Lexicon Exception): Yazımda şapka işareti (^) taşımasa dahi Arapça kökenli (sabit, kamil, nadir, dahi vb.) kelimelerin ilk hecelerindeki ünlüyü istisnai olarak uzun ünlü [aː, iː, uː] varyantlarıyla haritala.' 2) 'Format Kuralı: Sisteme prompt aracılığıyla dar çeviri talimatı verildiğinde sonucu her zaman köşeli parantez ([ ]) içinde dışa aktar.'",/saː.ˈbit/,true
sabredebildiğini,/sab.ɾe.de.bil.di.ji.ˈni/,s a b ɾ e d e b i l d i j i n i,0.95,"DOĞRU KURALLAR: Türkçedeki 'sabır+et+ebil+dik+i+(n)i' ekleşiminden oluşan sözcükte düzenli morfolojik ses olayları gözlemlenir. 'et' eylemindeki 't' yumuşayarak ötümlüleşir ve [d] olur. '-dik' son ekindeki 'k' ünsüzü, ünlüyle başlayan bir ek aldığında yumuşar (ğ) ve iki ince/ön ünlü (i-i) arasında kaldığında sürtünmeli damak ünsüzü olan [j] (y) olarak telaffuz edilir. Kelime standart Türkçe çekim kurallarına uyduğu için birincil vurgu son hecede ([ˈni]) bulunur. İlk hecenin sonundaki 'b', sonrasında yine ötümlü ve akıcı bir ünsüz olan 'r' geldiği için korunur [b]. HATA ANALİZİ: Referans 1 ve 2; hece sınırları, ses dönüşümleri ve vurgu yerinde kusursuz bir sesbilimsel analiz yürütmüştür. Ancak dar çeviri (narrow transcription) yapılmasının evrensel formel zorunluluğu olan köşeli parantez ([...]) gösterimini değil; geniş (broad) veya sözlüksel çeviriye ait olan eğik çizgi (/.../) işaretlerini kullanarak yapısal (tipografik) bir konsept hatasına düşmüştür. SİSTEM İYİLEŞTİRMESİ VE KURAL ÖNERİSİ: Sisteme şu temel gösterim kuralı eklenmelidir: 'Tipografik Çıktı Standardı: Dar fonetik (narrow transcription) üretimi istendiğinde, kelimenin IPA modellemesini hiçbir koşulda eğik çizgilerle (/.../) gösterme. Üretilen IPA dizisini mutlaka sadece köşeli parantezlerle ([...]) çevreleyerek transkripsiyon türünü kesinleştir.'",/sab.ɾe.de.bil.di.ji.ˈni/,true
sadece,/ˈsaː.de.dʒe/,s aː d e d͡ʒ e,0.9,"DOĞRU KURALLAR: Kelime Farsça kökenli 'sade' sözcüğüne Türkçe '-ce' ekinin getirilmesiyle oluşmuştur. Kökten gelen ilk hecedeki 'a' ünlüsü uzundur [aː]. Sıklıkla zarf olarak kullanılan bu kelimede vurgu ilk hecededir [ˈsaː]. 'c' ünsüzü fonetik alfabede [dʒ] olarak gösterilir. HATA ANALİZİ: Referans çıktılar alıntı kelime istisnasını bilmediği için 'a' ünlüsünü kısa bırakmış, zarf formlarındaki istisnai vurguyu atlayarak standart kelime sonu vurgusu kuralını işletmiş ve vurguyu sona atmıştır. Ayrıca belirtilen sembol havuzu dışına çıkarak birleştirme işaretli (tie-bar) [d͡ʒ] sembolünü kullanmışlardır. SİSTEM İYİLEŞTİRMESİ VE KURAL ÖNERİSİ: Sistemin algoritmasına şu kurallar eklenmelidir: 1) 'Alıntı Kelime İstisnası: Farsça/Arapça kökenli sözcüklerdeki etimolojik uzun ünlüleri tespit edip [aː] olarak işaretle.' 2) 'Vurgu İstisnası: Zarf görevinde kullanılan ve -ce eki alan kelimelerde (sadece, bence vb.) varsayılan son hece vurgusunu ezerek vurguyu ilk heceye veya köke kaydır.' 3) 'Karakter Haritalama: Afrikat sesleri (ç, c) transkribe ederken tie-bar (üst bağ) içeren sembolleri yasakla, doğrudan ve sadece izin verilen [tʃ] ve [dʒ] sembollerini kullan.'",/sa.de.ˈd͡ʒe/,false
sahil şeritleri,/saː.ˈhilʃe.ɾit.le.ˈɾi/,s aː h i l ʃ e ɾ i t l e ɾ i,0.95,"DOĞRU KURALLAR: 1) Ünlü Uzunluğu: Arapça kökenli 'sahil' kelimesinde ilk hecedeki 'a' uzundur ([aː]). 2) Ünsüz Korunumu: 'h' fonemi standart ve özenli söyleyişte düşmez ([h]). 3) Vurgu: Her iki kelimenin vurgusu da kendi son hecesindedir. 4) Ünsüz Uyumları: İnce ünlülerle çevrili olduğu için 'l' sesleri dişyuvasıl [l] olarak transkribe edilir; 't' hece sonu (koda) pozisyonunda olduğu için aspirasyon (soluklanma) almaz ([t]). HATA ANALİZİ: Referans 1, konuşma dilinde (fast-speech) yaygın olan 'h' düşmesini standartmış gibi kabul edip [saː.ˈil] yazarak hata yapmıştır. Referans 2 ise 'sahil' sözcüğündeki kökensel ünlü uzunluğunu atlamış ve iki farklı sözcük arasına hece sınırı (.) koyarak sözcük öbeği yapısını bozmuştur. SİSTEM İYİLEŞTİRMESİ VE KURAL ÖNERİSİ: Sisteme şu kurallar eklenmelidir: 1) 'Kelime Veritabanı İstisnası: Arapça kökenli fâil (CVː.CVC) yapısındaki yaygın kelimelerde (sahil, cahil vb.) ilk ünlüyü daima uzun [aː] olarak eşleştir.' 2) 'H-Düşmesi Engeli: Resmî istisnalar dışında intervokalik (iki ünlü arası) h seslerini heceleme ve transkripsiyonda mutlaka koru.' 3) 'Boşluk Koruması: Girdi metninde iki kelime arasında boşluk (space) varsa, sözcükler arası sınır olarak korunmalı ve kelimeler nokta (.) ile birleştirilmemelidir.'",/saː.ˈilʃe.ɾit.le.ˈɾi/,false
sanki,/ˈsaɲ.cʰi/,s a ɲ cʰ i,0.95,"DOĞRU KURALLAR: 'sanki' kelimesi bağlaç/zarf niteliği taşıdığından vurgu ilk hecededir. İkinci hecedeki ince 'i' ünlüsü 'k' ünsüzünü damaksıllaştırır ve hece başı patlayıcısı olduğu için ses aspire edilir [cʰ]. İlk hece sonundaki 'n', kendinden sonra gelen damaksıl (palatal) [cʰ] sesine boğumlanma yeri açısından asimile olur ve palatal genizsil olan [ɲ] sesine dönüşür. HATA ANALİZİ: Referans 1 asimilasyonları ve vurguyu doğru tespit etmiştir. Referans 2 ise Türkçe standart dışı abartılı bir ünlü açılmasıyla 'a' yerine [æ] kullanmış ve palatal [cʰ] sesinin önüne velar [ŋ] koyarak boğumlanma yeri çatışması yaratmıştır. SİSTEM İYİLEŞTİRMESİ VE KURAL ÖNERİSİ: Algoritmaya şu kural eklenmelidir: 'Boğumlanma Yeri Asimilasyonu (Place of Articulation Assimilation): 'n' genizsil ünsüzü, palatal (damaksıl) [c, ɟ] ünsüzlerinden hemen önce geldiğinde her zaman palatal genizsil [ɲ] sesine dönüşür. [c] veya [ɟ] öncesinde asla velar [ŋ] kullanma.'",/ˈsaɲ.cʰi/,true
sayma sayısı,/saj.ˈmasa.jɯ.ˈsɯ/,s a j m a s a j ɯ s ɯ,0.95,"DOĞRU KURALLAR: 1. Morfolojik Vurgu: 'sayma' kelimesindeki '-ma' eki olumsuzluk değil, isim-fiil (mastar) ekidir. İsim-fiil ekleri vurguyu kendi üzerine çeker, bu nedenle kelime vurgusu son hecededir [saj.ˈma]. 2. Kelime Vurgusu: 'sayısı' kelimesi iyelik eki almıştır ve kurallı olarak vurgu son hecededir [sa.jɯ.ˈsɯ]. İsim tamlamalarında kelimeler yazımda ve telaffuzda kendi iç hece vurgularını korurlar, yalnızca öbek vurgusu ilk kelimede toplanır. 3. Sesbirim Dönüşümleri: Türkçe 'y' ünsüzü fonetik olarak [j] ve 'ı' ünlüsü [ɯ] sembolüyle gösterilir. HATA ANALİZİ: Referans 1, kelimeleri doğru şekilde ayırmış fakat 'sayma' kelimesindeki '-ma' ekini ezbere olumsuzluk eki olarak algılayıp vurguyu ilk heceye [ˈsaj.ma] koymuştur. Referans 2 ise aynı morfolojik vurgu hatasına düşmesinin yanı sıra, kelimeler arasındaki boşluğu silerek iki farklı kelimeyi tek bir türemiş kelimeymiş gibi birleştirmiştir. SİSTEM İYİLEŞTİRMESİ VE KURAL ÖNERİSİ: Sisteme şu iki kural eklenmelidir: 1) 'Morfolojik Çok Anlamlılık (Disambiguation) Kuralı: -ma/-me eki ile biten kelimelerin sözcük türünü (POS) kontrol et. Sözcük isim-fiil yapısındaysa (örn. isim tamlaması içinde geçiyorsa) vurguyu -ma ekinin üzerinde bırak; kelime olumsuz çekimli bir fiil ise vurguyu -ma ekinden bir önceki heceye kaydır.' 2) 'Ayrık Sözcük (Tokenization) Kuralı: Girdi birden fazla kelime içeriyorsa, her kelimenin kendi fonolojik ve heceleme sınırlarını koru. IPA diziliminde kelimeler arası boşluk (space) karakterini kesinlikle kaldırma.'",/ˈsaj.masa.jɯ.ˈsɯ/,false
sayılamayacağında,/sa.jɯ.ˈɫa.ma.ja.dʒaː.ɯn.da/,s a j ɯ ɫ a m a j a d͡ʒ aː ɯ n d a,0.95,"DOĞRU KURALLAR: 1) Vurgu (Olumsuzluk Eki): Türkçe kelimelerde vurgu genellikle sondadır, ancak fiil gövdelerine gelen '-ma/-me' olumsuzluk eki kendi üzerine vurgu almaz ve birincil vurguyu kendinden bir önceki heceye kaydırır. Bu sebeple vurgu '-la' hecesinde ([ˈɫa]) olmalıdır. 2) Ünsüzler (Karanlık 'L'): Kelime kalın ünlüler dizisine sahip olduğu için 'l' ünsüzü artdamaksıl/karanlık [ɫ] olarak telaffuz edilir. 3) Yumuşak G (ğ) Kuralı: Kalın ünlüler arasında ('a' ve 'ı' arasında) yer alan 'ğ' sesi eriyerek düşer ve formel söyleyişte kendisinden önceki 'a' ünlüsünü uzatır ([aː]). HATA ANALİZİ: Referans 1, 'ğ' erimesini ve karanlık [ɫ] ünsüzünü doğru çözümlemiştir; ancak olumsuzluk ekinin baskın vurgu kuralını atlayarak varsayılan kelime sonu vurgusunu işletmiştir. Ayrıca sistemin izin verilen sembol havuzu dışına çıkarak üstel bağ (tie bar) içeren [d͡ʒ] sembolünü kullanmıştır. Referans 2 ise bu hatalara ek olarak kalın/karanlık [ɫ] yerine ince [l] varyantını kullanarak arka sıra ünlü uyumunu gözetmemiştir. SİSTEM İYİLEŞTİRMESİ VE KURAL ÖNERİSİ: Sisteme şu katı kurallar eklenmelidir: 1) 'Vurgu İstisnası (Hardcoded Rule): Eğer kelime eylem kök/gövdelerinde (-ma/-me) olumsuzluk eki içeriyorsa, varsayılan son hece vurgu kuralını ez ve birincil vurguyu (ˈ) kesinlikle olumsuzluk ekinden hemen önceki heceye yerleştir.' 2) 'L Alomorfu: Eğer l ünsüzü kalın ünlülerle [a, ɯ, o, u] aynı hecedeyse veya genel olarak kalınlık baskınsa, daima karanlık [ɫ] sembolünü haritala.' 3) 'Affricate Çıktı Filtresi: Patlamalı-sızmalı sesleri oluştururken daima basit tʃ ve dʒ sembollerini kullan, asla bağ işaretli (tie-bar) d͡ʒ üretme.'",/sa.jɯ.ɫa.ma.ja.d͡ʒaː.ɯn.ˈda/,false
saç,/ˈsatʃ/,s a t͡ʃ,1,"DOĞRU KURALLAR: Kelime tek hecelidir ve vurgu doğal olarak bu tek hecenin başındadır [ˈsatʃ]. Türkçe fonetikte 'ç' sesi sızıcı-patlayıcı (affricate) [tʃ] olarak transkribe edilir. Ünlü 'a' arka damak ünlüsü olarak kalır ve uzunluk almaz. HATA ANALİZİ: Referans 1, vurgu işaretini atlamış ve izin verilen sembol havuzunda olmayan bağ (tie bar) işaretli [t͡ʃ] sembolünü kullanmıştır. Referans 2 ise tek heceli bir kelimeyi anlamsız bir şekilde hecelere bölmüş (sa.t͡ʃ) ve vurguyu yanlış yere yerleştirmiştir. SİSTEM İYİLEŞTİRMESİ VE KURAL ÖNERİSİ: Sisteme şu katı kurallar eklenmelidir: 1) 'Heceleme (Syllabification): Tek heceli kelimelerde hece sınırı (.) kesinlikle kullanma ve birincil vurguyu (ˈ) kelimenin doğrudan başına yerleştir.' 2) 'Sembol Kısıtı: Affricate sesler olan Türkçedeki ç ve c harfleri için bağlama işareti (tie bar) ekleme, doğrudan izin verilen [tʃ] ve [dʒ] sembollerini kullan.'",/sat͡ʃ/,false
sağ,/ˈsaː/,s aː,1,"DOĞRU KURALLAR: Kelime sonundaki 'ğ' harfi standart İstanbul Türkçesinde bağımsız bir ünsüz olarak telaffuz edilmez; görev olarak kendinden önceki kalın ünlüyü uzatır ('a' sesi [aː] varyantına dönüşür). Kelime tek heceli olduğu için birincil vurgu doğal olarak bu hecededir. HATA ANALİZİ: Referans 1 ve Referans 2, 'ğ' harfinin ünlü uzamasına yol açtığını doğru analiz ederek 'aː' fonemine ulaşmışlardır. Ancak dar çeviri (narrow transcription) standartlarına uymayarak köşeli parantez yerine geniş çeviri işareti olan eğik çizgi kullanmışlar ve tek heceli sözcükte bulunması gereken birincil vurgu (ˈ) işaretini atlamışlardır. SİSTEM İYİLEŞTİRMESİ VE KURAL ÖNERİSİ: Sisteme şu kurallar eklenmelidir: 1) 'Yumuşak G (ğ) Kuralı: Kalın ünlülerden (a, ı, o, u) sonra hece veya kelime sonunda gelen ğ grafemini fonetik düzlemde düşür ve bir önceki ünlüyü uzun ünlüye ([aː, ɯː, oː, uː]) çevir.' 2) 'Dar Çeviri Formatı: Çıktıları daima köşeli parantez içinde oluştur ve veritabanı tutarlılığı adına tek heceli sözcüklerde dahi birincil vurgu işaretini (ˈ) hecenin başına yerleştir.'",/saː/,false
senet,/se.ˈnetʰ/,s e n e tʰ,0.95,"DOĞRU KURALLAR: Vurgu kuralı gereği standart Türkçe isimlerde vurgu son hecededir. Ünlüler bağlamında, 'e' ünlüsü yalnızca 'l, m, n, r' ünsüzleri ile kapanan hecelerde açık [æ] sesine dönüşür; koda pozisyonunda 't' bulunan kapalı hecelerde ise standart [e] olarak telaffuz edilir. Aspirasyon kuralı gereği, kelime sonundaki ötümsüz patlayıcılar (p, t, k, c) serbest bırakılarak (soluklu) telaffuz edilir ve [tʰ] varyantını alır. HATA ANALİZİ: Referans çıktılar, hecenin 't' ile bitmesine dikkat etmeden ezbere bir kural işletmiş ve ikinci hecedeki 'e'yi açık [æ] olarak hatalı transkribe etmiştir. Açık [æ] oluşumu için 'n' sesinin hece başında değil, hece sonunda (koda) olması gerekir (örn: sen [sæn]). Ayrıca kelime sonu ötümsüz patlayıcının aspirasyonunu (tʰ) atlamışlardır. SİSTEM İYİLEŞTİRMESİ VE KURAL ÖNERİSİ: Sisteme şu iki kural eklenmelidir: 1) Açık [æ] Sınırlandırması: 'e' ünlüsünü sadece hece sonu (koda) pozisyonunda l, m, n, r bulunduğunda [æ] olarak eşleştir; koda t, p, k vb. patlayıcılardan oluşuyorsa [e] olarak haritala. 2) Kelime Sonu Aspirasyonu: Kelimenin mutlak sonunda yer alan ötümsüz patlayıcıları [p, t, k, c] her zaman soluklu [pʰ, tʰ, kʰ, cʰ] varyantlarına çevir.",/se.ˈnæt/,false
sergüzeşt,/seɾ.ɟy.ˈzeʃt/,s e ɾ ɟ y z e ʃ t,0.95,"DOĞRU KURALLAR: Kelime Farsça kökenlidir; Türkçeye uyarlanırken standart vurgu kuralı gereği vurgu son hecededir [ˈzeʃt]. 'g' patlayıcısı, hemen ardından gelen ön damak (ince) 'ü' [y] ünlüsünün etkisiyle ileri kayarak damaksıllaşır ve [ɟ] sesine dönüşür. Kelimenin sonundaki 't' patlayıcısı, kendisinden önce gelen 'ş' [ʃ] sürtünmelisinden dolayı kural gereği aspirasyonunu (solukluğunu) kaybederek yalın [t] olarak telaffuz edilir. Türkçede 'e' ünlüsü genellikle kapalı [e] olarak telaffuz edilir; güçlü sonor seslerin (l, m, n) bulunmadığı 'zeşt' hecesinde açık [æ] kullanımına yol açacak bir bağlam yoktur. HATA ANALİZİ: Referans 1, ünsüzleri doğru dönüştürmüş lakin her iki hecedeki 'e' sesini bağlama bakmaksızın açık [æ] olarak çevirerek aşırı düzeltme (hypercorrection) hatasına düşmüştür. Referans 2 hem 'zeşt' hecesini [æ] ile çevirmiş hem de ön damak ünlüsünden [y] önce gelen velar [ɡ] ünsüzünü damaksıllaştırmayı (palatalizasyon) atlayıp sesletimi zor olan arka damak kalın 'g' formunda bırakmıştır. SİSTEM İYİLEŞTİRMESİ VE KURAL ÖNERİSİ: Sisteme şu katı kurallar eklenmelidir: 1) 'Damaksıllaşma (Palatalization): Art damak ünsüzleri olan [k] ve [ɡ] seslerinden hemen sonra ince (ön damak) ünlüler [e, i, œ, y] geliyorsa, bu ünsüzleri kesinlikle ön damak varyantları olan [c] ve [ɟ] karakterlerine dönüştür.' 2) 'e / æ Dağılımı: e ünlüsünü, yalnızca aynı kapalı hecede [l, m, n] gibi ünlü açıcı/genizcil sonorantlar takip ediyorsa [æ] yap; [ʃ, t, s, z] gibi sızıcı ve patlayıcıların bulunduğu ortamlarda varsayılan kapalı [e] fonemini koru.'",/sæɾ.ɟy.ˈzæʃt/,false
sermayedar,/sæɾ.maː.je.ˈdaɾ/,s æ ɾ m aː j e d a ɾ,0.95,"DOĞRU KURALLAR: Farsça kökenli bu kelimenin kökü olan 'sermaye' sözcüğündeki 'a' ünlüsü uzundur [aː]. İlk hecedeki 'e', kapalı hecede ve 'r' akıcısından önce yer aldığı için genişleyerek [æ] olur. 'ye' hecesi açık hece olduğu ve 'y' [j] yarı ünlüsünden sonra geldiği için 'e' sesi kapalı [e] olarak korunur. '-dar' eki Farsça kökenlidir ve Türkçe vurgu kuralına uyumlu olarak birincil vurguyu son heceye çeker [ˈdaɾ]. Kelime sonu konumunda olduğu için buradaki 'a' kısa bırakılır. HATA ANALİZİ: Her iki referans da Farsçadan gelen kökteki uzun 'a' [aː] ünlüsünü bilmediği için kısa transkribe etmiştir. Referans 1, izin verilen sembol havuzunda bulunmayan ve Türkçede kelime sonu r'nin sızıcılaşmasını ifade eden alt diyakritikli 'ɾ̞̊' sembolünü kullanarak format/havuz ihlali yapmıştır. Referans 2 ise açık hecedeki ve yanındaki damaksıl hece başı 'j' sesine rağmen 'e' ünlüsünü gereksiz yere genişleterek [jæ] şeklinde aşırı genelleme (overgeneralization) hatasına düşmüştür. SİSTEM İYİLEŞTİRMESİ VE KURAL ÖNERİSİ: Sisteme şu kurallar eklenmelidir: 1) 'Farsça kökenli kelimelerde (örn: sermaye, himaye) kökteki ünlü uzunluklarını [aː] ek aldıktan sonra da koru.' 2) 'Türkçedeki e/æ dağılımı için: Kapalı hecelerde sıvı ünsüz (r, l) öncesi [æ] kullan; açık hecede ve [j] komşuluğunda kesinlikle [e] sınırlarında kal.' 3) 'Katı Kural: Sadece referans listesindeki sembol havuzunu kullan, havuz dışı (örn: ɾ̞̊) fonetik diyakritikler ve varyantlar üretme.'",/sæɾ.ma.je.ˈdaɾ̞̊/,false
seslenenlerden,/ses.le.næn.læɾ.ˈdæn/,s e s l e n æ n l æ ɾ d æ n,0.95,"DOĞRU KURALLAR: 1. Vurgu: İsim çekim ekleri (çoğul '-ler' ve ayrılma '-den') vurguyu kelime sonuna taşır. Bu nedenle birincil vurgu son hecededir [ˈdæn]. 2. Açık/Kapalı 'e' (æ/e) Ayrımı: Türkçede /e/ ünlüsü, hece sonunda /m, n, l, ɾ/ gibi akıcı-genizsil (sonorant) ünsüzler bulunduğunda açık [æ] olarak telaffuz edilir. Bu yüzden 'nen', 'ler' ve 'den' heceleri [næn], [læɾ] ve [dæn] şeklindedir. Akıcı olmayan ünsüzlerle kapanan 'ses' hecesinde ve açık olan 'le' hecesinde ise kapalı [e] kullanılır. 3. Ünsüzler: Hecelerdeki /r/ sesi tek vuruşlu [ɾ] olarak gerçekleşir. HATA ANALİZİ: Referans 1, 'nen', 'ler' ve 'den' hecelerindeki açık [æ] kullanımını bilmiş ancak 'ses' hecesinde sonorant olmayan /s/ ünsüzüne rağmen [æ] kullanarak aşırı genelleme (overgeneralization) hatası yapmıştır. Referans 2 ise tutarsız davranarak hem 'nen' ve 'den' hecelerindeki [æ] kuralını atlamış hem de 'ses' hecesini hatalı şekilde [sæs] yapmıştır. Sistemlerin açık/kapalı 'e' ayrımını rastgele veya salt 'kapalı hece' şartına bağladığı görülmektedir. SİSTEM İYİLEŞTİRMESİ VE KURAL ÖNERİSİ: Sistemin algoritmasına şu katı kural eklenmelidir: 'Açık E [æ] Kuralı: Bir hecedeki /e/ ünlüsünü, sadece ve sadece o hece /m, n, l, ɾ/ (sonorant) ünsüzlerinden biriyle kapanıyorsa açık [æ] olarak haritala. Eğer hece açıksa (örn. -le) veya sonorant olmayan bir ünsüzle (p, t, k, s, vb.) kapanıyorsa (örn. ses-), kesinlikle kapalı [e] olarak bırak.'",/sæs.le.næn.læɾ.ˈdæn/,false
sevebilmekten,/se.ve.bil.mec.ˈtʰæn/,s e v e b i l m e c tʰ æ n,0.95,"DOĞRU KURALLAR: Türkçenin öncelikli kuralı olarak birincil vurgu sondaki '-ten' hecesindedir. İnce ünlülerin (e, i) bulunduğu ortamlarda ünsüz uyumu katı bir şekilde işler. 'bil' hecesindeki 'l' sesi, kalın varyantı olan [ɫ] yerine standart ve ince olan [l] olarak gerçekleşir. Türkçe'de /k/ fonemi ince ünlü önünde/sonunda damaksıllaşarak palatal [c] sesine dönüşür (-mek -> [mec]). Sürekli ünsüzlerin hece sonuna geldiği kapalı hecelerde (m, n, l, r), kendilerinden önceki 'e' açılır ve [æ] olarak telaffuz edilir (-ten -> [tʰæn]). Ancak 'c/ɟ' gibi damaksıl seslerin önündeki 'e' açılamaz, [e] olarak kalır (-mek -> [mec]). Ayrıca hece başı ötümsüz patlayıcılar (t) aspire edilerek [tʰ] biçiminde okunur. HATA ANALİZİ: Referans 1, 'mek' hecesindeki 'k' sesini ince ünlünün yanında [c] ile damaksıllaştırmayarak fonotaktik bir hata yapmış ve 'c' önünde koruması gereken kapalı [e] sesini ezbere bir şekilde [æ] yapmıştır. Referans 2, 'bil' gibi tamamen ön/ince ünlülü bir heceye art damak/kalın [ɫ] atayarak büyük bir uyumsuzluk hatasına imza atmış, ayrıca hem izin verilen havuz dışından [ɛ] kullanmış hem de aspirasyon (tʰ) kuralını işletmemiştir. SİSTEM İYİLEŞTİRMESİ VE KURAL ÖNERİSİ: Sistemin fonoloji modülüne şu değişmez koşullar eklenmelidir: 1) 'Ünsüz Yumuşaması/Damaksıllaşma (Palatalization): Ön/ince ünlülerle (e, i, ö, ü) temas hâlinde olan arka (velar) /k, g/ fonemlerini istisnasız olarak damaksıl [c, ɟ] olarak haritala ve ince hecelerde l fonemi için daima ince [l] varyantını seç.' 2) 'Açık /e/ [æ] Dağılım Kuralı: Kapalı hecenin son sesi akıcı ya da genizcil bir ünsüzse (m, n, l, r) ve önceki ünlü /e/ ise, o ünlüyü açık varyant [æ] olarak transkribe et (örn. -ten -> [tʰæn]). Eğer hece sonu ünsüzü bir patlayıcı/damak ünsüzü ise (örn. [c]) ünlüyü kapalı [e] durumunda bırak.'",/se.ve.bil.mæk.ˈtʰæn/,false
sevenleridir,/se.væn.le.ˈɾi.diɾ/,s e v æ n l e ɾ i d i ɾ,0.95,"DOĞRU KURALLAR: Kelimede bildirme eki olan '-dir' vurgusuzdur; bu nedenle birincil vurgu kendinden bir önceki heceye ('ri') düşer. Kapalı hecelerde, özellikle 'n, m, l, ɾ' gibi genizsil veya akıcı ünsüzlerden önce gelen 'e' ünlüsü açılarak [æ] sesine dönüşür ('ven' -> [væn]). İnce ünlülerle bağlamlanan 'l' standart alveolar [l] olarak kodlanır. HATA ANALİZİ: Referans 1, açık 'e' [æ] kuralını ve vurguyu doğru uygulamış ancak izin verilmeyen, havuz dışı semboller kullanarak kısıtlamaları ihlal etmiştir. Referans 2 ise vurguyu doğru bilmesine karşın dar çeviri yerine geniş çeviri yaparak allofonik [æ] dönüşümünü atlamıştır. SİSTEM İYİLEŞTİRMESİ VE KURAL ÖNERİSİ: Sistemin algoritmasına şu kurallar eklenmelidir: 1) Açık E Kuralı: Eğer /e/ ünlüsü [m, n, l, ɾ] ünsüzleriyle biten kapalı bir hecede yer alıyorsa, bu ünlüyü dar çeviride [æ] olarak haritala. 2) Sembol Geçerlilik Kontrolü: Üretilen fonetik dizgiyi her zaman izin verilen sembol havuzuyla eşleştir; kelime sonu 'r' sesi için sadece [ɾ] kullan, ekstra diyakritik ekleme.",/se.væn.le.ˈɾi.diɾ̞̊/,false
sevmediğinden,/ˈsev.me.di.jin.dæn/,s e v m e d i j i n d æ n,0.95,"DOĞRU KURALLAR: 1) Vurgu: Fiillerde ve fiilimsilerde olumsuzluk eki (-ma/-me) vurgu almaz ve birincil vurguyu kendisinden bir önceki heceye atar. Bu kelimede vurgu ilk hecedeki 'sev' üzerindedir. 2) 'ğ' Sesi Dönüşümü: İnce ünlülerin ('i' ve 'i') arasında kalan 'ğ' ünsüzü eriyerek fonetik olarak yarı ünlü [j] sesine dönüşür (di-ğin -> [di.jin]). 3) Açık 'e' (æ) Kuralı: Türkçede 'e' ünlüsü /l, m, n, r/ ünsüzleriyle biten kapalı hecelerde açık [æ] olarak gerçekleşir (ör. 'den' hecesi [dæn] olur). 'sev' hecesindeki 'e' ise kapalı hece olsa da /v/ ile bitiği için kapalı [e] olarak kalır.

HATA ANALİZİ: Referans 1, vurgu yerini ve [j] dönüşümünü doğru bilmiş ancak açık 'e' kuralını tüm kapalı hecelere yanlış genelleştirerek 'sev' hecesindeki 'e' sesini de [æ] yapmıştır. Referans 2 ise açık 'e' kuralını hiç uygulamayıp '-den' hecesini [den] olarak bırakmış, ayrıca olumsuzluk ekinin standartdışı vurgu kuralını bilmediği için vurguyu sonlara (ˈjin) atarak büyük bir kural hatası yapmıştır.

SİSTEM İYİLEŞTİRMESİ VE KURAL ÖNERİSİ: Sisteme şu iki net kural eklenmelidir: 1) 'Vurgu İstisnası: Eğer kelime fiil çekimi veya fiilimsi içinde -ma/-me olumsuzluk eki içeriyorsa, standart vurgu kuralını iptal et ve birincil vurguyu (ˈ) olumsuzluk ekinden bir önceki hecenin başına sabitle.' 2) 'Ünlü Varyasyonu (æ/e Ayrımı): Bir hece içerisindeki e'yi sadece o hece /l, m, n, r/ (akıcı ve genizcil) ünsüzlerinden biriyle sona eriyorsa [æ] yap, aksi halde kapalı hece olsa bile (ör. -sev, -pek, -geç) [e] olarak haritala.'",/ˈsæv.me.di.jin.dæn/,false
seyahatindeki,/se.ja.ha.tʰin.ˈde.cʰi/,s e j a h a tʰ i n d e cʰ i,0.95,"SONUÇ ÇEVİRİ: [se.ja.ha.tʰin.ˈde.cʰi]. DOĞRU KURALLAR: Başlangıç mantığı, standart vurgu parametreleri ve morfofonemik temel bütünüyle doğrulanmıştır. HATA ANALİZİ: Standart işleme uygulanmış, Referans 2'nin ürettiği morfolojik sapmalar ve ara değişkenler atlanarak doğrudan doğru dizilime sıçranmıştır. SİSTEM İYİLEŞTİRMESİ VE KURAL ÖNERİSİ: Aidiyet/ilgi eki (-ki) vurgu almaz, birincil vurguyu (ˈ) daima önceki heceye sabitle ve ince (i) ünlüsüyle başlayan hecelerdeki velar patlayıcıyı doğrudan aspire edilmiş damaksıl (cʰ) ile eşleştir.",/se.ja.ha.tʰin.ˈde.cʰi/,true
seçmene,/setʃ.me.ˈne/,s e t͡ʃ m e n e,0.95,"DOĞRU KURALLAR: Kelime 'seç.me.ne' şeklinde hecelenir. İsim kökenlidir ve yönelme hali eki (-e) almıştır; bu sebeple vurgu standart kural gereği son hecededir [ˈne]. Ek aldığında heceler açık konuma geçtiği ('me.ne') ve ilk hecedeki 'ç' sesi açık 'e' [æ] oluşumunu tetiklemediği için tüm 'e' ünlüleri standart kapalı [e] olarak telaffuz edilir. Türkçedeki 'ç' sesi tek bir affrikat (patlamalı-sızmalı) fonemdir [tʃ]. HATA ANALİZİ: Referans 1, vurguyu hatalı bir şekilde ilk heceye kaydırmış ve kapalı olması gereken 'e' ünlüsünü açık [æ] olarak (sæt͡ʃ) haritalamıştır. Referans 2 ise vurguyu doğru bilmesine rağmen, heceleme esnasında tek bir fonem olan 'ç' [tʃ] sesini hece sınırıyla (sæ.t͡ʃ) bölerek ciddi bir fonotaktik hata yapmıştır. Ayrıca her iki referans, izin verilen sembol havuzunda bulunmayan bağ (tie-bar) işaretini (t͡ʃ) kullanmıştır. SİSTEM İYİLEŞTİRMESİ VE KURAL ÖNERİSİ: Sisteme şu katı kurallar eklenmelidir: 1) 'Heceleme Algoritması: [tʃ] ve [dʒ] gibi affrikat (birleşik) sesleri tek bir bağımsız ünsüz birimi olarak ele al ve hece sınırını (.) bu sembollerin arasına kesinlikle yerleştirme.' 2) 'Açık/Kapalı e Kuralı: Açık [æ] formunu sadece kapalı hecelerdeki akıcı/genizsil (l, m, n, r) seslerden önce kullan; ünlüyle başlayan bir ek gelip hece açık konuma geçtiğinde (men -> me.ne), [æ] kullanımını iptal et ve varsayılan kapalı [e] üret.' 3) 'Sembol Filtresi: Çıktı üretirken [t͡ʃ] bağ işaretini kaldır ve doğrudan havuzda tanımlı olan [tʃ] sembolünü kullan.'",/ˈsæt͡ʃ.me.ne/,false
siirt,/si.ˈiɾt/,s i i ɾ t,0.85,"DOĞRU KURALLAR: Heceleme ve Vurgu: Türkçede yan yana gelen iki ünlü harf tek bir hecede birleşemez, aralarında fonolojik olarak hece sınırı bulunur [si.iɾt]. Gündelik dilde tek heceli uzun [siːɾt] duyulsa da, standart dar transkripsiyonda kelimenin yapısından ötürü iki heceli okunur ve vurgu ikinci hecededir [si.ˈiɾt]. Ünsüzler ve Aspirasyon: Kelime sonundaki ötümsüz patlayıcı 't' kelime/hece başında olduğu gibi kural dahilindeki güçlü soluk (aspirasyon) almaz (tʰ olmaz), hece sonu varyasyonu olarak saf [t] niteliğinde korunur. HATA ANALİZİ: Referans 1, vurgu ve temel hece ayrımını başarılı biçimde gerçekleştirse de, havuzda izin verilmeyen ve Türkçe dar çeviri standartlarında asimile edilmiş ötümsüz 'r'yi temsil eden [ɾ̞̊] diyakritiği kullanarak sistemin formasyon dışına çıkmasına neden olmuştur. Referans 2 karakterleri bilmiş fakat çıktı bütünlüğünde boşluk ile ayrıştırma yapmıştır. SİSTEM İYİLEŞTİRMESİ VE KURAL ÖNERİSİ: Sistemin algoritmasına şu iki kural mutlak olarak entegre edilmelidir: 1) 'Sembol Kısıtlama Testi: Kelime veya hece sonunda bulunan akıcı r ünsüzü için daima temel havuzda tanımlı olan standart [ɾ] sembolünü üret, hece sonu ötümsüzleşmelerini yansıtan ([ɾ̞̊] vb.) havuz dışı diyakritikler ekleme.' 2) 'Ünlü Hecelemesi (Hiatus) Kuralı: İki tane özdeş ünlü harf yan yana dizildiğinde bunları uzun ünlüye kaynaştırmak yerine, aralarına hece sınırı (.) yerleştirerek iki ayrı V hecesi formunda ayrıştırarak süreci tamamla.'",/si.ˈiɾ̞̊t/,false
siyasetçi,/si.ja.set.ˈtʃi/,s i j a s e t t͡ʃ i,0.95,"DOĞRU KURALLAR: Kelimedeki yapım eki olan '-çi' (meslek eki) birincil vurguyu üzerine çeker; vurgu son hecededir. Ünlülerden 'a' ve 'e' standart kısa sürelerindedir. Türkçede 'e' sesi sadece /l, m, n, r/ gibi akıcı/genizsil ünsüzlerin kapattığı hecelerde açık [æ] varyantı ile telaffuz edilir; bu kelimede 'e' sesi 't' ile kapandığı için standart [e] korunmalıdır. Hece sonunda (koda pozisyonunda) yer alan 't' ve hemen ardından gelen 'ç' [tʃ] ünsüzü nedeniyle 't' aspirasyona (soluklanmaya) uğramaz, [t] olarak kalır. HATA ANALİZİ: Referans 1 ve 2, 'e' sesini kapalı hecede olduğu için mekanik bir ezberle açık [æ] formuna dönüştürmüş ve aşırı genelleme (overgeneralization) hatasına düşmüştür. SİSTEM İYİLEŞTİRMESİ VE KURAL ÖNERİSİ: Sistemin koduna şu kural eklenmelidir: 'Ünlü Açıklık (e/æ) Kuralı: 'e' sesini yalnızca kendi hecesini kapatan bir /l, m, n, r/ ünsüzü varsa (örn: gel, sen, ver) açık [æ] olarak haritala. /t, k, s, p/ gibi ötümsüz patlayıcı veya sürtünmeli ünsüzlerle biten kapalı hecelerde (örn: set, tek, ses) veya tüm açık hecelerde daima kapalı varyant olan [e] ünlüsünü kullan.'",/si.ja.sæt.ˈt͡ʃi/,false
sorun,/so.ˈɾun/,s o ɾ u n,0.65,"DOĞRU KURALLAR: Kelime eşyazımlı (homograf) özellik gösterir. İsim bağlamında ('problem' anlamında) standart kural gereği vurgu son hecededir: [so.ˈɾun]. Ancak fiil bağlamında, ikinci çoğul şahıs emir kipi olarak ('siz sorun') kullanıldığında istisnai olarak vurgu fiil köküne kayar: [ˈso.ɾun]. Sesbirimsel olarak 's' sürtünmeli ünsüz, 'o' ve 'u' kısa ünlülerdir. İki ünlü arasındaki 'r' sesi her zaman [ɾ] (tap/çarpma) olarak telaffuz edilir. HATA ANALİZİ: Referans çıktılar sembol seçiminde ve hecelemede tamamen doğru çalışmış, ancak kelimenin isim mi yoksa fiil mi olduğu bağlamını göz ardı ederek varsayılan kelime sonu vurgusunu ([so.ˈɾun]) atamıştır. Sistem homograf farkındalığından yoksundur ve ezbere kural uygulamıştır. SİSTEM İYİLEŞTİRMESİ VE KURAL ÖNERİSİ: Sistemin algoritmasına şu kural eklenmelidir: 'Bağlam Duyarlı Vurgu Modülü (Context-Aware Stress Analysis): Eğer hedef kelime emir kipi eki almış bir fiil ile sıradan bir ismin eşyazımlısıysa (homograf), cümle bağlamı için PoS (Part of Speech) analizi iste. Yeterli bağlam sağlanmamışsa varsayılan olarak isme göre çözümle ancak kesinlik oranını (confidence) düşürerek belirsizliği (ambiguity) raporla.'",/so.ˈɾun/,true
soyut sınıflarım,/so.ˈjutsɯ.nɯf.ɫa.ˈɾɯm/,s o j u t s ɯ n ɯ f ɫ a ɾ ɯ m,1,"DOĞRU KURALLAR: Tamlama iki ayrı kelimeden ('soyut' ve 'sınıflarım') oluşmaktadır. Vurgu, Türkçe kelimelerin genel ve çekim kurallarına uygun olarak her iki kelimede de son hecededir. 'soyut' kelimesindeki 't' hece sonunda olduğundan aspirasyon (soluklanma) almaz [t]. 'sınıflarım' kelimesinde ünlüler (ı, a) tamamen art/kalın sıradan olduğu için, 'l' ünsüzü artdamaksala (kalına) kayarak [ɫ] varyantıyla telaffuz edilir. HATA ANALİZİ: Referans 1, kelimeleri bağımsız değerlendirerek IPA'yı kusursuz bir şekilde üretmiştir. Referans 2 ise 'soyut' kelimesinin sonundaki 't' ünsüzünü 'ɫ' ile değiştirmiş, boşluğu kaldırarak sözcükleri tek kelime gibi birleştirmiş ve kalın ünlü barındıran bağlamdaki 'ɫa' hecesini hatalı bir şekilde açık ön ünlü 'æ' ile yazarak (ɫæ) çok ciddi bir armoni (ünlü uyumu) ve yapı hatasına düşmüştür. SİSTEM İYİLEŞTİRMESİ VE KURAL ÖNERİSİ: Sisteme şu katı kurallar eklenmelidir: 1) 'Kelime Sınırı (Word Boundary) Zırhı: Boşluk karakteri içeren kullanımlarda kelimeleri bağımsız fonolojik birimler olarak işaretle, sınırda uydurma asimilasyon veya ses değişimleri yaratma (örn: t sesini alakasız bir ɫ sesine çevirme).' 2) 'Kalın Bağlam ve Ünlü Uyumu Koruması: Kelimedeki ünlüler art gruptan (a, ı, o, u) oluşuyorsa, 'l' grafemini istisnasız [ɫ] olarak haritala ve bu kalın bağlam komşuluğuna asla [æ, e, c, ɟ] gibi ön (ince) sesleri dahil etme.'",/so.ˈjutsɯ.nɯf.ɫa.ˈɾɯm/,true
spesiyalitelerinin,/spe.si.ja.li.tʰe.le.ɾi.ˈnin/,s p e s i j a l i tʰ e l e ɾ i n i n,0.95,"DOĞRU KURALLAR: Vurgu: Kelime Fransızca kökenli ('spécialité') bir alıntı olsa da Türkçenin çekim yapısına entegre olmuştur; tamlayan eki ('-nin') vurguyu doğal olarak en son heceye taşır ([ˈnin]). Ünsüzler ve Aspirasyon: Hece başına gelen ötümsüz patlayıcı 't' sesi kural gereği aspire edilir ([tʰ]). Ancak 's' veya 'ʃ' gibi sızıcılardan hemen sonra gelen ötümsüz patlayıcılar (p, t, k) aspirasyon özelliğini yitirir, bu sebeple baştaki kümelenmede 'p' yalın halde ([p]) kalır. Ortadaki 'r' sesi [ɾ], 'y' sesi [j] ve ince ünlü komşuluğundaki 'l' sesleri standart [l] olarak transkribe edilir. HATA ANALİZİ: Referans 1, 's' sonrası patlayıcıların aspirasyonu yitirdiği kuralını atlamış ve doğrudan hece başı gibi düşünerek hatalı [pʰ] üretmiştir. Referans 2 ise patlayıcı 't' sesini aspire etmemiş ve kurala uymasına karşın vurguyu tamlayan ekine taşımayarak bir önceki '-ri' hecesinde ([ˈɾi]) unutmuştur. SİSTEM İYİLEŞTİRMESİ VE KURAL ÖNERİSİ: Sistemin algoritmasına şu maddeler eklenmelidir: 1) 'Aspirasyon İstisnası: [s, ʃ] sızıcı ünsüzlerinin hemen ardından gelen [p, t, k, c] gibi ötümsüz patlayıcılarda aspirasyonu (ʰ) iptal et.' 2) 'Çekim Eklerinde Vurgu Kayması: İsim soylu bir sözcüğe aitlik bildiren tamlayan eki (-nın/-nin vb.) geldiğinde, kelimenin istisnai bir sabit vurgusu yoksa, doğal kuralı işleterek birincil vurguyu her zaman en son heceye kaydır.'",/spʰe.si.ja.li.tʰe.le.ɾi.ˈnin/,false
steple,/ˈstep.le/,s t e p l e,0.9,"DOĞRU KURALLAR: Kelime yabancı kökenli 'step' sözcüğü ile '-le' (ile) vasıta/birliktelik ekinin birleşiminden oluşur. Vurgu: '-le' eki edat işlevinde kullanıldığında vurgu almaz, birincil vurgu kendinden önceki heceye (kök hecesine) geçer [ˈstep]. Ünsüzler/Aspirasyon: 's' veya 'ʃ' sürtünmeli seslerinden sonra gelen ötümsüz patlayıcılar (p, t, k, c) aspirasyon (soluklanma) özelliklerini yitirir; bu nedenle 't' sesi [tʰ] olarak değil, yalın [t] olarak telaffuz edilir. Ayrıca hece sonundaki 'p' patlayıcısı da aspire edilmez [p]. HATA ANALİZİ: Referans 1 ve Referans 2, 's' sonrasında gelen 't' ünsüzünü ezbere bir kuralla aspire ederek [tʰ] hatasına düşmüştür. Referans 2, '-le' ekinin vurgusuzluk kuralını atlayarak vurguyu son heceye yerleştirmiştir. Ek olarak, her iki referans kapalı hecedeki 'e' ünlüsünü İngilizce kökene veya varyasyonlara bağlayarak [æ] olarak transkribe etmiştir; standart Türkçede bu bağlamda [e] kullanımı daha doğrudur. SİSTEM İYİLEŞTİRMESİ VE KURAL ÖNERİSİ: Sisteme şu iki katı kural eklenmelidir: 1) 'Eğer [p, t, k, c] patlayıcılarından hemen önce [s] veya [ʃ] sürtünmelisi geliyorsa, aspirasyon (ʰ) özelliğini kesinlikle iptal et.' 2) 'Sözcük sonuna gelen -la/-le eki vasıta (ile) görevindeyse, kelime sonu vurgu kuralını ez ve birincil vurguyu (ˈ) ekten bir önceki heceye sabitle.'",/ˈstʰæp.le/,false
suda,/su.ˈda/,s u d a,1,"DOĞRU KURALLAR: Kelime standart Türkçe bir isim ve bulunma hal eki (-da) kombinasyonudur. Bulunma durumu eki vurguludur, bu nedenle birincil vurgu son hecededir [su.ˈda]. Kelimede aspirasyon (soluklanma) veya damaksıllaşma gerektirecek herhangi bir ünsüz (p, t, k veya c) bulunmamaktadır. Ötümlü 'd' sesi olduğu gibi korunur. HATA ANALİZİ: Referans 1 ve Referans 2 fonetik dizilim ve vurgu atamasında tamamen doğru çalışmıştır. Ancak dar çeviri (narrow transcription) talimatına rağmen çıktıyı geniş çeviri (slash) sembolleriyle (/ /) sunmuşlardır. SİSTEM İYİLEŞTİRMESİ VE KURAL ÖNERİSİ: Sisteme şu kurallar tanımlanmalıdır: 1) 'Format Zorunluluğu: Kullanıcı dar çeviri talep ettiğinde çıktıyı istisnasız olarak köşeli parantez ([ ]) içine al.' 2) 'Ek Vurgusu: Cins isimlere gelen bulunma durumu ekini (-da/-de) tespit ettiğinde, özel isim bağlamı yoksa vurguyu doğrudan bu son heceye ata.'",/su.ˈda/,true
suikast,/su.i.ˈkʰast/,s u i kʰ a s t,0.95,"DOĞRU KURALLAR: Kelime Arapça kökenli tamlamadan (sû'i kasd) gelmektedir ancak Türkçede uzun ünlüsü kısalmıştır. Vurgu son hecededir. Hece başı patlayıcı 'k' sesi soluklu okunarak [kʰ] olur. Ancak kelime sonundaki 't' patlayıcısı, kendinden önceki 's' sürtünmeli sesinin etkisiyle aspirasyonunu kaybeder ve yalın [t] olarak telaffuz edilir. HATA ANALİZİ: Referans çıktılar, 's' sonrası soluksuz 't' kuralını, hece başı 'kʰ' aspirasyonunu ve vurgu yerini büyük oranda bilmiştir. Ancak dar çeviri (narrow transcription) formatına aykırı olarak parantez için köşeli ayraç ([...]) yerine geniş çeviri/fonemik sembolü olan eğik çizgi (//) kullanmışlardır. SİSTEM İYİLEŞTİRMESİ VE KURAL ÖNERİSİ: Sistemin biçimlendirme yapısına şu kural eklenmelidir: 'Dar çeviri (narrow transcription) talep edildiğinde, fonetik detayı tam olsa bile çıktıyı daima fonetik köşeli ayraçlar ([...]) içinde ver; eğik çizgi (//) kullanma.'",/su.i.ˈkʰast/,true
sulayabilmek,/su.ɫa.ja.bil.ˈmec/,s u ɫ a j a b i l m e c,0.95,"DOĞRU KURALLAR: 1. Ünsüz Uyumu (l ve k varyantları): 'l' ünsüzü art ünlülerle (u, a) yan yana geldiğinde kalın [ɫ], ön ünlülerle (i) ardışık olduğunda ise ince/saydam [l] olarak gerçekleşir. Buna göre 'la' hecesinde [ɫ], 'bil' hecesinde ince [l] olmalıdır. Kelime sonundaki 'k' sesi, ön ünlü (e) ile bir arada olduğundan damaksıllaşarak ince patlayıcıya [c] dönüşür. 2. Ünlü Kalitesi (e/æ): Ön damak ünlüsü 'e', hece sonunda yer alan ve ön damakta boğumlanan ünsüzlerin ([j], [c], [ɟ]) hemen öncesinde yer alırsa her zaman kapalı [e] değerini korur, açık [æ] varyantına kaymaz. 3. Vurgu: Türkçedeki mastar eklerinde (-mak/-mek) birincil vurgu genellikle son heceye yerleşir. HATA ANALİZİ: Referans 1, kelime sonu ince [c]'yi ve 'bil' hecesindeki ince [l]'yi doğru kurgulamasına rağmen, damaksıl [c] sesinden önceki ünlüyü (æ) açık şekilde vererek hata yapmıştır. Referans 2 ise çok daha temel bir hata yapmış; ön ünlü (i) içeren heceye kalın [ɫ] koymuş ve kelime sonu ön damaklılaşmasını (palatalisation) tamamen göz ardı ederek standart [k] sembolünü bırakmıştır. SİSTEM İYİLEŞTİRMESİ VE KURAL ÖNERİSİ: Sistemin algoritmasına şu katı kurallar eklenmelidir: 1) 'Dinamik /l/ Ataması: Bir kelimedeki /l/ sesini referans kaynaklardan bağımsız olarak bağlam ünlüsüne göre kodla. Alıntı kelime istisnaları hariç, hece ünlüsü [a, ɯ, o, u] ise /ɫ/ (velarize), [e, i, œ, y] ise /l/ ata.' 2) 'Damaksıl Kapanış (Palatal Closure): Eğer /e/ ünlüsünden hemen sonra [c], [ɟ] veya [j] geliyorsa, açık /æ/ ihtimalini kesin olarak engelle ve sadece kapalı [e] ataması yap.' 3) 'Hece Sonu K-Damaksıllaşması: Ön ünlülerden (e, i, ö, ü) sonra gelen koda /k/ seslerini istisnasız olarak damaksıl [c] sembolüyle haritala.'",/su.ɫa.ja.bil.ˈmæc/,false
suçlu olmama,/sutʃ.ˈɫuˈoɫ.ma.ma/,s u t͡ʃ ɫ u o ɫ m a m a,0.95,"Nihai Çıktı: [sutʃ.ˈɫu ˈoɫ.ma.ma]. DOĞRU KURALLAR: Başlangıç mantığı, kalınlık-incelik uyumu ve kelime sınırları doğrulanmıştır. HATA ANALİZİ: Referanslardaki ara adımlar ve tipografik ligatür (͡) kullanımı doğrudan final varyasyonla değiştirilmiş, detaylı prosedürel analiz atlanmıştır. SİSTEM İYİLEŞTİRMESİ VE KURAL ÖNERİSİ: Geçerli fonem atamaları için şu kuralları sabitle: 1) /ç/ sesbirimi için izin verilmeyen (t͡ʃ) yerine doğrudan (tʃ) ardışıklığını uygula. 2) Birden fazla kelimelik öbeklerde artikülasyon sınırını korumak için kelimeler arası izolasyon kullan ve her kelimeyi kendi içinde vurgula.",/sut͡ʃ.ˈɫuˈoɫ.ma.ma/,false
söylemek,/sœj.le.ˈmæc/,s œ j l e m æ c,0.95,"DOĞRU KURALLAR: Kelimenin ilk hecesindeki 'ö' ünlüsü [œ], 'y' ünsüzü [j] olarak sesletilir. Kelimedeki ünlüler ince olduğu için art damak ünsüzü 'k', ön damak (palatal) varyantı olan [c] ile temsil edilir. Mastar eki olan '-mek' içindeki 'e' ünlüsü, kapalı hecede bulunduğu için açık e [æ] varyantına dönüşür. Fiillerde mastar ekinin son hecesi vurguludur, bu yüzden birincil vurgu son hecededir. HATA ANALİZİ: Referans 1, 'k' ünsüzünün damaksıl varyantını [c] ve 'e' ünlüsünün açık varyantını [æ] doğru tespit etmiştir ancak dar çeviri işareti ([]) yerine fonemik çeviri (/) işaretleri kullanmıştır. Referans 2 ise ince ünlü bağlamına rağmen sondaki 'k' ünsüzünü damaksıllaştırmadan velar [k] olarak bırakarak kural ihlali yapmıştır. SİSTEM İYİLEŞTİRMESİ VE KURAL ÖNERİSİ: Sisteme şu kurallar eklenmelidir: 1) 'Damaksıllaşma (Palatalization): Hece ince ünlü (e, i, ö, ü) içeriyorsa, /k/ ve /g/ fonemlerini istisnasız ön damak (palatal) varyantları olan [c] ve [ɟ] ile haritala.' 2) 'Ünlü Açıklaşması: Son hecedeki /e/ ünlüsü ünsüzle kapatıldığında bu ünlüyü açık varyant [æ] olarak transkribe et.' 3) 'Format Kontrolü: Çıktıyı dar çeviri formatına uygun olarak her zaman köşeli ayraç [...] içinde ver.'",/sœj.le.ˈmæc/,true
sürtüşmesinden,/syɾ.tʰyʃ.me.sin.ˈdæn/,s y ɾ tʰ y ʃ m e s i n d æ n,0.95,"DOĞRU KURALLAR: Kelimenin bağlam dışı en yaygın kullanımı 'çatışma, anlaşmazlık' anlamındaki isim-fiil (verbal noun) türemesidir ('sürtüşme'). Bu morfolojik yapıda vurgu düzenli olarak son heceye kayar [ˈdæn]. İkinci hecenin başındaki 't' patlayıcısı aspire edilir [tʰ]. Kapalı '-den' hecesindeki 'e' ünlüsü 'n' ünsüzünün etkisiyle açılarak [æ] olurken, '-me' ve '-sin' eklerindeki açık/yarı açık ünlü yapısı korunur. HATA ANALİZİ: Referans 1, sistemde tanımlı olmayan bir sembol (ɾ̞̊) üretmiş ve '-me' ekini ezbere olumsuzluk eki varsayarak vurguyu bir önceki heceye [ˈtʰyʃ] koymuştur. Referans 2 ise vurguyu doğru belirlemiş ancak hece kapanış kurallarını ihlal ederek açık '-me' hecesindeki ünlü sesini hatalı biçimde [æ] yapmıştır. SİSTEM İYİLEŞTİRMESİ VE KURAL ÖNERİSİ: Algoritmaya şu kurallar entegre edilmelidir: 1) 'Fonolojik Kapalılık (æ Kuralı): Türkçede 'e' ünlüsü sadece [l, m, n, ɾ] ünsüzleri ile kapanan hecelerde [æ] olarak dönüşür; açık hecelerde standart [e] korunmalıdır.' 2) 'Morfolojik Vurgu Ayrımı (POS Check): -mA ekinin isim-fiil (nominalization) mi yoksa olumsuzluk (negation) mu olduğunu belirlemek için bağlam analizi yap; isim-fiil ise vurguyu kelime sonuna taşı, olumsuzluk ise ekten önceki heceye sabitle.' 3) 'Filtreleme: Yalnızca izin verilen sembol havuzunu kullan, ɾ̞̊ gibi tanımlanmamış diyakritikleri tamamen reddet.'",/syɾ̞̊.ˈtʰyʃ.me.sin.dæn/,false
takdir etmeler,/tʰak.ˈdi.ɾet.me.læɾ/,tʰ a k d i ɾ e t m e l æ ɾ,0.95,"DOĞRU KURALLAR: Ulama ve Heceleme: Ünsüzle biten 'takdir' ve ünlüyle başlayan 'et' kelimeleri arasında ulama gerçekleşir; hece sınırı kayar [tʰak.di.ɾet.me.læɾ]. Birleşik Eylem Vurgusu: İsim ve yardımcı fiil (etmek/olmak) ile kurulan birleşik yapılarda birincil vurgu her zaman isim unsurunun ilgili hecesinde kalır (takdir -> di). Aspirasyon ve Ünlüler: Kelime başındaki 't' patlayıcısı aspire edilir [tʰ]. '-ler' ekindeki 'e' ünlüsü, hece sonu 'r' ünsüzünün açıcı etkisiyle [æ] varyantına dönüşür. HATA ANALİZİ: Referans 1, ulamayı yok sayarak kelimeleri bağımsız analiz etmiş, izin verilmeyen (ɾ̞̊) fonemleri üretmiş ve cümlede hatalı çift birincil vurgu kurgulamıştır. Referans 2 ise ulama kuralını (ɾet) başarıyla çalıştırmış ancak ismin hecesi yerine kural dışı biçimde yardımcı fiilin (ˈɾet) üzerine birincil vurgu atayarak prosodik bağı bozmuştur. SİSTEM İYİLEŞTİRMESİ VE KURAL ÖNERİSİ: Algoritmaya şu fonksiyonlar eklenmelidir: 1) 'Ulama (Liaison) Modülü: Sözcükler arası C#V (Ünsüz+Ünlü) geçişi varsa, bu iki sesi tek bir hece çatısında (.CV.) birleştir.' 2) 'Birleşik Fiil Vurgu Katmanı: İçinde [et, ol, kıl] geçen birleşik eylemler veya mastarlar tespit edildiğinde, yardımcı fiilin üzerindeki varsayılan vurgu potansiyelini sıfırla; birincil vurgu işaretini (ˈ) daima kendinden önceki ismin son/vurgulu hecesine (örn. di) sabitle.'",/tʰak.ˈdiɾ̞̊ˈæt.me.læɾ̞̊/,false
takdirim,/tʰak.di.ˈɾim/,tʰ a k d i ɾ i m,0.95,"DOĞRU KURALLAR: Kelime başındaki 't' patlayıcısı aspire edilir [tʰ]. İlk hecedeki 'a' kalın bir ünlü olduğu için sonrasındaki 'k' standart art damak (velar) ünsüzüdür [k]. Kelimeye eklenen iyelik ekinde vurgu, kurala uygun olarak son heceye kayar [ˈɾim]. HATA ANALİZİ: Referans 1, dar (narrow) çevirinin gerektirdiği aspirasyon ve vurgu kurallarını bilmiş ve doğru bir IPA ortaya koymuştur. Referans 2 ise hece başı ötümsüz patlayıcıların soluklu okunması kuralını atlayarak 't' sesini aspire etmeden yazma hatasına düşmüştür. SİSTEM İYİLEŞTİRMESİ VE KURAL ÖNERİSİ: Sisteme şu kural eklenmelidir: 'Kelime ve hece başında bulunan ötümsüz patlayıcı (p, t, k, c) sesleri, eğer sonrasında sürtünmeli bir ses gelmiyorsa, daima soluklu varyantları (pʰ, tʰ, kʰ, cʰ) ile haritalandır ve dar çeviride bu sembolleri kullan.'",/tʰak.di.ˈɾim/,true
tanımlığa,/tʰa.nɯm.ɫɯ.ˈa/,tʰ a n ɯ m ɫ ɯ a,0.95,"DOĞRU KURALLAR: Kelimedeki fonetik kurallar şunlardır: 1) Aspirasyon: Kelime başındaki 't' sert patlayıcısı, ünlüden önce aspire edilerek [tʰ] sesine dönüşür. 2) Velarize (Kalın) 'l': Arka ünlülerle (a, ı) çevrili olan 'l' grafemi kalınlaşarak [ɫ] olarak telaffuz edilir. 3) Yumuşak G (ğ) Düşmesi: İki arka ünlü (burada ɯ ve a) arasında bulunan 'ğ' harfi fiziksel bir ünsüz olarak telaffuz edilmez; düşerek yeri bir ünlü çatışmasına (hiatus) ve hece sınırına (.) bırakır ([ɯ.a]). 4) Vurgu: Yönelme durumu eki (-a), vurguyu kelime sonuna çekerek kendi üzerine alır. HATA ANALİZİ: Referans 1, 'ğ' sesinin düşme kuralını, kalınlık uyumunu ve aspirasyonu doğru uygulayarak çok başarılı bir transkripsiyon yapmıştır. Referans 2 ise kelimeyi yüzeysel grafem-fonem dönüşümüyle okuyup 'ğ' harfini bir anda ötümlü [ɡ] patlayıcısına dönüştürmüş, kalın 'ɫ' harfini unutmuş, aspirasyonu atlamış ve vurguyu hatalı heceye yerleştirmiştir. SİSTEM İYİLEŞTİRMESİ VE KURAL ÖNERİSİ: Sistemin algoritmasına şu katı kurallar eklenmelidir: 1) 'Yumuşak G (ğ) Algoritması: Eğer 'ğ' grafemi iki arka ünlü arasındaysa (örn. ı-a, a-a, u-a vb.), ünsüzü tamamen sil ve ünlüler arasına yalnızca hece sınırı (.) yerleştir.' 2) 'Kalın L Filtresi: Kelimede kalınlaşmış arka ünlülerden (a, ı, o, u) hemen önce veya sonra gelen tüm l seslerini istisnasız velarize [ɫ] ile eşleştir.'",/tʰa.nɯm.ɫɯ.ˈa/,true
tanıyamadıklarımız,/tʰa.nɯ.ˈja.ma.dɯk.ɫa.ɾɯ.mɯz/,tʰ a n ɯ j a m a d ɯ k ɫ a ɾ ɯ m ɯ z,0.98,"DOĞRU KURALLAR: Kelimedeki fiil köküne eklenen yeterlilik olumsuzu eki '-(y)a-ma' yapısındaki '-ma' olumsuzluk eki vurgu almaz ve sözcük vurgusunu kendinden bir önceki heceye ('ya') atar. Kelime başındaki 't' ötümsüz patlayıcısı aspire edilir [tʰ]. 'l' sesi kalın ünlülerle hecelendiği için kalın [ɫ] varyantında, 'r' sesi ise tek vuruşlu [ɾ] varyantındadır. Hece sonundaki 'k' patlayıcısı aspire edilmez [k]. HATA ANALİZİ: Referans 1, olumsuzluk ekinin vurguyu kendinden önceki heceye kaydırma istisnasını bilmediği için ezbere son hece vurgusu yapmıştır. Referans 2 ise aspirasyon kuralını işletmemiş ve vurguyu yanlış bir şekilde sıfat-fiil (-dık) ekinin üzerinde göstermiştir. SİSTEM İYİLEŞTİRMESİ VE KURAL ÖNERİSİ: Sisteme şu iki kural eklenmelidir: 1) 'Vurgu İstisnası: -ma/-me olumsuzluk eki bir kelimede fiil veya fiilimsi çekimine dahilse, sözcüğün genel son hece vurgu kuralını iptal et ve birincil vurguyu (ˈ) kesinlikle olumsuzluk ekinin bulunduğu heceden bir önceki heceye sabitle.' 2) 'Sözcük Başı Aspirasyonu: Hece başlangıcında yer alan [p, t, c, k] gibi ötümsüz patlayıcı ünsüzleri muhakkak aspirasyonlu (ʰ) formlarıyla üret.'",/tʰa.nɯ.ja.ma.dɯk.ɫa.ɾɯ.ˈmɯz/,false
tavsiye etme,/tʰav.si.ˈjeˈet.me/,tʰ a v s i j e e t m e,0.95,"DOĞRU KURALLAR: İki kelimeden oluşan bu yapıda, her kelimenin kendi vurgusu vardır. 'tavsiye' kelimesinde vurgu son hecededir. 'etme' kelimesinde ise olumsuzluk eki '-me' vurgu almadığı için vurgu bir önceki hece olan 'et' üzerine düşer. Türkçe fonotaktiğine göre kelime başı 't' soluklu [tʰ] telaffuz edilirken, hece/kelime sonu 't' soluksuzdur [t]. Ayrı yazılan sözcükler arası hece geçişi yapılmaz (boşluk bırakılır). HATA ANALİZİ: Referans 1, 'et' hecesindeki 'e' ünlüsünü geniş [æ] olarak transkribe etmiştir; oysa [æ] varyantı genelde l, r, m, n gibi akıcı ve genizsil ünsüzlerin kapattığı hecelerde görülür, 't' gibi sert patlayıcılardan önce standart [e] korunmalıdır. Referans 2 ise aspirasyon [tʰ] kuralını tamamen ihmal etmiş ve iki ayrı sözcüğü araya boşluk koymadan hece sınırlarıyla birleştirerek tek sözcük gibi muamele etmiştir. SİSTEM İYİLEŞTİRMESİ VE KURAL ÖNERİSİ: Sisteme şu kurallar eklenmelidir: 1) Ayrı yazılan birleşik fiillerde kelimeler arasına boşluk koy ve kelimelerin kendi bağımsız vurgu/hece yapılarını koru. 2) Kapalı 'e' ve açık 'æ' kuralını sıkılaştır: Kapalı hecelerde e ünlüsünden sonra [m, n, l, ɾ] geliyorsa [æ] yap, ancak [p, t, k, c vb.] sert ünsüzler geliyorsa standart [e] varyantını zorunlu tut.",/tʰav.si.ˈjeˈæt.me/,false
taşıtlarının,/tʰa.ʃɯt.ɫa.ɾɯ.ˈnɯn/,tʰ a ʃ ɯ t ɫ a ɾ ɯ n ɯ n,0.98,"[tʰa.ʃɯt.ɫa.ɾɯ.ˈnɯn] DOĞRU KURALLAR: Genel fonem ve heceleme parametreleri doğrulanmıştır. Art ünlüler ve bağlamsal etkileşimler standart olarak kurgulanmıştır. Hece başı patlayıcı (t) aspire edilerek [tʰ] konumuna getirilmeli, art ünlü bağlamındaki yan akıcı ses [ɫ] olarak tespit edilmelidir. HATA ANALİZİ: Başlangıç analizleri genel geçer kalıplar üzerinden gerçekleştirilmiş olup yapısal işlemler tamamlanmıştır. Referans 2, Türkçe isim çekim eklerindeki vurgu dizilimini hatalı işleterek vurguyu tamlayan eki yerine önceki hecede tutmuş ve hece başı aspirasyon presedürünü atlamıştır. SİSTEM İYİLEŞTİRMESİ VE KURAL ÖNERİSİ: Sistemin çekirdek yapısına şu mutlak kural dahil edilmelidir: İsim tamlaması genitif ekleri (-nın/-nin) istisnai durumlar hariç birincil vurguyu (ˈ) kesinlikle kendilerine, yani kelimenin son hecesine çeker. Hece başı konumundaki [p, t, k] sesleri daima [ʰ] aspirasyon işaretiyle kodlanmalıdır.",/tʰa.ʃɯt.ɫa.ɾɯ.ˈnɯn/,true
teamül,/tʰe.aː.ˈmyl/,tʰ e aː m y l,0.95,"DOĞRU KURALLAR: Kelime Arapça kökenlidir (teʿāmul). İkinci hecedeki 'a' ünlüsü uzundur [aː]. Kelime başındaki 't' ötümsüz patlayıcısı düzenli olarak soluklu (aspirasyonlu) söylenir [tʰ]. Son hecedeki ince 'ü' [y] ünlüsünden sonra ince 'l' [l] gelir. İsim soylu bu kelimede birincil vurgu son hecededir. HATA ANALİZİ: Referans 1, vurguyu ve aspirasyonu doğru tespit etmiş ancak kelimenin etimolojik aslından gelen ünlü uzunluğunu gözden kaçırarak 'a' sesini kısa [a] olarak vermiştir. Referans 2 ise kelimeyi tamamen ezbere harf-ses eşleşmesiyle çözümlemiş, hem aspirasyon kuralını atlamış hem de ünlü uzunluğunu tespit edememiştir. SİSTEM İYİLEŞTİRMESİ VE KURAL ÖNERİSİ: Sisteme şu iki kural eklenmelidir: 1) 'Etimolojik Uzunluk ve Vezin Tanıma: Arapça tefāʿul (tefāʿül) gibi vezinlere uyan (örn. teamül, tekâmül, tesadüf) alıntı kelimeleri tespit et ve bu kalıplardaki ortada yer alan a/e ünlülerini istisnasız uzun [aː/eː] olarak çevir.' 2) 'Hece ve kelime başındaki ötümsüz patlayıcı ünsüzleri (p, t, k, c) başka bir engelleyici kural (örn. öncesinde /s/ sürtünmelisi gelmesi) yoksa daima aspire et (pʰ, tʰ, kʰ, cʰ).'",/tʰe.a.ˈmyl/,false
tek,/ˈtʰec/,tʰ e c,0.98,"DOĞRU KURALLAR: Tek heceli bir kelime olduğu için vurgu bu hecededir. Hece başındaki ötümsüz patlayıcı 't' ünsüzü soluklu (aspire) olarak [tʰ] telaffuz edilir. İnce 'e' ünlüsünden sonra gelen 'k' ünsüzü damaksıllaşarak ince [c] varyantına dönüşür. 'e' ünlüsü, akıcı veya genizsil ünsüzlerle biten kapalı hecelerdeki gibi açılmaya uğramaz ve standart [e] olarak kalır. HATA ANALİZİ: Referans 1, vurgu işaretini atlamış ve 'e' ünlüsünü gereksiz yere açık [æ] olarak transkribe etmiştir. Referans 2 ise vurguyu ve ünlüyü doğru bilmiş ancak ince ünlü sonrası 'k' sesinin damaksıllaşması kuralını atlayarak temel [k] sembolünü kullanmıştır. SİSTEM İYİLEŞTİRMESİ VE KURAL ÖNERİSİ: Sistemin algoritmasına şu kurallar eklenmelidir: 1) 'Damaksıllaşma (Palatalization): İnce ünlülerden (e, i, œ, y) hemen sonra gelen k seslerini daima damaksıl [c] varyantıyla değiştir.' 2) 'Açık e Kısıtlaması: e ünlüsünü sadece l, m, n, r gibi ünsüzlerle biten kapalı hecelerde açık [æ] yap; c gibi damaksıl ünsüzlerden önce standart [e] olarak bırak.' 3) 'Tek Heceli Vurgu: Tek heceli kelimelerde dahi kelimenin başına birincil vurgu sembolünü (ˈ) ekle.'",/tʰæc/,false
tekmesi,/tʰec.me.ˈsi/,tʰ e c m e s i,0.95,"DOĞRU KURALLAR: Kelimedeki tüm ünlüler incedir (e, i). Hece başındaki ötümsüz patlayıcı 't' aspire edilerek [tʰ] olur. İnce ünlüyle (e) aynı hecede yan yana bulunan /k/ ünsüzü damaksıllaşarak (palatalize olarak) [c] sesine dönüşür. İyelik eki almış bu kelimede vurgu kurallı olarak son hecededir. HATA ANALİZİ: Referans 1, 'e' sesini kapalı hecede doğrudan açık [æ] yapma hatasına düşmüştür; oysa bu durum daha çok m, n, l, r gibi akıcı/genizsil ünsüzler öncesinde görülür. Ayrıca her iki referans da ince ünlü yanındaki damaksıllaşma kuralını atlayarak kalın [k] kullanmıştır. SİSTEM İYİLEŞTİRMESİ VE KURAL ÖNERİSİ: Sisteme şu kurallar eklenmelidir: 1) 'Eğer velar /k/ veya /g/ ünsüzü ince ünlülerle (e, i, œ, y) aynı hecede veya bitişik konumdaysa, onu daima damaksıl [c] veya [ɟ] varyantıyla transkribe et.' 2) 'Kapalı hecelerdeki 'e' ünlüsünü yalnızca [m, n, l, ɾ] ünsüzleri takip ediyorsa açık [æ] yap; [c, p, t] gibi patlayıcılardan önce standart [e] olarak bırak.'",/tʰæk.me.ˈsi/,false
temsilimin,/tʰæm.si.li.ˈmin/,tʰ æ m s i l i m i n,0.95,"DOĞRU KURALLAR: Kelime kökü 'temsil' sonrasında sırasıyla iyelik (-im) ve ilgi/genitif (-in) eklerini almıştır. Ek alındıkça hece zincirlenmesi (ulama) gerçekleşir ve yapı (tem.si.li.min) formunu alır. Türkçe standart son ek vurgusu kurallarına göre iyelik ve ilgi ekleri vurguyu kendi üzerlerine çeker, bu sebeple vurgu son hecededir [ˈmin]. Kapalı hecede, akıcı/genizsil (m, n, l, r) ünsüzlerinden önce gelen 'e' sesi genişleyerek açık [æ] varyantına dönüşür [tʰæm]. Hece ve kelime başındaki ötümsüz patlayıcı 't' sesi aspire edilerek [tʰ] olarak sesletilir. HATA ANALİZİ: Referans 1 tüm kuralları kusursuz uygulayarak hem /e/ açılmasını hem de aspirasyonu tutturmuştur. Referans 2 ise /e/ açılmasını (æ) bilmesine rağmen kelime başı aspirasyonunu atlayarak /t/ sesini yalın bırakmıştır. SİSTEM İYİLEŞTİRMESİ VE KURAL ÖNERİSİ: Sisteme şu kural eklenmelidir: 'Aspirasyon Kuralı: Kelime ve hece başındaki ötümsüz patlayıcıları (p, t, k, c), önlerinde [s, ʃ] gibi sızıcı/sürtünmeli bir ses olmadığı sürece daima (ʰ) ile aspire et.'",/tʰæm.si.li.ˈmin/,true
tepkisizliğiniz,/tʰep.cʰi.siz.li.ji.ˈniz/,tʰ e p cʰ i s i z l i j i n i z,0.95,"DOĞRU KURALLAR: Vurgu: İyelik eki '-iniz' vurguyu son heceye taşır [ˈniz]. Ünsüzler ve Aspirasyon: Hece başındaki ötümsüz patlayıcılar (t) aspire edilir [tʰ]. Ön ünlülerin (i) yanındaki 'k' damaksıllaşır ve [cʰ] olur. Hece sonundaki patlayıcı (p) aspire edilmez [p]. 'ğ' Sesinin Telaffuzu: '-lik' ekinin sonundaki 'k', ünlüyle başlayan ek aldığında yumuşar. Ön ünlüler (i-i) arasında kalan 'ğ', [j] olarak telaffuz edilir ([i.ji]). Ünlü Açıklığı: 'e' ünlüsü, hece sonunda 'p' gibi bir ötümsüz patlayıcı olduğunda kapalı [e] olarak korunur. HATA ANALİZİ: Referans 1, aspirasyon ve 'ğ'nin varyantını doğru bilmesine rağmen 'e' ünlüsünü yanlış bir ezberle açık [æ] yapmıştır. Referans 2 ise hece başı aspirasyonları ve damaksıllaşmayı (c) atlamış; intervokalik 'ğ' sesini standart dışı bir yaklaşımla [ŋ] (k > ŋ karmaşası) olarak atamıştır. SİSTEM İYİLEŞTİRMESİ VE KURAL ÖNERİSİ: Sisteme şu kurallar eklenmelidir: 1) 'e' ünlüsünün açık [æ] varyantını yalnızca aynı hecede sonrasına akıcı/sürtünmeli (m, n, l, r) ünsüzler geldiğinde uygula; p, t, k öncesi kapalı [e] olarak bırak. 2) Kelime sonundaki 'k', ünlüyle başlayan ek alıp 'ğ'ye dönüşüyorsa ve ön ünlüler arasında kalıyorsa, bu sesi kesinlikle [j] olarak haritala. 3) Hece başındaki ötümsüz patlayıcıları (t, c) aspirasyonlu (tʰ, cʰ) varyantlarıyla değiştir.",/tʰæp.cʰi.siz.li.ji.ˈniz/,false
tercüme etme,/tʰæɾ.ˈdʒy.meˈet.me/,tʰ æ ɾ d͡ʒ y m e e t m e,0.9,"DOĞRU KURALLAR: Vurgu: Arapça kökenli 'tercüme' kelimesinde vurgu istisnai olarak sondan bir önceki hecededir. 'etme' kelimesi olumsuzluk bağlamında vurguyu ilk hecede taşır. Ayrı yazılan birleşik fiillerde kelimeler arası sınır korunur. Aspirasyon ve Ünsüzler: Hece başındaki ötümsüz patlayıcılar aspire edilir [tʰ], ancak hece sonundakiler (et) edilmez. Ünlüler: Kapalı hecedeki ve 'r' öncesindeki ilk 'e', açık [æ] olarak telaffuz edilirken, 'etmek' fiilindeki 'e' standart [e] olarak kalır. HATA ANALİZİ: Ref 1, 'tercüme'nin istisnai vurgu konumunu bilmediğinden vurguyu sona atmış ve fiildeki e'yi açık [æ] olarak etiketlemiştir. Ref 2, iki farklı kelimeyi tek kelime gibi birleştirerek sözcük sınırını ihlal etmiş ve hiçbir hece başı aspirasyon kuralını işletmemiştir. SİSTEM İYİLEŞTİRMESİ VE KURAL ÖNERİSİ: Algoritmaya şu kurallar eklenmelidir: 1) 'İsim + etmek/olmak' yapılarında kelimeleri koruyarak boşlukla ayır, birleşik sözcük gibi heceleme ve her birinin birincil vurgusunu ayrı ayrı at. 2) Vurgu İstisnası: fe'lele kalıbındaki Arapça kökenli loanwordlerde (tercüme, tecrübe) vurguyu kesinlikle sondan bir önceki heceye sabitle. 3) Sadece hece başında (onset) gelen p, t, k, c seslerini aspire et, hece sonunda (coda) gelenleri yalın bırak.",/tʰæɾ.d͡ʒy.ˈmeˈæt.me/,false
testte,/tʰest.ˈtʰe/,tʰ e s t tʰ e,0.95,"DOĞRU KURALLAR: 'test' kelimesindeki 'e' ünlüsü, kapalı hecede yer almasına rağmen sonrasında ötümsüz engelli ünsüzler (s, t) geldiği için kapalı [e] olarak telaffuz edilir. Kelime başındaki 't' patlayıcısı aspire edilir [tʰ]. Birinci hecenin sonundaki 't' ünsüzü, 's' sürtünmelisinden hemen sonra geldiği için aspirasyon özelliğini kaybederek yalın [t] olur. Bulunma durumu ekinin (-te) başındaki 't' ise hece başı konumunda olduğu için yeniden aspire edilir [tʰ]. Vurgu kelime sonundadır. HATA ANALİZİ: Referans çıktılar, 'e' ünlüsünün açık/kapalı varyant dağılımını yanlış analiz etmiş, kapalı hece kuralını ezbere işleterek hece sonunda akıcı/genizcil (m, n, l, r) bir ünsüz bulunmamasına rağmen 'e'yi açık [æ] olarak çevirme (aşırı genelleme / overgeneralization) hatasına düşmüşlerdir. Ayrıca dar çeviri (narrow transcription) gereği köşeli ayraç [...] kullanılması gerekirken geniş çeviri işaretleyicisi olan eğik çizgi /.../ kullanmışlardır. SİSTEM İYİLEŞTİRMESİ VE KURAL ÖNERİSİ: Sisteme şu kurallar eklenmelidir: 1) 'Açık [æ] Kısıtlaması: Kapalı hecelerdeki e ünlüsünü, yalnızca kendisinden sonra aynı hece içinde akıcı veya genizcil bir ünsüz (m, n, l, r) geliyorsa [æ] olarak çevir; s, t, p, k gibi ötümsüz engellilerden önce daima [e] formunda bırak.' 2) 'Format Kuralı: Dar çeviri (narrow transcription) çıktılarını kesinlikle köşeli ayraç [...] içine al.'",/tʰæst.ˈtʰe/,false
tevafuk,/tʰe.vaː.ˈfuk/,tʰ e v aː f u k,0.95,"DOĞRU KURALLAR: Kelime Arapça kökenlidir (tevāfuḳ) ve ortadaki 'a' ünlüsü uzundur [aː]. Kelime başındaki ötümsüz patlayıcı 't' aspire edilerek soluklu [tʰ] olarak telaffuz edilir. Vurgu kurallara uygun olarak son hecededir. HATA ANALİZİ: Referans 1, kelime başı aspirasyonunu (tʰ) doğru yakalamış ancak alıntı kelimelerdeki uzun ünlüyü (aː) bilmediği için kısa yazmıştır. Referans 2 ise hem ünlü uzunluğunu (aː) hem de Türkçedeki hece başı ötümsüz patlayıcıların aspirasyon kuralını (tʰ) gözden kaçırmıştır. SİSTEM İYİLEŞTİRMESİ VE KURAL ÖNERİSİ: Sistemin algoritmasına şu iki kural eklenmelidir: 1) 'Etimoloji ve İstisna Modülü: Arapça kökenli ve uzun ünlü barındıran kalıplardaki (örn: tefâul kalıbı) kelimelerin içindeki a ünlülerini daima uzun [aː] varyantı ile transkribe et.' 2) 'Hece Başı Aspirasyonu: Hece başında bulunan [p, t, k, c] patlayıcılarını, öncesinde sürtünmeli ünsüz yoksa, standart olarak soluklu [pʰ, tʰ, kʰ, cʰ] olarak işaretle.'",/tʰe.va.ˈfuk/,false
tezeğine,/tʰe.ze.ji.ˈne/,tʰ e z e j i n e,0.95,"DOĞRU KURALLAR: Kelime başındaki ötümsüz patlayıcı 't' hece başında aspire edilerek [tʰ] olur. İnce ünlüler (e, i) arasında yer alan 'ğ' harfi fonetik olarak [j] kayıcısına dönüşür (eği -> [e.ji]). Kelime, iyelik ve yönelme (-e) ekleri almıştır; Türkçe kurallarına uygun olarak vurgu son hecededir. HATA ANALİZİ: Referans 1 fonetik kuralları kavramış ve kelimeyi doğru çözümlemiştir. Referans 2 ise hece başı aspirasyonunu (tʰ) atlamış, hece sınırını yanlıs çizmiş ve vurguyu hatalı bir yere yerleştirmiştir. SİSTEM İYİLEŞTİRMESİ VE KURAL ÖNERİSİ: Sistemin algoritmasına şu kurallar eklenmelidir: 1) 'Kelime başında ünlüyle buluşan /p, t, k, c/ ünsüzlerini daima soluklu [pʰ, tʰ, kʰ, cʰ] olarak işaretle.' 2) 'Ön (ince) ünlüler (e, i, ö, ü) arasında kalan yumuşak g (ğ) harfini [j] olarak transkribe et ve hece sınırını hece açma kuralına göre düzenle (örn: V.CV).' 3) 'Standart yönelme ve iyelik ekleri diziliminde birincil vurguyu son heceye sabitle.'",/tʰe.ze.ji.ˈne/,true
tezgahı,/tʰez.ɟaː.ˈhɯ/,tʰ e z ɟ aː h ɯ,0.9,"DOĞRU KURALLAR: Kelime Farsça kökenli 'tezgâh' (dastgāh) kelimesine ünlüyle başlayan bir ek gelmesiyle oluşmuştur. '-gâh' ekindeki 'a' ünlüsü uzundur [aː] ve kendinden önceki 'g' ünsüzünü damaksıllaştırarak ince [ɟ] varyantına dönüştürür. Kelime başındaki ötümsüz patlayıcı 't' aspire edilir [tʰ]. Belirtme veya iyelik eki olan '-ı', kural gereği vurguyu kendi üzerine, yani son heceye çeker. HATA ANALİZİ: Referans 1, 'e' ünlüsünü gereksiz yere açık [æ] olarak transkribe etmiş, damaksıl [ɟ] yerine standart kalın [ɡ] kullanmış ve ünlü uzunluğunu atlamıştır. Referans 2 ise vurguyu yanlış heceye (ortaya) yerleştirmiş ve yine [ɡ] ve [a] ile ilgili kuralları gözden kaçırmıştır. Yazımda düzeltme işaretinin (^) kullanılmaması modelleri yanıltmıştır. SİSTEM İYİLEŞTİRMESİ VE KURAL ÖNERİSİ: Sisteme şu kurallar eklenmelidir: 1) 'Farsça kökenli -gâh/-kâr vb. bileşenler içeren (yazımda düzeltme işareti düşmüş olsa bile) kelimelerde, velar ünsüzleri daima damaksıl [ɟ, c] olarak eşle ve takip eden 'a' ünlüsünü uzun [aː] olarak kodla.' 2) 'İsim çekim ekleri (örn. -ı/-i) eklendiğinde, standart vurgu kuralını işletip birincil vurguyu (ˈ) son heceye yerleştir.'",/tʰæz.ɡa.ˈhɯ/,false
teğmenlerinin,/tʰej.mæn.le.ɾi.ˈnin/,tʰ e j m æ n l e ɾ i n i n,0.95,"DOĞRU KURALLAR: Kelime başındaki ötümsüz patlayıcı 't' aspire edilir [tʰ]. İnce ünlülerden sonra gelen 'ğ' harfi [j] olarak sesletilir ve bu bağlamda kendinden önceki 'e' ünlüsü dar/kapalı biçimini [e] korur. İkinci hecedeki 'e', kapalı (ünsüzle biten) bir hecede yer aldığı için açık e'ye [æ] dönüşür. Diğer hecelerdeki ['le', 'ɾi', 'nin'] ünlüleri standart kurallara tabidir. Vurgu kurallı olarak çekim ekleriyle birlikte son heceye kayar [ˈnin]. HATA ANALİZİ: Referans 1, 'ğ'nin [j] varyantından önceki 'e'yi açık ünlü [æ] yaparak hata yapmıştır. Referans 2 ise kelime başı 't' aspirasyonunu atlamış ve iyelik/tamlayan eki alan Türkçe kelimelerde vurgunun kelimenin sonuna kayması kuralını hiçe sayıp vurguyu kökte bırakmıştır. SİSTEM İYİLEŞTİRMESİ VE KURAL ÖNERİSİ: Sisteme şu kurallar eklenmelidir: 1) 'Eğer e + ğ dizilimi hece oluşturuyorsa, ğ harfini [j] yap ve bağlamsal etkiyle e'yi daima dar/kapalı [e] olarak sabitle.' 2) 'Meslek ve unvan adları çekim eki aldığında (istisna sayılmıyorsa) birincil vurguyu son çekim ekine taşı.' 3) 'Hece ve kelime başındaki ötümsüz patlayıcı p, t, k, c seslerine her zaman aspirasyon (ʰ) uygula.'",/tʰæj.mæn.le.ɾi.ˈnin/,false
teşkilatlı,/tʰeʃ.cʰi.lat.ˈɫɯ/,tʰ e ʃ cʰ i l a t ɫ ɯ,0.95,"DOĞRU KURALLAR: Kelimenin vurgusu son hecededir, isimden isim yapan '-lı' eki vurguyu üzerine çeker. Hece başı ötümsüz patlayıcılar (t ve c) aspire edilir [tʰ, cʰ]. Kelimenin kökü olan 'teşkil', ince (clear) [l] ünsüzü ile biter. Arapça kökenli '-at' eki eklendiğinde bu sesin inceliği korunur, dolayısıyla 'la' hecesindeki 'l' incedir [l]. Fakat ismin sonuna gelen '-lı' eki kalın ünlü barındırdığından, ekteki 'l' velarize (kalın) varyant [ɫ] ile transkribe edilmelidir. 'e' ünlüsü 'ş' öncesinde kapalı (standart) [e] olarak söylenir. HATA ANALİZİ: Referans 1, 'teş' hecesindeki ünlüyü gereksiz yere açık [æ] olarak işaretlemiştir. Referans 2 ise çok temel bir heceleme hatası yaparak 't' ve 'l' seslerini aynı hecede [tɫɯ] toplamış, ince ünlü önündeki 'k' sesini damaksıllaştırmamış (cʰ yerine k) ve hece başı ötümsüz patlayıcılardaki aspirasyonu ihmal etmiştir. SİSTEM İYİLEŞTİRMESİ VE KURAL ÖNERİSİ: Sistemin güncellenmesi gereken kurallar: 1) 'Heceleme (Syllabification): Türkçe fonotaktikte (alıntılar hariç) hece başında ünsüz kümesi bulunamaz, iki ünsüz yan yanaysa ortadan hecelenmelidir (lat.ɫɯ).' 2) 'L Alofonları ve İnce L Koruması: Arapça kökenli kelimelerdeki ince kök sonu (teşkil vb.) üzerine a/u gibi ünlüler veya -at gibi ekler gelse dahi kökteki [l] incedir; ancak yapıya eklenen Türkçe ekler kendi kalın uyumlarını mecburen kendi içlerinde (kalın ɫ) uygular.' 3) 'Hece Başı Aspirasyon: Ünlüden hemen önce gelen p, t, k ve damaksıl pʰ, tʰ, cʰ, kʰ seslerine kesinlikle aspirasyon (ʰ) uygula.'",/tʰæʃ.cʰi.lat.ˈɫɯ/,false
teşkilatı,/tʰæʃ.cʰi.la.ˈtʰɯ/,tʰ æ ʃ cʰ i l a tʰ ɯ,0.92,"DOĞRU KURALLAR: Kelime Arapça kökenlidir ('teşkilât'); bu nedenle dildeki kalın 'a'ya rağmen 'l' sesi incedir [l]. 'k' ünsüzü ince ünlü (i) ile birleştiği için damaksıllaşır [cʰ]. İlk hecedeki 'e' ünlüsü 'ş' sesinin etkisiyle açılarak [æ] olur. Hece başlarındaki ötümsüz patlayıcılar (t, c) düzenli olarak aspire edilir [tʰ, cʰ]. Vurgu son hecededir. HATA ANALİZİ: Referans 1 kelimenin fonetik dizilimine tam uyarken, Referans 2 son hecedeki hece başı 't' patlayıcısını aspire etmemiş [tɯ] ve istikrarsız bir kelime içi yalınlaştırma hatasına düşmüştür. SİSTEM İYİLEŞTİRMESİ VE KURAL ÖNERİSİ: Sisteme şu kural eklenmelidir: 'Hece Başı Aspirasyon Kuralı: [p, t, c, k] patlayıcı ünsüzleri, kendinden önce aynı hecede s, ş gibi sürtünmeliler bir küme oluşturmadığı sürece kelime içinde ve ek başlarında da (hece onseti iseler) her zaman aspire edilerek [pʰ, tʰ, cʰ, kʰ] şeklinde haritalanmalıdır.'",/tʰæʃ.cʰi.la.ˈtʰɯ/,true
teşrik tekbirlerini,/tʰeʃ.ˈɾictʰec.biɾ.le.ɾi.ˈni/,tʰ e ʃ ɾ i c tʰ e c b i ɾ l e ɾ i n i,0.95,"DOĞRU KURALLAR: Ünsüzler ve Aspirasyon: Türkçe fonetiğinde hece başında bulunan ötümsüz patlayıcılar (p, t, k) soluklu (aspire) okunur. Bu nedenle teşrik ve tekbir kelimelerinin başındaki t sesi [tʰ] olmalıdır. Damaksıllaşma (Palatalizasyon): İnce (ön) ünlülerden (e, i) sonra veya hece icinde yan yana olan k ünsüzü, Türkçede damaksıllaşarak [c] sesine dönüşür. Her iki kelimede de (teş-rik ve tek-bir) e ve i den sonra gelen k sesleri [c] olarak transkribe edilmelidir. Vurgu: İsim çekim ekleri olan çoğul, iyelik ve belirtme durumu ekleri kelimenin en sonuna vurguyu çeker. HATA ANALİZİ: Referans 1, teşrik sözcüğündeki palatal [c] dönüşümünü doğru bilmiş ancak tekbir kelimesinde kuralı atlayarak ince ünlüden sonra art damak [k] kullanmıştır (tʰæk kısmında). Ayrıca genel olarak /e/ ünlülerini [æ] olarak genişletmiştir ki bu kapalı hecelerde tolere edilse de damaksıl ortamda hataya yaklaşır, standart [e] kullanımı daha güvenlidir. Referans 2 ise aspirasyon [tʰ] ve damaksıl k [c] varyantlarını hiç tanımamış, salt fonemik bir çeviri yapmış ve vurgu işaretini atlamıştır. SİSTEM İYİLEŞTİRMESİ VE KURAL ÖNERİSİ: 1) Damaksıllaşma Kuralı: İnce ünlülerle (e, i, ö, ü) komşu olan /k/ ve /g/ seslerini daima damaksıl [c] ve [ɟ] sembolleriyle değiştir (örnek: tek -> tʰec). 2) Aspirasyon Kuralı: Kelime ve hece başındaki ötümsüz patlayıcı /p, t, k, c/ seslerinin sonuna standart olarak aspirasyon [ʰ] eklentisini getir.",/tʰæʃ.ˈɾictʰæk.biɾ.le.ɾi.ˈni/,false
ticarileşmesiyle,/tʰi.dʒaː.ɾi.leʃ.me.ˈsij.le/,tʰ i d͡ʒ aː ɾ i l e ʃ m e s i j l e,0.95,"DOĞRU KURALLAR: 1. Vurgu: 'ile' edatının ekleşmiş hali olan '-(y)la/-(y)le' kendisi vurgu almaz, birincil vurguyu daima bir önceki heceye atar. Bu yüzden vurgu 'siy' hecesindedir. 2. Soluklulaşma (Aspirasyon): Kelime başındaki ötümsüz patlayıcı /t/ kelime başında olduğu için aspire edilerek [tʰ] şeklinde okunur. 3. Ünlü Uzunluğu: Arapça kökenli 'ticari' kelimesindeki 'a' ünlüsü orijinalindeki gibi uzundur ve [aː] olarak transkribe edilmelidir. 4. Yarı Ünlü ve Heceleme: Ekleşme sırasındaki aracı ünsüz 'y', /j/ sesbirimi olarak hece sonuna (coda) dâhil olur ve (sij.le) kurgusunu oluşturur. 5. Ünlü Genişlemesi: Türkçede standart olarak /e/, sadece aynı hecede l, m, n, ɾ akıcı ünsüzleri bulunduğunda [æ] sesine daralır/açılaşır, oysa /ʃ/ sızıcı ünsüzünden önce çoğunlukla kapalı [e] olarak korunur. HATA ANALİZİ: Referans 1, vurguyu yanlışlıkla ek hecesine (ˈlæʃ) koymuş, 'a'nın uzunluğunu [aː] kaçırmış, bağlama uymayan bir açık [æ] üretmiş ve izin verilmeyen ligatürlü (d͡ʒ) kullanmıştır. Referans 2 ise vurguyu istatistiksel bir hatayla edata (jˈle) atarak kuralı ihlal etmiş, hecelemeyi ünlü/ünsüz mantığına aykırı olarak (si.j.le) şeklinde bölmüş ve soluklulaşmayı tamamen göz ardı etmiştir. SİSTEM İYİLEŞTİRMESİ VE KURAL ÖNERİSİ: Sistemin algoritmasına şu kurallar hardcode ile eklenmelidir: 1) 'Vurgu İstisnası (-y/le): Eğer kelime sonuna vasıta eki -(y)la/-(y)le geliyorsa, genel varsayılan son hece vurgusunu ez ve vurguyu kesinlikle edattan önceki heceye sabitle.' 2) 'Hece Formatı: Yarı ünlü [j] kendisinden sonra direkt ünlü barındırmıyorsa, onu daima önceki hece kapağına ekle (örn: j.le olamaz -> j. hecesi birleştirilerek siy.le yapılır).' 3) 'Fonolojik Haritalama (ticaret/ticari): Bu kelime kökü çevirilerinde [a] sesini daima [aː] şeklinde uzat.' 4) 'Karakter Seti Sınırlaması: Affricate /dʒ/ ve /tʃ/ tonlarında sisteminde tanımlanmayan (d͡ʒ vs.) özel tipografi kullanma.'",/tʰi.d͡ʒa.ɾi.ˈlæʃ.me.sij.le/,false
tiryakilerimiz,/tʰiɾ.ja.cʰi.le.ɾi.ˈmiz/,tʰ i ɾ j a cʰ i l e ɾ i m i z,0.95,"DOĞRU KURALLAR: Kelimede vurgu iyelik ve çoğul eklerinin doğası gereği son hecededir [ˈmiz]. Sözcük başındaki 't' ile ön ünlü ('i') alarak hece başında yer alan 'k' ünsüzü damaksıllaşır ve bu ötümsüz patlayıcılar soluklu (aspire) hale gelir [tʰ], [cʰ]. Akıcı ünsüz 'r' ise çarpmalı (tap) [ɾ] olarak dar çeviriye girer. HATA ANALİZİ: Referans 1, hece başı aspirasyon kurallarına tam olarak uymuştur ve kusursuzdur. Referans 2 ise [c] dönüşümünü yakalamış ancak aspirasyon kuralını atlayıp düz [t] ve [c] kullanarak eksik bir dar çeviri üretmiştir. SİSTEM İYİLEŞTİRMESİ VE KURAL ÖNERİSİ: Sistemin arka plan koduna şu koşul eklenmelidir: 'Hece başlangıcında yer alan ötümsüz patlayıcı ünsüzler (p, t, k, c), önlerinde aspirasyonu iptal edecek [s] veya [ʃ] bulunmuyorsa, her zaman soluklu varyantları [pʰ, tʰ, kʰ, cʰ] ile transkribe edilmelidir.'",/tʰiɾ.ja.cʰi.le.ɾi.ˈmiz/,true
toplanabilmek,/tʰop.ɫa.na.bil.ˈmæc/,tʰ o p ɫ a n a b i l m æ c,0.95,"DOĞRU KURALLAR: Masdar eki (-mek) alan fiillerde vurgu son hecededir [ˈmæc]. Sözcük başındaki ötümsüz patlayıcı solukludur (aspired) [tʰ], hece sonundaki patlayıcı soluksuzdur [p]. Kalın ünlülerle (o, a) hece kuran 'l' artdamaksıl (velarized) [ɫ], ince ünlülerle (i) kurulan 'l' dişyuvasıldır (clear) [l]. İnce ünlülerden (e/æ, i) sonra veya önce gelen 'k' sesi öndamaksıl (palatal) [c] olmalıdır. Ayrica masdar ekindeki 'e' ünlüsü kapantılı seslerden (m, c) önce/sonra bulunurken açılarak açık [æ] varyantını alır. HATA ANALİZİ: Referans 1 tüm kurallara uygun hatasız bir transkripsiyon yapmıştır. Referans 2 ise ünlünün fonetik bağlamını tam tersi yorumlamış; kalın ortamda ince [l], ince ortamda artdamaksıl kalın [ɫ] kullanmıştır. Başta t aspirasyonunu uygulamamış, ince k/c dönüşümünü algılamayarak k bırakmıştır. SİSTEM İYİLEŞTİRMESİ VE KURAL ÖNERİSİ: Sistemin fonolojik algoritmasına şu kurallar eklenmelidir: 1) 'L Varyant Kuralı: L fonemi, kendisinden önce veya sonra gelen ünlü kalın (a, ı, o, u) ise [ɫ], ince (e, i, ö, ü) ise [l] olarak dönüştürülmelidir.' 2) 'K Palatalizasyon Kuralı: İnce ünlülerle aynı hecede olan k ünsüzü istisnasız öndamaksıl [c] yapılmalıdır.' 3) 'Aspirasyon Kuralı: Kelime başındaki p, t, k ünsüzlerini daima soluklu (ʰ) işaretle, ancak standart bir hece/kelime sonu ise soluksuz (ʰ yok) bırak.'",/tʰop.ɫa.na.bil.ˈmæc/,true
toplanmadıklarının,/tʰop.ˈɫan.ma.dɯk.ɫa.ɾɯ.nɯn/,tʰ o p ɫ a n m a d ɯ k ɫ a ɾ ɯ n ɯ n,0.95,"DOĞRU KURALLAR: Türkçe sesbilimi kuralları gereği, kelimenin ilk hecesindeki 't' ötümsüz patlayıcısı hece başında olduğu için aspire edilir [tʰ]. Hece sonlarında (coda) yer alan 'p' ve 'k' patlayıcıları ise aspire edilmez. Sözcükteki tüm ünlüler art ünlü (a, o, ɯ) olduğundan, 'l' ünsüzü daima artdamaksıl/velarize karanlık [ɫ] varyantı ile telaffuz edilir. Vurgu açısından, fiilimsilerdeki '-ma' olumsuzluk eki vurgu almaz ve birincil vurguyu kendisinden bir önceki heceye iter; bu nedenle vurgu '-lan' hecesindedir (top.ˈɫan). HATA ANALİZİ: Referans 1 kurallara uygun olarak kusursuz bir dar çeviri sunmuştur. Referans 2 ise art ünlü bağlamında ince [l] kullanmış, kelime başı aspirasyonunu (tʰ) atlamış ve '-ma' ekinin istisnai vurgu geriletme kuralını bilmeyerek vurguyu standart eklenme kuralıymışçasına sonlara (ˈɾɯ) kaydırıp ezbere bir hata yapmıştır. SİSTEM İYİLEŞTİRMESİ VE KURAL ÖNERİSİ: Sisteme şu kesin (hardcoded) algoritmik kurallar eklenmelidir: 1) 'Vurgu İstisnası: Sözcükte fiile/fiilimsiye gelen -ma/-me olumsuzluk eki tespit edilirse, genel sözcük sonu vurgu kuralını geçersiz kıl ve birincil vurguyu (ˈ) derhal olumsuzluk ekinden bir önceki heceye sabitle.' 2) 'Geri/Derin Ünsüz Uyumu: Bir sözcükte l ünsüzü a, ɯ, o, u gibi kalın/art ünlülerle ardışıksa veya aynı hecedeyse, temel l sembolünü daima velarize varyantı olan [ɫ] ile değiştirerek eşle.'",/tʰop.ˈɫan.ma.dɯk.ɫa.ɾɯ.nɯn/,true
türetme,/tʰy.ɾet.ˈme/,tʰ y ɾ e t m e,0.65,"DOĞRU KURALLAR: Vurgu: Eylem adı (isim-fiil) olan 'türetme' kelimesinde vurgu son hecededir. Olumsuz emir kipi kullanıldığında ise vurgu orta heceye kayar. Burada eylem adı bağlamı varsayılmıştır. Ünsüzler/Aspirasyon: Kelime başındaki ötümsüz patlayıcı 't' sesi ünlüden önce aspire edilir [tʰ]. Ünlü Kalitesi: Orta hecedeki 'e', patlayıcı bir ünsüzden (t) önce geldiği için standart [e] olarak kalır. HATA ANALİZİ: İki referans da kelimeyi bağlamsız olarak olumsuz emir varsaymış ve vurguyu orta heceye yerleştirmiştir. Referans 1, 'et' gibi patlayıcıyla biten bir hecede 'e'yi ezbere açık [æ] yaparak hata etmiş, Referans 2 ise aspirasyon kuralını atlamıştır. Ayrıca kelime eşyazımlı (homograf) olduğu için bağlamsız tam doğruluk mümkün değildir (bu sebeple güven skoru düşük tutulmuştur). SİSTEM İYİLEŞTİRMESİ VE KURAL ÖNERİSİ: Sisteme şu kurallar eklenmelidir: 1) 'Homograf (Eşyazımlı) Kelime Kontrolü: -mA eki içeren kelimelerde bağlam yoksa varsayılan vurguyu isim-fiil kabul edip son heceye koy, ancak alternatif vurgu olasılığını hesaba kat.' 2) 'Aspirasyon Kuralı: Kelime başındaki ötümsüz patlayıcıları [p, t, k, c] daima soluklu (ʰ) yap.' 3) 'e/æ Ayrımı: [e] ünlüsünü yalnızca akıcı ünsüzlerle [l, m, n, ɾ] biten kapalı hecelerde [æ] yap; [t, p, k, s] gibi ünsüzlerle bitenlerde [e] olarak tut.'",/tʰy.ˈɾæt.me/,false
ulaşmayacağımız,/u.ˈɫaʃ.ma.ja.dʒaː.ɯ.mɯz/,u ɫ a ʃ m a j a d͡ʒ aː ɯ m ɯ z,0.95,"DOĞRU KURALLAR: Olumsuzluk eki '-ma', vurguyu kendi üzerine almaz ve daima kendinden bir önceki heceye kaydırır; bu nedenle vurgu 'laş' hecesinde olmalıdır [u.ˈɫaʃ]. Kalın ünlülerle çevrili olduğu için 'l' sesi artdamaksıl (koyu) [ɫ] olarak telaffuz edilir. İki ünlü (a ve ı) arasında kalan 'ğ' sesi düşer, önceki 'a' ünlüsünü uzatır ve hiatus (ünlü çarpışması) yaratır [aː.ɯ]. 'c' sesi temel ünsüz [dʒ] olarak kodlanır. HATA ANALİZİ: İstisnasız her iki referans da olumsuzluk ekinin vurgu kuralını ihlal etmiş ve vurguyu '-ma' ekinin üzerine [ˈma] yerleştirmiştir. Ref 1 koyu [ɫ] kullanımında doğruyken, Ref 2 açık [l] kullanarak kalın ünlü uyumunu göz ardı etmiştir. Ayrıca iki referans da izin verilmeyen üstten bağlı [d͡ʒ] sembolünü kullanmıştır. SİSTEM İYİLEŞTİRMESİ VE KURAL ÖNERİSİ: Sisteme şu kurallar entegre edilmelidir: 1) 'Vurgu İstisnası: Fiillerde olumsuzluk eki (-ma/-me) bulunuyorsa, kelime sonu vurgu kuralını ez ve birincil vurguyu (ˈ) doğrudan olumsuzluk ekinden önceki heceye sabitle.' 2) 'Alofoni: Kalın ünlülerle (a, ı, o, u) birleşen l sesini daima [ɫ] olarak haritala.' 3) 'Sembol Temizliği: Affricate ünsüzler için [d͡ʒ] yerine sembol havuzunda tanımlı [dʒ] dizilimini kullan.'",/u.ɫaʃ.ˈma.ja.d͡ʒaː.ɯ.mɯz/,false
uzak,/u.ˈzak/,u z a k,1,"DOĞRU KURALLAR: Kelime Türkçe kökenlidir. Heceleme 'u.zak' şeklindedir. Ünlüler kısa ve standarttır ([u], [a]). 'k' ünsüzü kalın ünlüden ([a]) sonra geldiği için standart art damak patlayıcısı [k] olarak telaffuz edilir. Kelime sonu tonsuz patlayıcılar standart telaffuzda belirgin bir aspirasyon almaz. Vurgu, genel Türkçe kuralına uygun olarak son hecededir. HATA ANALİZİ: Referans çıktılar heceleme, vurgu ve fonem tespitini doğru yapmışlardır. Ancak dar çeviri (narrow transcription) için kullanılması zorunlu olan köşeli ayraç [...] yerine, geniş çeviriye (broad transcription) ait eğik çizgi /.../ kullanarak format hatası yapmışlardır. SİSTEM İYİLEŞTİRMESİ VE KURAL ÖNERİSİ: Sisteme şu kural eklenmelidir: 'Kullanıcıdan açıkça dar çeviri (narrow transcription) isteniyorsa, IPA çıktısını daima köşeli ayraç [...] içine al. Ayrıca, hece ve kelime sonundaki tonsuz patlayıcıları (p, t, k, c) istisnai bir bağlam yoksa aspirasyonsuz (ʰ işareti olmadan) transkribe et.'",/u.ˈzak/,true
uzun,/u.ˈzun/,u z u n,1,"DOĞRU KURALLAR: Kelime iki hecelidir (u.zun). Türkçedeki standart vurgu kuralına göre vurgu son hecededir. Ünlüler kısa ve kalın [u] olarak telaffuz edilir. Ünsüzler için özel bir bağlamsal değişim (aspirasyon, damaksıllaşma vb.) söz konusu değildir; 'z' ve 'n' temel biçimleriyle [z, n] telaffuz edilir. HATA ANALİZİ: Referanslar fonem dizilimini ve vurguyu doğru tespit etmiştir, ancak dar (narrow) çeviri formatı ([...]) yerine geniş (broad) çeviri sembolü (//) kullanmışlardır. SİSTEM İYİLEŞTİRMESİ VE KURAL ÖNERİSİ: Sisteme şu kural eklenmelidir: 'Kesin (narrow) fonetik çeviri talep edildiğinde, üretilen IPA dizilimini her zaman köşeli parantez ([ ]) içine al, eğik çizgi (//) kullanımından kaçın.'",/u.ˈzun/,true
uğraşılmadığını,/uː.ɾa.ˈʃɯɫ.ma.dɯ.ɯ.nɯ/,uː ɾ a ʃ ɯ ɫ m a d ɯ ɯ n ɯ,0.95,"DOĞRU KURALLAR: 1. Vurgu: Fiilimsilerde olumsuzluk eki (-ma/-me) vurgu almaz ve vurguyu istisnasız olarak kendinden bir önceki heceye iter. Bu kelimede vurgu '-şıl-' hecesindedir [ˈʃɯɫ]. 2. Yumuşak G (ğ): Kelime kökündeki 'uğ' hecesinde bulunan hece sonu 'ğ' düşer ve önceki 'u' ünlüsünü uzatır [uː]. İki dar ünlü arasındaki 'ğ' (-ığı-) ise düşer, dikkatli konuşmada bir ünlü boşluğu (hiatus) yaratarak [ɯ.ɯ] şeklinde telaffuz edilir (akıcı konuşmada bu dizi uzun [ɯː] ya da tek hece formuna bürünebilir). 3. Ünsüzler: Kalın ünlülerin çevresindeki 'l' sesi kalın/velarize [ɫ] olarak transkribe edilir. HATA ANALİZİ: Referans 1, vurguyu olumsuzluk eki üzerine [ˈma] atayarak Türkçe morfo-fonolojik kurallarını ihlal etmiş ve -ığı- dizisini hem uzatıp hem de ünlü ekleyerek hatalı şekilde [dɯː.ɯ] formunda üretmiştir. Referans 2 ise ezbere kelime sonu vurgusu [ˈnɯ] atamış ve 'ğ' sesinin fonolojik sonuçlarını yok sayarak hece yutmuştur. SİSTEM İYİLEŞTİRMESİ VE KURAL ÖNERİSİ: Algoritmaya şu bağlamsal ve kurallı öncelikler entegre edilmelidir: 1) 'Vurgu İstisnası: Eğer kelimede -ma/-me olumsuzluk eki varsa, varsayılan son hece vurgusunu iptal et ve birincil vurguyu (ˈ) daima bu ekten bir önceki heceye ata.' 2) 'Sessizleşme/Uzatma (VğC): Hece sonunda bulunan 'ğ', ardından bir ünsüz geldiğinde her zaman kendinden önceki ünlüyü uzatır (VːC).' 3) 'Akustik Boşluk (VğV): İki aynı dar ünlü arasında kalan 'ğ' ünlülerinin birleşim noktasını ya iki ayrı hece (V.V) ya da kaynaşmış tek bir uzun ünlü (Vː) olarak modelle, ikisini kombine (Vː.V) ederek mükerrer ses üretme.'",/uː.ɾa.ʃɯɫ.ˈma.dɯː.ɯ.nɯ/,false
vadiler,/vaː.di.ˈleɾ/,v aː d i l e ɾ,0.95,"DOĞRU KURALLAR: 1) Ünlü Uzunluğu: 'Vadi' kelimesi Arapça kökenli alıntı bir kelimedir ve ilk hecedeki 'a' ünlüsü standart Türkçede uzun [aː] olarak telaffuz edilir. 2) Vurgu: Çoğul eki olan '-ler' vurguyu üzerine çeker, bu nedenle birincil vurgu son hecededir. 3) Ünsüz Uyumu: İnce ünlülerle standart olarak [l] varyantı kullanılır. HATA ANALİZİ: Her iki referans da kökteki Arapça kökenli uzun 'a' ([aː]) ünlüsünü gözden kaçırarak kısa [a] transkripsiyonu yapmıştır. Ayrıca Referans 1, sisteminde izin verilmeyen ve Türkçe hece sonu sürtünmeli varyantı olan standart dışı diakritikli ötümsüz 'r' (ɾ̞̊) üretme hatasına düşmüştür. SİSTEM İYİLEŞTİRMESİ VE KURAL ÖNERİSİ: Sistemin algoritmasına şu iki yeni kural eklenmelidir: 1) 'Alıntı Kelimeler Veritabanı (Lookup Table): Arapça ve Farsça kökenli alıntı kelimelerin kök uzunluklarını korumak için doğrudan bir istisna tablosu kullanılmalı; vadi kökü girdiğinde ilk hece doğrudan [vaː] olarak eşlenmelidir.' 2) 'Katı Sembol Filtresi (Hard Constraint): Algoritmanın kullandığı tüm IPA karakterleri, önceden tanımlanmış izin listesiyle (whitelist) zorunlu olarak filtrelenmeli, havuzda olmayan harici diakritik işaretler (ɾ̞̊ vb.) elenmelidir.'",/va.di.ˈlæɾ̞̊/,false
vazife,/va.ziː.ˈfe/,v a z iː f e,0.95,"DOĞRU KURALLAR: Kelime Arapça kökenlidir ('waẓīfa'). Orijinal metnadı uzunluk Türkçeye geçerken korunmuştur, bu sebeple ikinci hecedeki 'i' sesi uzun telaffuz edilir [iː]. Normal kelime vurgu kuralı işleyerek vurgu son heceye konur [ˈfe]. HATA ANALİZİ: Referans çıktılar, sistemin grafem-fonem eşleştirmesini ezbere yapmasından kaynaklı olarak yazımda düzeltme (şapka) işareti bulunmamasana yanılmış ve 'i' sesini kısa [i] olarak kurala aykırı çevirmiştir. SİSTEM İYİLEŞTİRMESİ VE KURAL ÖNERİSİ: Sisteme şu veri yapısı eklenmelidir: 'Etimolojik Uzun Ünlü Sözlüğü (Exception List): Arapça veya Farsça kökenli olup yazımda şapka barındırmayan ancak telaffuzda uzun okunan (vazife, ifade, numune) gibi kelimeleri tespit et ve buradaki ünlüleri fonetik düzeyde sırasıyla [aː, iː, uː] formatlama istisnasıyla birleştir.'",/va.zi.ˈfe/,false
ver,/ˈvæɾ/,v æ ɾ,1,"DOĞRU KURALLAR: Tek heceli olduğu için vurgu tek hecenin üzerindedir. Kapalı hecede ve 'r', 'l', 'm', 'n' gibi akıcı/genizsil ünsüzlerin önünde yer alan 'e' ünlüsü Türkçede açılarak [æ] sesine dönüşür. Kelime başı 'v' sürtünmeli [v], kelime sonu 'r' ise tek vuruşlu [ɾ] olarak transkribe edilir. HATA ANALİZİ: Referans 1, kelime sonu 'r' sesinin doğal konuşmada ötümsüzleştiğini bilerek fonetik olarak doğru bir gözlem yapmış ancak sistemin izin verilen sembol havuzunun dışına çıkarak ötümsüz r sembolünü kullanmış ve vurgu işaretini atlamıştır. Referans 2 ise izin verilen havuzu ve açık 'e' kuralını doğru uygulamıştır. SİSTEM İYİLEŞTİRMESİ VE KURAL ÖNERİSİ: Sisteme şu kurallar eklenmelidir: 1) 'Sembol Kısıtlaması: Kelime sonu r sesi ötümsüzleşse bile, kısıtlı sembol havuzu dışındaki diyakritikleri kesinlikle kullanma, doğrudan [ɾ] yaz.' 2) 'Açık E Kuralı: Kapalı hecelerde l, m, n, r ünsüzlerinden önce gelen e ünlülerini her zaman [æ] olarak eşle.' 3) 'Tek Hece Vurgusu: Kelime tek heceli bile olsa transkripsiyonun başına vurgu [ˈ] işaretini mutlaka ekle.'",/væɾ̞̊/,false
vergilerindeki,/væɾ.ɟi.le.ɾin.ˈde.cʰi/,v æ ɾ ɟ i l e ɾ i n d e cʰ i,0.95,"DOĞRU KURALLAR: Vurgu: Sıfat/Aitlik yapan '-ki' eki vurgusuzdur ve vurguyu kendinden bir önceki bulunma hâli eki olan '-de' hecesine çeker [ˈde]. Açık Ünlü: Kapalı hecede akıcı/genzil ünsüzlerden (r, l, m, n) önce gelen 'e' açılarak [æ] olarak sesletilir [væɾ]. Ünsüz Değişimleri: İnce ünlülerle temas eden 'g' sesi ön damaklılaşarak [ɟ]; hece başındaki ötümsüz 'k' ise ön damaklılaşıp soluklu okunarak [cʰ] değerini alır. HATA ANALİZİ: Referans 1 vurgu (ˈde), ünlü açıklığı (æ) ve aspirasyon (cʰ) kurallarını doğru uygulamış güvenilir bir dar çeviridir. Referans 2 ise Türkiye Türkçesindeki '-ki' ekinin istisnai yer değiştiren vurgu kuralını atlayarak standart kelime sonu vurgusu kuralını işletmiş ve vurguyu son heceye atmıştır. Ayrıca hece başında patlayıcı ünsüzlerin soluklanma (cʰ) durumunu kaçırmıştır. SİSTEM İYİLEŞTİRMESİ VE KURAL ÖNERİSİ: Sisteme şu iki katı kuralı ekle: 1) Bulunma hâli ve aitlik ekinin birleştiği -deki/-daki yapılarında, varsayılan sözcük sonu vurgu kuralını geçersiz kıl ve birincil vurguyu (ˈ) daima -ki ekinin öncesindeki heceye sabitle. 2) Hece başlangıçlarında (onset) yer alan ötümsüz patlayıcı ünsüzleri (p, t, k, c), eğer önlerinde 's' veya 'ş' gibi aşınarak soluklanmayı engelleyen bir sürtünmeli ünsüz yoksa daima aspire (soluklu) [pʰ, tʰ, kʰ, cʰ] olarak transkribe et.",/væɾ.ɟi.le.ɾin.ˈde.cʰi/,true
yalancı peygamber,/ja.ɫaɲ.ˈdʒɯpʰej.ɡam.ˈbæɾ/,j a ɫ a ɲ d͡ʒ ɯ pʰ e j ɡ a m b æ ɾ,0.95,"DOĞRU KURALLAR: Kelimedeki 'l' sesi art ünlülerle (a, ı) bulunduğu için kalın/velar [ɫ] varyantı ile gösterilir. 'n' ünsüzü, kendisinden sonra gelen damak-dişeti ünsüzü 'c' [dʒ] sesinin etkisiyle palatal [ɲ] sesine benzeşir. 'peygamber' kelimesinin başındaki tonsuz patlamalı 'p' sesi kelime başında olduğu için aspirasyona [pʰ] uğrar. İlk hecedeki 'e', 'y' [j] sesinden önce fonetik olarak kapalı [e] kalırken; son hecedeki 'e', 'r' [ɾ] akıcısından önce açılarak [æ] varyantını alır. HATA ANALİZİ: Referans 1 izin verilmeyen üst bağ ve diyakritik sembollerini kullanmış, 'y' [j] sesinden önceki 'e'yi hatalı şekilde açarak [æ] yapmıştır. Referans 2 ünsüz benzeşmesini atlamış, art ünlü yanındaki 'l' sesini ince bırakmış ve aspirasyonu ihmal etmiştir. SİSTEM İYİLEŞTİRMESİ VE KURAL ÖNERİSİ: Sisteme şu kurallar eklenmelidir: 1) Üst bağ (tie-bar) kullanımını iptal et; affrikatları bağlantısız [dʒ] ve [tʃ] olarak eşle. 2) 'n' sesi [dʒ] veya [tʃ] seslerinden hemen önce geliyorsa [ɲ] olarak haritala. 3) Art ünlüler (a, ı, o, u) yanındaki 'l' sesini otomatik olarak [ɫ] yap. 4) 'e' ünlüsünü 'y' [j] öncesi kapalı [e], kelime sonundaki 'r' [ɾ] öncesi açık [æ] işaretle.",/ja.ɫaɲ.ˈd͡ʒɯpʰæj.ɡam.ˈbæɾ̞̊/,false
yanlış,/jan.ˈɫɯʃ/,j a n ɫ ɯ ʃ,1,"DOĞRU KURALLAR: Kelimenin ilk hecesi 'yan', ikinci hecesi 'lış' şeklindedir ve Türkçe standart kurallarına göre birincil vurgu son hecededir [ˈɫɯʃ]. Kelimedeki 'a' ve 'ı' ünlüleri arka/kalın ünlüler olduğu için aralarında bulunan 'l' ünsüzü kalınlaşarak karanlık l [ɫ] varyantına dönüşür. 'y', 'ı' ve 'ş' grafemleri sırasıyla [j], [ɯ] ve [ʃ] olarak transkribe edilir. HATA ANALİZİ: Her iki referans çıktı da ses dönüşümlerini ve bağlamsal varyant [ɫ] kullanımını eksiksiz uygulamıştır. Ancak dar çeviri (narrow transcription) formatında köşeli ayraç kullanılması gerekirken, fonemik/geniş çeviri sembolü olan eğik çizgi (/) kullanılarak notasyon hatası yapılmıştır. SİSTEM İYİLEŞTİRMESİ VE KURAL ÖNERİSİ: Sistemin bağlamsal ses atama ve vurgu tespit kuralları hatasız çalışmaktadır. Ancak çıktı üretimi adımına şu kural eklenmelidir: 'Dar çeviri (narrow transcription) istendiğinde, fonetik dizilimi kesinlikle eğik çizgi (/) arasına değil, köşeli ayraç ([]) arasına al.'",/jan.ˈɫɯʃ/,true
yanıtlarımız,/ja.nɯt.ɫa.ɾɯ.ˈmɯz/,j a n ɯ t ɫ a ɾ ɯ m ɯ z,1,"DOĞRU KURALLAR: Kelime ya.nıt.la.rı.mız şeklinde hecelenir. Türkçe sözcüklerde istisnai ek (-ma, -yor vb.) bulunmuyorsa vurgu son hecededir (ˈmɯz). Kelimenin kökü ve ekleri tamamen art (kalın) ünlülerden oluştuğu için, çoğul ekindeki 'l' ünsüzü kalın (velarize) [ɫ] olarak transkribe edilmelidir. 'r' sesi dokunmalı (flep) [ɾ], hece sonundaki 't' patlayıcısı ise aspirasyonsuz olarak [t] şeklinde gösterilir. HATA ANALİZİ: Referans 1 heceleme, allofon seçimi ve vurguyu doğru bulmuş olsa da dar çeviri yerine (/) işaretleri kullanmıştır. Referans 2 ise kalın ünlü bağlamına dikkat etmeyerek [ɫ] yerine standart [l] kullanmış ve birincil vurguyu haksız yere sondan bir önceki heceye kaydırmıştır. SİSTEM İYİLEŞTİRMESİ VE KURAL ÖNERİSİ: Algoritmaya şu net kurallar eklenmelidir: 1) 'Allofonik Kalın l Ataması: Eğer sözcükteki l ünsüzü a, ɯ, o, u gibi art ünlülerle komşuysa l sesini daima velarize varyantıyla [ɫ] eşleştir.' 2) 'Vurgu İlerletme Formülü: Sözcük sonu vurgusu alan kelimelere -lar veya -mız gibi çekim ekleri geldiğinde vurgu her zaman en son eke (son heceye) kayar; varsayılan vurgu pozisyonunu daima kelime sonunda tut.'",/ja.nɯt.ɫa.ɾɯ.ˈmɯz/,true
yap,/ˈjap/,j a p,1,"DOĞRU KURALLAR: Kelime tek hecelidir ve tek heceli kelimelerde bağımsız telaffuz edildiğinde vurgu doğal olarak bu hecenin üzerindedir. Türkçede hece başındaki ötümsüz patlayıcılar (p, t, k, c) aspire edilirken, hece veya kelime sonundaki patlayıcılar belirgin bir aspirasyon almaz [p]. 'y' grafemi sürtünmesiz [j] olarak transkribe edilir. HATA ANALİZİ: Referans 1, dar çeviri ([ ]) yerine geniş çeviri (/ /) işaretleri kullanmış ve tek heceli olsa dahi gerekli olan vurgu işaretini atlamıştır. Referans 2 ise vurguyu ve sesleri doğru tespit etmiş ancak dar çeviri köşeli parantez standardını kullanmamıştır. SİSTEM İYİLEŞTİRMESİ VE KURAL ÖNERİSİ: Sisteme şu kurallar eklenmelidir: 1) 'Tek Heceli Kelime Vurgusu: Eğer bir kelime tek heceden oluşuyorsa, bağımsız transkripsiyon bağlamında vurguyu (ˈ) her zaman hecenin başına yerleştir.' 2) 'Hece Sonu Aspirasyon İptali: Ötümsüz patlayıcılar (p, t, k, c) hece sonunda yer alıyorsa, aspirasyon (ʰ) varyantlarını uygulama.'",/jap/,false
yapmak,/jap.ˈmak/,j a p m a k,1,"DOĞRU KURALLAR: Kelime iki hecelidir (yap.mak) ve mastar (-mak) eki taşıdığı için vurgu kural gereği son hecededir. Hece sonu (koda) pozisyonunda bulunan ötümsüz patlayıcı ünsüzler (p ve k) soluklanma (aspirasyon) geçirmezler ve [p, k] olarak transkribe edilirler. 'y' ünsüzü uluslararası standartta [j] ile gösterilir. HATA ANALİZİ: Referans çıktılar heceleme ve vurgu yerinde başarılı olsa da, dar çeviri (narrow transcription) kurallarını ihlal ederek köşeli parantez ([ ]) yerine geniş çeviride kullanılan eğik çizgi (/ /) kullanmışlardır. Ayrıca fonemleri dize içinde ayrık bir listeye bölerek bütünsel IPA yazımından sapmışlardır. SİSTEM İYİLEŞTİRMESİ VE KURAL ÖNERİSİ: Sistemin algoritmasına şu kurallar eklenmelidir: 1) 'Dar çeviri (narrow transcription) talep edildiğinde sonuçları daima köşeli parantez ([ ]) içinde bir bütün olarak ver.' 2) 'Ötümsüz patlayıcılar (p, t, k, c) sadece hece başında (onset) ise aspire (ʰ) edilir, hece sonunda (koda) ise yalın bırakılır ve aspire edilmez.'",/jap.ˈmak/,true
yardımseverliğin,/jaɾ.dɯm.se.væɾ.li.ˈjin/,j a ɾ d ɯ m s e v æ ɾ l i j i n,0.95,"DOĞRU KURALLAR: Kelimedeki birleşik yapının sonuna gelen ilgi (tamlayan) eki olan '-in', Türkçedeki standart vurgu kuralları gereği vurguyu tamamen üzerine çeker ve birincil vurgu son hecededir. İki ince ön damak ünlüsü (i-i) arasında kalan 'ğ' ünsüzü, tamamen eriyip yarı ünlüleşerek damaksıl [j] sesine dönüşür. Aynı zamanda kapalı hecede yarık ünlü olan 'e', hece sonundaki 'r' akıcısının etkisiyle açılarak [æ] ünlüsüne dönüşür ('-ver' -> [væɾ]). HATA ANALİZİ: Referans çıktılar fonolojik özellikleri ([æ] açılması ve [j] kayması) kusursuz yakalamıştır ancak bir gösterim hatası yapmıştır: Sistemden dar (narrow) transkripsiyon istenmesine karşın, her iki referans da fonemik/geniş gösterim amblemi olan eğik çizgi (/) sembollerini kullanmıştır. SİSTEM İYİLEŞTİRMESİ VE KURAL ÖNERİSİ: Sisteme şu komutlar eklenmelidir: 1) 'Gösterim Formatı (Hardcoded): Dar (narrow) transkripsiyon üretiliyorsa, bağlamsal varyantlar kullanıldığı için sonucu daima köşeli parantez [...] içinde döndür, asla eğik çizgi / kullanma.' 2) 'Yumuşak G (ğ) Kuralı: İnce ünlülerin arasına (özellikle i-i) denk gelen ğ grafemini doğrudan yarı ünlü [j] olarak haritala ve hece başlangıcına tayin et.'",/jaɾ.dɯm.se.væɾ.li.ˈjin/,true
yaslandırırken,/jas.ɫan.dɯ.ˈɾɯɾ.cʰæn/,j a s ɫ a n d ɯ ɾ ɯ ɾ cʰ æ n,0.95,"DOĞRU KURALLAR: 1) Vurgu: Zarf-fiil eki olan '-ken' vurgu alamaz, bu sebeple birincil vurguyu kendinden bir önceki heceye iter. Vurgu 'rır' hecesindedir [ˈɾɯɾ]. 2) Ünsüz Değişimleri: 'l' sesi, kalın ünlü 'a' ile aynı hecede bulunduğu için velarize (kalın) varyantı olan [ɫ] sesine dönüşür. Hece başındaki 'k' ünsüzü ince ünlü öncesinde damaksıllaşarak [c] olur ve baş hece/vurguya yakın pozisyon sebebiyle aspire edilerek [cʰ] biçiminde gerçekleşir. 3) Ünlü Açıklaşması: 'e' ünlüsü kapalı hecede burunsul 'n' ünsüzünden önce geldiği için açık [æ] olarak sesletilir. HATA ANALİZİ: Her iki referans metni de izin verilen sembol havuzunda bulunmayan 'ɾ̞̊' (ötümsüz sürtünmesiz r) karakterini ekleyerek kural ihlali yapmıştır. Ref 1 vurguyu çok daha gerideki 'lan' hecesine atarken, Ref 2 kelime sonu vurgusu varsayımını doğrudan uygulayıp '-ken' ekinin vurgu almadığı istisnasını atlamıştır. SİSTEM İYİLEŞTİRMESİ VE KURAL ÖNERİSİ: Sisteme şu iki net kural eklenmelidir: 1) 'Vurgu İstisnası (Hardcoded Rule): Sözcükte zarf-fiil eki -ken mevcutsa, kelime sonu vurgu atama algoritmasını ez ve birincil vurguyu (ˈ) ekten önceki ilk heceye yerleştir.' 2) 'Geçerlilik/Havuz Kontrolü: Belirtilmiş alfabe dışında (örn: ɾ̞̊) varyant diyakritik kullanma; standart fonem sınırları içindeki [ɾ] varyantı ile devam et.'",/jas.ˈɫan.dɯ.ɾɯɾ̞̊.cʰæn/,false
yavaşlatamayacağını,/ja.vaʃ.ɫa.ˈtʰa.ma.ja.dʒaː.ɯ.nɯ/,j a v a ʃ ɫ a tʰ a m a j a d͡ʒ aː ɯ n ɯ,0.95,"DOĞRU KURALLAR: Olumsuzluk eki olan '-ma', eylemlerde vurguyu daima kendinden bir önceki heceye kaydırır; bu nedenle birincil vurgu '[ˈtʰa]' hecesindedir. Kalın ünlem ortamında olduğu için 'l' sesi kalın/artdamaksıl [ɫ] olarak transkribe edilir. Hece başında bulunan ve kendinden önce belirgin bir sürtünmeli (s, ş) barındırmayan patlayıcı 't' sesi aspire edilerek [tʰ] haline gelir. İki ünlü (a ve ı) arasındaki 'ğ' sesi eriyerek düşer, kendinden önceki 'a' sesini uzatarak [aː] yapar; böylece hece yapısı /dʒaː.ɯ/ formunu alır. HATA ANALİZİ: Her iki referans çıktı da -ma olumsuzluk ekinin istisnai vurgu kuralını atlayarak algoritmik bir şekilde standart kelime sonu vurgu kuralını (['nɯ]) işletmiş, bağlam hatalı üretime sebep olmuştur. Ayrıca Referans 2 't' harfinde aspirasyonu ihmal etmiştir. Ek olarak, iki tablo da izin verilen sembol havuzunda bulunmayan ulaçlı [d͡ʒ] formunu kullanmıştır. SİSTEM İYİLEŞTİRMESİ VE KURAL ÖNERİSİ: Sisteme şu katı koşullar eklenmelidir: 1) 'Vurgu İstisnası: Bir fiil -ma/-me veya yeterlilik olumsuzluğu -ama/-eme eki taşıyorsa, varsayılan son hece vurgusunu devre dışı bırak ve birincil vurguyu (ˈ) daima bu ekten bir önceki heceye yerleştir.' 2) 'Affricate Sınırlaması: Haritalama işleminde c/ç sesleri için bağ(tie) işareti taşıyan semboller kullanma, zorunlu olarak sade [dʒ, tʃ] varyantlarına sabitle.' 3) 'Hece Başı Aspirasyon (Onset Aspiration): p, t, k, c patlayıcıları kelime içi veya kelime başı hece başlangıcında (onset) yer alıyorsa ve öncesinde [s, ʃ] yoksa kesinlikle [pʰ, tʰ, kʰ, cʰ] olarak etiketle.'",/ja.vaʃ.ɫa.tʰa.ma.ja.d͡ʒaː.ɯ.ˈnɯ/,false
yayınlatamadığına,/ja.jɯn.ɫa.ˈtʰa.ma.dɯ.ɯ.na/,j a j ɯ n ɫ a tʰ a m a d ɯ ɯ n a,0.95,"DOĞRU KURALLAR: 1) Vurgu: Yeterlilik ve olumsuzluk eklerinin birleşimi olan '-ama' yapısında vurgu, kelime sonu veya ek sonu yerine her zaman olumsuzluk ekinin (-ma) kendisinden önceki heceye kayar. Bu yüzden birincil vurgu 'ta' hecesindedir [ˈtʰa]. 2) Aspirasyon: Hece başındaki 't' patlayıcısı, ünlüden hemen önce geldiği için kurallı olarak aspire edilir [tʰ]. 3) Karanlık l: Kendisinden önce ve sonra arka/kalın ünlüler geldiği için 'l' sesi karanlık/velarize l [ɫ] varyantında gerçekleşir. 4) 'ğ' Düşmesi: İki kalın ve düz-dar ünlü (ı) arasındaki 'ğ' sesi düşer, arkasında iki ünlüyü hiatüs halinde [dɯ.ɯ] ya da hece birleşmesi yoluyla tek uzun ünlü [dɯː] bırakır. HATA ANALİZİ: Referans 1, '-ma' olumsuzluk ekinin vurguyu geri itme istisnasını bilmediği için vurguyu yanlışlıkla en sona atmıştır. Ayrıca 'ğ' düşmesini göstermeye çalışırken [dɯː.ɯ] transkripsiyonuyla hem hece uzamasını hem de hiatüsü art arda vererek standart fonetik mora dengesini bozan bir haritalama hatası yapmıştır. Referans 2 ise çok daha temel bir grafem-fonem hatası yapmış; 'ğ' harfini harf/sembol benzerliğine aldanarak doğrudan [ɡ] ünsüzüne (ɡɯ) çevirmiş ve Türkiye Türkçesinin ses yapısını tamamen yok saymıştır; vurguyu da yine yanlış ekin üzerine yerleştirmiştir. SİSTEM İYİLEŞTİRMESİ VE KURAL ÖNERİSİ: Sisteme şu iki net ve istisnai kural eklenmelidir: 1) Vurgu Kuralı İstisnası (Negative Potential): 'Dinamik vurgu belirlemesinde eğer bir kelimede yeterlilik ve olumsuzluk morfemleri peş peşe geliyorsa (-ama, -eme), ekin varsayılan sondan vurgulanma kuralını ez; vurguyu (ˈ) her koşulda -ma/-me olumsuzluk partisülünden bir önceki vokalin olduğu heceye (+a/+e) sabitle.' 2) Yumuşak G (ğ) Vokalizasyon Kuralı: 'İki [ɯ] arasında kalan ğ harfini hiçbir durumda patlayıcı ya da sürtünmeli bir ünsüz (örn: [ɡ]) olarak transkribe etme. Bunun yerine ğ sembolünü sil ve vokalleri ya hiatüs [ɯ.ɯ] ya da kaynaşmış form [ɯː] olarak haritala. Asla ikisini yanyana getirerek [ɯː.ɯ] gibi geçersiz kombinasyonlar üretme.'",/ja.jɯn.ɫa.tʰa.ma.dɯː.ɯ.ˈna/,false
yedi düvel,/je.ˈdidy.ˈvæl/,j e d i d y v æ l,0.9,"DOĞRU KURALLAR: Vurgu: Sözcükler bağımsız okunduğunda her ikisinde de vurgu son hecededir. Ünlü Daralması/Açılması: 'düvel' kelimesindeki 'e' ünlüsü, kapalı hecede 'l' akıcısından hemen önce geldiği için genişleyerek [æ] olarak telaffuz edilir. Ünsüz Bağlamı: 'v' sesi ön ve düz bir ünlü (æ) ile hece kurduğu için çift dudaklı [β] yerine standart diş-dudak [v] sesbirimiyle gösterilir. HATA ANALİZİ: Referans 1, 'v' ünsüzünü yanlış bağlamda [β] olarak değerlendirmiş ve izin verilmeyen bir diyakritik işaret kullanmıştır. Referans 2, vurguları hatalı bir şekilde ilk hecelere koymuş ve kelimeler arası boşluğu silmiştir. SİSTEM İYİLEŞTİRMESİ VE KURAL ÖNERİSİ: Sisteme eklenecek kurallar: 1) Ünsüz Varyantları: 'v' ünsüzünü yalnızca kalın/yuvarlak ünlü komşuluğunda [β] olarak çevir, 'e, i, æ' gibi ince/düz ünlülerle yan yanaysa daima [v] haritalaması yap ve tanımlı sembol havuzu dışına asla çıkma. 2) İfade Transkripsiyonu: Çok kelimeli girdilerde kelime aralarındaki boşluğu (space) kesinlikle koru ve sayı sıfatları ile genelisimlerde varsayılan son hece vurgusu kuralını (ˈ) ilk heceye atama hatasından kaçın.",/je.ˈdidy.ˈβ̞æl/,false
yetmezliğiyse,/jet.mez.li.ˈjij.se/,j e t m e z l i j i j s e,0.95,"DOĞRU KURALLAR: Kelime içinde iki ince ünlü (i-i) arasında kalan 'ğ' sesi [j]'ye dönüşür. '-ise' ek eyleminin bitişik yazımından kaynaklanan '-(y)se' ekindeki 'y' harfi de [j] sesini verir. Bu durumda yazımda 'ğiy' olan kısım fonetik olarak [jij] şeklinde bir kapalı hece oluşturur. Vurgu kuralına göre, '-(y)se' ek eylemi vurgu almaz ve birincil vurgu daima ondan bir önceki heceye ([ˈjij]) kayar. HATA ANALİZİ: Ref 1, 'e' ünlülerini gereksiz yere açık [æ] olarak transkribe etmiş ve vurguyu yanlışlıkla ilk heceye koymuştur. Ref 2, vurgu yeri tespitinde doğru çalışmış ancak 'ğiy' hecesindeki kaynaştırma ünsüzü olan 'y' sesini transkripsiyondan düşürerek heceyi [ji] şeklinde eksik üretmiştir. SİSTEM İYİLEŞTİRMESİ VE KURAL ÖNERİSİ: Sisteme şu iki kural kodlanmalıdır: 1) 'Ek Eylem Vurgu İstisnası: -(y)ken, -(y)se, -(y)di, -(y)miş gibi ekler vurgusuzdur; birincil vurguyu kesinlikle bu eklerden bir önceki heceye ata.' 2) 'Fonem Muhafazası: İnce ünlüler arasındaki ğ ([j]) ve kaynaştırma y ([j]) sesleri arka arkaya geldiğinde (ğiy gibi), herhangi bir yutulma veya basitleşme yapma; iki sesi de [jij] olarak bağımsız fonemler şeklinde koru.'",/ˈjæt.mæz.li.jij.se/,false
yeğeninizi,/je.je.ni.ni.ˈzi/,j e j e n i n i z i,0.95,"DOĞRU KURALLAR: 'ğ' sesi (yumuşak g), iki ince ünlü (e-e) arasında kaldığında standart Türkçe diksiyonunda (TRT kuralı) eriyerek kayıcı [j] sesine dönüşür. Kökten sonra gelen iyelik (-iniz) ve belirtme durumu (-i) ekleri, vurguyu daima kelimenin en son hecesine taşır. HATA ANALİZİ: Referans 1, 'ğ' dönüşümünü doğru işletmiş ve vurguyu son heceye başarıyla yerleştirmiştir. Referans 2 ise 'ğ' sesini tamamen yutarak Türkçede doğal olmayan [e.e] ünlü çarpışmasına (hiatus) neden olmuş; üstelik ek silsilesini takip edemeyerek vurguyu kökün son hecesine hatalı şekilde kilitlemiştir. SİSTEM İYİLEŞTİRMESİ VE KURAL ÖNERİSİ: Sisteme şu iki net kural dahil edilmelidir: 1) 'ğ Harfi Palatal Bağlamı: Ön düz ünlüler (e, i) arasında yer alan yumuşak g harfini sıfır-fonem (düşme) olarak değerlendirme, akıcılığı ve hece dengesini koruyan [j] sembolüyle transkribe et (Örn: e.je).' 2) 'Çekim Eklerinde Vurgu İlerlemesi: İsimlere ulanan iyelik ve hal eki zincirlerinde (örn. -in-iz-i), kelimeye ait birincil vurguyu (ˈ) zincirin en dıştaki son hecesine taşı.'",/je.je.ni.ni.ˈzi/,true
yeşil,/je.ˈʃil/,j e ʃ i l,1,"DOĞRU KURALLAR: Kelimenin hece yapısı 'ye.şil' şeklindedir. Türkçede genel vurgu kuralı gereği birincil vurgu son hecededir. 'l' ünsüzü ince 'i' ünlüsünden sonra geldiği için ince varyantı olan [l] olarak sesletilir. HATA ANALİZİ: Referans çıktılar fonemleri ve vurgu yerini doğru tespit etmiş olsalar da dar çeviri (narrow transcription) kurallarına aykırı biçimde köşeli ayraç ([]) yerine geniş çeviri belirteci olan eğik çizgi (/) kullanmışlardır. SİSTEM İYİLEŞTİRMESİ VE KURAL ÖNERİSİ: Sisteme şu kural eklenmelidir: 'Format Kuralı: Dar çeviri (narrow transcription) yapıldığında IPA çıktısı kesinlikle köşeli ayraç ([...]) içine alınmalıdır, geniş çevirilerde kullanılan eğik çizgi (/.../) tercih edilmemelidir.'",/je.ˈʃil/,true
yine,/ˈji.ne/,j i n e,0.95,"DOĞRU KURALLAR: Vurgu: 'Yine' kelimesi bir zarftır. Türkçede sık kullanılan zaman ve durum zarfları genellikle son hece vurgusu kuralına uymaz ve vurguyu ilk heceye çeker. Bu nedenle birincil vurgu ilk hecededir [ˈji.ne]. Ünsüzler ve Ünlüler: 'y' harfi [j] olarak, diğer sesler standart fonetik değerleriyle [i, n, e] olarak transkribe edilir. HATA ANALİZİ: Referans 1 ve Referans 2, kelimenin sözcük türünü (zarf) ve istisnai durumunu dikkate almadan Türkçenin varsayılan kelime sonu vurgu kuralını ezbere işletmiş ve vurguyu son heceye [ji.ˈne] yerleştirme hatasına düşmüşlerdir. SİSTEM İYİLEŞTİRMESİ VE KURAL ÖNERİSİ: Sisteme şu kural eklenmelidir: 'Sözcük Türü Vurgu İstisnası (POS-based Stress Exception): Kelime eğer 'yine', 'şimdi', 'yarın' gibi sık kullanılan bir zarf ise, varsayılan sözcük sonu vurgusu kuralını iptal et ve birincil vurguyu (ˈ) özel durum listesine (exception dictionary) başvurarak ilk heceye sabitle.'",/ji.ˈne/,false
yitirilmez,/ji.tʰi.ɾil.ˈmæz/,j i tʰ i ɾ i l m æ z,0.95,"DOĞRU KURALLAR: Vurgu: Türkçede temel olumsuzluk eki olan '-me/-ma' vurguyu daima kendinden önceki heceye iter; ancak geniş zamanın olumsuz durumunu belirten '-mez/-maz' eki bu kuraldan muaftır ve vurguyu kendi üzerine çeker (kelime sonu vurgusu). Ünsüzler/Aspirasyon: İki ünlü arasında veya hece başında yer alan ötümsüz patlayıcı 't' sesi soluklanarak (aspire edilerek) [tʰ] şeklinde sesletilir. Açık Ünlü: Kapalı hecelerde, özellikle 'm', 'n', 'l', 'r', 'z' ünsüzleriyle biten yapılar içindeki 'e' ünlüleri genişleyerek açık [æ] sesine dönüşür (-mæz). HATA ANALİZİ: Referans 1, hece başı 't' için aspirasyon kuralını (-tʰi-) doğru işletmiş fakat '-mez' ekinin istisnai vurgu davranışını bilmediğinden, onu sıradan bir '-me' olumsuzluk eki sanarak vurguyu hatalı şekilde bir önceki heceye (ˈɾil) atmıştır. Referans 2 ise '-mez' ekinin vurguyu kendi üzerine aldığı kuralını doğru haritalamış, ancak 't' ünsüzünün hece başı soluklama (aspirasyon) detayını kaçırmıştır. SİSTEM İYİLEŞTİRMESİ VE KURAL ÖNERİSİ: Algoritmaya şu iki net kural eklenmelidir: 1) 'Geniş Zaman Olumsuzluk Morfolojisi (Hardcoded Exception): Eğer kelime '-mez/-maz' ekiyle bitiyorsa genel '-me/-ma' vurgu (geri itme) kuralını devre dışı bırak ve birincil vurguyu (ˈ) ek hecesine yerleştir.' 2) 'Hece Başı Patlayıcılar: Ünlü ile takip edilen hece başlarındaki [p, t, k, c] patlayıcılarını soluklandır (ʰ) kuralını her zaman dar (narrow) çeviri setinde aktif tut.'",/ji.tʰi.ˈɾil.mæz/,false
yuvarlak masa,/ju.vaɾ.ˈɫakˈma.sa/,j u v a ɾ ɫ a k m a s a,0.95,"DOĞRU KURALLAR: 1. Sözcük Öbekleri ve Vurgu: Girdi, iki bağımsız sözcükten oluşmaktadır ve aradaki kelime boşluğu korunmalıdır. 'yuvarlak' kelimesinde Türkçe kurallarına uygun olarak vurgu son hecededir. 'masa' kelimesi ise İtalyanca/Rumca kökenli günlük eşya isimlerinde (masa, banka, çanta vb.) yaygın görülen istisnai vurgu kuralına uyar ve vurguyu ilk hecesine alır ([ˈma.sa]). 2. Ünsüz Varyantları: Kalın (arka) ünlülerin olduğu ortamda 'l' ünsüzü kalın/velarize varyantı olan [ɫ] ile gösterilir. Kelime sonu patlayıcı k ünsüzü aspirasyon almayarak [k] formunda kalır. HATA ANALİZİ: Referans 1, 'masa' kelimesinin istisnai vurgusunu başarıyla uygulamış fakat 'v' sesi için izin verilen sembol havuzu dışına çıkarak alçaltıcı diyakritik içeren (β̞) geçersiz bir karakter kullanmıştır. Referans 2 ise iki farklı kelimeyi tek bir birleşik kelimeymiş gibi ele alıp aradaki boşluğu yutarak (. ile) bağlamış ve tamlamanın ayrı vurgu yapısını bozmuştur. SİSTEM İYİLEŞTİRMESİ VE KURAL ÖNERİSİ: Sisteme eklenecek kurallar: 1) 'Kelime Sınırlarının Korunması (Phonological Word Processing): Girdide birden fazla kelime bulunuyorsa, ara boşlukları hece sınırıyla (.) birleştirme. Boşluk karakterini koru ve her kelimenin stres atamasını tamamen bağımsız bir şekilde hesapla.' 2) 'Alıntı Eşya İsimleri Vurgu İstisnası: Masa, banka, lamba, çanta gibi yabancı kökenli eşya isimlerinde varsayılan kelime sonu vurgu kuralını ezerek birincil vurguyu (ˈ) her zaman kelimenin ilk hecesine konumlandır.'",/ju.β̞aɾ.ˈɫakˈma.sa/,false
yönelme hâli,/jœ.næl.ˈmehaː.ˈli/,j œ n æ l m e h aː l i,0.95,"DOĞRU KURALLAR: 1) Vurgu: İsim-fiil (mastar) eki olan '-ma/-me', olumsuzluk ekinin aksine vurguludur. Bu nedenle 'yönelme' kelimesinde vurgu son hecededir [jœ.næl.ˈme]. Tamlamanın ikinci kelimesindeki iyelik eki de vurguludur [haː.ˈli]. 2) Açık e [æ]: 'e' ünlüsü 'l, m, n, r' gibi akıcı ünsüzlerden önce kapalı hece oluşturduğunda açılır. 'næl' hecesinde bu kural işler ve [æ] olur. Ancak açık hece olan sözcük sonundaki 'me' ekinde standart dar-orta [e] korunur. 3) Arapça kökenli ve inceltme işaretli (hâl): 'a' ünlüsü uzun [aː] okunur ve kendisinden sonraki 'l' ünsüzü ince (damaksıl varyant) [l] olarak kullanılır. HATA ANALİZİ: Referans 1, '-me' ekini olumsuzluk eki zannederek ezbere kural uygulamasıyla vurguyu hatalı şekilde bir önceki heceye [ˈnæl] çekmiştir. Referans 2 ise iki ayrı sözcük olan kelimeleri tek hece dizisi gibi birleştirmiş, kelime sonu açık hecedeki [e] sesini yersiz bir şekilde [æ] ('mæ') yapmış ve tamlamanın iki bileşenli vurgu yapısını yok saymıştır. SİSTEM İYİLEŞTİRMESİ VE KURAL ÖNERİSİ: Algoritmaya şu katı kurallar eklenmelidir: 1) 'Eğer sözcük sonundaki -ma/-me eki olumsuzluk işlemiyorsa (isim-fiil vs. ise), vurguyu ekin kendi üzerinde [ˈme] tut.' 2) 'Kapalı hece içinde e harfini l,m,n,r önünde daima açık [æ] olarak transkribe et, ancak açık hecelerde standart [e] bırak.' 3) 'Şapkalı (^) a içeren kelimelerde a harfini daima uzun [aː], ardındaki velar/likit ünsüzü daima ince varyant [l, c vb.] olarak haritala.'",/jœ.ˈnæl.mehaː.ˈli/,false
yöneticilerindense,/jœ.ne.tʰi.d͡ʒi.le.ɾin.ˈdæn.se/,j œ n e tʰ i d͡ʒ i l e ɾ i n d æ n s e,0.95,"DOĞRU KURALLAR: Kelime 'yönetici' sözcüğüne '-ler' çoğul, '-in' iyelik, '-den' ayrılma durum eki ve bağlaç/ek-fiil olan '-se' (ise) ulanmasıyla oluşmuştur. Türkçede ek-fiil veya bağlaç olarak kullanılan '-sa/-se' (ise) eki vurgu kabul etmez ve vurguyu kendinden bir önceki heceye atar; bu sebeple birincil vurgu '-den' hecesindedir [ˈdæn]. Kapalı hece konumunda olan ve 'n' sönamıyla (akorlu ünsüz) biten '-den' ekinin içindeki 'e' ünlüsü açılarak/genişleyerek [æ] varyantına dönüşür. Hece başındaki ötümsüz patlayıcı 't' sesi aspire edilerek [tʰ] olarak telaffuz edilir. HATA ANALİZİ: Referans 1, ek-fiil/bağlaç olan '-se' ekinin yapısını çözümleyememiş ve standart kelime sonu vurgu kuralını işleterek vurguyu hatalı biçimde [ˈse] hecesine atmıştır. Referans 2 ise aspirasyon kuralını ('t' sesinde) tamamen es geçmiş ve vurguyu mantıksız bir biçimde rastgele bir iç heceye (ˈdʒi) yerleştirmiştir. SİSTEM İYİLEŞTİRMESİ VE KURAL ÖNERİSİ: Algoritmaya şu kurallar entegre edilmelidir: 1) Vurgu Hiyerarşisi (Hard Rule): 'Sözcük sonunda ek-fiil (ise) bağlamında bir -sa/-se eki tespit edildiğinde, kelime sonu vurgu kuralını iptal et ve vurguyu kati suretle bu ekten hemen önceki heceye kaydır.' 2) Fonetik Modifikasyon: 'Standart /e/ ünlüsü (l, m, n, r) sesleriyle biten kapalı bir hece oluşturduğunda, bu ünlüyü standart /e/ yerine açık [æ] olarak transkribe et (örn: -den -> dæn).' 3) Aspirasyon: 'Sürtünmeli bir sesten sonra gelmeyen, hece başı p, t, k, c patlayıcılarını ünlüden hemen önce daima soluklu (ʰ) işaretle.'",/jœ.ne.tʰi.d͡ʒi.le.ɾin.dæn.ˈse/,false
yünler,/jyn.ˈlæɾ/,j y n l æ ɾ,0.95,"DOĞRU KURALLAR: Türkçe standart kelime sonu vurgu kuralı gereği vurgu son hecededir. 'e' ünlüsü, 'l, m, n, r' gibi akıcı ünsüzlerle kapanan hecelerde (bu durumda 'r') açık 'e' [æ] olarak telaffuz edilir. İncelik-kalınlık uyumu gereği 'l' sesi standart ince/ön varyantında [l] kalır. HATA ANALİZİ: Referans çıktılar heceleme ve açık ünlü kullanımında [æ] başarılıdır; ancak kelime sonu 'r' sesi için ötümsüz/sürtünmeli bir varyant olan [ɾ̞̊] diyakritiğini kullanarak izin verilen sembol havuzunun dışına çıkmışlardır. Ayrıca dar çeviride (narrow transcription) eğik çizgi (/) değil, köşeli ayraç ([]) kullanılmalıdır. SİSTEM İYİLEŞTİRMESİ VE KURAL ÖNERİSİ: Sisteme şu kurallar eklenmelidir: 1) 'Sembol Havuzu Validasyonu: Çıktı üretilirken kullanılan sembollerin kesinlikle izin verilen havuzda olup olmadığını kontrol et; havuz dışı ince fonetik detayları (örn. ötümsüz [ɾ̞̊]) havuzdaki en yakın standart eşdeğerine (örn. [ɾ]) indirge.' 2) 'Kapalı Hece Ünlü Genişlemesi: -ler çoğul ekinde veya r, l, m, n ile kapanan hecelerdeki e grafemini daima [æ] olarak dönüştür.'",/jyn.ˈlæɾ̞̊/,false
yürümem,/jy.ˈɾy.mæm/,j y ɾ y m æ m,0.95,"DOĞRU KURALLAR: Kelimedeki '-me' olumsuzluk ekidir. Türkçede olumsuzluk eki vurgu almaz, vurguyu kendinden bir önceki heceye atar; bu yüzden vurgu ikinci hecededir [ˈɾy]. Ayrıca kelime sonundaki kapalı hecede 'm', 'n', 'l', 'r' gibi ünsüzlerden önce gelen 'e' ünlüsü açılarak [æ] sesine dönüşür. HATA ANALİZİ: Referans 1, olumsuzluk ekindeki vurgu kuralını ve [æ] açılmasını doğru uygulamıştır. Referans 2 ise olumsuzluk ekinin vurguyu geri atma kuralını atlamış, standart kelime sonu vurgusu hatasına düşmüş ve sistem havuzunda izin verilmeyen bir karakter (ɛ) kullanmıştır. SİSTEM İYİLEŞTİRMESİ VE KURAL ÖNERİSİ: Sisteme şu kurallar eklenmelidir: 1) 'Vurgu İstisnası: Kelime -ma/-me olumsuzluk eki içeriyorsa, birincil vurguyu (ˈ) olumsuzluk ekinden hemen önceki heceye sabitle.' 2) 'Ünlü Açılması: Kelime sonu kapalı hecelerde e ünlüsünden sonra m, n, l, ɾ geliyorsa, bu ünlüyü standart e yerine açık æ olarak transkribe et.'",/jy.ˈɾy.mæm/,true
yıkayabilmek,/jɯ.kʰa.ja.bil.ˈmæc/,j ɯ kʰ a j a b i l m æ c,0.95,"DOĞRU KURALLAR: Türkçede mastar eki (-mek/-mak) genel kural olarak vurguludur, bu nedenle birincil vurgu son hecededir [ˈmæc]. Hece başındaki ötümsüz patlayıcı 'k' ünsüzü soluklu okunur (aspire edilir) [kʰ]. 'bilmek' kısmındaki ön (ince) ünlülerden dolayı 'l' ünsüzü incedir [l] ve kelime sonundaki 'k' harfi, arka damak [k] değil, ince damak/palatal [c] olarak sesletilir. Ayrıca kapalı hecedeki 'e', [m] nasal ünsüzü ve [c] arasında açılarak [æ] fonetik değerini alır. HATA ANALİZİ: Referans 1 fonolojik kurallara tam uyum gösterip aspirasyon ve damaksıllaşma süreçlerini doğru yansıtmıştır. Referans 2 ise hece başı aspirasyonunu ([kʰ]) atlamış; yazım formuna aşırı güvenerek ince ünlüden sonra gelen kelime sonundaki 'k' yi arka damak [k] sembolüyle ([ˈmæk]) gösterip fonotaktik bir hata yapmıştır. SİSTEM İYİLEŞTİRMESİ VE KURAL ÖNERİSİ: Sisteme şu kesin kurallar eklenmelidir: 1) 'Damaksıllaşma (Palatalization): Ön ünlülerle (e, i, œ, y, æ) aynı hecede bulunan k ve g harflerini daima ince/damaksıl [c, cʰ, ɟ] varyantlarıyla haritala.' 2) 'Hece Başı Aspirasyonu: Hece başında bulunan ötümsüz patlayıcıları düzenli olarak aspirasyonlu [pʰ, tʰ, kʰ, cʰ] sembolleriyle transkribe et.'",/jɯ.kʰa.ja.bil.ˈmæc/,true
yıldız kümesi,/jɯɫ.ˈdɯzcʰy.me.ˈsi/,j ɯ ɫ d ɯ z cʰ y m e s i,0.95,"DOĞRU KURALLAR: Vurgu: Belirtisiz isim tamlamalarında ilk sözcüğün son hecesi ve ikinci sözcüğün son hecesi kendi vurgularını korur. Ünsüz Varyantları ve Aspirasyon: 'yıldız' sözcüğündeki 'l' kalın ünlü 'ı' etkisiyle artdamaksıllaşarak (velarize olarak) [ɫ] biçiminde gerçekleşir. 'kümesi' sözcüğünün başındaki 'k' ise, kendinden sonra gelen ince 'ü' [y] ünlüsü sebebiyle damaksıllaşarak [c] olur ve ötümsüz patlayıcıların hece/kelime başındaki soluklu (aspirated) kuralına uyduğu için [cʰ] olarak dar koda geçirilir. HATA ANALİZİ: Referans 1 velar 'l' haritasını, boşluk karakterini ve damaksıl-soluklu [cʰ] seslerini mükemmel bir şekilde analiz etmiştir. Referans 2 ise tamlamayı bitişik yazmış, ana vurguyu ilk kelimenin birinci hecesine yanlış yere çekmiş ve sözcük başındaki ince patlayıcı 'k' sesini [cʰ] yerine soluksuz damaksıl [c] ile eksik kodlamıştır. SİSTEM İYİLEŞTİRMESİ VE KURAL ÖNERİSİ: Sisteme entegre edilmesi gereken kurallar: 1) 'Birden fazla sözcük içeren dizilerde, sözcükler arası boşluğu koruyarak her bir kelimenin var olan vurgu haritasını bağımsız olarak kendi hecelerinde tut.' 2) 'İnce Ünlüler Öncesinde [cʰ] Kuralı: İnce ünlü (e, i, œ, y) ile başlayan hecelerin başındaki /k/ sesini her koşulda ince patlayıcı olarak [c] sınıflandır ve eğer kelime başındaysa/hece başındaysa birincil olarak [cʰ] karakterine haritala.'",/jɯɫ.ˈdɯzcʰy.me.ˈsi/,true
yıldız rüzgârın,/jɯɫ.ˈdɯzɾyz.ɟaː.ˈɾɯn/,j ɯ ɫ d ɯ z ɾ y z ɟ aː ɾ ɯ n,0.95,"DOĞRU KURALLAR: Türkçe 'yıldız' kelimesindeki 'l' sesi, kalın ünlü [ɯ] bağlamında artmaklık kazanarak [ɫ] biçiminde sesletilir ve vurgu son hecededir. Farsça kökenli 'rüzgâr' sözcüğündeki düzeltme işaretli 'â', kendinden önceki 'g' harfinin damaksıllaşarak [ɟ] olmasını gerektirir; aynı zamanda 'a' sesi uzun [aː] okunur. Tamlayan ekiyle birlikte kelime vurgusu sona [ˈɾɯn] geçer. HATA ANALİZİ: Referans 1, sözcük vurgularını ve sınırlarını doğru tespit etmiş ancak şapkalı ünlünün 'g' üzerinde yarattığı damaksıllaşma etkisini atlayarak standart [ɡ] kullanmıştır. Referans 2 ise iki bağımsız kelimeyi tek bir fonolojik kelimeymiş gibi birleştirerek sözcük sınırını ihlal etmiş, yanlış heceye vurgu atamış ve aynı damaksıllaşma (ɡ) hatasına düşmüştür. SİSTEM İYİLEŞTİRMESİ VE KURAL ÖNERİSİ: Algoritmaya şu kurallar eklenmelidir: 1) 'Damaksıl Haritalama (Palatalization): g, k, l harflerinden sonra düzeltme işaretli â veya û geliyorsa, bu ünsüzleri daima damaksıl ([ɟ], [c], [l]) varyantlarına haritala.' 2) 'Sözcük Sınırı Korunması: Boşluk karakterini (space) hece sınırı veya nokta ile değiştirme; ayrı yazılmış kelimelerin bağımsız morfolojik bütünlüklerini ve vurgu örüntülerini muhafaza et.'",/jɯɫ.ˈdɯzɾyz.ɡaː.ˈɾɯn/,false
yıldız sistemlerini,/jɯɫ.ˈdɯzsis.tem.le.ɾi.ˈni/,j ɯ ɫ d ɯ z s i s t e m l e ɾ i n i,0.95,"DOĞRU KURALLAR: 'yıldız' kelimesinde kalın /l/ varyantı [ɫ] kullanılır. 'sistemlerini' kelimesinde, sürtünmeli /s/ sesinden sonra gelen patlayıcı /t/ sesi soluksuz (unaspirated) [t] olarak telaffuz edilir. Tamlamada her iki kelimenin de vurgusu kendi son hecesindedir. HATA ANALİZİ: Referans 1, 's' sonrasındaki 't' için kurala aykırı şekilde soluklu [tʰ] sembolünü üretmiş ve yabancı kökenli 'sistem' kelimesinde standart /e/ ünlüsünü gereksizce açarak [æ] yapma hatasına düşmüştür. Referans 2 ise iki kelime arasındaki boşluğu yitirmiş ve zorunlu vurgu işaretlerini tamamen yoksaymıştır. SİSTEM İYİLEŞTİRMESİ VE KURAL ÖNERİSİ: 1) Aspirasyon İptali: [s] veya [ʃ] gibi ötümsüz sürtünmelilerden sonra gelen ötümsüz patlayıcıları (p, t, k, c) kesinlikle soluklu (ʰ) atama. Yalnızca yalın varyantları kullan. 2) Metin/Grup İşleme: Birden fazla kelimelik dizilerde kelimeler arası boşlukları (space/spc) daima koru ve her sözcüğün kendi birincil vurgusunu atlamadan transkripsiyona dahil et.",/jɯɫ.ˈdɯzsis.tʰæm.le.ɾi.ˈni/,false
zaten,/ˈzaː.tʰæn/,z aː tʰ æ n,0.95,"DOĞRU KURALLAR: 1) Vurgu: 'zaten' Arapça kökenli bir zarftır ve bu tür '-en' tenvin ekiyle türetilmiş zarflarda vurgu ilk hecededir [ˈzaː]. 2) Ünlü Uzunluğu: İlk hecedeki 'a' ünlüsü orijinalindeki uzunluğu koruyarak uzun telaffuz edilir [aː]. 3) Aspirasyon: İkinci hece başındaki 't' patlayıcısı solukludur [tʰ]. 4) Açık ünlü: Kapalı hecede 'n' ünsüzünden önce gelen 'e' ünlüsü kural gereği açılarak [æ] sesine dönüşür. HATA ANALİZİ: Her iki referans da 'zaten' kelimesinin bir zarf olduğunu ve istisnai vurgu şablonuna sahip olduğunu atlayarak vurguyu ezbere son heceye atmıştır. Ayrıca ilk hecedeki alıntı kelime kaynaklı ünlü uzunluğunu (aː) fark edememişlerdir. Referans 1 aspirasyon ve açık 'e' [æ] kurallarını doğru işletmiş, Referans 2 ise bu dar çeviri detaylarını da kaçırmıştır. SİSTEM İYİLEŞTİRMESİ VE KURAL ÖNERİSİ: Sisteme şu kurallar eklenmelidir: 1) 'Zarf Vurgu İstisnası: Arapça kökenli olup -en/-an ekiyle biten zarflarda (zaten, aslen, aynen) genel son hece vurgusu kuralını iptal et ve vurguyu ilk heceye ata.' 2) 'Alıntı Uzun Ünlü Kuralı: TDK sözlüğünde uzun ünlüyle gösterilen (za:ten) Arapça/Farsça alıntı sözcükleri tespit etmek için bir istisna tablosu kullan ve bu ünlüleri [aː, iː, uː vb.] olarak işaretle.'",/za.ˈtʰæn/,false
zerdüştlük,/zæɾ.dyʃt.ˈlycʰ/,z æ ɾ d y ʃ t l y cʰ,0.95,"DOĞRU KURALLAR: Türkçe sesbilgisi kuralları gereği kelimede vurgu son hecededir. İlk hecedeki 'e' ünlüsü 'r' [ɾ] sesinin komşuluğunda açılarak [æ] sesine dönüşür. Son hecedeki ince 'ü' [y] ünlüsünden sonra gelen art damak 'k' sesi, ünlüyle uyuma girerek damaksıllaşır (palatalizasyon) ve [c] varyantını alır. Kelime sonundaki ötümsüz patlayıcı sesler standart dar çeviride soluklu çıkar, bu nedenle son ses [cʰ] olmalıdır. 'düşt' hecesindeki 't' ise sürtünmeli 'ş' [ʃ] sesinden sonra geldiği ve koda pozisyonunda olduğu için aspirasyon almaz. HATA ANALİZİ: Referans 1, ince ünlü sonrası damaksıllaşmayı bilmiş ancak kelime sonu patlayıcısındaki soluklanmayı (aspirasyonu) göz ardı etmiştir. Referans 2 ise ince ünlüden sonraki 'k' harfinin [c] ön damak varyantına dönüşmesi (damaksıllaşma) kuralını hiç uygulamamış ve doğrudan kalın [k] sembolüne eşlemiştir. SİSTEM İYİLEŞTİRMESİ VE KURAL ÖNERİSİ: Algoritmaya şu kurallar entegre edilmelidir: 1) 'Damaksıllaşma: İnce ünlülerden (e, i, ö, ü / e, æ, i, œ, y) hemen sonra gelen k ve g grafemlerini daima damaksıl varyantlarıyla ([c], [ɟ]) değiştir.' 2) 'Sözcük Sonu Aspirasyonu: Kelime sonunda yer alan ötümsüz patlayıcıları (p, t, k, c) dar çeviride daima soluklu (pʰ, tʰ, kʰ, cʰ) olarak işaretle.'",/zæɾ.dyʃt.ˈlyc/,false
zerdüştlükler,/zæɾ.dyʃt.lyc.ˈlæɾ/,z æ ɾ d y ʃ t l y c l æ ɾ,0.95,"DOĞRU KURALLAR: Kelimenin kökeni Zerdüşt olup -lük ve -ler ekleri almıştır. Türkçede 'e' ünlüsü 'r' ve 'l' gibi akıcı ünsüzlerden önce kapalı hecede açık 'e' [æ] olarak sesletilir. İnce ünlülerden (e, i, œ, y) sonra gelen art damak ünsüzü 'k', palatalizasyon (damaksıllaşma) kuralı gereğince ön damaksıllaşarak [c] varyantına dönüşür. Aspirasyon (ʰ) kuralı sadece hece başındaki ötümsüz patlayıcılar için geçerlidir; 't' ve 'c' hece sonunda yer aldıklarından aspire edilmezler. Vurgu kurallı olarak kelime sonundaki -ler ekindedir. HATA ANALİZİ: Referans 1, dışarıdan aşırı dar bir varyant olan ötümsüz 'ɾ' (ɾ̞̊) sembolünü kullanarak tanımlı sembol havuzunun dışına çıkmıştır. Referans 2 ise ince ünlüden (y) sonra gelen damak ünsüzünü damaksıllaştırmayı unutarak kalın k bırakma hatasına düşmüştür. SİSTEM İYİLEŞTİRMESİ VE KURAL ÖNERİSİ: Sisteme şu iki net kural eklenmelidir: 1) 'Damaksıllaşma (Palatalization): Ön/ince ünlülerden (e, i, œ, y, æ) hemen sonra hece sonunda (coda) yer alan k ünsüzünü her zaman ince olan damaksıl c varyantıyla eşleştir.' 2) 'Kısıtlı Havuz İlkesi: Fonetik çeviri yaparken kullanabileceğin sembolleri katı havuzla (allowed pool) sınırlandır, bu havuzda tanımlanmamış diyakritik işaretleri kesinlikle üretme.'",/zæɾ.dyʃt.lyc.ˈlæɾ̞̊/,false
zümresindeki,/zym.ɾe.sin.ˈde.cʰi/,z y m ɾ e s i n d e cʰ i,0.95,"DOĞRU KURALLAR: Sıfat türeten '-ki' eki genellikle vurgu almaz ve vurguyu kendinden bir önceki heceye sabitler; bu bağlamda vurgu bulunma durumu eki olan '-de' hecesindedir [ˈde]. Sesbilgisel olarak 'k' ünsüzü, ince ön ünlülerle ([i, e, y, œ]) yan yana geldiğinde damaksıllaşır (palatalizasyon) ve [c] sesine dönüşür. Hece başında olan bu ötümsüz patlayıcı ünsüz, aspirasyon kuralları gereği soluklanarak [cʰ] biçiminde gerçekleşir. HATA ANALİZİ: Referans 1 kelimenin vurgu ve fonetik kurallarını eksiksiz uygulayarak damaksıl-soluklu [cʰ] sesini doğru tespit etmiştir. Referans 2 ise kural temelli yüzeysel bir dönüştürme yapmış; ince ünlü ortamındaki 'k' sesinin damaksıllaşma ve aspirasyon sürecini yansıtmayıp onu kalın (velar) [k] olarak bırakma hatasına düşmüştür. SİSTEM İYİLEŞTİRMESİ VE KURAL ÖNERİSİ: Sistemin algoritmasına şu katı kural eklenmelidir: 'Eğer [k] ünsüzünden sonra ince bir ünlü ([e, i, œ, y]) geliyorsa, [k] sesini daima damaksıl (palatal) varyantı olan [c] ile değiştir. Eğer bu ses hece başındaysa, üzerine mutlak surette aspirasyon işareti ekleyerek [cʰ] olarak haritala.'",/zym.ɾe.sin.ˈde.cʰi/,true
Çanakkale,/tʃa.ˈnak.kʰa.le/,t͡ʃ a n a k kʰ a l e,0.95,"DOĞRU KURALLAR: 1. Vurgu: Çanakkale, çanak ve kale kelimelerinden oluşan birleşik bir yer ismidir. Birleşik yer isimlerinde vurgu genellikle birinci sözcüğün vurgulu hecesinde kalır. Çanak kelimesi son heceden vurgulu olduğu için, Çanakkale kelimesinde ana vurgu nak hecesindedir (Ça-ˈnak-ka-le). 2. Ünsüzler ve Aspirasyon: Kelimede yan yana gelen iki k sesi vardır (geminasyon). Birinci k hece sonunda (coda) olduğu için patlamasızdır [k], ikinci k ise hece başında (onset) olduğu için solukludur/aspire edilir [kʰ]. 3. L Sesi ve Ünlüler: l sesi ince ünlü e öncesinde damaksıl-dişyuvasıl (clear) [l] olarak sesletilir. İlk hecedeki ç sesi izin verilen listeye göre [tʃ] olarak kodlanır. HATA ANALİZİ: Referans 1 ve Referans 2, kale ile biten birleşik yer isminin istisnai vurgu kuralını atlamış; vurguyu yanlış bir şekilde -ka hecesine (ˈka) koymuşlardır. Referans 1, hece başındaki k için zorunlu olan aspirasyon [kʰ] kuralını uygulamamış, yalın [k] kullanmıştır. Referans 2 ise aspirasyonu [kʰ] doğru belirlemiş ancak ç sesini izin verilmeyen bir karakter olan (t͡ʃ tie-bar ile) yazmış ve ortak vurgu hatasına düşmüştür. SİSTEM İYİLEŞTİRMESİ VE KURAL ÖNERİSİ: Sistemin koduna şu iki kural eklenmelidir: 1) Birleşik Yer İsmi Vurgusu: Birleşik sözcüklerden oluşan yer isimlerinde (örn. Çanakkale, Pamukkale) kelime sonu vurgu kurallarını iptal et. Vurguyu (ˈ) birinci bileşenin sözcüksel vurgusuna, yani doğrudan bileşim noktasından bir önceki heceye yerleştir. 2) Bağlayıcı İşaretleri İptali: ç ve c seslerini transkribe ederken bağlayıcı (tie-bar) kullanmaktan kaçın; daima [tʃ] ve [dʒ] şeklinde düz formatta haritala.",/t͡ʃa.nak.ˈka.le/,false
Çin'den,/tʃin.ˈdæn/,t͡ʃ i n d æ n,0.95,"DOĞRU KURALLAR: Vurgu: Çin özel ismine eklenen ayrılma durumu eki (-den) standart kurallara tabidir ve hece vurgusunu üzerine çeker, bu sebeple vurgu son hecededir. Açık Ünlü (æ): 'e' ünlüsü, hece sonunda 'm, n, l, r' gibi akıcı veya genizcil ünsüzlerle kapatıldığında genleşerek açık [æ] varyantına dönüşür. Hece Yapısı ve Ünsüzler: 'Ç' sesi bir patlamalı-sızmalı (affricate) ünsüzdür ve [tʃ] ile gösterilir; yazım dilindeki kesme işareti fonetik analizde geçersizdir ve telaffuzu bölmez. HATA ANALİZİ: Referans çıktılar [æ] açık dönüșümünü ve vurgu yerini başarıyla tespit etmiştir. Ancak dar çeviri standardı olan köşeli ayraç yerine bağlam dışı biçimde geniş çeviri işareti olan eğik çizgileri (//) kullanmışlardır. Ayrıca izin verilen sembol havuzunun dışına çıkarak t ve ʃ arasına birleştirme (tie-bar) diyakritiği koymuşlardır. SİSTEM İYİLEŞTİRMESİ VE KURAL ÖNERİSİ: Sisteme şu katı kurallar eklenmelidir: 1) Karakter Kısıtlaması: Sadece izin verilen sembol havuzunu kullan, [tʃ] ve [dʒ] seslerini transkribe ederken araya asla birleştirme (tie-bar) işareti koyma. 2) Format Kuralı: İstenen işlem dar çeviri (narrow transcription) olduğu için nihai çıktıyı daima köşeli ayraç [...] içine al. 3) Kestirme Temizliği: Kelimelerin fonetik çevirisini yaparken morfolojik sınır belirten kesme işaretlerini (') tamamen yoksay ve sesleri hece sınırlarına (.) göre birleştir.",/t͡ʃin.ˈdæn/,false
Çin'imden,/tʃi.nim.ˈdæn/,t͡ʃ i n i m d æ n,0.95,"DOĞRU KURALLAR: 1) Heceleme: Ünsüzle biten köke (Çin) ünlüyle başlayan ek (-im) geldiğinde 'maksimum hece başı' kuralı gereği heceleme [tʃi.nim.den] şeklinde yapılır. 2) Ünlü Açıklaşması: Türkiye Türkçesinde hece sonundaki 'm, n, l, r' sonor (akıcı/genizcil) ünsüzlerinden önce gelen /e/ ünlüsü açılarak [æ] sesine dönüşür (den -> dæn). 3) Vurgu: Türkçede ayrılma hâli eki (-den) vurguyu çeker, birincil vurgu son hecededir. HATA ANALİZİ: Referans çıktılar heceleme, [æ] açıklaşması ve vurgu konumunu doğru tespit etmiştir. Ancak dar transkripsiyonu köşeli parantez ([]) yerine fonemik eğik çizgi (//) ile göstermişlerdir. Ayrıca 'ç' sesini gösterirken izin verilen sembol havuzunda yer almayan üstten bağlayıcılı (tie-bar) [t͡ʃ] karakterini kullanmışlardır. SİSTEM İYİLEŞTİRMESİ VE KURAL ÖNERİSİ: Sistemin algoritmasına şu koşullar eklenmelidir: 1) 'Sembol Mapping: Türkçe /ç/ ve /c/ affricate sesleri için bağlayıcı bar kullanmadan doğrudan [tʃ] ve [dʒ] sembollerini ata.' 2) 'Format Katılığı: Dar (narrow) fonetik çeviri üretiyorsan, çıktıyı her koşulda köşeli parantez [...] içine al, fonemik eğik çizgi (//) kullanımını engelle.'",/t͡ʃi.nim.ˈdæn/,false
Çin'inden,/tʃi.nin.ˈdæn/,t͡ʃ i n i n d æ n,0.95,"DOĞRU KURALLAR: Çekimli bir kelime olduğundan vurgu en son hecededir [ˈdæn]. Türkçe sesbilgisi kurallarına göre hece sonundaki 'e' ünlüsü, 'l, m, n, r' akıcı ünsüzlerinden biriyle kapandığında dar çeviride açık ünlüye [æ] dönüşür. Heceleme [tʃi.nin.ˈdæn] şeklindedir. HATA ANALİZİ: Referans çıktılar [æ] kuralını, hece zincirini ve vurguyu doğru ele almıştır. Ancak dar transkripsiyon gösterimi olan köşeli ayraç yerine eğik çizgi kullanmışlar ve kelime başı afrikatı (ç) için sembol havuzunda olmayan bağlama işaretli (tie-bar) [t͡ʃ] karakterini üretmişlerdir. SİSTEM İYİLEŞTİRMESİ VE KURAL ÖNERİSİ: Sisteme şu iki kural tanımlanmalıdır: 1) 'Tipografi ve Sınırlandırma: Dar çevirileri (narrow transcription) daima köşeli ayraç [...] içine al ve eğik çizgi (/) kullanma.' 2) 'Affricate Kodlaması: ç ve c sesleri için bağlama işareti (tie-bar) üretme, sadece havuzdaki yalın değerleri olan [tʃ] ve [dʒ] birleşimlerini kullan.'",/t͡ʃi.nin.ˈdæn/,false
Üsküdar,/ˈys.cy.daɾ/,y s c y d a ɾ,0.95,"DOĞRU KURALLAR: Özel isimlerde (yer adları) standart kelime sonu vurgu kuralı bozulur ve Sezer Vurgu Kuralı devreye girer. Kelime 'CVC.CV.CVC' (Ağır-Hafif-Ağır) hece yapısında olduğu için birincil vurgu kural gereği ilk heceye (antepenult) düşer [ˈys]. İkinci hecedeki ince 'ü' [y] ünlüsü, kendisinden önceki 'k' ünsüzünü damaksıllaştırarak sesin [c] varyantını üretir. Ancak bu 'c' patlayıcısı, kendisinden hemen önce gelen 's' sürtünmelisi nedeniyle (arada hece sınırı olmasına rağmen) aspirasyon (soluklanma) özelliğini kaybeder; bu yüzden [cʰ] yerine [c] olarak transkribe edilir. HATA ANALİZİ: Ref 1, yer adı vurgu kuralını atlayarak son heceyi vurgulamıştır (ˈdaɾ). Ayrıca 's' sonrasındaki aspirasyon düşümünü hesaplayamadığından [cʰ] yazmış ve harici bir sembol (ɾ̞̊) kullanmıştır. Ref 2 ise damaksıllaşma/palatalizasyon kuralını uygulamamış, kalın [k] bırakmış ve vurguyu yanlış heceye (ˈky) taşımıştır. SİSTEM İYİLEŞTİRMESİ VE KURAL ÖNERİSİ: Sistemin algoritmasına şu katı kurallar eklenmelidir: 1) 'Yer Adı Vurgusu (Sezer Kuralı): Türkçe yer adları CVC.CV.CVC hece formasyonundaysa, vurguyu otomatik olarak ilk heceye (ağır antepenultima) kilitle.' 2) 'Aspirasyon Engeli (Deaspiration): Patlayıcı ünsüzler [p, t, k, c], bir /s/ veya /ʃ/ sürtünmelisini takip ediyorsa, aralarında hece sınırı (.) bulunsa dahi aspirasyonu (ʰ) tamamen iptal et.' 3) 'Damaksıllaşma Haritalaması: k/g harflerini ince ünlülerle (e, i, œ, y) birleşik gördüğünde kesinlikle c/ɟ olarak değiştir.'",/ys.cʰy.ˈdaɾ̞̊/,false
Üsküp'ü,/ˈys.cy.pʰy/,y s c y pʰ y,0.92,"DOĞRU KURALLAR: Özel İsim Vurgusu (Yer Adları): 'Üsküp', ilk hecesi ağır/kapalı (Üs.küp) olan bir yer adıdır. Türkçe yer adı vurgu kurallarına (Sezer Kuralı) göre vurgu ilk hecededir. Kesme işaretiyle eklenen belirtme durumu eki ('-ü') vurguyu kaydırmaz. Ünsüz Damaksıllaşması ve Aspirasyon: 'k' sesi ince 'ü' ünlüsü nedeniyle damaksıllaşıp [c] olur. Ancak kendinden önce gelen 's' sürtünmelisinin etkisiyle aspirasyonunu (solukluluğunu) kaybeder ve [cʰ] yerine [c] olarak telaffuz edilir. 'p' sesi ise okuma telaffuzunda hece başında olduğu için aspire formda [pʰ] olarak kalır. HATA ANALİZİ: Referans çıktılar iki temel hata yapmıştır: 1) Kelimeyi standart bir cins isim kabul edip Türkçe genel kuralı gereği vurguyu sondaki çekim ekine ([ˈpʰy]) kaydırmışlardır. 2) 's' sesi sonrasında patlayıcıların soluğunu (aspirasyonunu) yitirdiğine dair istisna kuralını işletmeyip 'k' sesini doğrudan [cʰ] olarak hatalı çıkarmışlardır. SİSTEM İYİLEŞTİRMESİ VE KURAL ÖNERİSİ: Sisteme şu iki net kural eklenmelidir: 1) 'Bağlamsal Aspirasyon İptali: [s] veya [ʃ] sürtünmelilerinden hemen sonra gelen [p, t, k, c] ünsüzlerinde (ʰ) etiketini kesinlikle kaldır.' 2) 'Yer Adı Vurgusu: Kesme işareti ile çekim eki (-i, -e vb.) almış özel yer adlarında, vurguyu hiçbir şekilde çekim ekine taşıma; kök kelimenin uygun yerine (ör. kapalı ilk heceye) sabitle.'",/ys.cʰy.ˈpʰy/,false
çalıştırıldığına,/tʃa.ɫɯʃ.tʰɯ.ɾɯɫ.dɯː.ˈna/,t͡ʃ a ɫ ɯ ʃ tʰ ɯ ɾ ɯ ɫ d ɯː n a,0.95,"DOĞRU KURALLAR: Kelime tümüyle kalın ünlüler [a, ɯ] içermektedir. Bu fonotaktik ortam sebebiyle içindeki 'l' sesleri kalın (karanlık) 'l' [ɫ] varyantıyla telaffuz edilir. İlk hecesi hariç hece başında yer alan ötümsüz patlayıcı 't' sesi aspire edilerek [tʰ] olarak yazılır. 'ğ' sesi iki aynı arka dar ünlü (ı-ı) arasında bulunduğundan modern konuşma dilinde düşer; önceki ünlüyü uzunlaştırır ve iki heceyi tek hece halinde kaynaştırır (-dığı -> [dɯː]). İsmin yönelme durumu (-a) eki vurgu aldığından birincil vurgu son hecededir. HATA ANALİZİ: Referans 1 vurguyu hatalı biçimde kelimenin başına (ikinci heceye) koymuş ve 'ğ' düşmesini hece sayısını düşürerek tamamen yansıtmak yerine [ɯː.ɯ] şeklinde bölmüştür. Ayrıca geçersiz bağ dokusu (t͡ʃ) kullanmıştır. Referans 2 ise ezbere yaklaşarak ünlü uyumunu (kalınlık) ihlal eden ince damaksıl (l ve [æ]) sesler ile 'ğ' harfini direkt [ɟ] haritalaması hatasını yapmıştır. Aspirasyonu da atlamıştır. SİSTEM İYİLEŞTİRMESİ VE KURAL ÖNERİSİ: Sisteme iki katı kural eklenmelidir: 1) 'Hece Kaynaşması (g-drop/lengthening): ""-ığı"" diziliminde ""ğ"" sesini transkripsiyondan sil, baştaki ""ı"" sesini uzun [ɯː] yapıp ardışık heceyi orijinaliyle birleştir.' 2) 'Vurgu Kuralı: Ortaç/sıfat-fiil ve iyelik ekinin ardına gelen ismin hal ekleri (yönelme -na) standart vurguyu çeker, birincil vurguyu (ˈ) daima son hece olan çekim ekine yerleştir.'",/t͡ʃa.ˈɫɯʃ.tʰɯ.ɾɯɫ.dɯː.ɯ.na/,false
çağırabilmek,/tʃaː.ɯ.ɾa.bil.ˈmæcʰ/,t͡ʃ aː ɯ ɾ a b i l m æ cʰ,0.95,"DOĞRU KURALLAR: Vurgu: Sözcük mastar (-mek) formundadır ve yalın halde birincil vurgu her zaman son hecededir [ˈmæcʰ]. Yumuşak G (ğ): İki kalın ünlü (a-ı) arasında bulanan 'ğ' fonetik düzeyde erir, kendinden önceki ünlüyü uzatır ve hece sınırı korunur [aː.ɯ]. Akıcılık ve Ünlü Genişlemesi: 'i' incesinden sonra gelen 'l' daima ince varyantıdır [l]. Kapalı son hecedeki 'e', damaksıl ince [c] ünsüzü komşuluğunda genişleyerek açık/geniş [æ] sesine dönüşür. Kelime sonundaki ötümsüz patlayıcı (k), ince varyanta damaksıllaşarak [c] olur ve kelime sonu kuralları gereği aspirasyon (solukluluk) kazanır [cʰ]. HATA ANALİZİ: Referans 1; vurguyu, ünlü uzamasını ve [æ] gelişimini başarıyla uygulamış ancak kelime sonu patlayıcısındaki aspirasyonu (cʰ) atlamıştır. Referans 2; vurguyu kelime başına alarak (sanki emir kipiymiş gibi) vurgu hatası yapmış, 'ğ' uzamasını ıskalamış ve artdamaksıl/kalın [ɫ] kullanarak damak uyumunu ihlal etmiştir. SİSTEM İYİLEŞTİRMESİ VE KURAL ÖNERİSİ: Sisteme şu kurallar harcoded olarak tanımlanmalıdır: 1) 'Yumuşak G Rezonans Kuralı: <ağı> ve <ağa> tipindeki ardışık dizilimlerde ğ grafemini düşür ve önceki a ünlüsünü uzun [aː] olarak işaretle.' 2) 'L-Uyumu Konkordansı: İnce ünlüler ([i, e, y, œ]) ile ardışık konumlarda yer alan <l> ünsüzünü daima temel [l] olarak al, asla [ɫ] atama.' 3) 'Mastar Sonu Aspirasyonu: Kesin yargı bildiren mastar -mek/-mak bitişlerinde l/m/n/r sonrası e'yi [æ] olarak yaz ve kelime sonlarındaki k'yi mutlaka aspire ederek bağlama göre [cʰ] veya [kʰ] olarak kodla.'",/t͡ʃaː.ɯ.ɾa.bil.ˈmæc/,false
çekemez,/tʃe.ˈcʰe.mæz/,t͡ʃ e cʰ e m æ z,0.95,"DOĞRU KURALLAR: 1) Vurgu: Türkçede geniş zaman olumsuzluk eki olan '-maz/-mez' vurgu almaz, vurguyu kendinden bir önceki heceye iter. Bu kelimede (yeterlilik fiilinin olumsuzu) vurgu, '-mez' ekinden önceki yeterlilik ünlüsü olan 'e' üzerindedir [ˈcʰe]. 2) Damaksıllaşma ve Aspirasyon: İnce 'e' ünlüleri arasındaki 'k' sesi damaksıl [c] olarak gerçekleşir ve hece başında olduğu için soluklu (aspire) telaffuz edilir [cʰ]. 3) Ünlü Açıklaşması: 'm, n, l, r, z' gibi ünsüzlerle kapanan hecelerde 'e' ünlüsü açık [æ] sesine dönüşür. HATA ANALİZİ: Her iki referans da açık ünlü [æ] kuralını başarıyla uygulamış, Referans 1 aspirasyonu [cʰ] da bilmiştir. Ancak her ikisi de vurgu konusunda kritik bir hata yapmış; kelimenin morfolojik yapısını analiz etmeden varsayılan 'kelime sonu vurgu' kuralını işleterek vurguyu son heceye [ˈmæz] yerleştirmiştir. Ayrıca Referans 2, hece başı [c] sesindeki aspirasyonu atlamış, Referans 1 ise izin verilmeyen bağ harfli t͡ʃ sembolünü kullanmıştır. SİSTEM İYİLEŞTİRMESİ VE KURAL ÖNERİSİ: Sistemin algoritmasına şu kurallar eklenmelidir: 1) Morfolojik Vurgu Kuralı (Hardcoded): 'Eğer kelime geniş zaman olumsuzluk eki (-maz/-mez) içeriyorsa, standart son hece vurgusu kuralını iptal et ve birincil vurguyu (ˈ) bu ekten hemen önceki heceye yerleştir.' 2) Aspirasyon Kuralı: 'Hece başındaki ötümsüz patlayıcıları (p, t, k, c) varsayılan olarak soluklu varyantlarıyla (pʰ, tʰ, kʰ, cʰ) haritalandır.' 3) Sembol Seti Kısıtlaması: 'Affrikatları (tʃ, dʒ) her zaman bağ işareti (tie bar) olmadan kullan.'",/t͡ʃe.cʰe.ˈmæz/,false
çeküller,/tʃe.cʰyl.ˈleɾ/,t͡ʃ e cʰ y l l e ɾ,0.95,"DOĞRU KURALLAR: Ünsüzler ve Aspirasyon: 'ç' grafemi izin verilen sembol havuzuna uygun olarak bağ işaretsiz [tʃ] ile gösterilir. 'k' ünsüzü ince 'ü' ünlüsünün etkisiyle damaksıllaşarak [c] varyantına dönüşür ve hece başında olduğu için ötümsüz patlayıcı kuralları gereği aspire edilerek [cʰ] olur. İkizleşme (Gemination) ve Vurgu: Kökün sonundaki 'l' ile çoğul ekinin (-ler) başındaki 'l' yan yana gelerek belirgin bir [l.l] telaffuzu yaratır. İnce l harfi [l] sembolüyle gösterilir. Kelimede birincil vurgu çoğul ekinin (son hecenin) üzerindedir. HATA ANALİZİ: Referans 1, havuzda yer almayan bağ işaretli [t͡ʃ] ile kelime sonu ötümsüz/sızıcı 'r' varyantı olan [ɾ̞̊] sembollerini kullanma hatasına düşmüş, ayrıca çoğu standart kullanımda [e] olan çoğul ekini [æ] olarak vermiştir. Referans 2 ise bağ işaretli [t͡ʃ] hatasının yanı sıra k/ü uyumunu hiçe sayarak ince ve aspire edilmesi gereken velar patlayıcıyı genel [k] ile bırakmıştır (damaksıllaşma ve aspirasyon eksikliği). SİSTEM İYİLEŞTİRMESİ VE KURAL ÖNERİSİ: Sistemin algoritmasına şu kurallar eklenmelidir: 1) 'Sembol Eşleme (Hard Mapping): ç = [tʃ], c = [dʒ] şeklinde bağ işaretsiz eşlenmeli ve havuz dışı tüm diyakritikler filtrelenmelidir.' 2) 'Damaksıllaşma ve Aspirasyon Senkronizasyonu: İnce ünlülerle (e, i, ö, ü) temas eden k/g seslerini mutlak surette [c/ɟ] damaksıl sembollerine çevir; bu ses hece başındaysa ötümsüz varyantı [cʰ] olarak aspire et.'",/t͡ʃe.cʰyl.ˈlæɾ̞̊/,false
çembalo,/tʃem.ba.ˈɫo/,t͡ʃ e m b a ɫ o,0.85,"DOĞRU KURALLAR: Kelime İtalyanca kökenlidir (cembalo). İlk hecedeki 'e' standart [e] olarak telaffuz edilir. 'a' ve 'o' kalın ünlüleri arasında kalan 'l' ünsüzü standart Türkçe kuralları gereği kalın/artdamaksıl [ɫ] sesbirimciği ile temsil edilir. Vurgu genel kurala uyarak son hecededir. HATA ANALİZİ: Referans 1, 'e' ünlüsünü gereksiz yere [æ] yapmış ve izin verilmeyen bağlama işaretli (t͡ʃ) sembolü kullanmıştır. Referans 2 ise kalın ünlülerin komşuluğunda [ɫ] kullanması gerekirken ince [l] kullanarak hata yapmıştır. İki referans da patlamalı-sızmalı (affricate) ünsüzlerde izin verilmeyen karakter (t͡ʃ) üretmiştir. SİSTEM İYİLEŞTİRMESİ VE KURAL ÖNERİSİ: Sisteme eklenecek kurallar: 1) 'Batı dillerinden alınan ve kalın ünlüler (a, ı, o, u) ile çevrelenen l seslerini, TDK tarafından özel bir inceltme durumu yoksa daima artdamaksıl [ɫ] olarak transkribe et.' 2) 'Ünsüz haritalama tablosunda t ve ʃ seslerini bitişik yaz (tʃ), aralarında veya üstlerinde bağlama işareti (tie bar) kullanma.' 3) 'Kapalı hecelerdeki e sesini fonolojik bir zorunluluk yoksa [æ] olarak genişletme, [e] olarak koru.'",/t͡ʃæm.ba.ˈɫo/,false
çemberdeki,/tʃæm.bæɾ.ˈde.cʰi/,t͡ʃ æ m b æ ɾ d e cʰ i,0.95,"DOĞRU KURALLAR: Türkçede ilgi/aitlik eki '-ki' vurgu almaz ve birincil vurguyu daima kendinden önceki heceye (burada bulunma durumu eki olan '-de' hecesine) kaydırır [ˈde]. /e/ ünlüsü, yanal ve akıcı ünsüzlerle (m, n, l, ɾ vb.) kapanan hecelerde yer aldığında genişleyerek [æ] varyantına dönüşür ('çem' ve 'ber' heceleri). Açık hecelerde ise daralarak standart [e] halinde kalır ('de' hecesi). 'k' ünsüzü ince ünlüyle ('i') komşu olduğu için damaksıllaşır [c] ve hece başı ötümsüz patlayıcı kuralları gereği doğal olarak aspire edilir [cʰ]. HATA ANALİZİ: Referans 1, vurguyu, aspirasyonu ve ünlü varyantlarını (æ/e) doğru uygulamış olsa da, 'ç' sesini yazarken izin verilmeyen birleştirme işaretini (tie-bar, t͡ʃ) kullanmıştır. Referans 2 ise vurguyu yanlışlıkla ilk heceye atamış, ilk hecedeki kapalı hece 'æ' kuralını atlamış ve yine izin verilmeyen (t͡ʃ) sembolünü kullanmıştır. SİSTEM İYİLEŞTİRMESİ VE KURAL ÖNERİSİ: Sistemin algoritmasına şu katı kurallar eklenmelidir: 1) 'Vurgu İstisnası: Kelime yapım veya çekim eki olarak -ki içeriyorsa, bağlama bakmaksızın vurguyu (ˈ) her zaman -ki ekinden bir önceki hecenin başına sabitle.' 2) 'Ünlü Genişlemesi: Sözcükteki /e/ ünlüsü [m, n, l, ɾ] fonemlerinden biriyle kapanan bir hecedeyse bunu [æ] olarak, açık heceyse [e] olarak transkribe et.' 3) 'Karakter Haritalama: Türkçedeki ç ve c affrikat (patlamalı-sızmalı) seslerini haritalarken tie-bar (t͡ʃ/d͡ʒ) karakterlerini filtrele; sistem sadece yan yana dizilmiş [tʃ] ve [dʒ] kullanmalıdır.'",/t͡ʃæm.bæɾ.ˈde.cʰi/,false
çileler,/tʃi.le.ˈlæɾ/,t͡ʃ i l e l æ ɾ,0.95,"DOĞRU KURALLAR: Kelimede vurgu kurala uygun olarak son hecededir. 'ç' ünsüzü [tʃ] olarak gösterilir. Türkçe fonolojisinde 'e' ünlüsü, [l, m, n, ɾ] seslerinden biriyle biten kapalı hecelerde yer aldığında açılarak [æ] sesine dönüşür (örn. -ler -> [læɾ]). HATA ANALİZİ: Referans 1, kapalı hecedeki [æ] kuralını doğru tespit etmiş ancak bağ işaretli [t͡ʃ] ve izin verilmeyen bir diyakritikli [ɾ̞̊] sembolü kullanmıştır. Referans 2 ise bağ işareti hatasını tekrarlamış ve 'e' sesinin açılma kuralını atlayarak geniş (broad) transkripsiyonda kalmıştır. SİSTEM İYİLEŞTİRMESİ VE KURAL ÖNERİSİ: Sisteme şu katı kurallar eklenmelidir: 1) 'Sembol Kısıtlaması: Yarı kapanmalı (affricate) seslerde bağ işareti (͡ ) kullanma, doğrudan [tʃ, dʒ] yaz. İzin verilen sembol havuzu dışındaki tüm diyakritikleri filtrele.' 2) 'Ünlü Açılması: Eğer bir hece [e] ünlüsü içeriyor ve [l, m, n, ɾ] ünsüzlerinden biriyle kapanıyorsa, dar transkripsiyonda bu ünlüyü daima açık ünlü [æ] olarak haritala.'",/t͡ʃi.le.ˈlæɾ̞̊/,false
çocuk,/tʃo.ˈdʒuk/,t͡ʃ o d͡ʒ u k,1,"DOĞRU KURALLAR: Kelime standart Türkçe kurallarına uyar. Vurgu son hecededir. 'ç' ve 'c' sesleri fonetik olarak [tʃ] ve [dʒ] şeklinde transkribe edilir. Kalın (art) ünlüler ('o', 'u') kullanıldığı için 'k' sesi standart art damak (velar) ünsüzüdür. HATA ANALİZİ: Referans çıktılar, dar çeviri (narrow transcription) kurallarını ihlal ederek köşeli ayraç yerine geniş çeviri işareti olan eğik çizgi (/.../) kullanmıştır. Ayrıca, izin verilen sembol havuzunda bulunmayan ve bağlama (tie-bar) içeren 't͡ʃ' ve 'd͡ʒ' karakterlerini kullanmışlardır. SİSTEM İYİLEŞTİRMESİ VE KURAL ÖNERİSİ: Sisteme şu kurallar eklenmelidir: 1) 'Sembol Kısıtlaması: Affricate (patlamalı-sızmalı) sesler için üst bağ (tie-bar) işaretlerini temizle ve daima yalın [tʃ] ve [dʒ] sembollerini kullan.' 2) 'Format Kuralı: Dar çeviri görevlerinde fonetik çıktıyı istisnasız köşeli ayraç ([ ]) içerisinde oluştur.'",/t͡ʃo.ˈd͡ʒuk/,false
çocuklar,/tʃo.dʒuk.ˈɫaɾ/,t͡ʃ o d͡ʒ u k ɫ a ɾ,1,"DOĞRU KURALLAR: Kelimedeki tüm ünlüler art (kalın) olduğu için l sesi velarize (kalın) [ɫ] olarak gerçekleşir. Çoğul eki (-lar) kelime sonu vurgusunu korur ve üzerine alır, bu nedenle vurgu son hecededir [ˈɫaɾ]. ç ve c sesleri standart [tʃ, dʒ] varyantlarıyla gösterilir. HATA ANALİZİ: Her iki referans da patlamalı-sızmalı (affricate) sesler için bağ sembolü (t͡ʃ, d͡ʒ) kullanarak izin verilen sembol havuzunun dışına çıkmıştır. Referans 1 ayrıca kelime sonu r sesi için havuzda bulunmayan ötümsüz/sürtünmeli bir varyant kullanmıştır. SİSTEM İYİLEŞTİRMESİ VE KURAL ÖNERİSİ: Sisteme şu katı kurallar eklenmelidir: 1) 'Sembol Havuzu Kısıtlaması: ç ve c seslerini dönüştürürken tie bar (bağ) sembolü kullanma, daima havuzda belirtilen [tʃ] ve [dʒ] karakterlerini kullan. Havuzda tanımlanmamış ötümsüzlük/sürtünme diyakritiklerinden kaçın.' 2) 'Kalın L Kuralı: Art (kalın) ünlülerin (a, ɯ, o, u) bulunduğu hecelerdeki l sesini daima velarize [ɫ] olarak işaretle.'",/t͡ʃo.d͡ʒuk.ˈɫaɾ̞̊/,false
çocuğunundu,/tʃo.dʒuː.ˈnun.du/,t͡ʃ o d͡ʒ uː n u n d u,0.95,"DOĞRU KURALLAR: Kelimedeki 'ğ' ünsüzü iki dar ve arka ünlü (u-ğ-u) arasında kaldığında düşer, ünlüler kaynaşarak tek bir uzun ünlüye [uː] dönüşür ve hece sayısı azalır. Kelimenin sonundaki '-du' eki, ek-fiil olan 'idi'nin birleşmiş halidir ve ek-fiiller vurgu almaz; bu nedenle birincil vurgu ek-fiilden önceki heceye [ˈnun] kayar. HATA ANALİZİ: Referans 1, ünlüyü uzatmasına rağmen heceyi birleştirmeyip [uː.u] şeklinde hatalı bir yapı kurmuştur. Referans 2, hece kaynaşmasını [uː] doğru yapsa da her iki referans da ek-fiilin vurgusuzluk kuralını atlayarak vurguyu hatalı şekilde son heceye [ˈdu] koymuştur. Ayrıca her iki referans da izin verilen sembol setinde bulunmayan üst bağ (tie bar) karakterlerini kullanmıştır. SİSTEM İYİLEŞTİRMESİ VE KURAL ÖNERİSİ: Sisteme şu kurallar eklenmelidir: 1) 'Yumuşak G Kaynaşması: İki aynı ünlü arasında (örneğin u-ğ-u) kalan ğ sesini sil; ünlüleri tek bir uzun ünlü (uː) olarak birleştir ve hece düşmesini sağla.' 2) 'Ek-fiil Vurgu Kuralı: Kelime sonuna gelen -di/-du (idi) gibi ek-fiilleri tespit et, vurguyu hiçbir zaman bu eke verme, her zaman bir önceki heceye (tamlayan hecesine) sabitle.' 3) 'Karakter Filtresi: Affricate sesler için kesinlikle üst bağ sembolü (͡ ) kullanma, doğrudan tʃ ve dʒ çıktı ver.'",/t͡ʃo.d͡ʒuː.u.nun.ˈdu/,false
çok,/ˈtʃokʰ/,t͡ʃ o kʰ,0.98,"DOĞRU KURALLAR: Hece Yapısı ve Vurgu: Kelime tek hecelidir ve yalın kullanımda birincil vurguyu alır. Ünsüzler/Aspirasyon: Türkçe dar çeviri kuralları gereği, kelime veya hece sonundaki ötümsüz patlayıcı 'k' sesi soluklu (aspire) olarak [kʰ] telaffuz edilir. Havuz kısıtlamasına göre 'ç' sesi [tʃ] olarak gösterilir. HATA ANALİZİ: Referans 1, dar çeviri kurallarını atlayarak 'k' sesini aspire etmemiş ve havuzda olmayan (t͡ʃ bağlamalı) bir sembol kullanmıştır. Referans 2 ise tek heceli bir kelimenin içine hece sınırı (.) koyarak mantıksal bir fonotaktik hata yapmıştır. Ayrıca iki referansta da vurgu işareti (ˈ) eksiktir. SİSTEM İYİLEŞTİRMESİ VE KURAL ÖNERİSİ: Sisteme şu kurallar eklenmelidir: 1) Heceleme Mantığı: 'İçinde tek bir ünlü barındıran kelimeleri daima tek heceli kabul et ve asla içlerine hece sınırı (.) ekleme.' 2) Sembol Denetimi: 'Yarı kapantılı (affricate) sesleri üretirken üst bağlama (tie-bar) işaretini kullanma, havuza sadık kalarak doğrudan ardışık yaz [tʃ].' 3) Sözcük Sonu Aspirasyonu: 'Sözcük sonundaki ötümsüz patlayıcı ünsüzleri (p, t, k, c) dar çeviride daima soluklu [pʰ, tʰ, kʰ, cʰ] olarak haritala.'",/t͡ʃok/,false
çözülüverdi,/tʃœ.zy.ˈly.væɾ.di/,t͡ʃ œ z y l y v æ ɾ d i,0.95,"DOĞRU KURALLAR: 1) Vurgu: Kelime, tezlik bildiren '-iver' birleşik fiil yapısına sahiptir. Türkçede tezlik fiillerinde birincil vurgu her zaman ana fiili yardımcı fiile bağlayan zarf-fiil ünlüsünün bulunduğu heceye (burada 'lü' hecesine) kayar. 2) Açık 'e' (Vowel Lowering): 'ver' hecesi kapalı bir hecedir ve 'e' ünlüsü 'r' (/ɾ/) akıcısı ile aynı hecede yer aldığında genişleyerek açık [æ] sesine dönüşür. 3) Ünsüz Varyantları: Yardımcı fiildeki 'v' ünsüzü, yuvarlak ünlüden (ü) sonra gelse de ardından düz/açık ünlü (e/æ) geldiği için dudaksıl varyanta [β] kaymaz, standart labiodental [v] olarak telaffuz edilir. Kelime başındaki 'ç' için ise bağlayıcı (tie bar) olmadan [tʃ] kullanılır. HATA ANALİZİ: Referans 1, vurguyu standart dili geçmiş zaman kuralına uyarlayarak kelime sonuna atmış, izin verilmeyen diyakritikli 'β̞' ile birleşik 't͡ʃ' karakterleri kullanmıştır. Referans 2, vurguyu hatalı biçimde '-ver' hecesine yerleştirmiş ve kapalı hecedeki 'e' sesini [æ] olarak açmamıştır. İki sistem de bağlayıcılı 't͡ʃ' sembolünü yazarak izin verilen karakter listesi kuralını ihlal etmiştir. SİSTEM İYİLEŞTİRMESİ VE KURAL ÖNERİSİ: Sisteme şu üç kural eklenmelidir: 1) 'Vurgu İstisnası (Kurallı Birleşik Fiiller): Eğer kelime -iver (tezlik) eki barındırıyorsa, kelime sonu vurgu kuralını ez; vurguyu (ˈ) kesinlikle -iver ekinden hemen önceki heceye (bağlayıcı ünlü hecesine) sabitle.' 2) 'Kapalı Hece Genişlemesi: [e] ünlüsü, [l, m, n, ɾ] gibi sonorant bir ünsüz ile aynı kapalı hecede bulunuyorsa (örn: ver, gel, sen), [e]'yi [æ] olarak dönüştür.' 3) 'Sembol Kısıtlaması: Affricate sesler için hiçbir zaman birleştirici işaret (͡ ) kullanma; yalnızca [tʃ] dizilimini tanımla ve haritala.'",/t͡ʃœ.zy.ly.β̞æɾ.ˈdi/,false
çünkü,/ˈtʃyɲ.cʰy/,t͡ʃ y ɲ cʰ y,0.95,"DOĞRU KURALLAR: Vurgu: 'çünkü' kelimesi bir bağlaçtır. Türkçede 'belki, sanki, çünkü' gibi bağlaçlarda vurgu genellikle ilk hecededir. Ünsüzler ve Aspirasyon: İnce 'ü' ünlüsüyle hece kuran 'k' ünsüzü damaksıllaşarak [c] varyantına dönüşür ve hece başında olduğu için soluklanarak [cʰ] olarak sesletilir. Ünsüz Benzeşmesi: Damaksıl [cʰ] sesinden hemen önce gelen dişyuvasıl 'n' ünsüzü, gerileyici benzeşme ile sesletim yerini değiştirerek damaksıl genizsil [ɲ] sesine evrilir. HATA ANALİZİ: Referans 1, vurguyu doğru heceye yerleştirmiş ve genizsil/patlayıcı dönüşümlerini mükemmel tespit etmiştir ancak sistemin izin verilen sembol havuzunda olmayan bağlayıcı işaretli (tie-bar, t͡ʃ) karakteri kullanmıştır. Referans 2, hem hatalı karakter kullanmış hem de bağlaç vurgusu istisnasını bilmediği için standart Türkçe kelime sonu vurgu kuralını işleterek vurguyu son heceye atmıştır. SİSTEM İYİLEŞTİRMESİ VE KURAL ÖNERİSİ: Sisteme şu kurallar eklenmelidir: 1) 'Bağlaç Vurgusu İstisnası: çünkü, sanki, belki gibi belirli bağlaç ve zarflarda kelime sonu vurgu kuralını ez, birincil vurguyu (ˈ) her zaman ilk heceye yerleştir.' 2) 'Sembol Filtreleme: Yarı kapantılı ünsüzleri (affricate) transkribe ederken uluslararası standartlarda yaygın olan bağlayıcı işareti kullanma, karakterleri sadece havuzdaki gibi (tʃ, dʒ) bitişik yaz.'",/ˈt͡ʃyɲ.cʰy/,false
çık,/ˈtʃɯkʰ/,t͡ʃ ɯ kʰ,0.98,"DOĞRU KURALLAR: Kelime tek heceli olduğu için vurgu bu hecededir [ˈ]. 'ç' sesi ötümsüz patlayıcı-sızmalı [tʃ] olarak temsil edilir. Kalın ünlü 'ı' [ɯ] sesinden dolayı kelime sonundaki 'k' art damaksıl patlayıcıdır. Türkçede mutlak kelime sonundaki ötümsüz patlayıcılar (p, t, k, c) izole okunuşta kuvvetli biçimde soluklu (aspire) bırakılır, bu yüzden 'k' sesi [kʰ] olarak dar çevrilir. HATA ANALİZİ: Referans çıktılar kelime sonu aspirasyonunu hesaba katmayarak geniş çeviri (broad transcription) yapmıştır. Ayrıca vurgu işareti kullanılmamış ve havuzda olmayan bağlamlı (t͡ʃ) sembolü kullanılmıştır. SİSTEM İYİLEŞTİRMESİ VE KURAL ÖNERİSİ: Sisteme şu kurallar eklenmelidir: 1) 'Tek heceli kelimelerin başına da yapısal tutarlılık için birincil vurgu işaretini (ˈ) yerleştir.' 2) 'Mutlak kelime sonunda yer alan ötümsüz patlayıcıları (p, t, k, c) her zaman soluklu varyantlarıyla (pʰ, tʰ, kʰ, cʰ) işaretle.' 3) 'İzin verilen sembol havuzuna tam sadık kal ve bağ tildesi (͡) gibi harici Unicode karakterlerini temizle.'",/t͡ʃɯk/,false
ödeneklerinin,/œ.de.næc.le.ɾi.ˈnin/,œ d e n æ c l e ɾ i n i n,0.95,"DOĞRU KURALLAR: Kelimede vurgu kurallı olarak Türkçe kelime sonu kuralına uygun biçimde son hecededir (ˈnin). 'nek' hecesi içinde yer alan 'k', ince ünlü (e/æ) ile olan ilişkisi dolayısıyla hece sonunda damaksıllaşarak [c] sesine bürünür. Ayrıca kapalı hecede ('nek') bulunan 'e' sesi genişleyerek/açılarak [æ] değerini alır ve 'r' harfi tek vuruşlu [ɾ] şekliyle telaffuz edilir. HATA ANALİZİ: Çıktılar incelendiğinde Referans 1, kelimenin hece sayısını, vurgu yerini ve 'k' sesindeki damaksıllaşmayı ([c]) doğru saptamıştır. Referans 2 ise morfolojik sınırları hatalı çözümleyerek kelimeye fazladan bir '-ni' hecesi icat etmiş (halüsinasyon) ve ince ünlüden sonra gelen velar 'k' sesini [c] yerine [k] olarak bırakmaya devam etmiştir. SİSTEM İYİLEŞTİRMESİ VE KURAL ÖNERİSİ: Sisteme şu iki kural işlenmelidir: 1) 'Damaksıllaşma (Palatalization): Hece ya da kelime sonunda k/g sesleri şayet ön (ince) ünlülerle temas ediyorsa, bunları standart velar halleri ile değil, daima damaksıl (palatal) varyantlarıyla ([c], [ɟ]) kodla.' 2) 'Morfolojik Sınır ve Hece Kontrolü: Çeviri esnasında girdinin harf-hece yapısını say; girdi kelimede bulunmayan sahte hecelerin oluşturulmasını engellemek adına girdi ve çıktı hece sayısını birbirine sabitle.'",/œ.de.næc.le.ɾi.ˈnin/,true
ön,/ˈœn/,œ n,1,"DOĞRU KURALLAR: Kelime tek hecelidir. 'ö' ünlüsü [œ] olarak, 'n' ünsüzü ise [n] olarak transkribe edilir. Tek heceli kelimeler yalın halde söylendiklerinde vurguyu bu hecede taşırlar [ˈœn]. HATA ANALİZİ: Referans 1 geniş çeviri (broad transcription) yaparak vurguyu atlamıştır. Referans 2 doğru sesleri ve vurguyu kullanmıştır. SİSTEM İYİLEŞTİRMESİ VE KURAL ÖNERİSİ: Sistemin algoritmasına şu kural eklenmelidir: 'Tek heceli kelimeler bağımsız olarak transkribe edilirken kelimenin başına mutlaka birincil vurgu (ˈ) işareti konulmalıdır.'",/œn/,false
önce,/ˈœɲ.dʒe/,œ ɲ d͡ʒ e,0.95,"DOĞRU KURALLAR: Vurgu: Zaman veya sıra bildiren zarflarda (önce, sonra vb.) vurgu ilk hecededir. Ünsüz Benzeşmesi (Gerileyici Yer Benzeşmesi): Diş-yuvası (alveolar) /n/ ünsüzü, kendisinden sonra gelen damak-dişeti /dʒ/ ünsüzünün etkisiyle benzeşmeye uğrayarak damaksıl (palatal) [ɲ] varyantına dönüşür. HATA ANALİZİ: Referans 1, [ɲ] benzeşmesini doğru uygulamış ancak zarflardaki istisnai ilk hece vurgusunu atlayarak standart kelime sonu vurgusu yapmıştır. Referans 2 ise vurguyu ilk heceye doğru yerleştirmiş fakat dar çeviri gerekliliği olan /n/ -> [ɲ] yer benzeşmesini koda dökememiştir. Ayrıca her iki sistem, izin verilen sembol havuzunun dışına çıkarak affricate sembolünde bağ işareti (d͡ʒ) kullanmıştır. SİSTEM İYİLEŞTİRMESİ VE KURAL ÖNERİSİ: Algoritmaya şu kurallar eklenmelidir: 1) Zarf Vurgusu Kuralı: 'Eğer kelime zaman, yön veya sıra bildiren belirteç veya edatsa (önce, sonra, şimdi vb.), standart kelime sonu vurgusunu iptal et ve vurguyu ilk heceye (ˈ) sabitle.' 2) Yer Benzeşmesi Kuralı: 'Eğer /n/ ünsüzü, /tʃ/ veya /dʒ/ ünsüzlerinden hemen önce geliyorsa, dar çeviri (narrow transcription) gereği /n/ sesini daima [ɲ] olarak haritala.' 3) Sembol Kısıtlaması: 'Patlamalı-sızmalı (affricate) sesler için tie-bar (͡) kullanma, izin verilen havuzdaki gibi doğrudan dʒ veya tʃ kullan.'",/œɲ.ˈd͡ʒe/,false
örencilere,/œ.ɾæɲ.dʒi.le.ˈɾe/,œ ɾ æ ɲ d͡ʒ i l e ɾ e,0.95,"DOĞRU KURALLAR: 1) Vurgu: Yönelme durumu eki (-e) kelime sonuna eklendiğinde vurguyu üzerine çeker, bu nedenle birincil vurgu son hecededir ([ˈɾe]). 2) Nazal Asimilasyon: 'n' ünsüzü, hemen ardından gelen damak-dişeti 'c' [dʒ] ünsüzünün etkisiyle gerileyici benzeşmeye uğrayarak damaksıl [ɲ] sesine dönüşür. 3) Açık 'e' Kuralı: Kapalı hecede yer alan ilk 'e' ünlüsü, sonorant ünsüz önünde açılarak [æ] sesine dönüşür. HATA ANALİZİ: Referans çıktılar fonetik benzeşmeleri (ɲ, æ) doğru tespit etmiş ancak dar çeviri standardı olan köşeli ayraç [...] yerine geniş çeviri işareti olan eğik çizgi /.../ kullanmıştır. Ayrıca, izin verilen sembol havuzunda bulunmamasına rağmen bağ (tie bar) içeren d͡ʒ sembolü üretmişlerdir. SİSTEM İYİLEŞTİRMESİ VE KURAL ÖNERİSİ: Sisteme şu kurallar eklenmelidir: 1) 'Format Kuralı: Dar çeviri (narrow transcription) işlemi yapıldığında çıktı her zaman köşeli ayraç [...] içine alınmalıdır.' 2) 'Sembol Validasyonu: Affrikat (patlamalı-sızmalı) sesleri temsil ederken havuzdaki tʃ ve dʒ sembollerini bağ işareti (tie bar) olmadan yalın halde kullan.'",/œ.ɾæɲ.d͡ʒi.le.ˈɾe/,false
özümsemediği,/œ.zym.ˈse.me.di.ji/,œ z y m s e m e d i j i,0.95,"DOĞRU KURALLAR: Olumsuzluk eki olan '-ma/-me' vurgu almaz ve vurguyu daima kendinden bir önceki heceye atar. Bu formda (sıfat-fiil çekiminde dahi) vurgu 'se' hecesindedir. İki ön dar ünlü arasındaki (i-i) 'ğ' sesi standart İstanbul telaffuzunda damak sürtünmelisi [j] sesine dönüşür. İçerikteki 'e' ünlüleri açık hecelerde yer aldığı için kapalı [e] olarak sesletilir. HATA ANALİZİ: Ref 1, kuralları kusursuz işleterek vurguyu, heceleri ve 'ğ' sesinin dönüşümünü mükemmel kurgulamıştır. Ref 2 ise olumsuzluk ekinin vurgu reddetme kuralını atlayarak vurguyu yanlış konuma çekmiş ve açık hecedeki 'e' sesini yersiz şekilde açık [æ] olarak transkribe etmiştir. SİSTEM İYİLEŞTİRMESİ VE KURAL ÖNERİSİ: Sisteme iki katı kural eklenmelidir: 1) Vurgu İstisnası: Kelimede fiilden fiil yapan olumsuzluk eki (-me/-ma) tespit edildiğinde, diğer tüm son ek/vurgu kurallarını iptal et ve birincil vurguyu (ˈ) kesinlikle bu ekten hemen önceki heceye konumlandır. 2) Ünlü Açıklık Kuralı: 'e' ünlüsünü yalnızca [m, n, l, r] ünsüzleriyle biten kapalı hecelerde açık [æ] olarak çevir, bunun dışındaki açık hecelerde standart [e] fonemini kullan.",/œ.zym.ˈse.me.di.ji/,true
üreten,/y.ɾe.ˈtʰæn/,y ɾ e tʰ æ n,0.98,"DOĞRU KURALLAR: Kelime 'ü-re-ten' şeklinde hecelenir. Kurallı bir Türkçe kelime olduğu için vurgu son hecededir. Hece başındaki ötümsüz patlayıcı 't' sesi soluklanarak [tʰ] olur. 'n' ünsüzü ile biten kapalı hecelerdeki 'e' sesi açılarak [æ] varyantına dönüşür. İki ünlü arasındaki 'r' sesi çarpmalı [ɾ] olarak telaffuz edilir. HATA ANALİZİ: Referans çıktılar fonetik segmentleri ve hece dizilimini kusursuz tespit etmiştir. Ancak dar (narrow) çeviri sembolü olan köşeli parantez [...] yerine geniş (broad) çeviri sembolü olan eğik çizgi /.../ kullanma hatasına düşmüştür. SİSTEM İYİLEŞTİRMESİ VE KURAL ÖNERİSİ: Sisteme şu katı kural eklenmelidir: 'Biçimlendirme Kuralı: Dar çeviri (narrow transcription) üretildiğinde ve allofonik varyantlar (ʰ, æ, ɾ vb.) kullanıldığında, IPA çıktısı kesinlikle köşeli parantez [...] içine alınmalıdır, eğik çizgi /.../ kullanılmamalıdır.'",/y.ɾe.ˈtʰæn/,true
üsküpler,/ys.cyp.ˈlæɾ/,y s c y p l æ ɾ,0.95,"DOĞRU KURALLAR: Kelime 'üs.küp.ler' biçiminde hecelenir. Çoğul eki '-ler' vurguyu çeker [ˈlæɾ]. Sürekli ince ünlü [y] bağlamında bulunduğu için 'k' sesi damaksıllaşarak [c] varyantına dönüşür. 's' sürtünmeli ünsüzünden hemen sonra geldiği için de aspirasyon (ʰ) almaz. Kapalı hecedeki 'e', 'r' sesinin önünde açılarak [æ] ünlüsüne dönüşür. HATA ANALİZİ: Referans 1, 's' ünsüzünden sonraki aspirasyon düşmesi kuralını ihlal ederek [cʰ] kullanmış ve izin verilmeyen bir sembol (ɾ̞̊) üretmiştir. Referans 2 ise 'pl' gibi hecebaşı ünsüz kümeleri oluşturarak Türkçe fonotaktiğe aykırı bir heceleme (cy.plæɾ) hatası yapmıştır. SİSTEM İYİLEŞTİRMESİ VE KURAL ÖNERİSİ: Sisteme şu katı kurallar yazılmalıdır: 1) 'Heceleme (Syllabification): Türkçede kelime içinde yan yana gelen iki ünsüz daima ayrı hecelere düşer (VCCV -> VC.CV). Kök ve ek arayüzlerinde (üsküp-ler) asla hece başı ünsüz yığılması (pl) oluşturma.' 2) 'Aspirasyon İptali: Patlayıcı [p, t, k, c] sesleri, kendilerinden hemen önceki [s] veya [ʃ] sürtünmeli seslerinden etkileniyorsa (sk, sp, st), aspirasyon (ʰ) etiketini kesinlikle kaldır.'",/ys.cʰyp.ˈlæɾ̞̊/,false
üst,/ˈyst/,y s t,1,"DOĞRU KURALLAR: Kelime tek hecelidir. 'ü' ünlüsü [y], 's' [s] ve 't' [t] olarak transkribe edilir. Tek heceli kelimelerde birincil vurgu kelimenin (hecenin) başında yer alır. Ayrıca kelime sonundaki ve 's' sürtünmelisinden sonra gelen 't' ünsüzü aspirasyon almaz. HATA ANALİZİ: Referans 1, tek heceli kelimelerde vurgu işaretini kullanmayı atlamıştır. Referans 2 ise doğru sembollerle vurguyu kelime başına ekleyerek hatasız bir sonuç üretmiştir. SİSTEM İYİLEŞTİRMESİ VE KURAL ÖNERİSİ: Sistemin algoritmasına şu kurallar eklenmelidir: 1) 'Tek heceli kelimelerin transkripsiyonunda her zaman kelimenin başına birincil vurgu işareti (ˈ) koy.' 2) 'Hece/kelime sonunda yer alan veya sürtünmeli ünsüzlerden (s, ʃ) sonra gelen ötümsüz patlayıcıları (p, t, k, c) hiçbir zaman aspire etme, yalın halleriyle (p, t, k, c) bırak.'",/yst/,false
üzende,/y.zæn.ˈde/,y z æ n d e,0.95,"DOĞRU KURALLAR: Kelimenin hecelemesi 'ü.zen.de' şeklindedir. İlk hecedeki 'ü' standart [y] olarak telaffuz edilir. İkinci hecedeki 'e' ünlüsü, kapalı hecede 'n' akıcı ünsüzünden hemen önce geldiği için açılarak [æ] sesine dönüşür. Son hecedeki 'e' ise açık hecede bulunduğu için kapalı [e] olarak kalır. Vurgu kuralları gereği, ismin bulunma hali eki (-de) vurguyu üzerine çeker ve birincil vurgu son hecede [ˈde] yer alır. HATA ANALİZİ: Referans çıktılar fonetik değişimleri ([æ]) ve vurgu yerini eksiksiz tespit etmiştir. Ancak dar çeviri (narrow transcription) yapılması istendiği için fonemik transkripsiyon sembolü olan eğik çizgi (/.../) kullanılması yöntemsel bir hatadır. SİSTEM İYİLEŞTİRMESİ VE KURAL ÖNERİSİ: Sisteme şu kalibrasyon kuralı eklenmelidir: 'Biçimsel Çıktı Kontrolü: İstenen işlem dar çeviri (narrow transcription) olduğunda, tüm heceleme ve ses değişimlerini tespit ettikten sonra nihai çıktıyı eğik çizgi (/.../) ile değil, mutlaka köşeli ayraç ([...]) kullanarak oluştur.'",/y.zæn.ˈde/,true
İslâmcılık,/is.laːm.dʒɯ.ˈɫɯk/,i s l aː m d͡ʒ ɯ ɫ ɯ k,0.95,"DOĞRU KURALLAR: Kelime, Arapça kökenli 'İslâm' sözcüğüne '-cı' ve '-lık' eklerinin getirilmesiyle oluşmuştur. Düzeltme işaretli 'â' harfi, hecedeki 'a' ünlüsünün uzun [aː] okunmasını ve kendinden çevresindeki (burada önceki) 'l' sesinin ince [l] olmasını sağlar. Türkçe '-cı' ve '-lık' ekleri büyük ünlü uyumuna uyarak kalın [ɯ] ünlüsünü alır. Bu nedenle '-lık' ekindeki 'l' sesi de arka-damaksıl (kalın) varyant [ɫ] olarak telaffuz edilir. 'c' sesi [dʒ] olarak yazılır. Vurgu, isimden isim yapan eklerin doğası gereği son heceye [ˈɫɯk] düşer. HATA ANALİZİ: Referans çıktılar temel olarak başarılıdır; ünlü uzunluğunu ve [l]/[ɫ] ayrımını doğru tespit etmişlerdir. Ancak, 'c' sesini temsil eden affricate (patlamalı-sızmalı) ünsüzü yazarken sembol havuzunun dışına çıkarak bağ karakteri (tie-bar) kullanmışlar ve [d͡ʒ] formunu üretmişlerdir. SİSTEM İYİLEŞTİRMESİ VE KURAL ÖNERİSİ: Sistemin algoritmasına şu kurallar eklenmelidir: 1) 'Karakter Haritalama (Mapping): Patlamalı-sızmalı (affricate) ünsüzler için bağ (tie-bar, U+0361) karakterini kullanma, sadece izin verilen havuzdaki gibi doğrudan [tʃ] ve [dʒ] yaz.' 2) 'Ortografi Uyum Kuralı: Üzerinde düzeltme işareti olan a (â) harfini içeren alıntı kelimelerde ünlüyü uzun [aː] yap ve etkileşimde olduğu k, g, l ünsüzlerini kesinlikle ince (damaksıl) varyantlarla [c, ɟ, l] değiştir.'",/is.laːm.d͡ʒɯ.ˈɫɯk/,false
İstanbul'u,/is.ˈtan.bu.lu/,i s t a n b u l u,0.92,"DOĞRU KURALLAR: 1) Özel İsim Vurgusu: Yer adlarında vurgu istisnaidir; 'İstanbul' kelimesinde kural gereği vurgu ağır hece olan ikinci hecededir. Kök üzerindeki bu yer adı vurgusu, kelime çekim eki alsa bile yer değiştirmez [ˈtan]. 2) Sürtünmeli Ünsüz Etkisi: [s] sürtünmelisi ardından gelen ötümsüz patlayıcılar (t) aspirasyon (ʰ) özelliğini kaybeder ve saf formda [t] kalır. 3) Heceleme (Ulama/Syllabification): Ünsüz harfle biten köke (l), ünlü harfle (u) başlayan ek geldiğinde (C+V bitişimi), hece sınırı oluşturulurken CV hece yapısı (bu.lu) korunur. 4) İnce l (Alveolar l) Kullanımı: 'İstanbul' kelimesindeki arka ünülülere rağmen, son hecedeki l harfi tarihsel gelişim gereği istisnai bir yapıyla ince [l] olarak telaffuz edilir. HATA ANALİZİ: Referans 1, yer adı vurgu kuralını es geçip standart Türkçe kelime sonu vurgusu yapmış (ˈɫu), s ile t arası aspirasyon dökülmesini hesaba katmayıp (tʰ) üretmiş ve arka ünlüden kaynaklı otomatik kalınlaştırma ile kalın [ɫ] atamıştır. Referans 2 ise vurgu yerini yanlış atamış, kalın [ɫ] hatasına düşmüş ve fonotaktik kurallar yerine morfolojik sınırları referans alarak kelimeyi ortadan (bul.u) yanlış hecelemiştir. SİSTEM İYİLEŞTİRMESİ VE KURAL ÖNERİSİ: Algoritma için şu katı kurallar yazılmalıdır: 1) 'Heceleme Formatı: Morfem sınırlarını yok say, kelimede ardışık ünsüz-ünlü geçişi varsa her zaman (V.CV) hece düzenini uygula.' 2) 'Leksem Bazlı Kalınlık Kuralı (Hardcoded Exceptions): Yapısında kalın ünlü (a,ı,o,u) barındırmasına rağmen l harfinin [l] varyantıyla okunduğu kelimeleri (İstanbul, alkol vb.) bir exception_list içerisine dahil edip algoritmik [ɫ] değişimini ez.' 3) '[s, ʃ] seslerinden sonra gelen [p, t, k, c] dizilimlerinde otomatik aspirasyon (ʰ) eklentisini devre dışı bırak.' 4) 'Yer isimleri (Proper Nouns) tespit edildiğinde, vurguyu hedef kökün özgün hece pozisyonunda kilitli tut, -u, -a gibi çekim ekleri geldiğinde kelime sonu vurgu formülünü askıya al.'",/is.tʰan.bu.ˈɫu/,false
İstanbul'un,/is.ˈtan.bu.lun/,i s t a n b u l u n,0.95,"DOĞRU KURALLAR: 1) Vurgu: Yer adlarında (toponimi) vurgu istisnaidir. 'İstanbul' kelimesinde vurgu, Sezer (1981) kuralına uygun olarak sondan bir önceki 'tan' hecesindedir. Sonek ('-un') eklendiğinde de çekim ekleri özel ad vurgusunu kaydıramaz; vurgu yerinde kalır [is.ˈtan.bu.lun]. 2) Saydam/İnce L İstisnası: Kelime kalın/art ünlüler bariyerine sahip olmasına rağmen sonundaki 'l' sesi etimolojik kalıplaşmadan dolayı daima ince/saydam [l] varyantıyla telaffuz edilir. 3) Aspirasyon İptali: /s/ sürtünmelisi arkasından gelen patlayıcılar (t, vb.) soluksuzlaşarak aspirasyonunu yitirir [t]. HATA ANALİZİ: Referans 1, sistemindeki yer adı vurgu istisnasını bilmediğinden varsayılan kelime sonu vurgusu kuralını işletmiş [ˈɫun], fonolojik engeli bilmeyerek 's' sonrası 't'yi aspire etmiş (tʰ) ve art ünlülerle mekanik uyum yaparak kof ince 'l' istisnasını atlayıp kalın [ɫ] üretmiştir. Referans 2, ünsüz varyantlarını (t, l) düzgün çıkartmış ancak o da yer adı özel vurgu istisnasına takılarak vurguyu son heceye [ˈlun] atmıştır. SİSTEM İYİLEŞTİRMESİ VE KURAL ÖNERİSİ: Algoritmaya şu sabit metadatalar eklenmelidir: 1) 'Yer Adı Vurgusu (Toponym Stress): İstanbul gibi özel isimlerde, olağan kelime sonu vurma kuralını (default final stress) askıya al. Vurguyu kökün asıl hecesinde sabitle (İstanbul için [ˈtan]); hiçbir çekim eki bunu kaydıramaz.' 2) 'Saydam L Lexical Exception: Sözlükte işaretlenmiş alıntı ve özel kelimelerde (İstanbul, istiklal, meşgul), art ünlülere rağmen L sesini daima saydam [l] olarak haritala, kalın [ɫ] üretme.'",/is.tʰan.bu.ˈɫun/,false
Şerefiye,/ʃe.ɾe.ˈfi.je/,ʃ e ɾ e f i j e,0.95,"DOĞRU KURALLAR: Kelime Arapça kökenli olup '-iye' (Arapça -iyye) ekiyle bitmektedir. Türkçede bu şekilde biten alıntı kelimelerde (adliye, harbiye, şerefiye vb.) vurgu genellikle sondan bir önceki heceye ('-i') düşer. Kelimedeki ünsüzlerin (ş, r, f, y) tümü sürekli olduğu için patlayıcı ünsüzlerdeki aspirasyon kuralları geçerli değildir. HATA ANALİZİ: Referans çıktılar, Türkçe kelimelerde varsayılan 'son hece vurgusu' kuralını ezbere işleterek vurguyu son heceye (ˈje) yerleştirme hatasına düşmüştür. Arapça kökenli '-iye' ile biten isimlere özgü vurgu istisnası göz ardı edilmiştir. SİSTEM İYİLEŞTİRMESİ VE KURAL ÖNERİSİ: Sisteme şu kural eklenmelidir: 'Alıntı Kelime Vurgu İstisnası: Arapça kökenli olup -iye biçimindeki son ekle biten kelimelerde (şerefiye, adliye, zaptiye vb.) varsayılan kelime sonu vurgu kuralını iptal et ve birincil vurguyu (ˈ) kesinlikle sondan bir önceki heceye sabitle.'",/ʃe.ɾe.fi.ˈje/,false
şaşırdıklarının,/ʃa.ʃɯɾ.dɯk.ɫa.ɾɯ.ˈnɯn/,ʃ a ʃ ɯ ɾ d ɯ k ɫ a ɾ ɯ n ɯ n,1,"DOĞRU KURALLAR: Vurgu: Türkçede standart çekim ekleri silsilesi (-lar, -ı, -nın) vurguyu kelimenin en son hecesine çeker; bu nedenle vurgu son hecededir [ˈnɯn]. Ünsüzler ve Uyum: Kelimenin tüm ünlüleri kalın (art) ünlüler (a, ı) olduğundan büyük ünlü uyumuna sıkı sıkıya uyar. Bu bağlamda çoğul ekindeki 'l' sesi mutlaka kalın/velarize [ɫ] olmalıdır. Hece sonunda yer alan 'k' patlayıcısı, hece başında olmadığı için aspirasyon almadan [k] olarak çıkar. HATA ANALİZİ: Referans 1, tüm ses değerlerini, kalın [ɫ] kullanımını ve vurguyu kusursuz tespit etmiş, yalnızca dar çeviri ayraçları ([]) yerine // kullanarak biçimsel hata yapmıştır. Referans 2 ise büyük ünlü uyumunu tümüyle ihlal etmiştir; kalın ünlülerin baskın olduğu kelimede -lar ekini ince [læ] ve [l] (gold_phones) ile eşleştirmiş, ayrıca vurguyu kurala aykırı şekilde gövdenin ortasına ([ˈdɯk]) koymuştur. SİSTEM İYİLEŞTİRMESİ VE KURAL ÖNERİSİ: Sistemin algoritmasına şu koşullar eklenmelidir: 1) 'Büyük Ünlü Uyumu Doğrulayıcısı (Back Vowel Harmony): Kök ve önceki hecelerde kalın ünlüler (a, ı, o, u) varsa, çoğul eki her zaman kalın varyantıyla [ɫaɾ] üretilmeli, 'a' sesi asla [æ] varyantına dönüşmemeli ve 'l' her şartta [ɫ] olarak haritalanmalıdır.' 2) 'Çekim Eki Dizi Vurgusu: Zarf veya olumsuzluk eki bulunmayan standart isim kökenli ya da isimleşmiş fillerde art arda gelen (-lar-ı-nın) gibi sıralı çekim eklerinde, birincil vurguyu (ˈ) istisnasız kelime sonuna taşı.'",/ʃa.ʃɯɾ.dɯk.ɫa.ɾɯ.ˈnɯn/,true
şehirde,/ʃe.hiɾ.ˈde/,ʃ e h i ɾ d e,0.98,"DOĞRU KURALLAR: Kelime, 'şehir' cins ismine bulunma hâli eki olan '-de'nin eklenmesiyle oluşmuştur. Türkçede cins isimlere gelen bulunma, yönelme ve belirtme gibi çekim ekleri kural olarak vurguyu üzerlerine çeker. Bu nedenle vurgu son hecededir [ˈde]. Ünsüzlerde herhangi bir benzeşme veya daralma durumu yoktur. HATA ANALİZİ: Referans 1, genel Türkçe vurgu kuralını doğru işleterek vurguyu son heceye koymuş ve doğru bir dizilim üretmiştir. Referans 2 ise kelimeyi muhtemelen bir özel yer adı (toponim) veya zarf gibi değerlendirerek istisnai vurgu şablonu uygulamış ve vurguyu orta heceye [ˈhiɾ] koyma hatasına düşmüştür. SİSTEM İYİLEŞTİRMESİ VE KURAL ÖNERİSİ: Sistemin algoritmasına şu kural eklenmelidir: 'Kelime bir cins isim (common noun) ise ve -de/-da bulunma hâli eki alıyorsa, kelime sonu vurgu kuralı işletilmeli ve vurgu ekin üzerine atılmalıdır. Vurgunun ekten önceki kökte kalması kuralı sadece özel yer adları (örn. Ankara'da) ve bazı zarf/bağlaç formları için sınırlandırılmalıdır.'",/ʃe.hiɾ.ˈde/,true
şeyhle,/ˈʃejh.le/,ʃ e j h l e,0.95,"DOĞRU KURALLAR: Kelime, 'şeyh' kökü ve '-le' (ile) vasıta ekinden oluşur. '-le' eki enklitiktir (vurgusuzdur), bu yüzden birincil vurgu köke [ˈʃejh] düşer. Hece sınırı fonotaktik kurallar gereği 'h' ve 'l' arasındadır. Ön damak ünlüsü 'e' nedeniyle 'l' sesi ince [l] olarak telaffuz edilir. HATA ANALİZİ: Referans 1, vurguyu ve hece sınırını doğru tespit etmiş ancak [e] ünlüsünü [æ] yaparak aşırı açık transkribe etmiştir (yarı ünlü [j] öncesi 'e' standart dar-orta konumunu korur). Referans 2 ise vurguyu yanlışlıkla '-le' ekine atmış ve Türkçe hece yapısında (onset) bulunması imkansız olan 'hl' ünsüz kümesini tek bir heceye [ʃej.ˈhle] koyarak çok temel bir heceleme hatası yapmıştır. SİSTEM İYİLEŞTİRMESİ VE KURAL ÖNERİSİ: Sisteme şu iki kural eklenmelidir: 1) 'Vurgu İstisnası: -la/-le (ile) vasıta eki birincil vurgu almaz, vurguyu daima ekin bağlandığı bir önceki heceye kaydır.' 2) 'Heceleme (Phonotactics): Türkçe kelime içinde üçlü ünsüz yan yana geldiğinde (VCCCV), hece sınırını daima ilk iki ünsüz ile son ünsüz arasına (VCC.CV) çek; hece başında asla çift ünsüz (hl) bırakma.'",/ˈʃæjh.le/,false
şikâyetnameler,/ʃi.cʰaː.jæt.naː.me.ˈlæɾ/,ʃ i cʰ aː j æ t n aː m e l æ ɾ,0.95,"DOĞRU KURALLAR: Damaksıllaşma (Palatalizasyon): 'kâ' hecesindeki düzeltme işareti (^), kendinden önceki 'k' ünsüzünün ince okunmasını gerektirir; bu nedenle ince ve soluklu patlayıcı [cʰ] kullanılmalıdır. Ünlü Uzunluğu: Şikâyet kelimesi [aː] ve Farsça kökenli '-name' yapısı [naː] uzun ünlü barındırır. Açık 'e' Kullanımı: Kapalı hece sonundaki 'e' ünlüleri (yet, ler) açık 'e' [æ] olarak telaffuz edilir. Vurgu: Çoğul eki vurguyu üzerine çeker; birincil vurgu son hecededir (ˈlæɾ). HATA ANALİZİ: Referans 1 ve Referans 2, düzeltme işaretinin (^) fonetik etkisini atlayarak kalın [kʰ] kullanımına gitmiş, ince [cʰ] sesini üretememiştir. Ayrıca '-name' ekindeki 'a' ünlüsünün uzunluğunu atlamışlardır. Ek olarak Referans 1, sistemin izin verilen sembol havuzunda bulunmayan 'ɾ̞̊' karakterini kullanmıştır. SİSTEM İYİLEŞTİRMESİ VE KURAL ÖNERİSİ: Sisteme şu katı kurallar eklenmelidir: 1) 'Yazım Kuralları ve Fonetik Dönüşüm (Mapping): Eğer k harfi düzeltme işaretli â (kâ) ile yan yanaysa, bu ünsüzü kesinlikle damaksıl varyantı olan [c] veya hece başı konumuna göre [cʰ] olarak haritala.' 2) 'Alıntı Ekler Sözlüğü (Lexicon): Yabancı kökenli -name yapısını bağımsız bir morfem olarak tanı ve ilk a ünlüsünü her zaman uzun [aː] olarak işaretle.'",/ʃi.kʰaː.jæt.na.me.ˈlæɾ̞̊/,false
şirretlikte,/ʃiɾ.ɾet.lic.ˈtʰe/,ʃ i ɾ ɾ e t l i c tʰ e,0.95,"DOĞRU KURALLAR: Kelimede vurgu kelime sonundaki bulunma durum eki olan '-te' üzerindedir. İnce/ön ünlü ('i') barındıran '-lik' hecesindeki 'l' sesi incedir [l] ve hece sonundaki 'k' arka damak yerine ön damakta boğumlanarak damaksıl varyantı olan [c] değerini alır. Son hece başındaki ötümsüz patlayıcı 't', hece başı kuralı gereği aspire edilerek [tʰ] olur. Aynı zamanda kelime kökündeki ikiz 'r' sesi [ɾ.ɾ] şeklinde komşu iki heceye bölünerek muhafaza edilir. HATA ANALİZİ: Ref 1, ince ünlülü hecedeki 'k' sesini [c] yapmak yerine kalın [k] bırakmıştır. Ref 2, ön ünlü içeren '-lik' hecesinde büyük bir kural ihlali yaparak kalın/velarize [ɫ] kullanmış, hece başı aspirasyonunu (tʰ) atlamış ve [c] damaksıllaşmasını gerçekleştirmemiştir. Ayrıca her iki model de 'ret' hecesindeki 'e' sesini [æ] yapmıştır; oysa Türkçede kapalı hece içindeki 'e' ünlüsü genellikle sadece akıcı (m, n, l, r) ünsüzlerden önce [æ] şekline açılır, 't' gibi bir patlayıcı öncesinde standart [e] korunmalıdır. SİSTEM İYİLEŞTİRMESİ VE KURAL ÖNERİSİ: Sisteme şu kurallar eklenmelidir: 1) 'Damaksıllaşma (Palatalizasyon): İnce/ön ünlüler (e, i, œ, y) ile aynı hecede bulunan veya bu ünlüleri takip eden k sesini daima ince varyantı olan [c] ile transkribe et.' 2) 'L Varyant Seçimi: İnce ünlü barındıran hecelerdeki l sesini bağlamdan bağımsız olarak şeffaf (clear) [l] ile haritala, kesinlikle [ɫ] ataması yapma.' 3) 'Hece Başı Aspirasyon: Aynı hece içinde kendinden hemen önce s veya ş sürtünmelisi bulunmayan hece başı patlayıcılarını (p, t, k, c) her zaman aspire [ʰ] işaretle.'",/ʃiɾ.ɾæt.lik.ˈtʰe/,false
şiveyle,/ʃiː.ˈvej.le/,ʃ iː v e j l e,0.95,"DOĞRU KURALLAR: Kelime Farsça kökenlidir ('şîve') ve ilk hecedeki 'i' ünlüsü uzundur [iː]. 'ile' edatının ekleşmiş hali olan '-(y)le', vurguyu üzerine almaz ve kendinden önceki heceye atar; bu nedenle birincil vurgu ikinci hecededir [ˈvej]. Ayrıca /j/ ile biten hecelerdeki 'e' ünlüsü açılmaya uğramaz, dar/kapalı [e] olarak kalır. HATA ANALİZİ: Referans 1, vurgu yerini doğru bulmuş ancak alıntı kelimedeki ünlü uzunluğunu ([iː]) kaçırmış ve 'e' sesini kapalı hecede ezbere açarak hatalı şekilde [æj] yapmıştır. Referans 2 ise 'e' sesini doğru kapalı korumuş ancak 'ile' ekinin vurgu istisnasını atlayarak standart kelime sonu vurgusu kuralını işletmiştir. Her ikisi de ünlü uzunluğunu gözden kaçırmıştır. SİSTEM İYİLEŞTİRMESİ VE KURAL ÖNERİSİ: Sistemin algoritmasına şu kurallar eklenmelidir: 1) 'Vurgu İstisnası: -(y)la/-(y)le (ile) eki geldiğinde, varsayılan son hece vurgusunu iptal et ve vurguyu (ˈ) ekten bir önceki heceye sabitle.' 2) 'Allofonik e Kuralı: Kapalı hecelerdeki [e] sesinin [æ] sesine dönüşümü kuralına, heceyi kapatan ünsüzün [j] olduğu durumları istisna olarak ekle ve dar/kapalı [e] yapısını koru.' 3) 'Farsça Alıntılar: Sözlük veritabanında şive, çare, lale gibi klasik kelimelerde ilk hece ünlüsünü uzun [ː] olarak tanımla.'",/ʃi.ˈvæj.le/,false
şu,/ˈʃu/,ʃ u,1,"DOĞRU KURALLAR: Kelime tek hecelidir; 'ş' sürtünmeli ünsüzü [ʃ] ve 'u' kapalı arka yuvarlak ünlüsü [u] seslerini içerir. Tek heceli kelimelerde vurgu doğal olarak bu tek hecenin üzerindedir. Dar çeviriler daima köşeli ayraç ile gösterilmelidir. HATA ANALİZİ: Referans çıktılar kelimenin temel fonemlerini doğru tespit etmiş olsa da, dar çeviri standardı olan köşeli ayraç [...] yerine geniş çeviri (fonemik) ayraçları /.../ kullanmış ve dizgesel tutarlılık gereği bulunması gereken birincil vurgu işaretini (ˈ) atlamışlardır. SİSTEM İYİLEŞTİRMESİ VE KURAL ÖNERİSİ: Sisteme şu kurallar eklenmelidir: 1) 'Dar çeviri (narrow transcription) görevlerinde istisnasız olarak köşeli ayraç [...] kullan.' 2) 'Tek heceli sözcüklerde de transkripsiyon bütünlüğünü sağlamak amacıyla birincil vurgu işaretini (ˈ) sözcük başına konumlandır.'",/ʃu/,false
