word,target_ipa
AB Komisyonu,/a.be ko.mis.jo.nu/
AB Komisyonu'nu,/aː.ˈbeː ko.mis.jo.nu.ˈnu/
AFAD,/aː.ˈfad/
AK PARTİ,/ˈˈak paɾ.ˈti/
AMB,/aː.meː.ˈbeː/
ASCII,/ˈasci/
ATA İttifakı,/a.ˈta it.ti.faː.cɯ/
Abazaca,/aˈbazaˈd͡ʒa/
Abbas,/ab.ˈbas/
Abdüssamed,/abdyssaˈmet/
Abdüssamet,/abdyssaˈmet/
Abhazca,/ab.ˈhaz.d͡ʒa/
Acı,/a.ˈd͡ʒɯ/
Adakale,/a.ˈda.ca.ɫe/
Adalar,/a.da.ˈlaɾ/
Adalettin,/adaːletˈtin/
Adana,/a.ˈda.na/
Adana'sı,/a.ˈda.na.ˈsɯ/
Adana'yı,/a.ˈda.na.ˈjɯ/
Adriya,/ˈad.ɾi.ja/
Adriya Denizi,/ˈad.ɾi.ja de.ni.zi/
Adriyatik,/ad.ɾi.ja.ˈtik/
Adriyatik Denizi,/ad.ɾi.ja.ˈtik de.ni.zi/
Adriyatik Denizi'ni,/ad.ɾi.ja.ˈtik de.ni.zi.ˈni/
Adriyatik Denizi'nin,/ad.ɾi.ja.ˈtik de.ni.zi.ˈnin/
Adıyaman,/adɯjaman/
Afar-Saho dili,/a.ˈfaɾ ˈsa.ho di.li/
Afarca,/a.ˈfaɾ.d͡ʒa/
Afarcası,/a.ˈfaɾ.d͡ʒa.ˈsɯ/
Afarcayı,/a.ˈfaɾ.d͡ʒa.ˈjɯ/
Afrikanca,/af.ɾi.ˈkan.d͡ʒa/
Afyonkarahisar,/afjonkaɾahisaɾ/
Agamemnon,/a.ɡa.ˈmem.non/
Agâh,/aː.ˈɡjah/
Ahi,/a.ˈhiː/
Ahili,/a.hiː.ˈli/
Ahit Sandığı,/a.ˈhit san.dɯ.‿ɯ/
Ahmed,/ah.ˈmed/
Ahmed'imi,/ah.me.di.ˈmi/
Ahmed'imin,/ah.me.di.ˈmin/
Ahmed'ini,/ah.me.di.ˈni/
Ahmed'inin,/ah.me.di.ˈnin/
Ahmedler,/ah.med.ˈleɾ/
Ahmet,/ah.ˈmet/
Ahmet'imi,/ah.me.ti.ˈmi/
Ahmet'imin,/ah.me.ti.ˈmin/
Ahmet'ini,/ah.me.ti.ˈni/
Ahmet'inin,/ah.me.ti.ˈnin/
Ahmetler,/ah.met.ˈleɾ/
Ahmetler'i,/ah.met.le.ˈɾi/
Ahmetli,/ah.met.ˈli/
Aişe,/aːiˈʃe/
Ak Yıldız,/ˈac jɯl.dɯz/
Akadca,/a.ˈkad.d͡ʒa/
Akasya,/aˈkasja/
Akdeniz,/ˈac.de.niz/
Akdeniz'i,/ˈac.de.ni.ˈzi/
Akdeniz'in,/ˈac.de.ni.ˈzin/
Akgül,/ˈac.ɡyl/
Akif,/aː.ˈcif/
Akife,/aː.ci.ˈfe/
Akife'si,/aː.ci.fe.ˈsi/
Akifeler,/aː.ci.fe.ˈleɾ/
Akifler,/aː.cif.ˈleɾ/
Aksaray,/ˈac.sa.ɾaj/
Akyıldız,/ˈac.jɯl.dɯz/
Akyıldız'ı,/ac.jɯl.dɯ.ˈzɯ/
Akyıldız'ın,/ac.jɯl.dɯ.ˈzɯn/
Akça Koca,/ac.ˈt͡ʃa co.d͡ʒa/
Akçakoca,/ac.ˈt͡ʃa.co.d͡ʒa/
Akşener,/ˈak.ʃe.neɾ/
Alaattin,/aɫaattin/
Alabama,/a.la.ˈba.ma/
Alabama'sı,/a.la.ˈba.ma.ˈsɯ/
Alabama'yı,/a.la.ˈba.ma.ˈjɯ/
Alacahöyük,/alaˈd͡ʒahœjyc/
Alan,/a.ˈlan/
Alanya,/a.ˈlan.ja/
Alanyalı,/a.ˈlan.ja.lɯ/
Alanyalılık,/a.ˈlan.ja.lɯ.ˈlɯc/
Alaska,/aɫaska/
Alaska'sı,/a.ˈlas.ca.ˈsɯ/
Alaska'yı,/a.ˈlas.ca.ˈjɯ/
Alev,/a.ˈɫev/
Alevi,/a.ɫe.ˈviː/
Alevilik,/a.le.viː.ˈlic/
Aleviliği,/a.ɫe.viː.li.ˈ‿i/
Aleviliğin,/a.ɫe.viː.li.ˈ‿in/
Aleviliğini,/a.ɫe.viː.li.‿i.ˈni/
Aleviliğinin,/a.ɫe.viː.li.‿i.ˈnin/
Alevisi,/a.ɫe.viː.ˈsi/
Aleviyi,/a.ɫe.viː.ˈji/
Alevler,/a.ɫev.ˈleɾ/
Alevî,/a.ɫe.ˈviː/
Alevîler,/a.ɫe.viː.ˈleɾ/
Alevîlik,/a.ɫe.viː.ˈlik/
Alevîliği,/aleviːliji/
Alevîliğin,/aleviːlijin/
Alevîliğini,/aleviːlijini/
Alevîliğinin,/aleviːlijinin/
Alevîsi,/a.ɫe.viː.ˈsi/
Alevîyi,/a.ɫe.viː.ˈji/
Algı,/al.ˈɡɯ/
Ali,/aˈli/
Alicik,/aˈliˈd͡ʒic/
Allah,/aɫ.ˈɫah/
Allah'tan,/al.lah.ˈtan/
Allah'ım,/al.laː.ˈhɯm/
Alma,/al.ˈma/
Alma'sı,/al.ma.ˈsɯ/
Alma'yı,/al.ma.ˈjɯ/
Almalar,/al.ma.ˈlaɾ/
Almanca,/al.ˈman.d͡ʒa/
Almanya,/al.ˈman.ja/
Alperen,/alʲ.peɾˈæn/
Altılı Masa,/al.tɯ.ˈlɯ ma.sa/
Altılı Masa'sı,/al.tɯ.ˈlɯ ma.sa.ˈsɯ/
Altılı Masa'yı,/aɫtɯɫɯmasajɯ/
Alım,/a.ˈlɯm/
Amasya,/ˈa.mas.ja/
Amaç,/a.ˈmat͡ʃ/
Amaçlar,/a.mat͡ʃ.ˈlaɾ/
Amerika,/a.me.ˈɾi.ka/
Amerika Birleşik Devletleri,/a.me.ˈɾi.ka biɾ.le.ˈʃik dev.let.le.ɾi/
Amerika Birleşik Devletleri'ni,/a.me.ˈɾi.ka biɾ.le.ˈʃik dev.let.le.ɾi.ˈni/
Amerika Birleşik Devletleri'nin,/a.me.ˈɾi.ka biɾ.le.ˈʃik dev.let.le.ɾi.ˈnin/
Amerikan Samoası,/a.me.ɾi.ˈcan sa.mo.a.sɯ/
Amharca,/amˈhaɾd͡ʒa/
Ana Cermence,/a.ˈna d͡ʒeɾ.men.d͡ʒe/
Ana Hint-Avrupa dili,/a.ˈna hint av.ˈɾu.pa di.li/
Ana Hint-Avrupa dilini,/anahintavɾupadilini/
Ana Türkçe,/a.ˈna tyɾc.t͡ʃe/
Ana Türkçesi,/a.ˈna tyrk.t͡ʃe.ˈsi/
Ana Türkçeyi,/a.ˈna tyrk.t͡ʃe.ˈji/
Anacak,/a.naˈdʒak/
Anadolu,/aˈna.do.lu/
Anadolu Hisarı,/a.na.do.ˈlu hi.sa.ɾɯ/
Anadolu Hisarı'nı,/a.na.do.ˈlu hi.sa.ɾɯ.ˈnɯ/
Anadolu Türkçesi,/a.na.do.ˈlu tyɾc.t͡ʃe.si/
Anadolu Yakası,/a.na.do.ˈlu ja.ca.sɯ/
Anadolu Yakası'nı,/a.na.do.ˈlu ja.ca.sɯ.ˈnɯ/
Anadolu Yakası'nın,/a.na.do.ˈlu ja.ca.sɯ.ˈnɯn/
Anadolu dili,/a.na.do.ˈlu di.li/
Anadolu dilini,/anadoˈlu diliˈni/
Anadolu dilleri,/a.na.do.ˈlu dil.le.ˈɾi/
Anadolu'su,/a.ˈna.do.lu.ˈsu/
Anadolu'yu,/a.ˈna.do.lu.ˈju/
Anadoluhisarı,/a.na.do.ˈlu.hi.sa.ɾɯ/
Anadolulu,/a.ˈna.do.lu.lu/
Anadolulu'su,/a.ˈna.do.lu.lu.ˈsu/
Anadoluluyu,/a.ˈna.do.lu.lu.ˈju/
Andorra,/an.ˈdoɾ.ɾa/
Andorra'yı,/an.ˈdoɾ.ɾa.ˈjɯ/
Andorrası,/an.ˈdoɾ.ɾa.ˈsɯ/
Anglikan,/an.ɡɫi.ˈcan/
Anglikanizm,/an.ɡɫi.ca.ˈnizm/
Anglikanizmi,/an.ɡɫi.ca.niz.ˈmi/
Anglikanizmin,/an.ˈɡɫi.ca.niz.ˈmin/
Anglikanı,/aŋɡlicanɯ/
Anglikanın,/aŋɡlicanɯn/
Anka,/ˈan.ca/
Anka'sı,/ˈan.ca.ˈsɯ/
Anka'yı,/ˈan.ca.ˈjɯ/
Ankara,/ˈaŋ.ka.ra/
Ankara'sı,/ˈaŋ.ka.ra.ˈsɯ/
Ankara'yı,/ˈaŋ.ka.ra.ˈjɯ/
Ankaralı,/an.ka.ɾa.ɫɯ/
Ankaralı'sı,/ˈaŋ.ka.ɾa.ɫɯ.ˈsɯ/
Ankaralı'yı,/ˈaŋ.ka.ɾa.ɫɯ.ˈjɯ/
Ankaralılar,/an.ka.ɾa.ɫɯ.ɫaɾ/
Ankaralılık,/an.ka.ɾa.ɫɯ.ɫɯc/
Anlı,/an.ˈlɯ/
Anlı'sı,/an.lɯ.ˈsɯ/
Anlı'yı,/an.lɯ.ˈjɯ/
Anlılar,/an.lɯ.ˈlaɾ/
Antalya,/an.ˈtal.ja/
Antalya'sı,/an.ˈtal.ja.ˈsɯ/
Antalya'yı,/an.ˈtal.ja.ˈjɯ/
Antalyalı,/an.ˈtal.ja.ˈlɯ/
Antalyalı'sı,/an.ˈtal.ja.lɯ.ˈsɯ/
Antalyalı'yı,/an.ˈtal.ja.lɯ.ˈjɯ/
Antarktika Okyanusu,/an.taɾk.ti.ka oc.ja.nu.su/
Antarktika Okyanusu'nu,/antaɾkticaokjanusunu/
Antarktika Okyanusu'nun,/an.taɾk.ˈti.ca oc.ja.nu.su.ˈnun/
Antigua,/an.ˈti.ɡu.a/
Antigua ve Barbuda,/an.ˈtiː.ɡu.a ve baɾ.ˈbuː.da/
Antigua ve Barbuda'sı,/an.ˈtiː.ɡu.a ve baɾ.ˈbuː.da.ˈsɯ/
Antigua ve Barbuda'yı,/an.ˈtiː.ɡu.a ve baɾ.ˈbuː.da.ˈjɯ/
Antigua'sı,/an.ti.ɡu.a.sɯ/
Antigua'yı,/an.ˈtiː.ɡu.a.ˈjɯ/
Anıtkabir,/a.ˈnɯt.ca.biɾ/
Ara,/aˈɾa/
Arabacı,/aɾabaˈd͡ʒɯ/
Araban,/aɾaˈban/
Arabistan,/a.ɾa.bis.ˈtan/
Aragonca,/aɾaˈgond͡ʒa/
Arakanlı,/a.ˈɾa.kan.ɫɯ/
Aramice,/a.ɾa.ˈmiː.d͡ʒe/
Aramiceler,/a.ɾa.ˈmiː.d͡ʒe.ˈleɾ/
Aramicesi,/a.ɾa.ˈmiː.d͡ʒe.ˈsi/
Aramiceyi,/a.ɾa.ˈmiː.d͡ʒe.ˈji/
Arap,/aˈɾap/
Arapgir,/a.ɾap.ɟiɾ/
Arapça,/a.ˈɾap.t͡ʃa/
Arapçası,/a.ɾap.t͡ʃa.ˈsɯ/
Arapçasını,/a.ɾap.t͡ʃa.sɯ.ˈnɯ/
Arapçasının,/a.ɾap.t͡ʃa.sɯ.ˈnɯn/
Arapçayı,/a.ɾap.t͡ʃa.ˈjɯ/
Araç,/aˈɾat͡ʃ/
Araç'tan,/aɾat͡ʃˈtan/
Araç'ı,/aɾaˈd͡ʒɯ/
Araç'ın,/aɾaˈd͡ʒɯn/
Araçlar,/aɾat͡ʃˈlaɾ/
Araçlardan,/aɾat͡ʃlaɾˈdan/
Araçları,/aɾat͡ʃlaˈɾɯ/
Araçların,/aɾat͡ʃlaˈɾɯn/
Ardahan,/ˈaɾ.da.han/
Arkadaş,/aɾkadaʃ/
Arktik Okyanusu,/aɾc.ˈtic oc.ja.nu.ˈsu/
Arktik Okyanusu'nu,/aɾc.ˈtic oc.ja.nu.su.ˈnu/
Arktik Okyanusu'nun,/aɾc.ˈtic oc.ja.nu.su.ˈnun/
Armageddon,/aɾ.ma.ɟe.ˈdon/
Armutlu,/aɾ.ˈmut.lu/
Arnavut,/aɾ.na.ˈvut/
Arnavutluk,/aɾ.na.vut.ˈluc/
Arnavutluk'u,/aɾ.na.vut.lu.ˈ‿u/
Arnavutluk'un,/aɾ.na.vut.lu.ˈ‿un/
Arnavutça,/aɾnaˈvutt͡ʃa/
Arpitanca,/aɾpiˈtand͡ʒa/
Arslan,/aɾsˈlan/
Artvin,/ˈaɾt.vin/
Arı,/a.ˈɾɯ/
Arık,/a.ˈɾɯk/
Arılı,/a.ˈɾɯ.lɯ/
Aslan,/asˈlan/
Asr-ı Saadet,/ˈas.ɾɯ sa.aː.ˈdet/
Assam,/ˈas.sam/
Assamca,/as.ˈsam.d͡ʒa/
Asteroit Kuşağı,/as.te.ɾo.ˈit ku.ʃa.‿ɯ/
Asteroit Kuşağı'n,/as.te.ɾo.ˈit ku.ʃa.ˈ‿ɯn/
Asteroit Kuşağı'nı,/as.te.ɾo.ˈit ku.ʃa.‿ɯ.ˈnɯ/
Asteroit Kuşağı'nın,/as.te.ɾo.ˈit ku.ʃa.‿ɯ.ˈnɯn/
Asturyas,/astuɾjas/
Asturyasça,/astuɾjast͡ʃa/
Asur,/ˈaːsuɾ/
Asya,/ˈas.ja/
Asyalı,/ˈas.ja.lɯ/
Ata,/aˈta/
Ata İttifakı,/a.ˈta it.ti.faː.kɯ/
Ata'yı,/ataˈjɯ/
Atalar,/ataˈlaɾ/
Atatürk,/a.ˈta.tyɾc/
Atatürk'ü,/a.ˈta.tyɾ.ˈky/
Atatürk'ün,/a.ˈta.tyɾ.ˈkyn/
Atatürkçü,/a.ta.tyɾk.ˈt͡ʃy/
Atatürkçülük,/a.ta.tyɾk.t͡ʃy.ˈlyk/
Ataşehir,/a.ˈta.ʃe.hiɾ/
Ataşehirli,/a.ˈta.ʃe.hiɾ.li/
Atilla,/aˈtilla/
Atillalar,/aˈtillaˈlaɾ/
Atinalı,/atinaˈɫɯ/
Atlantik,/at.ɫan.ˈtic/
Atlantik Okyanusu,/at.ɫan.ˈtic oc.ja.nu.su/
Atlantik'i,/at.ɫan.ti.ˈci/
Atlantik'in,/at.ɫan.ti.ˈcin/
Atlas Okyanusu,/at.ˈɫas oc.ja.nu.su/
Atlas Okyanusu'nu,/at.ˈɫas oc.ja.nu.su.ˈnu/
Atlas Okyanusu'nun,/at.ˈɫas oc.ja.nu.su.ˈnun/
Atom Çağı,/a.ˈtom t͡ʃa.‿ɯ/
Attila,/ˈattila/
Attilalar,/ˈattilaˈlaɾ/
Atıl,/aːˈtɯl/
Avar,/ˈavaɾ/
Avarca,/aˈvaɾd͡ʒa/
Avarlar,/ˈavaɾˈlaɾ/
Avrupa,/av.ˈɾu.pa/
Avrupa Birliği,/avɾupabiɾliji/
Avrupa Birliği Bakanlar Konseyi,/avɾupabiɾlijibakanɫaɾkonseji/
Avrupa Birliği Komisyonu,/av.ˈɾu.pa biɾ.li.‿i ko.mis.jo.ˈnu/
Avrupa Birliği Komisyonu'nu,/avɾupabiɾlijicomisjonunu/
Avrupa Birliği Konseyi,/avɾupabiɾlijiconseji/
Avrupa Birliği'ni,/avɾupabiɾlijini/
Avrupa Birliği'nin,/avɾupabiɾlijinin/
Avrupa Devlet ve Hükûmet Başkanları Konseyi,/av.ˈɾu.pa dev.let ve hy.kʲuː.met baʃ.can.la.ˈɾɯ kon.se.ˈji/
Avrupa Komisyonu,/av.ˈɾu.pa ko.mis.jo.ˈnu/
Avrupa Komisyonu'nu,/avɾupakomisjonunu/
Avrupa Konseyi,/av.ˈɾu.pa kon.se.ˈji/
Avrupa İnsan Hakları Mahkemesi,/avˈɾupa inˈsan hakɫaˈɾɯ mahcemeˈsi/
Avrupa'sı,/av.ɾu.pa.ˈsɯ/
Avrupa'yı,/av.ɾu.pa.ˈjɯ/
Avrupalar,/av.ɾu.pa.ˈlaɾ/
Avrupamerkezci,/av.ˈɾu.pa.meɾ.kez.ˈd͡ʒi/
Avrupamerkezcilik,/av.ˈɾu.pa.meɾ.kez.d͡ʒi.ˈlik/
Avrupamerkezcilikler,/av.ˈɾu.pa.meɾ.kez.d͡ʒi.lik.ˈleɾ/
Avrupamerkezciliklere,/av.ˈɾu.pa.meɾ.kez.d͡ʒi.lik.le.ˈɾe/
Avrupamerkezcilikleri,/av.ˈɾu.pa.meɾ.kez.d͡ʒi.lik.le.ˈɾi/
Avrupamerkezciliklerin,/av.ˈɾu.pa.meɾ.kez.d͡ʒi.lik.le.ˈɾin/
Avrupamerkezciliklerini,/av.ˈɾu.pa.meɾ.kez.d͡ʒi.lik.le.ɾi.ˈni/
Avrupamerkezciliklerinin,/av.ˈɾu.pa.meɾ.kez.d͡ʒi.lik.le.ɾi.ˈnin/
Avrupamerkezciliği,/avɾupamæɾcezd͡ʒiliji/
Avrupamerkezciliğin,/avɾupamæɾcezd͡ʒilijin/
Avustronezya,/a.vus.tɾo.ˈnez.ja/
Avustronezya dili,/a.vus.tɾo.ˈnez.ja di.li/
Avusturya,/a.vus.ˈtuɾ.ja/
Avusturya Cumhuriyeti,/a.vus.ˈtuɾ.ja d͡ʒum.huː.ɾi.je.ˈti/
Avusturya Cumhuriyeti'ni,/a.vus.ˈtuɾ.ja d͡ʒum.huː.ɾi.je.ti.ˈni/
Avusturya Cumhuriyeti'nin,/a.vus.ˈtuɾ.ja d͡ʒum.huː.ɾi.je.ti.ˈnin/
Avusturya'sı,/a.vus.ˈtuɾ.ja.ˈsɯ/
Avusturya'yı,/a.vus.ˈtuɾ.ja.ˈjɯ/
Avusturyalı,/a.vus.ˈtuɾ.ja.ˈlɯ/
Avusturyalı'sı,/a.vus.ˈtuɾ.ja.lɯ.ˈsɯ/
Avusturyalı'yı,/a.vus.ˈtuɾ.ja.lɯ.ˈjɯ/
Avusturyalılaş,/a.vus.ˈtuɾ.ja.lɯ.ˈlaʃ/
Avusturyalılaşma,/a.vus.ˈtuɾ.ja.lɯ.ˈlaʃ.ma/
Avusturyalılaşma'sı,/a.vus.ˈtuɾ.ja.lɯ.laʃ.ma.ˈsɯ/
Avusturyalılaşma'yı,/a.vus.ˈtuɾ.ja.lɯ.laʃ.ma.ˈjɯ/
Avusturyalılaşmak,/a.vus.ˈtuɾ.ja.lɯ.laʃ.ˈmac/
Avusturyalılaşmama,/a.vus.ˈtuɾ.ja.lɯ.laʃ.ma.ˈma/
Avusturyalılaşmama'sı,/a.vus.ˈtuɾ.ja.lɯ.ˈlaʃ.ma.ma.ˈsɯ/
Avusturyalılaşmaz,/a.vus.ˈtuɾ.ja.lɯ.laʃ.ˈmaz/
Avusturyalılaştırma,/a.vus.ˈtuɾ.ja.lɯ.laʃ.ˈtɯɾ.ma/
Avusturyalılaştırma'sı,/a.vus.ˈtuɾ.ja.lɯ.laʃ.tɯɾ.ma.ˈsɯ/
Avusturyalılaştırmak,/a.vus.ˈtuɾ.ja.lɯ.laʃ.tɯɾ.ˈmac/
Avusturyalılaştırmama,/a.vus.ˈtuɾ.ja.lɯ.laʃ.ˈtɯɾ.ma.ˈma/
Avusturyalılaştırmama'sı,/a.vus.ˈtuɾ.ja.lɯ.laʃ.ˈtɯɾ.ma.ma.ˈsɯ/
Avusturyalılaştırmama'yı,/a.vus.ˈtuɾ.ja.lɯ.laʃ.ˈtɯɾ.ma.ma.ˈjɯ/
Avusturyalılaşır,/a.vus.ˈtuɾ.ja.lɯ.la.ˈʃɯɾ/
Avusturyalılık,/a.vus.ˈtuɾ.ja.lɯ.ˈɫɯc/
Avusturyalılık'ı,/a.vus.ˈtuɾ.ja.lɯ.ɫɯ.ˈ‿ɯ/
Avusturyalılık'ım,/a.vus.ˈtuɾ.ja.lɯ.ɫɯ.ˈ‿ɯm/
Avusturyalılık'ın,/a.vus.ˈtuɾ.ja.lɯ.ɫɯ.ˈ‿ɯn/
Avusturyalıyı,/avusˈtuɾjalɯˈjɯ/
Ay,/ˈaj/
Ay'ı,/a.ˈjɯ/
Ay'ın,/a.ˈjɯn/
Aydın,/ˈaj.dɯn/
Aydın'ı,/ˈaj.dɯ.ˈnɯ/
Aydın'ın,/ˈaj.dɯ.ˈnɯn/
Aydınlar,/aj.dɯn.ˈlaɾ/
Aydınlar'ı,/aj.dɯn.la.ˈɾɯ/
Aydınlar'ın,/aj.dɯn.la.ˈɾɯn/
Aydınları,/aj.dɯn.la.ˈɾɯ/
Aydınların,/aj.dɯn.la.ˈɾɯn/
Aydınlık,/aj.dɯn.ˈlɯc/
Aydınlık'ı,/aj.dɯn.ˈlɯ.ˈ‿ɯ/
Aydınlık'ın,/aj.dɯn.ɫɯ.ˈɯn/
Ayiter,/a.ˈji.teɾ/
Aymaraca,/aj.ˈma.ɾa.d͡ʒa/
Aymaracası,/aj.ˈma.ɾa.d͡ʒa.ˈsɯ/
Aymaracayı,/aj.ˈma.ɾa.d͡ʒa.ˈjɯ/
Ayten,/aj.ˈten/
Ayva,/aj.ˈva/
Ayvalık,/ˈaj.va.lɯc/
Ayça,/ajˈt͡ʃa/
Ayşe,/aj.ˈʃe/
Ayşe'si,/aj.ʃe.ˈsi/
Ayşe'yi,/aj.ʃe.ˈji/
Ayşeler,/aj.ʃe.ˈleɾ/
Ayşen,/ajˈʃen/
Azerbaycan,/azæɾbajd͡ʒan/
Azerice,/aː.ze.ɾiː.d͡ʒe/
Azericeler,/aː.ze.ˈɾiː.d͡ʒe.ˈleɾ/
Azericesi,/aː.ze.ˈɾiː.d͡ʒe.ˈsi/
Açelya,/aˈt͡ʃelja/
Ağaca,/a‿aˈd͡ʒa/
Ağaç,/a.ˈ‿at͡ʃ/
Ağlama Duvarı,/aːɫamaduβ̞aɾɯ/
Ağlama Duvarı'nı,/aːɫamaduβ̞aɾɯnɯ/
Ağlama Duvarı'nın,/aːɫamaduβ̞aɾɯnɯn/
Ağlama Duvarım,/aːɫamaduβ̞aɾɯm/
Ağlama Duvarın,/aːɫamaduβ̞aɾɯn/
Ağrı,/aːɾɯ/
Aşağı Almanca,/a.ʃa.ˈ‿ɯ al.ˈman.d͡ʒa/
Aşağı Almancası,/a.ʃa.ˈ‿ɯ al.man.d͡ʒa.ˈjɯ/
Aşağı Almancayı,/a.ʃa.ˈ‿ɯ al.man.d͡ʒa.ˈjɯ/
Aşağı Avusturya,/a.ʃa.ˈ‿ɯ a.vus.tuɾ.ja/
Aşağı Avusturya'sı,/a.ʃa.ˈ‿ɯ a.vus.tuɾ.ja.ˈsɯ/
Aşağı Avusturya'yı,/a.ʃa.ˈ‿ɯ a.vus.tuɾ.ja.ˈjɯ/
Aşk,/ˈaʃc/
Aşkelon,/ˈaʃ.ce.lon/
Aşkelon'u,/ˈaʃ.ce.lo.ˈnu/
Aşkelon'um,/ˈaʃ.ce.lo.ˈnum/
Aşkelon'un,/ˈaʃ.ce.lo.ˈnun/
Aşkın,/aʃ.ˈcɯn/
Babacan,/ba.ba.ˈd͡ʒan/
Babacan'ı,/ba.ba.d͡ʒa.ˈnɯ/
Babacan'ın,/ba.ba.d͡ʒa.ˈnɯn/
Babacanlar,/ba.ba.d͡ʒan.ˈlaɾ/
Babalar,/babaˈlaɾ/
Babil,/ˈbaːbil/
Bahai,/ba.haː.ˈiː/
Bahailer,/ba.haː.iː.ˈleɾ/
Bahailik,/ba.haː.iː.ˈlic/
Bahailiği,/ba.haː.iː.li.ji/
Bahailiğin,/ba.haː.iː.li.jin/
Bahailiğini,/ba.haː.iː.li.‿i.ˈni/
Bahailiğinin,/ba.haː.iː.li.ji.nin/
Bahaisi,/ba.haː.iː.ˈsi/
Bahaisin,/ba.haː.iː.ˈsin/
Bahaisini,/ba.haː.iː.si.ˈni/
Bahaisinin,/ba.haː.iː.si.ˈnin/
Bahaiyi,/ba.haː.iː.ˈji/
Bahar'ı,/bahaˈɾɯ/
Baharlar,/bahaɾˈlaɾ/
Bahreyn,/bahˈɾejn/
Bahâî,/ba.haː.ˈiː/
Bahâîler,/ba.haː.iː.ˈleɾ/
Bahâîlik,/ba.haː.iː.ˈlic/
Bahâîliği,/bahaːiːliji/
Bahâîliğin,/bahaːiːlijin/
Bahâîliğini,/bahaːiːlijini/
Bahâîliğinin,/bahaːiːlijinin/
Bahâîsi,/ba.haː.iː.ˈsi/
Bahâîsin,/ba.haː.iː.ˈsin/
Bahâîsini,/ba.haː.iː.si.ˈni/
Bahâîsinin,/ba.haː.iː.si.ˈnin/
Bahâîyi,/ba.haː.iː.ˈji/
Bahçeli,/bah.t͡ʃe.ˈli/
Balasagun,/ba.ˈla.sa.ɡun/
Balasagun'u,/ba.ˈla.sa.ɡu.ˈnu/
Balasagun'un,/ba.ˈla.sa.ɡu.ˈnun/
Balasagunlar,/ba.ˈla.sa.ɡun.ˈlaɾ/
Balıkesir,/ˈba.ɫɯ.ce.siɾ/
Balıklar,/balɯkˈlaɾ/
Balım,/ba.ˈɫ̪ɯm/
Bangladeş,/ˈbanglaˈdeʃ/
Barbados,/baɾ.ˈba.dos/
Barbadoslu,/baɾ.ˈba.dos.lu/
Barbuda,/baɾ.ˈbuː.da/
Barbuda'sı,/baɾbudasɯ/
Barbuda'yı,/baɾ.ˈbuː.da.ˈjɯ/
Bartın,/ˈbaɾ.tɯn/
Barış,/ba.ˈɾɯʃ/
Baskça,/ˈbask.ˈt͡ʃa/
Baskçası,/baskt͡ʃasɯ/
Baskçayı,/baskt͡ʃajɯ/
Batman,/ˈbat.man/
Batı,/ba.ˈtɯ/
Batı Almanya,/ba.ˈtɯ al.man.ja/
Batı Anadolu,/baˈtɯ anadoˈlu/
Batı Ermenicesi,/ba.ˈtɯ eɾ.me.ni.d͡ʒe.ˈsi/
Batı Hristiyanlığı,/baˈtɯ hɾistijanlɯ‿ɯ/
Batı Oğuz dili,/ba.ˈtɯ o.ˈ‿uz di.li/
Batı Oğuz dilini,/ba.ˈtɯ o.ˈ‿uz di.li.ˈni/
Batı Sibirya,/ba.ˈtɯ si.biɾ.ja/
Batı Sibirya'sı,/ba.ˈtɯ si.biɾ.ja.ˈsɯ/
Batı Sibirya'yı,/ba.ˈtɯ si.biɾ.ja.ˈjɯ/
Batı İran dili,/ba.ˈtɯ ˈiː.ɾan di.li/
Batılı,/ba.tɯ.ˈlɯ/
Bayburt,/ˈbaj.buɾt/
Bayram,/baj.ˈɾam/
Bayülken,/ˈba.jyl.ˈken/
Bağ,/baː/
Bağ'ı,/ba.ˈ‿ɯ/
Bağ'ın,/ba.ˈ‿ɯn/
Bağ-Kur,/baːkuɾ/
Bağlama,/baːɫama/
Bağlama'sı,/baːɫamasɯ/
Bağlama'yı,/baːɫamajɯ/
Bağlamalar,/baːɫamaɫaɾ/
Bağlar,/baːɫaɾ/
Bağlar'ı,/baːɫaɾɯ/
Bağlar'ın,/baːɫaɾɯn/
Bağlarlar,/baːɫaɾɫaɾ/
Bağımsız Devletler Topluluğu,/ba.‿ɯm.ˈsɯz dev.let.ˈleɾ top.lu.lu.ˈ‿u/
Başkan,/baʃˈcan/
Başkurtça,/baʃ.ˈkuɾt.t͡ʃa/
Bebek,/be.ˈbek̚/
Benelüks,/be.ne.ˈlyks/
Benelükslü,/be.ne.lyks.ˈly/
Benelükslülük,/be.ne.lyks.ly.ˈlyc/
Bengalce,/benˈɡald͡ʒe/
Bennu,/bænnu/
Berat Gecesi,/be.ˈɾat ɡe.d͡ʒe.si/
Berfu,/beɾˈfu/
Berlin,/ˈbeɾ.lin/
Berlin Duvarı,/ˈbeɾ.lin du.va.ˈɾɯ/
Berna,/bæɾ.ˈnaː/
Berna'sı,/beɾ.naː.ˈsɯ/
Berna'yı,/bæɾnajɯ/
Bernalar,/beɾ.naː.ˈlaɾ/
Berâat Gecesi,/be.ˈɾaː.ˈˤat ɡe.d͡ʒe.si/
Besen,/be.ˈsen/
Betül,/beˈtyl/
Beyaz Rusça,/beˈjaz ɾust͡ʃa/
Beyrut,/ˈbej.ɾut/
Beyrut'u,/ˈbej.ɾu.ˈtu/
Beyrut'um,/ˈbej.ɾu.ˈtum/
Beyrut'un,/ˈbej.ɾu.ˈtun/
Beyt-ul Ma'mûr,/bej.tul ma.ˈˤmuːɾ/
Beşevler,/ˈbeʃ.ev.leɾ/
Beşevler'i,/ˈbeʃ.ev.le.ˈɾi/
Beşevler'in,/ˈbeʃ.ev.le.ˈɾin/
Beşevlerler,/ˈbeʃ.ev.ˈleɾ.leɾ/
Bhutan,/ˈbu.tan/
Bhutan Krallığı,/ˈbu.tan kɾal.lɯ.‿ɯ/
Bhutan'ı,/ˈbu.ta.ˈnɯ/
Bhutan'ın,/ˈbu.ta.ˈnɯn/
Bilecik,/bi.ˈle.ˈd͡ʒic/
Bilenler,/bilenˈleɾ/
Bingöl,/ˈbiŋ.ɟœl/
Birleşik Arap Emirlikleri,/biɾ.le.ʃik a.ˈɾap e.miɾ.lic.le.ɾi/
Birleşik Arap Emirlikleri'n,/biɾ.le.ʃik a.ˈɾap e.miɾ.lic.le.ˈɾin/
Birleşik Arap Emirlikleri'ni,/biɾ.le.ʃik a.ˈɾap e.miɾ.lic.le.ɾi.ˈni/
Birleşik Arap Emirlikleri'nin,/biɾ.le.ʃik a.ˈɾap e.miɾ.lic.le.ɾi.ˈnin/
Birleşik Devletler,/biɾ.le.ˈʃik dev.let.leɾ/
Birleşik Devletler'i,/biɾ.le.ˈʃik dev.let.le.ˈɾi/
Birleşik Devletler'in,/biɾ.le.ˈʃik dev.let.le.ˈɾin/
Birleşik Krallık,/biɾ.le.ˈʃik kɾal.lɯc/
Birleşik Modelleme Dili,/biɾ.le.ˈʃik mo.del.le.ˈme di.li/
Birleşmiş Milletler,/ˈbiɾ.leʃ.ˈmiʃ mil.let.ˈleɾ/
Birleşmiş Milletler Teşkilatı,/ˈbiɾ.leʃ.ˈmiʃ mil.let.leɾ teʃ.kiː.laː.tɯ/
Birleşmiş Milletler Teşkilatı'nı,/ˈbiɾ.leʃ.ˈmiʃ mil.let.ˈleɾ teʃ.kiː.laː.tɯ.ˈnɯ/
Birleşmiş Milletler Teşkilatı'nın,/ˈbiɾ.leʃ.ˈmiʃ mil.let.ˈleɾ teʃ.kiː.laː.tɯ.ˈnɯn/
Birleşmiş Milletler Örgütü,/ˈbiɾ.leʃ.ˈmiʃ mil.let.ˈleɾ œɾ.ɡy.ˈty/
Birleşmiş Milletler'i,/ˈbiɾ.leʃ.ˈmiʃ mil.let.le.ˈɾi/
Birleşmiş Milletler'in,/ˈbiɾ.leʃ.ˈmiʃ mil.let.le.ˈɾin/
Birlik,/biɾ.ˈlic/
Bitinler,/bi.tin.ˈleɾ/
Bitinya,/biˈtinja/
Bitinya Krallığı,/bi.ˈtin.ja kɾal.lɯ.ˈ‿ɯ/
Bitlis,/ˈbit.lis/
Bişkekli,/ˈbiʃˈk̟ʰek̟ˈli/
Bolu,/ˈbo.ɫu/
Bosna,/ˈbos.na/
Bosna Hersekli,/ˈbos.na heɾ.sek.ˈli/
Bosna Hersekliyi,/ˈbos.na heɾ.sek.li.ˈji/
Bosna Soykırımı,/ˈbos.na soj.cɯ.ɾɯ.mɯ/
Bosna ve Hersek,/bosnavehæɾsec/
Bosna-Hersek,/ˈbos.na ˈheɾ.sek/
Bosna-Hersek'i,/bosnahæɾseci/
Bosna-Hersek'in,/bosnahæɾsecin/
Bosna-Hersekli'si,/ˈbos.na heɾ.sek.li.ˈsi/
Bosna-Hersekliler,/ˈbos.na heɾ.sek.ˈli.leɾ/
Bosnalı,/ˈbos.na.ˈlɯ/
Bosnalılık,/ˈbos.na.lɯ.ˈlɯc/
Boyabat,/ˈbo.ja.bat/
Boyabat'ı,/bo.ja.ba.ˈtɯ/
Boyabat'ın,/bo.ja.ba.ˈtɯn/
Boyabatlı,/bo.ˈja.bat.ɫɯ/
Boyabatlı'sı,/bo.ˈja.bat.ɫɯ.ˈsɯ/
Boyabatlı'yı,/bo.ˈja.bat.ɫɯ.ˈjɯ/
Boyabatlılar,/bo.ˈja.bat.ɫɯ.ˈlaɾ/
Boyabatlılı,/bo.ˈja.bat.ɫɯ.ˈɫɯ/
Boyabatlılık,/bo.ˈja.bat.ɫɯ.ˈɫɯc/
Boyabatlılık'ı,/bo.ˈja.bat.ɫɯ.ɫɯ.ˈ‿ɯ/
Boyabatlılık'ın,/bo.ˈja.bat.ɫɯ.ɫɯ.ˈ‿ɯn/
Boğaziçi,/bo.ˈ‿a.zi.t͡ʃi/
Boğaziçi'si,/bo.ˈ‿a.zi.t͡ʃi.ˈsi/
Boğaziçi'yi,/bo.ˈ‿a.zi.t͡ʃi.ˈji/
Boğaziçiler,/bo.ˈ‿a.zi.t͡ʃi.ˈleɾ/
Boğdan,/boːdan/
Boşnak,/boʃ.ˈnac/
Boşnak Soykırımı,/boʃ.ˈnac soj.cɯ.ɾɯ.mɯ/
Boşnakça,/boʃ.ˈnac.t͡ʃa/
Bretonca,/bɾeˈton.d͡ʒa/
Britanya,/bɾi.ˈtan.ja/
Britanya İngilizcesi,/bɾi.ˈtan.ja in.ɡi.liz.d͡ʒe.si/
Budizm,/bu.ˈdizm/
Budizm'i,/bu.diz.ˈmi/
Budizm'in,/bu.diz.ˈmin/
Budizmi,/bu.diz.ˈmi/
Budizmin,/bu.diz.ˈmin/
Budizmini,/bu.diz.mi.ˈni/
Budizminin,/bu.diz.mi.ˈnin/
Bulut,/bu.ˈlut/
Bulut'u,/bu.ɫu.ˈdu/
Bulut'un,/bu.ɫu.ˈdun/
Bulutlar,/bu.lut.ˈlaɾ/
Bulutlu,/bu.lut.ˈlu/
Bulutlu'su,/bu.lut.lu.ˈsu/
Bulutlu'yu,/bu.lut.luˈju/
Bulutluluk,/bu.lut.lu.ˈluc/
Bulutluluk'u,/bu.lut.lu.lu.ˈ‿u/
Bulutluluk'un,/bu.lut.lu.lu.ˈ‿un/
Bulutsuz,/bu.lut.ˈsuz/
Bulutsuzluk,/bu.lut.suz.ˈluc/
Bulutsuzluk'u,/bu.lut.suz.lu.ˈ‿u/
Bulutsuzluk'un,/bu.lut.suz.lu.ˈ‿un/
Bun,/ˈbun/
Burdur,/buɾ.duɾ̥/
Burgenland,/ˈbuɾ.ɡen.land/
Burgenland'ı,/ˈbuɾ.ɡen.lan.ˈdɯ/
Burgenland'ın,/ˈbuɾ.ɡen.lan.ˈdɯn/
Burhancı,/buɾ.han.ˈd͡ʒɯ/
Burhancılık,/buɾ.han.d͡ʒɯ.ˈlɯc/
Burhanettin,/buɾ.haː.net.ˈtin/
Burhanettinköy,/buɾ.haː.net.ˈtiɲ.cœj/
Bursa,/ˈbuɾ.sa/
Butan,/ˈbu.tan/
Butan Krallığı,/ˈbu.tan kɾal.lɯ.‿ɯ/
Butan'ı,/ˈbu.ta.ˈnɯ/
Butan'ın,/ˈbu.ta.ˈnɯn/
Bâbîlik,/baː.biː.ˈlic/
Bâbîliği,/baːbiːliji/
Bâbîliğin,/baːbiːlijin/
Bâtıniyye,/baː.tɯ.nij.ˈje/
Bâtınî,/baːtɯˈniː/
Bâtınîlik,/baːtɯniːˈlic/
Bük,/ˈbyc/
Bülbül,/bylˈbyl/
Büyük Britanya,/by.ˈjyk bɾi.tan.ja/
Büyük Okyanus,/by.ˈjyc oc.ja.nus/
Büyük Okyanus'u,/by.ˈjyc oc.ja.nu.ˈsu/
Büyük Okyanus'un,/by.ˈjyc oc.ja.nu.ˈsun/
Büyük Patlama,/by.ˈjyk pat.la.ma/
Büyük Türkistan,/by.ˈjyc tyɾ.kis.tan/
Büyükkörükçü,/by.ˈjyc.cœ.ɾyc.t͡ʃy/
Büyükkörükçü'sü,/by.ˈjyc.cœ.ɾyc.t͡ʃy.ˈsy/
Büyükkörükçü'yü,/by.ˈjyc.cœ.ɾyc.t͡ʃy.ˈjy/
Büyükkörükçüler,/by.ˈjyc.cœ.ɾyc.t͡ʃy.ˈleɾ/
Büğüz,/by.ˈ‿yz/
BİMER,/ˈbi.meɾ/
C,/ˈd͡ʒeː/
CHP,/ˈd͡ʒeː.ˈheː.ˈpeː/
Can,/ˈd͡ʒan/
Can'ı,/d͡ʒa.ˈnɯ/
Canberk,/dʒanˈbeɾc/
Canlar,/d͡ʒanˈlaɾ/
Canı,/d͡ʒa.ˈnɯ/
Cavlak,/d͡ʒavˈɫak/
Cebriyye,/ˈd͡ʒebɾijˈje/
Cedide,/d͡ʒediːˈde/
Cenevre,/d͡ʒe.ˈnev.ɾe/
Ceren,/dʒeˈɾen/
Cermence,/d͡ʒeɾ.ˈmen.d͡ʒe/
Cermencesi,/d͡ʒeɾ.men.d͡ʒe.ˈsi/
Cihangir,/d͡ʒihaːɲˈɟiɾ/
Cihat,/d͡ʒiˈhat/
Cihat'a,/d͡ʒihaːˈda/
Cihat'ı,/d͡ʒihaːˈdɯ/
Cihat'ım,/d͡ʒihaːˈdɯm/
Cihat'ın,/d͡ʒihaːˈdɯn/
Cihatlar,/d͡ʒihatˈlaɾ/
Conker,/d͡ʒon.ˈceɾ/
Conker'i,/d͡ʒon.ce.ˈɾi/
Conker'in,/d͡ʒon.ce.ˈɾin/
Cuma,/d͡ʒu.ˈmaː/
Cuma'sı,/d͡ʒumasɯ/
Cuma'yı,/d͡ʒu.maː.ˈjɯ/
Cumalar'da,/d͡ʒumaɫaɾda/
Cumalar'dan,/d͡ʒumaɫaɾdan/
Cumalar'ı,/d͡ʒu.maː.la.ˈɾɯ/
Cumalar'ın,/d͡ʒumaɫaɾɯn/
Cumalar'ını,/d͡ʒu.maː.la.ɾɯ.ˈnɯ/
Cumalar'ının,/d͡ʒu.maː.la.ɾɯ.ˈnɯn/
Cumhur,/ʤumˈhuɾ/
Cumhur İttifakı,/d͡ʒum.huɾ it.ti.faː.kɯ/
Cumhuriyet,/d͡ʒum.huː.ɾi.ˈjet/
Cumhuriyet kadınları,/d͡ʒumhuɾijetkadɯnɫaɾɯ/
Cumhuriyet kadınların,/d͡ʒum.huː.ɾi.ˈjet ka.dɯn.ɫa.ˈɾɯn/
Cumhuriyet kadınlarını,/d͡ʒumhuɾijetkadɯnɫaɾɯnɯ/
Cumhuriyet kadınlarının,/d͡ʒum.huː.ɾi.ˈjet ka.dɯn.ɫa.ɾɯ.nɯ.ˈnɯn/
Cumhuriyet kadını,/d͡ʒumhuːɾijet kadɯnɯ/
Cumhuriyet kadınını,/d͡ʒum.huː.ɾi.ˈjet ka.dɯ.nɯ.ˈnɯ/
Cumhuriyet kadınının,/d͡ʒumhuɾijetkadɯnɯnɯn/
Cumhuriyet'i,/d͡ʒum.huː.ɾi.je.ˈti/
Cumhuriyet'in,/d͡ʒum.huː.ɾi.je.ˈtin/
Câferîlik,/d͡ʒaːfeɾiːlic/
CİMER,/ˈd͡ʒi.meɾ/
DEM Parti,/ˈdem paɾ.ti/
DEVA,/de.ˈvaː/
DP,/deː.ˈpeː/
Dalay,/da.ˈlaj/
Damla,/dam.ˈla/
Danimarka,/da.ni.ˈmaɾ.ka/
Danimarka Krallığı,/da.ni.ˈmaɾ.ka kɾal.lɯ.‿ɯ/
Danimarkalı,/da.ni.ˈmaɾ.ka.ˈlɯ/
Dao,/ˈda.o/
Daoizm,/da.o.ˈizm/
Daoizm'i,/da.o.iz.ˈmi/
Daoizm'in,/da.o.iz.ˈmin/
Davudoğlu,/daː.ˈvu.do‿.lu/
Davut,/daː.ˈvut/
Dağ,/daː/
Dağ'ı,/daˈ‿ɯ/
Dağlar,/daːɫaɾ/
Dağınık,/da.‿ɯ.ˈnɯc/
Dağınık Disk,/da.‿ɯ.ˈnɯc disc/
Dağınık Disk cisimleri,/da.‿ɯ.nɯc ˈdisc d͡ʒi.sim.le.ˈri/
Dağınık Disk cismi,/da.‿ɯ.nɯc ˈdisc d͡ʒis.mi/
Dağınık Disk cismin,/da.‿ɯ.nɯc ˈdisc d͡ʒis.ˈmin/
Dağınık Disk cismini,/da.‿ɯ.nɯc ˈdisc d͡ʒis.mi.ˈni/
Dağınık Disk cisminin,/da.‿ɯ.nɯc ˈdisc d͡ʒis.mi.ˈnin/
Dağınık Disk'i,/da.‿ɯ.ˈnɯc dis.ˈci/
Dağınık Disk'in,/da.‿ɯ.ˈnɯc dis.ˈcin/
Dağınık'ı,/da.‿ɯ.nɯ.ˈcɯ/
Dağınık'ın,/da.‿ɯ.nɯ.ˈcɯn/
Defne,/defˈne/
Deli,/de.ˈli/
Deli'si,/de.li.ˈsi/
Deli'yi,/de.li.ˈji/
Delice,/de.ˈli.d͡ʒe/
Deliler,/de.li.ˈleɾ/
Deliler'i,/de.li.le.ˈɾi/
Deliler'in,/de.li.le.ˈɾin/
Delilerler,/de.li.ˈleɾ.leɾ/
Deliller,/de.lil.ˈleɾ/
Demir,/deˈmiɾ/
Demir Perde,/deˈmiɾ peɾˈde/
Demir'de,/demiɾˈde/
Demir'den,/demiɾˈden/
Demir'e,/demiˈɾe/
Demir'i,/demiˈɾi/
Demir'im,/demiˈɾim/
Demir'in,/demiˈɾin/
Demir'ler,/demiɾˈleɾ/
Demirden,/demiɾˈden/
Demirler,/demiɾˈleɾ/
Demokratik Eylem Partisi,/democɾaˈtic ejˈlem paɾtisi/
Deniz,/de.ˈniz/
Deniz'i,/de.ni.ˈzi/
Deniz'in,/de.ni.ˈzin/
Denizler,/de.niz.ˈleɾ/
Denizler'i,/de.niz.le.ˈɾi/
Denizler'in,/de.niz.le.ˈɾin/
Denizleri,/de.niz.le.ˈɾi/
Denizlerin,/de.niz.le.ˈɾin/
Denizlerler,/de.niz.ˈleɾ.leɾ/
Denizli,/de.ˈniz.li/
Denizli'si,/de.ˈniz.li.ˈsi/
Denizli'yi,/de.ˈniz.li.ˈji/
Denizliler,/de.ˈniz.li.ˈleɾ/
Denizlili,/de.ˈniz.li.ˈli/
Denizlili'si,/de.ˈniz.li.li.ˈsi/
Denizlili'yi,/de.ˈniz.li.li.ˈji/
Denizlililer,/de.niz.li.li.ˈleɾ/
Denizlililik,/de.ˈniz.li.li.ˈlic/
Deprem,/dep.ˈɾem/
Derin,/deˈɾin/
Derman,/deɾ.ˈman/
Derviş,/deɾ.ˈviʃ/
Derviş'i,/deɾ.vi.ˈʃi/
Derviş'in,/deɾ.vi.ˈʃin/
Dervişim,/deɾ.vi.ˈʃim/
Dervişler,/deɾ.viʃ.ˈleɾ/
Dervişler'i,/deɾ.viʃ.le.ˈɾi/
Dervişleri,/deɾ.viʃ.le.ˈɾi/
Derya,/dæɾja/
Derya'sı,/deɾ.jaː.ˈsɯ/
Derya'yı,/dæɾjajɯ/
Deryalar,/deɾ.jaː.ˈlaɾ/
Devlet,/dev.ˈlet/
Devlet'i,/dev.le.ˈti/
Devlet'in,/dev.le.ˈtin/
Devletler,/dev.let.ˈleɾ/
Dike,/diˈce/
Dilaşup,/di.laː.ˈʃup/
Dilaşup'u,/di.laː.ʃu.ˈbu/
Dilaşup'un,/di.laː.ʃu.ˈbun/
Dilaşuplar,/di.laː.ʃup.ˈlaɾ/
Dili,/di.ˈli/
Diri,/diˈɾi/
Dirlik,/diɾˈlic/
Diyarbakır,/ˈdi.jaɾ.ba.kɯɾ/
Doğanlar,/do.‿an.ˈlaɾ/
Doğru,/doːɾu/
Doğu,/do.ˈ‿u/
Doğu Almanya,/do.ˈ‿u al.man.ja/
Doğu Ermenicesi,/douæɾmenid͡ʒesi/
Doğu Hristiyanlığı,/doˈ‿u hɾistijanlɯ‿ɯ/
Doğu Oğuz dili,/do.ˈ‿u o.ˈ‿uz di.li/
Doğu Oğuz dilini,/do.ˈ‿u o.ˈ‿uz di.li.ˈni/
Doğu Türkistan,/do.ˈ‿u tyɾ.kis.tan/
Doğu Türkistanlı,/do.ˈ‿u tyɾ.kis.tan.ˈlɯ/
Doğu Türkistanlılık,/do.ˈ‿u tyɾ.kis.tan.lɯ.lɯc/
Doğu Türkçesi,/do.ˈ‿u tyrk.t͡ʃe.si/
Doğu Türkçesini,/do.ˈ‿u tyrk.t͡ʃe.si.ˈni/
Doğu İran dili,/do.ˈ‿u iː.ɾan di.li/
Dungan,/dun.ˈɡan/
Durağan,/du.ɾa.ˈ‿an/
Durnalık,/ˈduɾ.na.ˈlɯc/
Duygu,/duj.ˈɡu/
Dönme,/dœn.ˈme/
Dünya,/dyn.ˈjaː/
Dünya'nın,/dynjaːˈnɯn/
Dünya'sı,/dyn.ˈjaː.ˈsɯ/
Dünya'yı,/dyn.ˈjaː.ˈjɯ/
Dünyalaşmalar,/dyn.jaː.laʃ.ma.ˈlaɾ/
Dünyalaşmamalar,/dyn.jaː.laʃ.ma.ma.ˈlaɾ/
Dünyalaşmaması,/dyn.jaː.ˈɫaʃ.ma.ma.sɯ/
Dünyalaşmamayı,/dynjaɫaʃmamajɯ/
Dünyalaşması,/dyn.jaː.laʃ.ma.ˈsı/
Dünyalaşmayı,/dyn.jaː.ɫaʃ.ma.ˈjɯ/
Dünyalaştır,/dynjaɫaʃtɯɾ/
Dünyalaştırma,/dynjaɫaʃtɯɾma/
Dünyalaştırmak,/dyn.jaː.laʃ.tıɾ.ˈmac/
Dünyalaştırmalar,/dyn.jaː.laʃ.tıɾ.ma.ˈlaɾ/
Dünyalaştırmama,/dyn.jaː.ɫaʃ.ˈtɯɾ.ma.ma/
Dünyalaştırmamalar,/dyn.jaː.ɫaʃ.ˈtɯɾ.ma.ma.ɫaɾ/
Dünyalaştırmamama,/dyn.jaː.laʃ.ˈtɯɾ.ma.ma.ma/
Dünyalaştırmaması,/dyn.jaː.ɫaʃ.ˈtɯɾ.ma.ma.sɯ/
Dünyalaştırmamayı,/dyn.jaː.ɫaʃ.ˈtɯɾ.ma.ma.jɯ/
Dünyalaştırması,/dyn.jaː.ɫaʃ.tɯɾ.ma.ˈsɯ/
Dünyalaştırmayı,/dyn.jaː.ɫaʃ.tɯɾ.ma.ˈjɯ/
Düzce,/ˈdyz.d͡ʒe/
Düş,/ˈdyʃ/
Dış Güneş Sistemi,/ˈdɯʃ ɡy.neʃ sis.te.mi/
Dış Güneş Sistemi'n,/ˈdɯʃ ɡy.neʃ sis.te.ˈmin/
Dış Güneş Sistemi'ni,/ˈdɯʃ ɡy.neʃ sis.te.mi.ˈni/
Dış Güneş Sistemi'nin,/ˈdɯʃ ɡy.neʃ sis.te.mi.ˈnin/
Ebu Bekir,/e.bu be.ˈkiɾ/
Edgeworth-Kuiper Kuşağı,/ed͡ʒ.voɾt kuj.peɾ ku.ʃa.ɯ/
Edirne,/ˈe.diɾ.ne/
Ediz,/eˈdiz/
Efe,/e.ˈfe/
Efe'si,/efesi/
Efe'yi,/e.feˈji/
Efeler,/e.fe.ˈleɾ/
Efeler'i,/e.fe.le.ˈɾi/
Efeler'in,/e.fe.le.ˈɾin/
Efelerler,/e.fe.ˈleɾ.leɾ/
Efelerli,/e.fe.leɾ.ˈli/
Efelerli'si,/e.fe.leɾ.li.ˈsi/
Efelerli'yi,/e.fe.leɾ.li.ˈji/
Efelerliler,/efelæɾlilæɾ/
Efelerlili,/e.fe.leɾ.li.ˈli/
Efelerlilik,/e.fe.leɾ.li.ˈlic/
Eflak,/ˈef.lak/
Ehl-i Kitap,/eh.li ci.ˈtap/
Ehl-i Kitap'ı,/eh.li ki.taː.ˈbɯ/
Ehl-i Kitap'ın,/eh.li ki.taː.ˈbɯn/
Ehl-i Sünnet,/eh.lˈi syn.ˈnet/
Ehl-i Sünnet'i,/eh.lˈi syn.ne.ˈti/
Ehl-i Sünnet'in,/eh.lˈi syn.ne.ˈtin/
Ekrem,/ek.ˈɾem/
Ekrem'de,/ek.ɾem.ˈde/
Ekrem'den,/ek.ɾem.ˈden/
Ekrem'e,/ek.ɾe.ˈme/
Ekrem'i,/ek.ɾe.ˈmi/
Ekrem'im,/ek.ɾe.ˈmim/
Ekrem'in,/ek.ɾe.ˈmin/
Ekrem'ini,/ek.ɾe.mi.ˈni/
Ekrem'inin,/ek.ɾe.mi.ˈnin/
Ekremler,/ek.ɾem.ˈleɾ/
Ekvator,/ec.va.ˈtoɾ/
El Kaide,/el kaːiˈde/
El Niño,/el ˈnin.jo/
Elbistan,/el.bis.ˈtan/
Elbistanlı,/el.bis.tan.ˈlɯ/
Elmalı,/ˈel.ma.lɯ/
Elmalı'sı,/ˈel.ma.lɯ.ˈsɯ/
Elmalı'yı,/ˈel.ma.lɯ.ˈjɯ/
Elmalılar,/ˈel.ma.lɯ.laɾ/
Elmalılı,/ˈel.ma.lɯ.ˈlɯ/
Elmalılı'sı,/ˈel.ma.lɯ.lɯ.ˈsɯ/
Elmalılı'yı,/ˈel.ma.lɯ.lɯ.ˈjɯ/
Elmalılılar,/ˈel.ma.lɯ.lɯ.ˈlaɾ/
Elmalılılık,/æɫmaɫɯɫɯɫɯk/
Elmalılılık'ı,/ˈel.ma.lɯ.lɯ.lɯ.ˈ‿ɯ/
Elmalısız,/ˈel.ma.lɯ.ˈsɯz/
Elvanlar,/elvanˈlaɾ/
Elâzığ,/eˈla.zɯː/
Elçin,/el.ˈt͡ʃin/
Emek,/e.ˈmec/
Emek ve Özgürlük İttifakı,/e.ˈmec ve œz.ɟyɾ.ˈlyc it.ti.faː.ˈkɯ/
Emek'i,/e.me.ˈji/
Emek'in,/e.me.ˈ‿in/
Emekler,/emeclæɾ/
Emin,/e.ˈmin/
Emin'e,/e.mi.ˈne/
Emin'i,/e.mi.ˈni/
Emin'in,/e.mi.ˈnin/
Emine,/e.mi.ˈne/
Emine'si,/e.mi.ne.ˈsi/
Emine'yi,/e.mi.ne.ˈji/
Emineler,/e.mi.ne.ˈleɾ/
Eminim,/e.ˈmi.nim/
Eminim'e,/e.mi.ni.ˈme/
Eminler,/e.min.ˈleɾ/
Eminler'i,/e.min.le.ˈɾi/
Eminler'in,/e.min.le.ˈɾin/
Emir,/e.ˈmiɾ/
Emir'i,/e.mi.ˈɾi/
Emir'in,/e.mi.ˈɾin/
Emir'ini,/e.mi.ɾi.ˈni/
Emir'inin,/e.mi.ɾi.ˈnin/
Emirim'e,/e.mi.ɾi.ˈme/
Emirler,/e.miɾ.ˈleɾ/
Emirler'i,/e.miɾ.le.ˈɾi/
Emirler'im,/e.miɾ.le.ˈɾim/
Emirler'in,/e.miɾ.le.ˈɾin/
Emirlerler,/e.miɾ.ˈleɾ.leɾ/
Emre,/em.ˈɾe/
Emre'si,/em.ɾe.ˈsi/
Emre'yi,/em.ɾe.ˈji/
Emreler,/em.ɾe.ˈleɾ/
Emreler'i,/em.ɾe.le.ˈɾi/
Emreler'in,/em.ɾe.le.ˈɾin/
Ender,/en.ˈdeɾ/
Endonezce,/en.do.ˈnez.d͡ʒe/
Endonezya,/en.do.ˈnez.ja/
Endülüs,/ˈendylys/
Endülüslü,/endylysˈly/
Er,/ˈeɾ/
Erdoğan,/ˈeɾ.do.‿an/
Erdoğan'a,/ˈeɾ.do.‿a.ˈna/
Erdoğan'da,/ˈeɾ.do.‿an.ˈda/
Erdoğan'dan,/ˈeɾ.do.‿an.ˈdan/
Erdoğan'ı,/ˈeɾ.do.‿a.ˈnɯ/
Erdoğan'ım,/ˈeɾ.do.‿a.ˈnɯm/
Erdoğan'ın,/ˈeɾ.do.‿a.ˈnɯn/
Eren,/e.ˈɾen/
Eren'i,/e.ɾe.ˈni/
Eren'in,/e.ɾe.ˈnin/
Erenler,/e.ɾen.ˈleɾ/
Erenler'i,/e.ɾen.le.ˈɾi/
Erenler'im,/e.ɾen.le.ˈɾim/
Erenler'in,/e.ɾen.le.ˈɾin/
Erenlerler,/e.ɾen.ˈleɾ.leɾ/
Erkek,/æɾ.ˈcec/
Erlik,/æɾlic/
Erlik Han,/eɾ.ˈʎ̟ic han/
Erlik Han'ı,/eɾ.ˈlic haː.ˈnɯ/
Erlik Han'ın,/eɾ.ˈlic haː.ˈnɯn/
Erlik'i,/eɾ.li.ˈji/
Erlik'in,/æɾlicin/
Ermeni,/eɾ.me.ˈni/
Ermeni gelini gibi,/eɾ.me.ˈni ɡe.li.ˈni ɡi.ˈbi/
Ermeni gelini gibi kırıtmak,/eɾ.me.ˈni ɡe.li.ˈni ɡi.ˈbi cɯ.ɾɯt.mac/
Ermenice,/eɾ.me.ˈni.dʒe/
Ermiş,/eɾ.ˈmiʃ/
Erzincan,/æɾ.zinˈd͡ʒan/
Erzurum,/ˈeɾ.zu.ɾum/
Erzurum'u,/ˈeɾ.zu.ɾu.ˈmu/
Erzurum'un,/ˈeɾ.zu.ɾu.ˈmun/
Erzurumlu,/ˈeɾ.zu.ɾum.ˈlu/
Erzurumlu'su,/ˈeɾ.zu.ɾum.lu.ˈsu/
Erzurumlu'yu,/ˈeɾ.zu.ɾum.lu.ˈju/
Erzurumluluk,/ˈeɾ.zu.ɾum.lu.ˈluc/
Erzurumluluk'u,/ˈeɾ.zu.ɾum.lu.lu.ˈ‿u/
Erzurumluluk'un,/ˈeɾ.zu.ɾum.lu.lu.ˈ‿un/
Erzurumsuz,/ˈeɾ.zu.ɾum.ˈsuz/
Esenler,/e.sen.ˈleɾ/
Eski Anadolu Türkçesi,/es.ˈci a.na.do.ˈlu tyɾc.t͡ʃe.si/
Eski Farsça,/es.ciˈ faɾs.t͡ʃa/
Eski Fransızca,/es.ˈci fɾan.sɯz.d͡ʒa/
Eski Norsça,/es.ˈki noɾs.t͡ʃa/
Eski Norveççe,/es.ˈci noɾ.vet͡ʃ.t͡ʃe/
Eski Türkçe,/es.ˈci tyɾc.t͡ʃe/
Eski Türkçesi,/es.ˈci tyrk.t͡ʃe.ˈsi/
Eski Yugoslav Makedonya Cumhuriyeti,/escijuɡosɫavmacedonjad͡ʒumhuɾijeti/
Eski Yunanca,/es.ˈci ju.nan.d͡ʒa/
Eski Yüksek Almanca,/es.ˈci jyc.sec al.man.d͡ʒa/
Eski İngilizce,/es.ˈci in.ɡi.ˈliz.dʒe/
Eskişehir,/esciʃehiɾ/
Esperanto,/es.pe.ˈɾan.to/
Estonca,/es.ˈton.d͡ʒa/
Etrüsk,/ˈet.ɾysc/
Etrüskler,/ˈet.ɾysc.leɾ/
Etrüskler'i,/ˈet.ɾysc.le.ˈɾi/
Etrüskler'in,/ˈet.ɾysc.le.ˈɾin/
Etrüskçe,/et.ˈɾysc.t͡ʃe/
Etrüskçesi,/et.ˈɾysc.t͡ʃe.ˈsi/
Etrüskçeyi,/et.ˈɾysc.t͡ʃe.ˈji/
Evanjelikalizm,/e.van.ʒe.li.ka.ˈlizm/
Evanjelizm,/evanʒelizm/
Evci,/evˈd͡ʒi/
Evcin,/evˈd͡ʒin/
Evenki dili,/e.ˈven.ki di.li/
Evenkice,/e.ˈven.ki.d͡ʒe/
Evliya,/ev.li.ˈjaː/
Evliya'sı,/ev.li.jaː.ˈsɯ/
Evliya'yı,/ev.li.jaː.ˈjɯ/
Evliyalar,/ev.li.jaː.ˈlaɾ/
Ewe dili,/ˈe.ve di.li/
Eyüp,/ˈe.jyp/
Eyüp'ü,/ˈe.jy.ˈpy/
Eyüp'ün,/ˈe.jy.ˈpyn/
Eyüpler,/ˈe.jyp.ˈleɾ/
Eyüpler'i,/ˈe.jyp.le.ˈɾi/
Eyüpler'in,/ˈe.jyp.le.ˈɾin/
Eyüplerler,/ejyplæɾlæɾ/
Eyüplü,/ˈe.jyp.ly/
Eyüplü'sü,/ˈe.jyp.ly.ˈsy/
Eyüplü'yü,/ˈe.jyp.ly.ˈjy/
Eyüplüler,/ˈe.jyp.ly.ˈleɾ/
Eyüpsultan,/e.ˈjyp.sul.tan/
Eyüpsultan'ı,/e.ˈjyp.sul.ta.ˈnɯ/
Eyüpsultan'ın,/e.ˈjyp.sul.ta.ˈnɯn/
Eyüpsüz,/ˈe.jyp.syz/
Eş'arîlik,/eʃʔaɾiːˈlic/
FETÖ,/ˈfe.tœ/
FETÖ'cü,/ˈfe.tœ.ˈd͡ʒy/
FETÖ'cülük,/ˈfe.tœ.d͡ʒy.ˈlyc/
Fadime,/fadiˈme/
Fadiş,/faˈdiʃ/
Farsça,/ˈfaɾs.t͡ʃa/
Fatih,/faː.ˈtih/
Fatma,/fatˈma/
Felemenkçe,/feleˈmenct͡ʃe/
Fermi paradoksu,/ˈfeɾ.mi pa.ɾa.dok.su/
Fethullah,/fet.hul.ˈlah/
Fethullahçı,/fet.hul.lah.ˈt͡ʃɯ/
Fethullahçılık,/fet.hul.lah.t͡ʃɯ.ˈlɯk/
Fibonacci dizileri,/fi.bo.ˈnat͡ʃ.t͡ʃi di.zi.le.ˈɾi/
Fibonacci dizisi,/fi.bo.ˈnat͡ʃ.t͡ʃiː di.zi.si/
Fibonacci dizisini,/fi.bo.ˈnat͡ʃ.t͡ʃiː di.zi.si.ˈni/
Fibonacci dizisinin,/fi.bo.ˈnat͡ʃ.t͡ʃiː di.zi.si.ˈnin/
Fibonacci sayıları,/fi.bo.nat͡ʃ.t͡ʃi sa.jɯ.la.ɾɯ/
Fibonacci sayıların,/fi.bo.ˈnat͡ʃ.t͡ʃiː sa.jɯ.la.ˈɾɯn/
Fibonacci sayılarını,/fi.bo.ˈnat.t͡ʃi sa.jɯ.ɫa.ɾɯ.ˈnɯ/
Fibonacci sayılarının,/fi.bo.ˈnat͡ʃ.t͡ʃiː sa.jɯ.la.ɾɯ.ˈnɯn/
Fibonacci sayısı,/fi.bo.ˈnat͡ʃ.t͡ʃiː sa.jɯ.sɯ/
Fibonacci sayısını,/fi.bo.ˈnat͡ʃ.t͡ʃiː sa.jɯ.sɯ.ˈnɯ/
Fibonacci sayısının,/fi.bo.ˈnat͡ʃ.t͡ʃiː sa.jɯ.sɯ.ˈnɯn/
Fiderya,/fideɾˈja/
Fiji dili,/ˈfiʒi diˈli/
Fikri,/fik.ˈɾi/
Filipinler,/ˈfi.ˈli.ˈpin.leɾ/
Filistin,/fi.lis.ˈtin/
Filistin'i,/fi.lis.ti.ˈni/
Filistin'in,/fi.lis.ti.ˈnin/
Firavun,/fiɾaβ̞un/
Formosa,/foɾmosa/
Formosa dili,/foɾmosadili/
Fransız,/fɾan.ˈsɯz/
Fransızca,/fɾan.ˈsɯz.d͡ʒa/
Frenk,/ˈfɾenc/
Frizce,/ˈfɾiz.d͡ʒe/
Furry,/fuɾi/
Gagavuz,/ɡaɡaβ̞uz/
Galce,/ˈɡaɫ.d͡ʒe/
Galcesi,/ˈɡaɫ.d͡ʒe.ˈsi/
Galler,/ɡalˈleɾ/
Gamze,/ɡamˈze/
Gan,/ˈɡan/
Gana,/ˈɡa.na/
Ganalı,/ˈɡa.na.lɯ/
Ganalılık,/ˈɡa.na.lɯ.lɯk/
Gandaca,/ˈɡan.da.d͡ʒa/
Gaziantep,/ɡaːziˈan.tep/
Gazipaşa,/ɡaː.ˈzi.pa.ʃa/
Gazipaşalı,/ɡaː.ˈzi.pa.ʃa.ˈlɯ/
Gazipaşalılık,/ɡaː.ˈzi.pa.ʃa.lɯ.ˈlɯc/
Gazze,/ɡazze/
Gazze Şeridi,/ˈɡaz.ze ʃe.ɾi.ˈdi/
Gazze Şeridi'n,/ˈɡaz.ze ʃe.ɾi.ˈdin/
Gazze Şeridi'ni,/ˈɡaz.ze ʃe.ɾi.di.ˈni/
Gazze Şeridi'nin,/ˈɡaz.ze ʃe.ɾi.di.ˈnin/
Gazze'si,/ˈɡaz.ze.ˈsi/
Gazze'yi,/ˈɡaz.ze.ˈji/
Gelendost,/ɡe.ˈlen.dost/
Gelin,/ɡe.ˈlin/
Gelin'i,/ɡe.li.ˈni/
Gelin'in,/ɡe.li.ˈnin/
Gelinler,/ɡe.lin.ˈleɾ/
Georgia,/ˈd͡ʒoɾ.d͡ʒi.ja/
Georgia'sı,/ˈd͡ʒoɾ.d͡ʒi.ja.ˈsɯ/
Georgia'yı,/ˈd͡ʒoɾ.d͡ʒi.ja.ˈjɯ/
Geç Orta Yüksek Almanca,/get͡ʃ oɾˈta jycˈsec almanˈd͡ʒa/
Giresun,/ɟiˈɾesun/
Gizem,/ɡi.ˈzem/
Gizem'i,/ɡi.ze.ˈmi/
Gizem'in,/ɡi.ze.ˈmin/
Gizemler,/ɡi.zem.ˈleɾ/
Gorani,/ɡoː.ɾaː.ˈniː/
Goranice,/ɡoɾanid͡ʒe/
Gotça,/ˈɡot.t͡ʃa/
Grönland,/ˈɡɾœnland/
Grönlandca,/ˈɡɾœnlandˈd͡ʒa/
Grönlandlı,/ˈɡɾœnlandˈlɯ/
Guam,/ˈɡu.am/
Guam'ı,/ˈɡu.a.ˈmɯ/
Guam'ın,/ˈɡu.a.ˈmɯn/
Guamlı,/ˈɡu.am.ˈlɯ/
Guamlı'sı,/ˈɡu.am.lɯ.ˈsɯ/
Guamlı'yı,/ˈɡu.am.lɯ.ˈjɯ/
Guamlılar,/ˈɡu.am.lɯ.ˈlaɾ/
Guamlılık,/ˈɡu.am.lɯ.ˈlɯc/
Guamlılık'ı,/ˈɡu.am.lɯ.lɯ.ˈ‿ɯ/
Guamlılık'ın,/ˈɡu.am.lɯ.lɯ.ˈ‿ɯn/
Guarani dili,/ɡuaɾani dili/
Göbekli Tepe,/ɡœ̞becˈli tepe/
Göbeklitepe,/ɡœ̞becˈlitepe/
Gök,/ˈɟœc/
Gökaydın,/ˈɡœc.aj.dɯn/
Gökaydın'ı,/ˈɡœc.aj.dɯ.ˈnɯ/
Gökaydınlar,/ˈɡœk.aj.dɯn.ˈlaɾ/
Gökhan'lar,/gœchanˈlaɾ/
Gökhanlar,/gœchanˈlaɾ/
Göktürk,/ˈɡœc.tyɾc/
Göktürkçe,/ɟœctyɾct͡ʃe/
Gönlüşen,/ɡœn.ˈly.ʃen/
Gönül,/ɡœ.ˈnyl/
Gönüllü,/ɡœ.nyl.ˈly/
Görkem,/ɡœɾ.ˈcem/
Görkem'i,/ɡœɾ.ce.ˈmi/
Görkem'in,/ɡœɾ.ce.ˈmin/
Görkemim,/ɡœɾ.ce.ˈmim/
Görkemler,/ɡœɾ.cem.ˈleɾ/
Görmezler,/gœɾˈmezleɾ/
Gözde,/gœzˈde/
Gül,/ˈɟyl/
Gülderen,/ɟyldeɾæn/
Güllü,/ɡyl.ˈly/
Gülseren,/ɟylseɾæn/
Gülsüm,/ɟylsym/
Gümüşhane,"/ɟyˈmyʃ.haːne/, /ɟyˈmy.ʃaːne/"
Gün,/ɟyn/
Gündüz,/ɡyn.ˈdyz/
Güney,/ɡy.ˈnej/
Güney Atlantik,/ɟynejatɫantic/
Güney Atlantik Okyanusu,/ɡy.ˈnej at.ɫan.ˈtic oc.ja.nu.su/
Güney Atlantik'i,/ɟynejatɫantici/
Güney Atlantik'in,/ɟynejatɫanticin/
Güney Atlas Okyanusu,/ɡy.ˈnej at.ˈɫas oc.ja.nu.su/
Güney Atlas Okyanusu'nu,/ɡy.ˈnej at.ˈɫas oc.ja.nu.su.ˈnu/
Güney Atlas Okyanusu'nun,/ɡy.ˈnej at.ˈɫas oc.ja.nu.su.ˈnun/
Güney Avrupa,/ɡy.ˈnej av.ɾu.pa/
Güney Avrupa'sı,/ɡy.nej av.ɾu.pa.ˈsɯ/
Güney Avrupa'yı,/ɡy.nej av.ɾu.pa.ˈjɯ/
Güney Avrupası,/ɡy.nej av.ɾu.pa.ˈsɯ/
Güney Kafkas dili,/ɡy.nej kaf.ˈkas di.li/
Güney Kıbrıslı,/ɡy.ˈnej cɯb.ɾɯs.lɯ/
Güney Makedonya,/ɡy.ˈnej ma.ce.don.ja/
Güney Makedonya'sı,/ɡy.ˈnej ma.ce.don.ja.ˈsɯ/
Güney Makedonya'yı,/ɡy.ˈnej ma.ce.don.ja.ˈjɯ/
Güney Okyanusu,/ɡy.ˈnej oc.ja.nu.ˈsu/
Güney Okyanusu'nu,/ɡy.ˈnej oc.ja.nu.su.ˈnu/
Güney Okyanusu'nun,/ɡy.ˈnej oc.ja.nu.su.ˈnun/
Güney Yarım Küre,/ɟynejjaɾɯmcyɾe/
Güneybatı Asya,/ɡy.ˈnej.ba.tɯ as.ja/
Güneybatı İran dili,/ɡy.ˈnej.ba.tɯ ˈiː.ɾan di.li/
Güneydoğu Asya,/ɟynejdouasja/
Güneş,/ɡy.ˈneʃ/
Güneş Sistemi,/ɡy.ˈneʃ sis.te.mi/
Güneş Sistemi'n,/ɡy.ˈneʃ sis.te.ˈmin/
Güneş Sistemi'ni,/ɡy.ˈneʃ sis.te.mi.ˈni/
Güneş Sistemi'nin,/ɡy.ˈneʃ sis.te.mi.ˈnin/
Güneş fırtınaları,/ɡy.ˈneʃ fɯɾ.tɯ.na.la.ˈɾɯ/
Güneş fırtınaların,/ɡy.ˈneʃ fɯɾ.tɯ.na.la.ˈɾɯn/
Güneş fırtınalarını,/ɡy.ˈneʃ fɯɾ.tɯ.na.la.ɾɯ.ˈnɯ/
Güneş fırtınalarının,/ɡy.ˈneʃ fɯɾ.tɯ.na.la.ɾɯ.ˈnɯn/
Güneş fırtınası,/ɡy.ˈneʃ fɯɾ.tɯ.na.sɯ/
Güneş fırtınasını,/ɡy.ˈneʃ fɯɾ.tɯ.na.sɯ.ˈnɯ/
Güneş fırtınasının,/ɡy.ˈneʃ fɯɾ.tɯ.na.sɯ.ˈnɯn/
Güneş rüzgârları,/ɟy.ˈneʃ ɾyz.ˈɟaːɾ.la.ˈɾɯ/
Güneş rüzgârı,/ɟy.ˈneʃ ɾyz.ˈɟaː.ɾɯ/
Güneş rüzgârını,/ɟy.ˈneʃ ɾyz.ˈɟaː.ɾɯ.nɯ/
Güneş'i,/ɟy.ne.ˈʃi/
Güneş'in,/ɟy.ne.ˈʃin/
Güneş'ini,/ɟy.ne.ʃi.ˈni/
Güneş'inin,/ɟy.ne.ʃi.ˈnin/
Güneşler,/ɡy.neʃ.ˈleɾ/
Günlük,/ɡyn.ˈlyc/
Günlük'ü,/ɡyn.ly.ˈ‿y/
Günlük'üm,/ɟyn.ly.ˈjym/
Günlük'ün,/ɡyn.ly.ˈ‿yn/
Günlükler,/ɡyn.lyc.ˈleɾ/
Gürcü,/ɡyɾ.ˈd͡ʒy/
Gürcü-Zan dili,/ɡyɾ.d͡ʒy ˈzan di.li/
Gürcüce,/ɡyɾ.ˈd͡ʒy.d͡ʒe/
Güven,/ɡy.ˈven/
Güzel,/ɟy.ˈzel/
Güzelce,/ɡy.ˈzel.d͡ʒe/
Habil,/haːˈbil/
Hacer,/ha.ˈd͡ʒeɾ/
Hacer-ü'l Esved,/ha.d͡ʒe.ˈɾyl es.ved/
Hadise,/haː.di.ˈse/
Hadise'si,/haː.di.se.ˈsi/
Hadise'yi,/haː.di.se.ˈji/
Hadiseler,/haː.di.se.ˈleɾ/
Hak,/ˈhac/
Hak'ka,/hacˈca/
Hak'kı,/hacˈcɯ/
Hak'kın,/hacˈcɯn/
Hak'kını,/haccɯˈnɯ/
Hak'kının,/haccɯˈnɯn/
Hakan,/ˈhaːkan/
Hakkulu,/ˈhac.cu.lu/
Hakkulu'su,/ˈhac.cu.lu.ˈsu/
Hakkulu'yu,/ˈhac.cu.lu.ˈju/
Hakkulular,/ˈhac.cu.lu.ˈlaɾ/
Hakkâri,/hak.ˈkʲaː.ɾi/
Hakkârili,/hak.ˈkʲaː.ɾi.ˈli/
Hakkârililik,/hak.ˈkʲaː.ɾi.li.ˈlic/
Hakkı,/hacˈcɯ/
Hakkı'n,/hacˈcɯn/
Hakkı'nı,/haccɯˈnɯ/
Hakkı'nın,/haccɯˈnɯn/
Halife,/ha.liː.ˈfe/
Halife'si,/ha.liː.fe.ˈsi/
Halife'yi,/ha.liː.fe.ˈji/
Halit,/haː.ˈɫit/
Halitli,/haː.lit.ˈli/
Hamas,/ha.ˈmas/
Hamas'ı,/ha.ma.ˈsɯ/
Hamas'ın,/ha.ma.ˈsɯn/
Hamursuz Bayramı,/hamuɾˈsuz bajɾaˈmɯ/
Han,/ˈhan/
Han'ı,/haː.ˈnɯ/
Han'ın,/haː.ˈnɯn/
Hanbelîlik,/han.be.liː.ˈlic/
Handan,/han.ˈdan/
Handan'ı,/han.da.ˈnɯ/
Handan'ım,/han.da.ˈnɯm/
Handan'ın,/han.da.ˈnɯn/
Handanlar,/han.daːn.ˈɫaɾ/
Hande,/hanˈde/
Hanefi,/haneˈfi/
Hanefilik,/ha.ne.fiː.ˈlic/
Hanefîlik,/ha.ne.fiː.ˈlic/
Hangul,/haŋɡuɫ/
Hangıl,/hanˈɡɯl/
Hanlar,/han.ˈɫaɾ/
Hanlar'ı,/han.ɫa.ˈɾɯ/
Hanlar'ın,/han.ɫa.ˈɾɯn/
Hanları,/han.ɫa.ˈɾɯ/
Hanların,/han.ɫa.ˈɾɯn/
Hanyu Pinyin,/ˈhan.ju pin.ˈjin/
Harem-i Şerif,/ha.ˈɾe.mi ʃe.ˈɾiːf/
Harp,/ˈhaɾp/
Hasan,/ha.ˈsan/
Hasanlar,/hasanˈlaɾ/
Hatay,/ˈha.taj/
Hatay'ı,/ˈha.ta.ˈjɯ/
Hatay'ın,/ˈha.ta.ˈjɯn/
Hataylı,/ˈha.taj.lɯ/
Hataylılık,/ˈha.taj.lɯ.lɯc/
Hatice,/hatiːˈd͡ʒe/
Hatti,/ˈhatti/
Hattice,/ˈhattid͡ʒe/
Hawaii,/ha.ˈvaː.iː/
Hawaii dili,/ha.va.ji di.li/
Hawaii'si,/ha.va.ji.ˈsi/
Hawaii'yi,/ha.ˈvaː.iː.ˈji/
Hawaiili,/ha.va.ji.li/
Hawaiililik,/ha.va.ji.li.ˈlic/
Hazar,/ˈhazaɾ/
Hazar Denizi,/haˈzaɾ denizi/
Hazarca,/haˈzaɾd͡ʒa/
Haşhâşî,/haʃ.haː.ˈʃiː/
Haşhâşîler,/haʃ.haː.ʃiː.ˈleɾ/
Haşhâşîn,/haʃ.haː.ˈʃiːn/
Haşhâşîni,/haʃ.haː.ʃiː.ˈni/
Haşhâşîsi,/haʃ.haː.ʃiː.ˈsi/
Haşhâşîyi,/haʃ.haː.ʃiː.ˈji/
Hediye,/he.di.ˈje/
Helyosfer,/hel.jos.ˈfeɾ/
Helyosfer'i,/hel.jos.fe.ˈɾi/
Helyosfer'in,/hel.jos.fe.ˈɾin/
Hemşin,/ˈhem.ʃin/
Hemşince,/hem.ˈʃin.d͡ʒe/
Hereroca,/he.ˈɾe.ɾo.d͡ʒa/
Hibe,/hiːˈbe/
Hidayet,/hi.daː.ˈjet/
Hindu,/ˈhin.du/
Hinduist,/ˈhin.du.ˈist/
Hinduizm,/ˈhin.du.ˈizm/
Hint Okyanusu,/ˈhint oc.ja.nu.su/
Hint Okyanusu'nu,/ˈhint oc.ja.nu.su.ˈnu/
Hint Okyanusu'nun,/ˈhint oc.ja.nu.su.ˈnun/
Hint-Avrupa dili,/ˈhint av.ˈɾu.pa di.li/
Hint-Avrupa dilini,/ˈhint av.ˈɾu.pa di.li.ˈni/
Hint-Avrupa dilinin,/ˈhint av.ˈɾu.pa di.li.ˈnin/
Hiroşima,/hiɾoʃima/
Hititçe,/hi.ˈtit.t͡ʃe/
Hititçesi,/hi.ˈtit.t͡ʃe.ˈsi/
Homosexualität,/ˌhomoˌzeksu̯aliˈteːt/
Hristiyan,/hɾis.ti.ˈjan/
Hristiyanlık,/hɾis.ti.jan.ˈlɯk/
Hristiyanlığı,/hɾis.ti.jan.lɯ.ˈ‿ɯ/
Hristiyanlığım,/hɾistijanlɯˈ‿ɯm/
Hristiyanlığın,/hɾis.ti.jan.lɯ.ˈ‿ɯn/
Hristiyanlığını,/hɾistijanlɯ‿ɯˈnɯ/
Hristiyanlığının,/hɾistijanlɯ‿ɯˈnɯn/
Hristiyanı,/hɾis.ti.ja.ˈnɯ/
Huda,/huˈdaː/
Hui,/ˈhu.i/
Hulefa-i Raşidin,/hu.ɫe.ˈfaː.ʔi ɾaː.ʃi.diːn/
Hun,/ˈhun/
Hunca,/ˈhund͡ʒa/
Hurûfilik,/hu.ɾuː.fiːˈlic/
HÜDA PAR,/hy.ˈdaː.par/
HÜRPARTİ,/ˈhyɾ.paɾ.ti/
Hâlidiyye,/haː.ɫi.dij.ˈje/
Hâlil İbrahim sofrası,/haː.lil ib.ɾaː.him sof.ɾa.sɯ/
Hâmân,/haː.ˈmaːn/
Hâricîlik,/haː.ɾi.ˈd͡ʒiː.ˈlic/
Hâricîliği,/haːɾid͡ʒiːliji/
Hâricîliğin,/haːɾid͡ʒiːlijin/
Hüda,/hy.ˈdaː/
Hüda'sı,/hy.daː.ˈsɯ/
Hüda'yı,/hy.daː.ˈjɯ/
Hüdaverdi,/hyˈdaːveɾˈdi/
Hürriyet,/hyɾ.ɾi.ˈjet/
Hürriyet Heykeli,/hyɾ.ɾi.ˈjet hej.ce.li/
Hürriyet Heykeli'ni,/hyɾ.ɾi.ˈjet hej.ce.li.ˈni/
Hürriyet Heykeli'nin,/hyɾ.ɾi.ˈjet hej.ce.li.ˈnin/
Hüseyin,/hysejin/
Hüseyinler,/hysejinˈleɾ/
Hırvat,/hɯɾˈvat/
Hırvatistan,/hɯɾvatisˈtan/
Hırvatistan Cumhuriyeti,/hɯɾvatisˈtan d͡ʒumhuːɾijeˈti/
Hırvatça,/hɯɾ.ˈvat.t͡ʃa/
I.,/bi.ɾin.ˈdʒi/
I. Dünya Savaşı,/bi.ɾin.d͡ʒi dyn.ˈjaː sa.va.ʃɯ/
II.,/i.cin.ˈdʒi/
II. Dünya Savaşı,/i.cin.d͡ʒi dyn.ˈjaː sa.va.ʃɯ/
III.,/y.t͡ʃyn.ˈdʒy/
IV.,/dœɾ.dyn.ˈdʒy/
Isparta,/ˈɯs.pʰaɾ.tʰa/
Iğdır,/ˈɯː.dɯɾ̥/
Işık,/ɯ.ˈʃɯc/
Işık'ı,/ɯ.ʃɯ.ˈ‿ɯ/
Işık'ın,/ɯ.ʃɯ.ˈ‿ɯn/
Işıklar,/ɯ.ʃɯc.ˈlaɾ/
Işıklar'ı,/ɯ.ʃɯc.la.ˈɾɯ/
Işıklar'ın,/ɯ.ʃɯc.la.ˈɾɯn/
Işıklarlar,/ɯ.ʃɯc.ˈlaɾ.laɾ/
Işıkları,/ɯ.ʃɯc.la.ˈɾɯ/
Işıkların,/ɯ.ʃɯc.la.ˈɾɯn/
Işıkçı,/ɯ.ʃɯc.ˈt͡ʃɯ/
Işıkçılar,/ɯ.ʃɯc.t͡ʃɯ.ˈlaɾ/
Işıkçıları,/ɯ.ʃɯc.t͡ʃɯ.la.ˈɾɯ/
Işıkçıların,/ɯ.ʃɯc.t͡ʃɯ.la.ˈɾɯn/
Işıkçısı,/ɯ.ʃɯc.t͡ʃɯ.ˈsɯ/
Işıkçıyı,/ɯ.ʃɯc.t͡ʃɯ.ˈjɯ/
Işıl,/ɯ.ˈʃɯl/
Jale,/ʒaː.le/
Jale'si,/ʒaː.le.ˈsi/
Jale'yi,/ʒaːleji/
Jaleler,/ʒaː.le.ˈleɾ/
Japonca,/ʒa.ˈpon.dʒa/
Java,/ˈʒa.va/
Java'sı,/ˈʒa.va.ˈsɯ/
Java'yı,/ˈʒa.va.ˈjɯ/
Jersey'i,/ʒæɾseji/
Jersey'im,/ʒæɾsejim/
Jersey'in,/ʒæɾsejin/
Jin,/ʒin/
Juno,/ʒuno/
Jülide,/ʒy.liː.ˈde/
Jülyen,/ʒyljæn/
Jüpiter,/ʒypitæɾ/
JİT,/ˈʒit/
JİTEM,/ˈʒi.tem/
Kabil,/kaːˈbil/
Kader,/ka.ˈdeɾ/
Kadıköy,/ca.ˈdɯ.cœj/
Kadıköy'ü,/ca.ˈdɯ.cœ.ˈjy/
Kadıköy'ün,/ca.ˈdɯ.cœ.ˈjyn/
Kadıköyler,/kadɯcœjlæɾ/
Kahramankazan,/cah.ɾa.ˈman.ca.zan/
Kahramankazanlı,/cah.ɾa.ˈman.ca.zan.ˈlɯ/
Kahramanmaraş,/kah.ɾa.ˈman.ma.ɾaʃ/
Kalender,/ka.len.ˈdeɾ/
Kaliforniya,/ca.ɫi.ˈfoɾ.ni.ja/
Kaliforniya'sı,/ca.ɫi.ˈfoɾ.ni.ja.ˈsɯ/
Kaliforniya'yı,/ca.ɫi.ˈfoɾ.ni.ja.ˈjɯ/
Kaman,/ˈca.man/
Kamil,/ka.ˈmil/
Kamil'i,/ka.mi.ˈli/
Kamil'in,/ka.mi.ˈlin/
Kandil,/kan.ˈdil/
Kandil'i,/kan.di.ˈli/
Kandil'in,/kan.di.ˈlin/
Kandilim,/kan.di.ˈlim/
Kandiller,/kan.dil.ˈleɾ/
Kandıra,/ˈcan.dɯ.ɾa/
Karabük,/kaˈɾa.byc/
Karaca,/ka.ˈɾa.d͡ʒa/
Karaca'sı,/ka.ɾa.d͡ʒa.ˈsɯ/
Karaca'yı,/ka.ɾa.d͡ʒa.ˈjɯ/
Karacalar,/ˈka.ɾa.d͡ʒa.ˈlaɾ/
Karacalar'ı,/ˈka.ɾa.d͡ʒa.la.ˈɾɯ/
Karacaları,/ˈka.ɾa.d͡ʒa.la.ˈɾɯ/
Karadeniz,/ca.ˈɾa.de.niz/
Karadeniz'i,/ca.ˈɾa.de.ni.ˈzi/
Karadeniz'in,/ca.ˈɾa.de.ni.ˈzin/
Karagül,/ca.ˈɾa.ɡyl/
Karaimce,/kaɾaimd͡ʒe/
Karakalpakça,/ka.ɾa.kal.ˈpak.t͡ʃa/
Karakoçan,/caˈɾacot͡ʃan/
Karaköyşeyhler,/kaɾaˈkœjʃejhˈleɾ/
Karaman,/kaˈɾaman/
"Karaman’ın koyunu, sonra çıkar oyunu","/kaɾamaˈnɯn kojuˈnu, ˈsonɾa t͡ʃɯˈkaɾ ojuˈnu/"
Karamollaoğlu,/kaɾamoɫɫaoːɫu/
Karanlık,/ka.ɾan.ˈlɯc/
Karanlık'ı,/ka.ɾan.lɯ.ˈ‿ɯ/
Karanlık'ın,/ka.ɾan.ɫɯ.ˈɣɯn/
Karay,/caˈɾaj/
Karayca,/ca.ˈɾaj.d͡ʒa/
Karaçay-Balkarca,/caˈɾat͡ʃaj balˈcaɾd͡ʒa/
Karaçay-Malkarca,/caˈɾat͡ʃaj malˈcaɾd͡ʒa/
Karca,/ˈkaɾ.d͡ʒa/
Karca'sı,/ˈkaɾ.d͡ʒa.ˈsɯ/
Karca'yı,/ˈkaɾ.d͡ʒa.ˈjɯ/
Karcası,/ˈkaɾ.d͡ʒa.ˈsɯ/
Karcayı,/ˈkaɾ.d͡ʒa.ˈjɯ/
Karintiya,/ca.ˈɾin.ti.ja/
Karintiya'sı,/ca.ˈɾin.ti.ja.ˈsɯ/
Karintiya'yı,/ca.ˈɾin.ti.ja.ˈjɯ/
Kars,/kaɾs/
Kartal,/ˈcaɾ.tal/
Kartal'ı,/caɾ.ta.ˈlɯ/
Kartal'ın,/caɾ.ta.ˈlɯn/
Karto-Zan dili,/ˈcaɾ.to ˈzan di.li/
Kastamonu,/kasˈta.mo.nu/
Kasımpaşa,/ka.ˈsɯm.pa.ʃa/
Kasımpaşalı,/ka.ˈsɯm.pa.ʃa.ˈlɯ/
Kasırga,/ka.ˈsɯɾ.ɡa/
Kat,/ˈcat/
Katalan,/ca.ta.ˈɫan/
Katalanca,/ca.ta.ˈɫan.d͡ʒa/
Katar,/ˈka.taɾ/
Katar Devleti,/ˈka.taɾ dev.le ti/
Katar'ı,/ˈka.ta.ˈɾɯ/
Katar'ım,/ˈka.ta.ˈɾɯm/
Katar'ın,/ˈka.ta.ˈɾɯn/
Katarevusa,/kataɾevuˈsa/
Katolik,/ka.to.ˈɫik/
Katoliklik,/ka.to.ɫic.ˈlic/
Katolikliği,/katolicliji/
Katolikliğin,/katoliclijin/
Kaukaz,/kaukaz/
Kavimler Göçü,/ka.vim.ˈleɾ  ɡœ.t͡ʃy/
Kaya,/ca.ˈja/
Kaya'sı,/ca.ja.ˈsɯ/
Kaya'yı,/ca.ja.ˈjɯ/
Kayalar,/ca.ja.ˈlaɾ/
Kayalar'ı,/ca.ja.la.ˈɾɯ/
Kayalar'ın,/ca.ja.la.ˈɾɯn/
Kayalarlar,/ca.ja.ˈlaɾ.laɾ/
Kaynak,/kaj.ˈnac/
Kayseri,/ˈkaj.se.ɾi/
Kayseri'yi,/ˈkaj.se.ɾi.ˈji/
Kayserili,/ˈkaj.se.ɾi.ˈli/
Kayserili'si,/ˈkaj.se.ɾi.li.ˈsi/
Kayserili'yi,/ˈkaj.se.ɾi.li.ˈji/
Kayserililik,/ˈkaj.se.ɾi.li.ˈlic/
Kayserililik'i,/ˈkaj.se.ɾi.li.li.ˈ‿i/
Kayserililik'in,/ˈkaj.se.ɾi.li.li.ˈ‿in/
Kayserisi,/ˈkaj.se.ɾi.ˈsi/
Kayı'nı,/ca.jɯ.ˈnɯ/
Kayı'nın,/ca.jɯ.ˈnɯn/
Kayılar,/ca.jɯ.ˈlaɾ/
Kayılar'ı,/ca.jɯ.la.ˈɾɯ/
Kayılar'ın,/ca.jɯ.la.ˈɾɯn/
Kayın,/ca.ˈjɯn/
Kayın'ı,/ca.jɯ.ˈnɯ/
Kayın'ın,/ca.jɯ.ˈnɯn/
Kayınlar,/ca.jɯn.ˈlaɾ/
Kazak,/ka.ˈzak/
Kazakhstan,/ka.za.cis.tan/
Kazaklar,/ka.zak.ˈlaɾ/
Kazakça,/ca.ˈzac.t͡ʃa/
Kazan,/ca.ˈzan/
Kazanlı,/ˈca.zan.ˈlɯ/
Keller,/celˈleɾ/
Kemal,/cʰeˈmaːl̠ʲ/
Kemâl,/ceˈmaːl/
Keser,/ceˈseɾ/
Kilis,/k̟ʰi.lis/
Kilise,/kiliˈse/
Kim'de,/kim.ˈde/
Kim'den,/kim.ˈden/
Kim'i,/ki.ˈmi/
Kitâb-ı Mukaddes,/ki.ˈtaː.bɯ mu.kad.ˈdes/
Klasik Hititçe,/cɫa.ˈsic hi.tit.t͡ʃe/
Klasik Kuiper Kuşağı cismi,/cɫa.ˈsic kuj.peɾ ku.ʃa.‿ɯ d͡ʒis.mi/
Kmer dili,/ˈkmeɾ di.li/
Kmer dilini,/ˈkmeɾ di.liˈni/
Kmer dilinin,/ˈkmeɾ di.liˈnin/
Kmerce,/ˈkmeɾ.d͡ʒe/
Kmercesi,/ˈkmeɾ.d͡ʒe.ˈsi/
Kmerceyi,/ˈkmeɾ.d͡ʒe.ˈji/
Kocaeli,/ko.ˈd͡ʒa.e.li/
Kocaelili,/ko.ˈd͡ʒa.e.li.li/
Kocaelililik,/kod͡ʒaelililic/
Kolektif Güvenlik Antlaşması Örgütü,/ko.ɫec.ˈtif ɡy.ven.ˈlic ant.laʃ.ma.ˈsɯ œɾ.ɡy.ˈty/
Kolumbiya Bölgesi,/ko.ˈlum.bi.ja bœl.ɡe.si/
Kolumbiya Bölgesi'ni,/ko.ˈlum.bi.ja bœl.ɡe.si.ˈni/
Kolumbiya Bölgesi'nin,/ko.ˈlum.bi.ja bœl.ɡe.si.ˈnin/
Konfüçyüs,/con.ˈfyt͡ʃ.jys/
Konfüçyüs'ü,/con.ˈfyt͡ʃ.jy.ˈsy/
Konfüçyüs'ün,/con.ˈfyt͡ʃ.jy.ˈsyn/
Konfüçyüsçü,/con.fyt͡ʃ.jys.ˈt͡ʃy/
Konfüçyüsçülük,/con.fyt͡ʃ.jys.t͡ʃy.ˈlyc/
Konfüçyüsçülükler,/con.fyt͡ʃ.jys.t͡ʃy.lyc.ˈleɾ/
Konfüçyüsçülüğü,/konfyt͡ʃjyst͡ʃylyjy/
Konfüçyüsçülüğüm,/konfyt͡ʃjyst͡ʃylyjym/
Konfüçyüsçülüğün,/konfyt͡ʃjyst͡ʃylyjyn/
Konfüçyüsçülüğünü,/konfyt͡ʃjyst͡ʃylyjyny/
Konfüçyüsçülüğünün,/konfyt͡ʃjyst͡ʃylyjynyn/
Konfüçyüsçüsü,/con.fyt͡ʃ.jys.t͡ʃy.ˈsy/
Konfüçyüsçüsün,/con.fyt͡ʃ.jys.t͡ʃy.ˈsyn/
Konfüçyüsçüsünü,/con.fyt͡ʃ.jys.t͡ʃy.sy.ˈny/
Konfüçyüsçüsünün,/con.fyt͡ʃ.jys.t͡ʃy.sy.ˈnyn/
Konfüçyüsçüyü,/con.fyt͡ʃ.jys.t͡ʃy.ˈjy/
Kongo,/ˈkon.ɡo/
Kongzi,/ˈconɡ.zi/
Konya,/konˈja/
Kore Yarımadası,/ˈko.ɾe ja.ɾɯ.ma.da.ˈsɯ/
Korece,/ˈko.re.d͡ʒe/
Korececi,/co.ɾe.d͡ʒe.ˈd͡ʒi/
Korecesi,/co.ɾe.d͡ʒe.ˈsi/
Koreceyi,/co.ɾe.d͡ʒe.ˈji/
Koreli,/kó.ɾe.li/
Koğuş,/ko.ˈ‿uʃ/
Kudüs,/ˈcu.dys/
Kudüs'ü,/ˈcu.dy.ˈsy/
Kudüs'ün,/ˈcu.dy.ˈsyn/
Kuiper Kuşağı,/ˈkuj.peɾ ku.ʃa.‿ɯ/
Kuiper Kuşağı'n,/ˈkui.peɾ ku.ʃa.ˈ‿ɯn/
Kuiper Kuşağı'nı,/ˈkui.peɾ ku.ʃa.‿ɯ.ˈnɯ/
Kuman,/ˈcu.man/
Kumanca,/cu.ˈman.d͡ʒa/
Kumancası,/cu.man.d͡ʒa.ˈsɯ/
Kumancayı,/cu.man.d͡ʒa.ˈjɯ/
Kumuk,/ˈcu.muc/
Kumuk Türkçesi,/ˈcu.muc tyrk.t͡ʃe.si/
Kumukça,/cu.ˈmuc.t͡ʃa/
Kumukçası,/cu.muc.t͡ʃa.ˈsɯ/
Kumukçayı,/cu.muc.t͡ʃa.ˈjɯ/
Kur'an,/kuɾ.ˈʔaːn/
Kur'an Müslümanlığı,/kuɾ.ʔan mys.ly.man.lɯ.‿ɯ/
Kur'an Müslümanı,/kuɾ.ˈʔan mys.ly.ma.nɯ/
Kur'an'a,/kuɾ.ʔaː.ˈna/
Kur'an'da,/kuɾ.ʔaːn.ˈda/
Kur'an'dan,/kuɾ.ʔaːn.ˈdan/
Kur'an'ı,/kuɾ.ʔaː.ˈnɯ/
Kur'an'ım,/kuɾ.ʔaː.ˈnɯm/
Kur'an'ımı,/kuɾ.ʔaː.nɯ.ˈmɯ/
Kur'an'ımın,/kuɾ.ʔaː.nɯ.ˈmɯn/
Kur'an'ın,/kuɾ.ʔaː.ˈnɯn/
Kur'an'ını,/kuɾ.ʔaː.nɯ.ˈnɯ/
Kur'an'ının,/kuɾ.ʔaː.nɯ.ˈnɯn/
Kur'ancı,/kuɾ.ʔan.ˈd͡ʒɯ/
Kur'ancılık,/kuɾ.ʔan.d͡ʒɯ.ˈlɯc/
Kur'anlar,/kuɾ.ʔaːn.ˈɫaɾ/
Kuran,/ku.ˈɾan/
Kurgan,/kuɾ.ˈɡan/
Kurmanci,/kuɾ.ˈman.d͡ʒiː/
Kurmançça,/kuɾ.ˈmant͡ʃ.t͡ʃa/
Kurnaz,/kuɾ.ˈnaz/
Kurtulmuş,/kuɾ.tul.ˈmuʃ/
Kut,/ˈcut/
Kuyucu,/ku.ju.ˈd͡ʒu/
Kuzey Amerika,/ku.ˈzej a.me.ˈɾi.ka/
Kuzey Atlantik,/kuzejatɫantic/
Kuzey Atlantik Antlaşması,/ku.ˈzej at.lan.ˈtik ant.laʃ.ma.ˈsɯ/
Kuzey Atlantik Antlaşması Teşkilatı,/ku.ˈzej at.lan.ˈtik ant.laʃ.ma.ˈsɯ teʃ.kiː.laː.ˈtɯ/
Kuzey Atlantik Okyanusu,/cu.ˈzej at.ɫan.ˈtic oc.ja.nu.su/
Kuzey Atlantik'i,/kuzejatɫantici/
Kuzey Atlas Okyanusu,/cu.ˈzej at.ˈɫas oc.ja.nu.su/
Kuzey Atlas Okyanusu'nu,/cu.ˈzej at.ˈɫas oc.ja.nu.su.ˈnu/
Kuzey Atlas Okyanusu'nun,/cu.ˈzej at.ˈɫas oc.ja.nu.su.ˈnun/
Kuzey Buz Denizi,/ku.zej ˈbuz de.ni.zi/
Kuzey Kürtçesi,/ku.ˈzej kyɾt.t͡ʃe.si/
Kuzey Kıbrıs,/ku.ˈzej kɯb.ɾɯs/
Kuzey Kıbrıs Türk Cumhuriyeti,/ku.ˈzej kɯb.ɾɯs ˈtyɾk d͡ʒum.huː.ɾi.je.ˈti/
Kuzey Kıbrıslı,/ku.ˈzej cɯb.ɾɯs.lɯ/
Kuzey Makedonya,/ku.ˈzej ma.ce.ˈdon.ja/
Kuzey Makedonya Cumhuriyeti,/ku.ˈzej ma.ce.ˈdon.ja d͡ʒum.huː.ɾi.je.ˈti/
Kuzey Makedonya Cumhuriyeti'ni,/ku.ˈzej ma.ce.ˈdon.ja d͡ʒum.huː.ɾi.je.ti.ˈni/
Kuzey Makedonya Cumhuriyeti'nin,/ku.ˈzej ma.ce.ˈdon.ja d͡ʒum.huː.ɾi.je.ti.ˈnin/
Kuzey Makedonya'sı,/ku.ˈzej ma.ce.don.ja.ˈsɯ/
Kuzey Makedonya'yı,/ku.ˈzej ma.ce.don.ja.ˈjɯ/
Kuzey Mariana Adaları,/ku.zej ma.ɾi.ja.na a.da.ɫa.ɾɯ/
Kuzey Mariana Adaları'nı,/ku.zej ma.ɾi.ja.na a.da.ɫa.ɾɯ.nɯ/
Kuzey Mariana Adaları'nın,/kuzejmaɾianaadaɫaɾɯnɯn/
Kuzey Okyanusu,/ku.ˈzej oc.ja.nu.ˈsu/
Kuzey Okyanusu'nu,/ku.ˈzej oc.ja.nu.su.ˈnu/
Kuzey Okyanusu'nun,/ku.ˈzej oc.ja.nu.su.ˈnun/
Kuzey Yarım Küre,/kuzejjaɾɯmcyɾe/
Kuzeybatı İran dili,/ku.ˈzej.ba.ˈtɯ ˈiː.ɾan di.li/
Kuşak,/ku.ˈʃac/
Kuşluk,/cuʃˈluc/
Kâbe,/ˈkʲaː.be/
Kâbe'de,/kjaːbeˈde/
Kâbe'den,/kjaːbeˈden/
Kâbe'm,/kjaːˈbem/
Kâbe'mi,/kjaːbeˈmi/
Kâbe'min,/kjaːbeˈmin/
Kâbe'ni,/kjaːbeˈni/
Kâbe'nin,/kjaːbeˈnin/
Kâbe'si,/kjaː.be.ˈsi/
Kâbe'ye,/kjaːbeˈje/
Kâbe'yi,/kjaː.be.ˈji/
Kâbeler,/kjaːbeˈleɾ/
Kâhta,/ˈkʲah.ta/
Kâhta'sı,/kʲah.ˈta.ˈsɯ/
Kâhta'yı,/kʲaːh.ta.ˈjɯ/
Kâhtalı,/ˈkʲaːh.ta.ɫɯ/
Kâhtalı'sı,/kʲaːh.ta.ɫɯ.ˈsɯ/
Kâhtalı'yı,/ˈkʲah.ta.ɫɯ.ˈjɯ/
Kâhtalılar,/kʲaːh.ta.ɫɯ.ɫaɾ/
Kâinat,/caːiˈnat/
Kâmil,/kʲaː.ˈmil/
Kâmil'i,/kʲaː.mi.ˈli/
Kâmil'in,/kʲaː.mi.ˈlin/
Kâmiller,/kʲaː.mil.ˈleɾ/
Kâğıthane,/caː.ɯt.ha.ne/
Köktürkçe,/cœctyɾkt͡ʃe/
Köln,/ˈkœln/
Köprü,/cœp.ˈry/
Köprü'sü,/cœp.ry.ˈsy/
Köprü'yü,/cœp.ry.ˈjy/
Köprücük,/cœp.ry.ˈd͡ʒyc/
Köprücük'ü,/cœp.ɾy.d͡ʒy.y/
Köprücük'ün,/cœp.ry.d͡ʒy.ˈ‿yn/
Köprücükler,/cœpɾyd͡ʒyclæɾ/
Körük,/cœ.ˈɾyc/
Körük'ü,/cœ.ɾy.ˈ‿y/
Körük'ün,/cœ.ɾy.ˈ‿yn/
Körükler,/cœ.ɾyc.ˈleɾ/
Körükler'i,/cœ.ɾyc.le.ˈɾi/
Körükler'in,/cœ.ɾyc.le.ˈɾin/
Körüklerler,/cœ.ɾyc.ˈleɾ.leɾ/
Körükçü,/cœ.ɾyc.ˈt͡ʃy/
Körükçü'sü,/cœ.ɾyc.t͡ʃy.ˈsy/
Körükçü'yü,/cœ.ɾyc.t͡ʃy.ˈjy/
Körükçüler,/cœ.ɾyc.t͡ʃy.ˈleɾ/
Köylü,/kœj.ˈly/
Köz,/ˈcœz/
Kürdistan İşçi Partisi,/kyɾdisˈtan iʃˈt͡ʃi paɾtiˈsi/
Kürt,/ˈkyɾt/
Kürt Yüksek Komitesi,/ˈkyɾt jykˈsek komiteˈsi/
Kürt dili,/ˈkyɾt di.li/
Kürt'ü,/kyɾ.ˈty/
Kürtler,/kyɾt.ˈleɾ/
Kürtçe,/ˈkyɾt.t͡ʃe/
Kürtçeler,/ˈkyrt.t͡ʃe.leɾ/
Kürtçesi,/ˈcyrt.t͡ʃe.ˈsi/
Kürşad,/cyɾˈʃad/
Kürşat,/cyɾˈʃat/
Kütahya,/cytahja/
Kütüb-i Erbaa,/cytybiæɾbaa/
Kütüb-i Sitte,/ky.ty.ˈbi ˈsit.te/
Kütüb-i Tis‘a,/ky.ty.bi tis.ˈˤa/
Küçük Asya,/kyˈt͡ʃyk asja/
KİPTAŞ,/ˈcip.taʃ/
Kıbrıs,/ˈkɯb.ɾɯs/
Kıbrıslı,/ˈcɯb.ɾɯs.lɯ/
Kıbrıslıyı,/ˈcɯbɾɯslɯˈjɯ/
Kılıçdaroğlu,/kɯ.ɫɯt͡ʃ.da.ɾoːˈɫu/
Kınık,/ˈcɯnɯc/
Kınıklı,/ˈcɯnɯclɯ/
Kıpçak,/ˈcɯp.t͡ʃak/
Kırgız Cumhuriyeti,/ˈkʰɯr.ɡɯz d͡ʒum.huː.ɾi.je.ˈti/
Kırgızca,/kɯɾ.ˈɡɯz.d͡ʒa/
Kırkat,/kɯɾˈcat/
Kırklareli,/ˈkɯɾkɫaɾeli/
Kırıkkale,/kɯ.ˈɾɯk.ka.ɫe/
Kırım,/ˈkɯɾɯm/
Kırım Tatarcası,/ˈcɯɾɯm tataɾd͡ʒasɯ/
Kırşehir,/ˈcɯɾ.ʃe.hiɾ/
Kıymet,/kɯjˈmet/
Kıymet'i,/kɯjmeˈti/
Kızılbaş,/kɯ.ˈzɯl.baʃ/
Kızılbaşa,/kɯzɯlbaˈʃa/
Kızılbaşlar,/kɯzɯlbaʃˈlaɾ/
Kızılbaşlara,/kɯzɯlbaʃlaˈɾa/
Kızılbaşlarda,/kɯzɯlbaʃlaɾˈda/
Kızılbaşlardan,/kɯzɯlbaʃlaɾˈdan/
Kızılbaşları,/kɯzɯlbaʃlaˈɾɯ/
Kızılbaşların,/kɯzɯlbaʃlaˈɾɯn/
Kızılbaşlık,/kɯ.zɯl.baʃ.ˈlɯc/
Kızılbaşlıklar,/kɯzɯɫbaʃɫɯkɫaɾ/
Kızılbaşlıklara,/kɯzɯɫbaʃɫɯkɫaɾa/
Kızılbaşlıklarda,/kɯzɯɫbaʃɫɯkɫaɾda/
Kızılbaşlıklardan,/kɯzɯɫbaʃɫɯkɫaɾdan/
Kızılbaşlıkları,/kɯzɯɫbaʃɫɯkɫaɾɯ/
Kızılbaşlıkların,/kɯzɯɫbaʃɫɯkɫaɾɯn/
Kızılbaşlığa,/kɯzɯɫbaʃɫɯa/
Kızılbaşlığı,/kɯ.zɯl.baʃ.lɯˈ.‿ɯ/
Kızılbaşlığın,/kɯzɯɫbaʃɫɯɯn/
Kızılbaşı,/kɯzɯlbaˈʃɯ/
Kızılbaşın,/kɯzɯlbaˈʃɯn/
L,/le/
Ladik,/ˈlaː.dic/
Ladikli,/ˈlaː.dic.li/
Ladiklilik,/ˈlaː.dic.li.ˈlic/
Lahana,/laˈhana/
Landstrasse,/ˈland.ʃtɾaː.se/
Landstrasse'si,/ˈland.ʃtɾaː.se.ˈsi/
Landstrasse'yi,/ˈland.ʃtɾaː.se.ˈji/
Lao Tse,/laotse/
Lao Tse'si,/ˈlaː.o tse.ˈsi/
Lao Tse'yi,/laotseji/
Lao Tzu,/ˈlaː.o ˈtsu/
Lao Zi,/la.o ˈzi/
Lao Zi'si,/la.o.zi.ˈsi/
Lao Zi'yi,/ˈlaː.o zi.ˈji/
Laotze,/laotze/
Laotze'si,/laotzesi/
Laotze'yi,/laotzeji/
Laozi,/laozi/
Laozi'si,/laozisi/
Laozi'yi,/laoziji/
Laponca,/la.ˈpon.d͡ʒa/
Latin,/la.ˈtin/
Latince,/ɫa.ˈtin.d͡ʒe/
Lav,/ˈlav/
Lav'ı,/la.ˈvɯ/
Lavlar,/lav.ˈlaɾ/
Lazca,/ˈlaz.d͡ʒa/
Lehçe,/ˈɫeh.t͡ʃe/
Lehçesi,/ɫeh.t͡ʃe.ˈsi/
Lehçeyi,/ɫeh.t͡ʃe.ˈji/
Lek-Kürt dili,/ɫek ˈkyɾt di.li/
Lekçe,/ˈɫek.t͡ʃe/
Lema,/leˈma/
Leninizm,/leniˈnizm/
Letonca,/ɫe.ˈton.d͡ʒa/
Lidce,/ˈlid.d͡ʒe/
Lidcesi,/ˈlid.d͡ʒe.ˈsi/
Lidceyi,/ˈlid.d͡ʒe.ˈji/
Lihtenştayn,/ˈɫih.ten.ʃtajn/
Lihtenştayn Prensliği,/lihtænʃtajnpɾænsliji/
Lihtenştayn Prensliği'n,/lihtænʃtajnpɾænslijin/
Lihtenştayn Prensliği'ni,/lihtænʃtajnpɾænslijini/
Lihtenştayn Prensliği'nin,/lihtænʃtajnpɾænslijinin/
Lihtenştayn'ı,/ˈɫih.ten.ʃtaj.ˈnɯ/
Lihtenştayn'ın,/ˈɫih.ten.ʃtaj.ˈnɯn/
Lihtenştaynlı,/ˈɫih.ten.ʃtajn.lɯ/
Lihtenştaynlı'nı,/ˈɫih.ten.ʃtajn.lɯ.ˈnɯ/
Lihtenştaynlı'nın,/ˈɫih.ten.ʃtajn.lɯ.ˈnɯn/
Lihtenştaynlı'sı,/ˈɫih.ten.ʃtajn.lɯ.ˈsɯ/
Lihtenştaynlı'yı,/ˈɫih.ten.ʃtajn.lɯ.ˈjɯ/
Lihtenştaynlılar,/ɫih.ten.ʃtajn.lɯˈlaɾ/
Lihtenştaynlılık,/ˈɫih.ten.ʃtajn.lɯ.ˈlɯk/
Lihtenştaynlılık'ı,/lihtenʃtajnɫɯɫɯɯ/
Lihtenştaynlılık'ın,/lih.ten.ʃtajn.ɫɯ.ɫɯ.ɯn/
Lillehammer,/ˈɫil.le.ham.meɾ/
Lillehammer'i,/ˈɫil.le.ham.me.ˈɾi/
Lillehammer'in,/ˈɫil.le.ham.me.ˈɾin/
Litvanca,/ɫitˈvan.d͡ʒa/
Livonca,/ɫi.ˈvon.d͡ʒa/
Lojban dili,/ˈloʒban dili/
Londra,/ˈlon.dɾa/
Londra'da,/ˈlon.dɾa.ˈda/
Londra'dan,/ˈlon.dɾa.ˈdan/
Londra'sı,/ˈlon.dɾa.ˈsɯ/
Londra'yı,/ˈlon.dɾa.ˈjɯ/
Londralı,/ˈlon.dˈɾa.ɫɯ/
Londralı'da,/ˈlon.dɾa.lɯ.ˈda/
Londralı'dan,/ˈlon.dɾa.lɯ.ˈdan/
Londralı'yı,/ˈlon.dɾa.lɯ.ˈjɯ/
Londralılık,/ˈlon.dɾa.lɯ.ˈlɯc/
Londres,/londɾes/
Los Angeles,/los ˈen.dʒe.les/
Los Angeles'i,/los ˈen.dʒe.le.ˈsi/
Los Angeles'in,/los ˈen.dʒe.le.ˈsin/
Louisiana,/lu.i.zi.ˈja.na/
Louisiana'sı,/lu.i.zi.ˈja.na.sɯ/
Louisiana'yı,/lu.i.zi.ˈja.na.jɯ/
Luganda dili,/lu.ˈɡan.da di.li/
Luvi dili,/ˈlu.vi di.li/
Luvi dilin,/ˈlu.vi di.ˈlin/
Luvi dilini,/ˈlu.vi di.li.ˈni/
Luvi dilinin,/ˈlu.vi di.li.ˈnin/
Luvi dilleri,/ˈlu.vi dil.le.ˈɾi/
Luvice,/ˈlu.vi.d͡ʒe/
Luvicesi,/ˈlu.vi.d͡ʒe.ˈsi/
Luviceyi,/ˈlu.vi.d͡ʒe.ˈji/
Luxembourg,/lyc.sem.buɾk/
Lüksemburgca,/lyksemˈbuɾgd͡ʒa/
MOB.E.S.E.,/mo.ˈbe.se/
MOBESE,/mo.ˈbe.se/
Machu Picchu,/ˈmat͡ʃu ˈpit͡ʃt͡ʃu/
Madagascar,/ma.da.ɡas.kaɾ/
Madagaskar,/ma.da.ˈɡas.kaɾ/
Magdalalı Meryem,/maɡdaɫaɫɯ meɾjem/
Mahallî Yıldızlararası Bulut,/ma.haɫ.ˈɫiː jɯl.dɯz.ˈlaɾ.a.ɾa.sɯ bu.lut/
Mahallî Yıldızlararası Bulut'u,/ma.haɫ.ˈɫiː jɯl.dɯz.ˈlaɾ.a.ɾa.sɯ bu.lu.ˈtu/
Mahallî Yıldızlararası Bulut'un,/ma.haɫ.ˈɫiː jɯl.dɯz.ˈlaɾ.a.ɾa.sɯ bu.lu.ˈtun/
Mahur,/maːˈhuɾ/
Makedon,/ma.ce.ˈdon/
Makedonya,/ma.ce.ˈdon.ja/
Makedonya Cumhuriyeti,/ma.ce.ˈdon.ja d͡ʒum.huː.ɾi.je.ˈti/
Makedonya'sı,/ma.ce.ˈdon.ja.ˈsɯ/
Makedonya'yı,/ma.ce.ˈdon.ja.ˈjɯ/
Makedonyalar,/ma.ce.ˈdon.ja.ˈɫaɾ/
Makedonyalı,/ma.ce.ˈdon.ja.lɯ/
Malatya,/ma.ɫa.tja/
Malay dili,/ˈma.ˈlaj di.li/
Malaya-Polinezya dili,/ma.ɫa.ja po.ɫi.ˈnez.ja di.li/
Malayca,/ma.ˈlaj.d͡ʒa/
Malgaş,/mal.ˈɡaʃ/
Malgaşça,/mal.ˈɡaʃ.t͡ʃa/
Mali,/ˈma.ɫi/
Mali Cumhuriyeti,/ˈma.ɫi d͡ʒum.huː.ɾi.je.ˈti/
Mali Cumhuriyeti'ni,/ma.li d͡ʒum.huː.ɾi.je.ti.ni/
Mali Cumhuriyeti'nin,/maː.li d͡ʒum.huː.ɾi.je.ti.nin/
Mali'si,/ˈma.ɫi.ˈsi/
Mali'yi,/ˈma.ɫi.ˈji/
Maltepe,/ˈmal.te.pe/
Maltepe'si,/ˈmal.te.pe.ˈsi/
Maltepe'yi,/ˈmal.te.pe.ˈji/
Maltepeler,/ˈmal.te.pe.ˈleɾ/
Man Adası,/ˈman a.da.sɯ/
Mandarin,/man.da.ˈɾin/
Manisa,/ma.ˈni.sa/
Mansice,/ˈmansid͡ʒe/
Maoizm,/maoizm/
Maraş,/ˈma.ɾaʃ/
Mardin,/maɾ.din/
Mari dili,/ˈma.ɾi di.li/
Mariana Takımadaları,/ma.ɾi.ˈja.na ta.kɯ.ma.da.ɫa.ˈɾɯ/
Marksizm,/maɾk.ˈsizm/
Mars,/ˈmaɾs/
Marshall Adaları,/maɾ.ˈʃal a.da.la.ɾɯ/
Marshall Adaları Cumhuriyeti,/maɾ.ˈʃal a.da.la.ɾɯ d͡ʒum.huː.ɾi.je.ˈti/
Maryland,/ˈme.ɾi.lend/
Mazanderance,/ma.zan.de.ˈɾan.d͡ʒe/
Mağrip,/maːɾip/
Mecdelli Meryem,/med͡ʒdælːi mæɾjæm/
Medine,/me̞.d̪íː.n̪e̞/
Medineli,/meˈdineˈli/
MedyaViki,/ˈmed.ja.vi.ci/
MedyaViki'si,/ˈmed.ja.vi.ci.ˈsi/
MedyaViki'yi,/ˈmed.ja.vi.ci.ˈji/
Megrelce,/meɡ.ˈɾel.d͡ʒe/
Mehdî,/meh.ˈdiː/
Mehmed,/mehˈmed/
Mehmet,/meh.met/
Mehmetali,/meh.met.a.ˈɫi/
Mehmetali'si,/meh.met.a.ɫi.ˈsi/
Mehmetali'yi,/meh.met.a.ɫi.ˈji/
Mehmetaliler,/meh.met.a.ɫi.ˈleɾ/
Mehru,/meh.ˈɾuː/
Mehru'su,/meh.ɾuː.ˈsu/
Mehru'yu,/meh.ɾuː.ˈju/
Mehrular,/meh.ɾuː.ˈlaɾ/
Mehrusuz,/meh.ɾuː.ˈsuz/
Mekke,/mek.ke/
Mekke'si,/mek.ke.ˈsi/
Mekke'yi,/mek.ke.ˈji/
Mekkeler,/mek.ke.ˈleɾ/
Mekkeli,/ˈmecceli/
Melanezya,/ˈme.la.ˈnez.ja/
Melhâme-i Kübrâ,/mel.haː.me.ˈˤi kyb.ˈɾaː/
Melisa,/melisa/
Menzil,/men.ˈzil/
Merkez,/meɾ.ˈkez/
Merkez'i,/meɾ.ke.ˈzi/
Merkez'in,/meɾ.ke.ˈzin/
Merkez'ini,/meɾ.ke.zi.ˈni/
Merkez'inin,/meɾ.ke.zi.ˈnin/
Merkür,/meɾ.ˈkyɾ/
Mersin,/mæɾ.sin/
Meryem,/meɾ.ˈjem/
Meryem'i,/meɾ.je.ˈmi/
Meryem'im,/meɾ.je.ˈmim/
Meryem'in,/meɾ.je.ˈmin/
Meryemim,/meɾ.je.ˈmim/
Meryemler,/meɾ.jem.ˈleɾ/
Mescid-i Haram,/mes.ˈd͡ʒi.di ha.ɾaːm/
Mescit,/mes.ˈd͡ʒit/
Metanet,/metaːˈnet/
Mete,/me.ˈte/
Mete'si,/me.te.ˈsi/
Mete'yi,/me.te.ˈji/
Mevâlî,/mevaːliː/
Mezitli,/ˈme.zit.li/
Mezitli'si,/me.ˈzit.li.ˈsi/
Mezitli'yi,/me.ˈzit.li.ˈji/
Mezitlili,/me.ˈzit.li.li/
Mezitlili'si,/me.ˈzit.li.li.ˈsi/
Mezitlili'yi,/me.ˈzit.li.li.ˈji/
Mezitlililer,/me.ˈzit.li.li.leɾ/
Mezitlililik,/me.zit.li.li.ˈlic/
Mezitlililik'i,/me.ˈzit.li.li.li.ˈci/
Mikligarður,/micliɡaɾduɾ/
Mikronezya,/ˈmic.ɾo.ˈnez.ja/
Mikronezya Federal Devletleri,/mic.ɾo.ˈnez.ja fe.de.ˈɾaɫ dev.let.le.ˈɾi/
Mikronezya Federal Devletleri'ni,/mic.ɾo.ˈnez.ja fe.de.ˈɾaɫ dev.let.le.ɾi.ˈni/
Mikronezya Federal Devletleri'nin,/mic.ɾo.ˈnez.ja fe.de.ˈɾaɫ dev.let.le.ɾi.ˈnin/
Mikronezya'sı,/mic.ɾo.ˈnez.ja.ˈsɯ/
Mikronezya'yı,/mic.ɾo.ˈnez.ja.ˈjɯ/
Mikronezyalı,/mic.ɾo.ˈnez.ja.ˈlɯ/
Mikronezyalı'sı,/mic.ɾo.ˈnez.ja.lɯ.ˈsɯ/
Mikronezyalı'yı,/mic.ɾo.ˈnez.ja.lɯ.ˈjɯ/
Mikronezyalılık,/mic.ɾo.ˈnez.ja.lɯ.ˈlɯc/
Mikronezyalılık'ı,/mic.ɾo.ˈnez.ja.lɯ.lɯ.ˈ‿ɯ/
Mikronezyalılık'ın,/mic.ɾo.ˈnez.ja.lɯ.lɯ.ˈ‿ɯn/
Mikâil,/mi.caː.il/
Millet İttifakı,/mil.ˈlet it.ti.faː.kɯ/
Milletler Topluluğu,/[mil.let.leɾ top.ɫu.ɫu.u/
Milletler Topluluğu İngilizcesi,/mil.let.ˈleɾ top.lu.lu.‿u in.ɡi.ˈliz.dʒe.si/
Milletlerarası Birimler Sistemi,/mil.let.ˈle.ɾa.ɾa.ˈsɯ bi.ɾim.ˈleɾ sis.te.mi/
Millî Görüş,/milˈliː gœɾyʃ/
Millî Mücadele,/mil.ˈliː my.dʒaː.de.le/
Millî Mücadele'si,/mil.ˈliː my.dʒaː.de.le.ˈsi/
Millî Mücadele'yi,/mil.ˈliː my.dʒaː.de.le.ˈji/
Min,/ˈmin/
Min Nan dili,/min ˈnan di.li/
Minare,/mi.naː.ˈɾe/
Minareli,/mi.naː.ɾe.ˈli/
Miraç Gecesi,/miː.ˈɾat͡ʃ ɡe.d͡ʒe.si/
Miraç Kandili,/miː.ˈɾat͡ʃ kan.di.li/
Mitra,/ˈmitɾa/
Mitra'nı,/ˈmitɾaˈnɯ/
Mitra'nın,/ˈmitɾaˈnɯn/
Mitra'yı,/ˈmitɾaˈjɯ/
Mitraizm,/ˈmit.ɾa.ˈizm/
Mitralar,/ˈmitɾalaɾ/
Moda,/ˈmo.da/
Modern Yunanca,/moˈdeɾn junand͡ʒa/
Moldova,/ˈmol.do.va/
Mollaoğlu,/moɫɫaoːɫu/
Monaco,/mɔ.na.ko/
Monako,/mo.ˈna.ko/
Monako'su,/mo.ˈna.ko.ˈsu/
Monako'yu,/mo.ˈna.ko.ˈju/
Moritanya,/mo.ɾi.ˈtan.ja/
Moritanyalı,/mo.ɾi.ˈtan.ja.lɯ/
Moritanyalılık,/mo.ɾi.ˈtan.ja.lɯ.ˈlɯc/
Moskof gâvuru,/mosˈkof ɟaːvuˈɾu/
Moğolistan,/mo.‿o.ɫis.ˈtan/
Mu,/ˈmu/
Mu'tezile,/ˈmuː.ˤte.zi.ˈle/
Muharrem,/muhaɾˈɾem/
Mukaddes,/mukaddˈes/
Mukaddesler,/mukaddesˈleɾ/
Mumcu,/mumd͡ʒu/
Mumcu'da,/mumd͡ʒuˈda/
Mumcu'dan,/mumd͡ʒuˈdan/
Mumcu'nun,/mumd͡ʒuˈnun/
Mumcu'ya,/mumd͡ʒuˈja/
Mumcu'yu,/mumd͡ʒuˈju/
Mumcular,/mumd͡ʒuɫaɾ/
Mumculara,/mumd͡ʒulaˈɾa/
Mumcularda,/mumd͡ʒulaɾˈda/
Mumculardan,/mumd͡ʒulaɾˈdan/
Mumcuları,/mumd͡ʒulaˈɾɯ/
Mumcuların,/mumd͡ʒulaˈɾɯn/
Musevi,/muː.se.ˈviː/
Museviler,/muːseviːˈleɾ/
Musevilik,/muː.se.viː.ˈlic/
Musevilikler,/muːseviːlicˈleɾ/
Museviliği,/muː.se.viː.li.ˈ‿i/
Museviliğin,/muːseviːlijin/
Museviliğini,/muː.se.viː.li.‿i.ni/
Museviliğinin,/muː.se.viː.li.‿i.nin/
Museviyi,/muːseviːˈji/
Mustafa,/mus.taˈfa/
Mustafalar,/mus.ˈta.fa.laɾ/
Muğla,/muː.ɫa/
Muş,/muʃ/
Mâlikîlik,/maː.ɫi.cʔiː.ˈlic/
Mâtürîdîlik,/maːtyɾiːdiːlic/
Mücessime,/myd͡ʒessiˈme/
Müctebâ,/myd͡ʒ.te.ˈbaː/
Müge,/my.ˈɡe/
Müge'si,/my.ɡe.ˈsi/
Müge'yi,/my.ɡe.ˈji/
Mügeler,/my.ɡe.ˈleɾ/
Mümin,/myː.ˈmin/
Müslim,/mys.ˈlim/
Müslim'i,/mys.li.ˈmi/
Müslim'in,/mys.li.ˈmin/
Müslüman,/mys.ly.ˈman/
Müslüman adam,/mys.lyˈ.man adam/
Müslümanları,/mys.ly.man.la.ˈɾɯ/
Müslümanların,/mys.ly.man.la.ˈɾɯn/
Müslümanlarını,/mys.ly.man.la.ɾɯ.ˈnɯ/
Müslümanlarının,/mys.ly.man.la.ɾɯ.ˈnɯn/
Müslümanlık,/mys.ly.man.ˈlɯc/
Müslümanlığı,/mys.ly.man.lɯ.ˈ‿ɯ/
Müslümanlığın,/mys.ly.man.lɯ.ˈ‿ɯn/
Müslümanlığını,/mys.ly.man.lɯ.‿ɯ.ˈnɯ/
Müslümanlığının,/mys.ly.man.lɯ.‿ɯ.ˈnɯn/
Müslümanı,/mys.ly.ma.ˈnɯ/
Müslümanın,/mys.ly.ma.ˈnɯn/
Müslümanını,/mys.ly.ma.nɯ.ˈnɯ/
Müslümanının,/mys.ly.ma.nɯ.ˈnɯn/
Müşteri,/myʃ.te.ˈri/
Mısır,/ˈmɯ.sɯɾ/
Mısır Arapçası,/ˈmɯ.sɯɾ a.ɾap.t͡ʃa.ˈsɯ/
Mısır Arapçasını,/ˈmɯ.sɯɾ a.ɾap.t͡ʃa.sɯ.ˈnɯ/
Mısır Arapçasının,/ˈmɯ.sɯɾ a.ɾap.t͡ʃa.sɯ.ˈnɯn/
Mısır'ı,/ˈmɯ.sɯ.ˈɾɯ/
Mısır'ın,/ˈmɯ.sɯ.ˈɾɯn/
Mısırcık,/ˈmɯsɯɾd͡ʒɯc/
NATO,/ˈna.to/
Nakşibendi,/nak.ˈʃi.ben.ˈdiː/
Nakşibendilik,/nak.ʃi.ben.diː.ˈlic/
Nakşibendiliği,/nak.ʃi.ben.diː.li.ji/
Nakşibendiyye,/nakʃibændijje/
Nakşilik,/nak.ˈʃiː.ˈlik/
Nakşiliği,/nak.ʃiː.li.ji/
Nallıhan,/nal.ˈlɯ.han/
Nallıhan'ı,/nal.ˈlɯ.ha.ˈnɯ/
Nallıhan'ın,/nal.ˈlɯ.ha.ˈnɯn/
Nallıhanlı,/naɫɫɯhanɫɯ/
Nallıhanlı'sı,/naɫɫɯhanɫɯsɯ/
Nallıhanlı'yı,/naɫɫɯhanɫɯjɯ/
Nallıhanlılar,/naɫ.ˈɫɯ.han.ɫɯ.ˈlaɾ/
Nas,/ˈnas/
Nauru,/na.ˈu.ɾu/
Nauru'su,/na.ˈu.ɾu.ˈsu/
Nauru'yu,/na.ˈu.ɾu.ˈju/
Naurulu,/na.ˈu.ɾu.ˈlu/
Naurulu'su,/na.ˈu.ɾu.lu.ˈsu/
Naurulu'yu,/na.ˈu.ɾu.lu.ˈju/
Naurulular,/na.ˈu.ɾu.lu.ˈlaɾ/
Naurusuz,/na.ˈu.ɾu.ˈsuz/
Navahoca,/na.ˈva.ho.d͡ʒa/
Nazlı,/naz.ˈlɯ/
Nazlı'sı,/naz.lɯ.ˈsɯ/
Nazlı'yı,/naz.lɯ.ˈjɯ/
Nazlılar,/naz.lɯ.ˈlaɾ/
Nazmi,/naz.ˈmi/
Nazmi'si,/naz.mi.ˈsi/
Nazmi'ye,/naz.mi.ˈje/
Nazmi'yi,/naz.mi.ˈji/
Nazmiler,/naz.mi.ˈleɾ/
Nazmiye,/naz.mi.ˈje/
Nazmiye'si,/naz.mi.je.ˈsi/
Nazmiye'ye,/naz.mi.je.ˈje/
Nazmiye'yi,/naz.mi.je.ˈji/
Nazmiyeler,/naz.mi.je.ˈleɾ/
Nebi,/neˈbiː/
Nebi'ler,/nebiːˈleɾ/
Nederland,/ne.dæɾ.ɫant/
Nedim,/ne.ˈdim/
Nedim'e,/ne.di.ˈme/
Nedim'i,/ne.diː.ˈmi/
Nedim'in,/ne.di.ˈmin/
Nedime,/ne.diː.ˈme/
Nedime'si,/ne.diː.me.ˈsi/
Nedime'yi,/ne.diː.me.ˈji/
Nedimeler,/ne.diː.me.ˈleɾ/
Nedimler,/ne.dim.ˈleɾ/
Nemesis,/ne.ˈme.sis/
Nepal,/ˈne.paɫ/
Nepalce,/ne.ˈpaɫ.d͡ʒe/
Nepalcesi,/ne.ˈpaɫ.d͡ʒe.ˈsi/
Neptun,/neptun/
Neptün,/ˈnep.tyn/
Neptün ötesi,/nep.ˈtyn œ.te.ˈsi/
Neptün ötesi cisim,/neptynœtesid͡ʒisim/
Neptün ötesi cisimler,/nep.ˈtyn œ.te.si d͡ʒi.sim.ˈleɾ/
Neptün ötesi cismi,/neptynœtesid͡ʒismi/
Neptün ötesi cismin,/neptynœtesid͡ʒismin/
Neptün ötesi cismini,/neptynœtesid͡ʒismini/
Neptün ötesi cisminin,/neptynœtesid͡ʒisminin/
Nesneye Yönelik Programlama,/nesneje jœnelikʰ pɾoɡˈɾamɫama/
Neubau,/ˈnoj.bau/
Nevşehir,/ˈnev.ʃe.hiɾ/
Nevşehir'i,/ˈnev.ʃe.hi.ˈɾi/
Nevşehir'in,/ˈnev.ʃe.hi.ˈɾin/
Nevşehirli,/ˈnev.ʃe.hiɾ.ˈli/
Nevşehirliler,/ˈnev.ʃe.hiɾ.li.ˈleɾ/
Nevşehirlilik,/ˈnev.ʃe.hiɾ.li.ˈlic/
Nevşehirlilik'i,/nev.ʃe.hiɾ.li.li.ji/
Nevşehirlilik'in,/ˈnev.ʃe.hiɾ.li.li.jin/
New England,/nʲu ˈinɡ.lend/
New England'ı,/nʲu ˈinɡ.len.ˈdɯ/
New England'ın,/nʲu ˈinɡ.len.ˈdɯn/
New Jersey,/nʲuː ˈd͡ʒeɾ.siː/
New Jersey'i,/nʲuː d͡ʒeɾ.siː.ˈji/
New Jersey'im,/nʲuː d͡ʒeɾ.siː.ˈjim/
New Jersey'in,/nʲuː d͡ʒeɾ.siː.ˈjin/
Niger,/niʒæɾ/
Nijerya,/ni.ˈʒeɾ.ja/
Nijerya'yı,/ni.ˈʒeɾ.ja.ˈjɯ/
Nijeryası,/ni.ˈʒeɾ.ja.ˈsɯ/
Niyazi,/ni.jaː.ˈziː/
Niyazi'si,/ni.jaː.ziː.ˈsi/
Niyazi'yi,/ni.jaː.ziː.ˈji/
Niyaziler,/ni.jaː.ziː.ˈleɾ/
Niğde,/niːde/
Noel,/ˈno.el/
Norge,/noɾɟe/
Norveç,/ˈnoɾ.vet͡ʃ/
Norveççe,/noɾ.ˈvet͡ʃ.t͡ʃe/
Nuh Tufanı,/ˈnuh tuːfaːnɯ/
Nuh'un gemisi,/nuː.hun ɡe.mi.ˈsi/
Nusayrîlik,/nu.saj.ɾiː.ˈlic/
Ocak,/oˈd͡ʒac/
Ockham'ın usturası,/ok.ham.ɯn us.tu.ɾa.sɯ/
Oksitanca,/ok.si.ˈtan.d͡ʒa/
Okuyan,/ocuˈjan/
Olur,/oˈluɾ/
On,/ˈon/
On Emir,/on e.ˈmiɾ/
On Emir'i,/onemiɾi/
On Emir'in,/onemiɾin/
Ordu,/oɾ.ˈdu/
Orta,/oɾ.ˈta/
Orta Asya,/oɾˈta asja/
Orta Fransızca,/oɾ.ˈta fɾan.sɯz.d͡ʒa/
Orta Kürtçe,/oɾ.ˈta kyɾt.t͡ʃe/
Orta Kızılırmak Bölümü,/oɾ.ˈta kɯ.zɯ.lɯɾ.mak bœ.ly.my/
Orta Oğuz dilini,/oɾˈta o.ˈ‿uz di.li.ˈni/
Orta Yüksek Almanca,/oɾ.ˈta jyc.sec al.man.d͡ʒa/
Orta İngilizce,/oɾ.ˈta in.ɡi.ˈliz.d͡ʒe/
Ortodoks,/oɾ.to.ˈdoks/
Ortodokslar,/oɾ.to.doks.ˈlaɾ/
Ortodoksluk,/oɾtodocsˈluc/
Ortodoksluğu,/oɾtodoksɫuu/
Oruç,/o.ˈɾut͡ʃ/
Oruç'u,/o.ɾu.ˈd͡ʒu/
Oruç'un,/o.ɾu.ˈd͡ʒun/
Oruçlar,/o.ˈɾut͡ʃ.ˈlaɾ/
Osetçe,/o.ˈset.t͡ʃe/
Osetçesi,/o.ˈset.t͡ʃe.ˈsi/
Osetçeyi,/o.ˈset.t͡ʃe.ˈji/
Osman,/os.ˈman/
Osmaniye,/os.ˈmaː.ni.je/
Osmaniyeli,/os.ma.ni.jeˈli/
Osmanlı,/os.ˈman.lɯ/
Osmanlı Türkçesi,/os.ˈman.lɯ tyrk.t͡ʃe.si/
Osmanlı İmparatorluğu,/osmanɫɯimpaɾatoɾɫuu/
Osmanlı İmparatorluğu'nu,/osmanɫɯimpaɾatoɾɫuunu/
Osmanlı İmparatorluğu'nun,/osmanɫɯimpaɾatoɾɫuunun/
Osmanlıca,/os.ˈman.lɯ.d͡ʒa/
Osmanoğlu,/osmanoːɫu/
Ouzbékistan,/øz.be.cis.ˈtan/
Oïl dili,/o.ˈiːl di.li/
Oğuz dili,/o.ˈ‿uz di.li/
Oğuz dilini,/o.ˈ‿uz di.li.ˈni/
PDY,/ˈpeː.ˈdeː.ˈjeː/
Palaca,/pa.ˈla.d͡ʒa/
Palacası,/pa.ˈla.d͡ʒa.ˈsɯ/
Palacayı,/pa.ˈla.d͡ʒa.ˈjɯ/
Paris,/paɾis/
París,/ paˈɾis /
Pasifik Okyanusu,/pa.si.ˈfic ok.ja.nu.su/
Pasifik Okyanusu'nu,/pa.si.ˈfic ok.ja.nu.su.ˈnu/
Pasifik Okyanusu'nun,/pa.si.ˈfic ok.ja.nu.su.ˈnun/
Paskalya,/pas.ˈkal.ja/
Paskalya'sı,/pas.ˈkal.ja.ˈsɯ/
Paskalya'yı,/pas.ˈkal.ja.ˈjɯ/
Paskalyalar,/pas.ˈkal.ja.ˈlaɾ/
Pazar,/pa.ˈzaɾ/
Pazarcık,/pa.ˈzaɾ.d͡ʒɯc/
Pekin,/ˈpe.kin/
Pelikancı,/pe.li.can.ˈd͡ʒɯ/
Penbegül,/pen.ˈbe.ɡyl/
Pencapça,/penˈd͡ʒapt͡ʃ a/
Pensilvanya,/pen.sil.ˈvan.ja/
Pensilvanya'sı,/pen.sil.ˈvan.ja.ˈsɯ/
Pensilvanya'yı,/pen.sil.ˈvan.ja.ˈjɯ/
Pentekost,/pen.te.ˈkost/
Perşembe,/peɾʃemˈbe/
Petek,/pe.ˈtek/
Pinyin,/pin.ˈjin/
Pisagorik ortalama,/ˈpisaɡoˈɾik oɾtalama/
Plüton,/ˈply.ton/
Plüton'u,/ˈply.to.ˈnu/
Plüton'un,/ˈply.to.ˈnun/
Polinezya,/po.ɫi.ˈnez.ja/
Polinezya dili,/po.ɫi.ˈnez.ja di.li/
Polska,/poɫska/
Porsuk,/poɾ.ˈsuk/
Portakal,/poɾ.ta.ˈcal/
Portakal'ı,/poɾ.ta.ca.ˈlɯ/
Portakal'ın,/poɾ.ta.ca.ˈlɯn/
Portakallar,/poɾ.ta.cal.ˈlaɾ/
Portekiz,/ˈpoɾ.te.kiz/
Portekiz Cumhuriyeti,/poɾtecizd͡ʒumhuɾijeti/
Portugal,/poɾtuɡaɫ/
Proto Cermence,/ˈpɾo.to d͡ʒeɾ.men.d͡ʒe/
Proto Cermencesi,/ˈpɾo.to d͡ʒeɾ.men.d͡ʒe.ˈsi/
Proto Cermenceyi,/ˈpɾo.to d͡ʒeɾ.men.d͡ʒe.ˈji/
Proto Hint-Avrupa dili,/pɾo.to hint av.ˈɾu.pa di.li/
Proto Hint-Avrupa dilini,/pɾo.to hint av.ˈɾu.pa di.li.ˈni/
Proto Hint-Avrupa dilinin,/pɾo.to hint av.ˈɾu.pa di.li.ˈnin/
Proto Türkçe,/ˈpɾo.to tyɾc.t͡ʃe/
Proto Türkçesi,/ˈpɾo.to tyrk.t͡ʃe.ˈsi/
Proto Türkçeyi,/ˈpɾo.to tyrk.t͡ʃe.ˈji/
Pusat,/pu.ˈsat/
Putin,/putin/
Pınar,/pɯ.ˈnaɾ/
Pınar'ı,/pɯ.na.ˈɾɯ/
Pınar'ın,/pɯ.na.ˈɾɯn/
Pınarcık,/pɯ.naɾ.ˈd͡ʒɯc/
Pınarcık'ı,/pɯ.naɾ.d͡ʒɯ.ˈcɯ/
Pınarcık'ın,/pɯ.naɾ.d͡ʒɯ.ˈcɯn/
Pınarcıklar,/pɯnaɾd͡ʒɯkɫaɾ/
Pınarlı,/pɯ.naɾ.ˈlɯ/
Pınarlı'sı,/pɯ.naɾ.lɯ.ˈsɯ/
Pınarlı'yı,/pɯ.naɾ.lɯ.ˈjɯ/
Pınarlılar,/pɯ.naɾ.lɯ.ˈlaɾ/
Pınarsız,/pɯ.naɾ.ˈsɯz/
Pınarım,/pɯ.na.ˈɾɯm/
RTE,/ɾeː.teː.ˈeː/
Radıyallahu Anha,/ˈɾadijallaːhu ˈanhaː/
Rafızi,/ɾaːfɯˈziː/
Rafızilik,/ɾaːfɯziːˈlic/
Rahmân,/ɾahˈmaːn/
Ramazan,/ɾa.ma.ˈzan/
Ramazanlar,/ɾamazanˈlaɾ/
Ramazanlı,/ɾa.ma.zan.ˈlɯ/
Rami,/ɾaːˈmiː/
Ramiz,/raːˈmiz/
Recep,/ɾe.ˈd͡ʒep/
Recep'ler,/ɾed͡ʒepˈleɾ/
Recepler,/ɾed͡ʒepˈleɾ/
Reis,/ɾeˈʔis/
Resul,/ɾe.ˈsuɫ/
Resul'ü,/ɾe.suː.ˈly/
Resul'ün,/ɾe.suː.ˈɫyn/
Resul'ünü,/ɾe.suː.ly.ˈny/
Resul'ünün,/ɾe.suː.ly.ˈnyn/
Resuller,/ɾe.suɫ.ˈleɾ/
Resulleri,/ɾe.suɫ.ɫe.ˈɾi/
Resullerin,/ɾe.suɫ.ɫe.ˈɾin/
Resullerini,/ɾe.suɫ.ɫe.ɾi.ˈni/
Resullerinin,/ɾe.suɫ.ɫe.ɾi.ˈnin/
Reykjavik,/ˈɾejc.ja.vic/
Reykjavik'i,/ˈɾejc.ja.vi.ˈci/
Reykjavik'in,/ˈɾejc.ja.vi.ˈcin/
Reykjavík,/ˈɾejc.ja.vic/
Reykjavík'i,/ˈɾejc.ja.vi.ˈci/
Reykjavík'in,/ˈɾejc.ja.vi.ˈcin/
Rize,/ɾiˈze/
Rohingyaca,/ro.ˈhinɡ.ja.d͡ʒa/
Roma,/ˈɾo.ma/
Roma Hukuku,/ˈɾo.ma hu.cuː.cu/
Romalı,/ɾo.maˈɫɯ/
Roman,/ɾo.ˈman/
Romanca,/ɾo.ˈman.d͡ʒa/
Romanya,/ɾo.ˈman.ja/
Romanşça,/ɾomanʃt͡ʃa/
Romanşçayı,/ɾomanʃt͡ʃajɯ/
Roskosmos,/ˈɾos.cos.mos/
Roskosmos'u,/ˈɾos.cos.mo.ˈsu/
Roskosmos'un,/ˈɾos.cos.mo.ˈsun/
Ruanda dili,/ɾu.ˈan.da di.li/
Ruandaca,/ɾu.ˈan.da.d͡ʒa/
Rumca,/ˈɾum.d͡ʒa/
Rumeli,/ˈɾu.me.li/
Rumeli Hisarı,/ˈɾu.me.ˈli hi.sa.ɾɯ/
Rumeli Hisarı'nı,/ˈɾu.me.ˈli hi.sa.ɾɯ.ˈnɯ/
Rumeli Hisarı'nın,/ˈɾu.me.ˈli hi.sa.ɾɯ.ˈnɯn/
Rumeli Yakası,/ˈɾu.me.ˈli ja.ca.sɯ/
Rumeli Yakası'nı,/ˈɾu.me.ˈli ja.ca.sɯ.ˈnɯ/
Rumeli Yakası'nın,/ˈɾu.me.ˈli ja.ca.sɯ.ˈnɯn/
Rumelihisarı,/ˈɾu.me.ˈli hi.sa.ɾɯ/
Rumen,/ɾu.ˈmen/
Rumen'i,/ɾu.me.ˈni/
Rumen'in,/ɾu.me.ˈnin/
Rumence,/ɾu.ˈmen.d͡ʒe/
Rumencesi,/ɾu.ˈmen.d͡ʒe.ˈsi/
Rumenler,/ɾu.men.ˈleɾ/
Russie,/ʁy.si/
Rusya,/ˈɾus.ja/
Rusya'sı,/ˈɾus.ja.ˈsɯ/
Rusya'yı,/ˈɾus.ja.ˈjɯ/
Rusça,/ˈɾust͡ʃa/
Râfızî,/ɾaːfɯˈziː/
Râfızîlik,/ɾaːfɯziːˈlic/
République centrafricaine,/ɾepyblik santɾafɾiken/
Rüzgarlı,/ɾyz.ɡʲaɾ.ˈlɯ/
Rıza,/ɾɯˈzaː/
S dalgaları,/ˈes dal.ɡa.la.ˈɾɯ/
S dalgası,/ˈes dal.ɡa.sɯ/
S dalgasını,/ˈes dal.ɡa.sɯ.ˈnɯ/
S dalgasının,/ˈes dal.ɡa.sɯ.ˈnɯn/
SAADET,/sa.aː.ˈdet/
SI Birimler Sistemi,/es.ˈiː bi.ɾim.ˈleɾ sis.te.mi/
SI birim sistemi,/es.i bi.ɾim sis.te.mi/
SI birimi,/se.ˈi bi.ɾi.ˈmi/
SI birimim,/se.i bi.ɾi.mim/
SI birimimde,/se.i bi.ɾi.mim.de/
SI birimimden,/se.ˈi bi.ɾi.mim.ˈden/
SI birimimi,/se.i bi.ɾi.mi.ˈmi/
SI birimimin,/es.ˈiː bi.ɾi.mi.ˈmin/
SI birimin,/es.ˈiː bi.ɾi.ˈmin/
SI biriminde,/es.ˈiː bi.ɾi.min.ˈde/
SI biriminden,/es.ˈiː bi.ɾi.min.ˈden/
SI birimine,/es.ˈiː bi.ɾi.mi.ˈne/
SI birimini,/se.ˈi bi.ɾi.mi.ˈni/
SI biriminin,/es.ˈiː bi.ɾi.mi.ˈnin/
SI birimleri,/es.ˈiː bi.ɾim.le.ˈɾi/
SI birimlerim,/es.ˈiː bi.ɾim.le.ˈɾim/
SI birimlerimi,/se.i bi.ɾim.le.ɾi.ˈmi/
SI birimlerimin,/se.i bi.ɾim.le.ɾi.min/
SI birimlerin,/se.ˈi bi.ɾim.le.ˈɾin/
SI birimlerini,/se.ˈi bi.ɾim.le.ɾi.ˈni/
SI birimlerinin,/se.i bi.ɾim.le.ɾi.nin/
Saadet,/sa.aː.ˈdet/
Saadet'i,/sa.aː.de.ˈti/
Saadet'im,/sa.aː.de.ˈtim/
Saadet'in,/sa.aː.de.ˈtin/
Saadetler,/sa.aː.det.ˈleɾ/
Sabanca,/sa.ˈban.d͡ʒa/
Sabancı,/sabanˈd͡ʒɯ/
Sabataycı,/sa.ba.taj.ˈd͡ʒɯ/
Sabataycılık,/sa.ba.taj.d͡ʒɯ.ˈlɯc/
Sabetaycı,/sa.be.taj.ˈd͡ʒɯ/
Sabetaycılık,/sa.be.taj.d͡ʒɯ.ˈlɯc/
Sabetayist,/sa.be.ta.ˈjist/
Sabetayizm,/sa.be.ta.ˈji.zm/
Sabri,/sabɾi/
Sabuanca,/sa.bu.ˈan.d͡ʒa/
Sadaka,/sa.da.ˈka/
Saha Türkçesi,/sahatyɾkt͡ʃesi/
Sahaca,/sahad͡ʒa/
Saho-Afar dili,/ˈsa.ho a.ˈfaɾ di.li/
Sakarya,/saˈkaɾja/
Salar,/sa.ˈlaɾ/
Salarlı,/sa.laɾ.ˈlɯ/
Salih,/saː.ˈlih/
Salih'i,/saː.li.ˈhi/
Salih'in,/saː.ɫi.ˈhin/
Salihler,/saː.lih.ˈleɾ/
Salihler'i,/saː.lih.le.ˈɾi/
Salihler'in,/saː.ɫih.le.ˈɾin/
Salihlerler,/saː.lih.leɾ.ˈleɾ/
Salihli,/ˈsaː.ɫih.li/
Salzburg,/ˈsalz.buɾɡ/
Salzburg'u,/ˈsalz.buɾ.ˈɡu/
Salzburg'un,/ˈsalz.buɾ.ˈɡun/
Salı,/saˈlɯ/
Samandağ,/samandaː/
Samandağ'ı,/sa.ˈman.da.ˈ‿ɯ/
Samandağ'ın,/sa.ˈman.da.ˈ‿ɯn/
Samandağlı,/samandaːɫɯ/
Samandağlı'sı,/samandaːɫɯsɯ/
Samandağlı'yı,/samandaːɫɯjɯ/
Samandağlılar,/samandaːɫɯɫaɾ/
Samatya,/sa.ˈmat.ja/
Samoa,/sa.ˈmo.a/
Samoaca,/sa.ˈmo.a.d͡ʒa/
Samsun,/samˈsun/
Sancak,/san.ˈd͡ʒac/
Sancaklar,/sand͡ʒakɫaɾ/
Sancaklı,/ˈsan.d͡ʒac.lɯ/
Sandık,/san.ˈdɯk/
Sango,/ˈsan.ɡo/
Sango dili,/ˈsango dili/
Sapanca,/sa.ˈpan.d͡ʒa/
Sarıgül,/sa.ˈɾɯ.ɡyl/
Sarıoğlan,/saɾɯoːɫan/
Sarıyer,/sa.ˈɾɯ.jeɾ/
Sarıyer'i,/sa.ˈɾɯ.je.ˈɾi/
Sarıyer'in,/sa.ˈɾɯ.je.ˈɾin/
Sarıyerler,/sa.ˈɾɯ.jeɾ.leɾ/
Sarıyerli,/sa.ˈɾɯ.jeɾ.li/
Sarıyerli'si,/sa.ˈɾɯ.jeɾ.li.ˈsi/
Sarıyerli'yi,/sa.ˈɾɯ.jeɾ.li.ˈji/
Sarıyerliler,/sa.ˈɾɯ.jeɾ.li.ˈleɾ/
Sarıyerlilik,/sa.ˈɾɯ.jeɾ.li.ˈlic/
Saturn,/satuɾn/
Satürn,/ˈsa.tyɾn/
Satürn'ü,/ˈsa.tyɾ.ˈny/
Satürn'ün,/ˈsa.tyɾ.ˈnyn/
Savannah,/sa.ˈvan.nah/
Savannah'ı,/sa.ˈva.na.ˈhɯ/
Savannah'ın,/sa.ˈva.na.ˈhɯn/
Savannahlar,/sa.va.na.ˈɫaɾ/
Savaş,/sa.ˈvaʃ/
Savcı,/sav.ˈd͡ʒɯ/
Savcı'sı,/sav.d͡ʒɯ.ˈsɯ/
Savcı'yı,/sav.d͡ʒɯ.ˈjɯ/
Savcılar,/sav.d͡ʒɯ.ˈlaɾ/
Saymaz,/saj.ˈmaz/
Sayık,/sa.ˈjɯk/
Sedat,/ˈse.dat/
Selanik,/se.laːnic/
Selanikli,/selaːnicˈli/
Selef-i Sâlihîn,/se.le.ˈfi saː.ɫi.ˈhiːn/
Selef-i Sâlihîni,/se.le.ˈfi saː.ɫi.hiː.ˈni/
Selef-i Sâlihînin,/se.le.ˈfi saː.ɫi.hiː.ˈnin/
Selefî,/se.le.ˈfiː/
Selefîlik,/se.le.fiː.ˈlic/
Selim,/seˈlim/
Selimler,/selimˈleɾ/
Selimpaşa,/se.ˈlim.pa.ʃa/
Selin,/seˈlin/
Selin'i,/seliˈni/
Selinler,/selinˈleɾ/
Semerkant,/seˈmeɾ.kant/
Serdengeçti,/ser.ˈden.ɡet͡ʃ.ti/
Serenay,/seˈɾenaj/
Servet,/seɾ.ˈvet/
Seychelles,/seʃel/
Sezgin,/sezˈgin/
Sezginler,/sezginˈleɾ/
Shqipëri,/ʃcipeˈɾi/
Sibirya,/si.ˈbiɾ.ja/
Sibirya'sı,/si.ˈbiɾ.ja.ˈsɯ/
Sibirya'yı,/si.ˈbiɾ.ja.ˈjɯ/
Sibiryalı,/si.ˈbiɾ.ja.ɫɯ/
Sibiryalı'sı,/si.ˈbiɾ.ja.ɫɯ.ˈsɯ/
Sibiryalı'yı,/si.ˈbiɾ.ja.ɫɯ.ˈjɯ/
Sicilyaca,/si.ˈd͡ʒil.ja.d͡ʒa/
Sih,/ˈsih/
Siirt,/ˈsi.ˈˤiɾt/
Siirtli,/ˈsi.ˤiɾt.li/
Siirtlilik,/ˈsi.ˤiɾt.li.lic/
Silivri,/si.ˈliv.ɾi/
Simmering,/ˈsim.me.ɾinɡ/
Simmering'i,/ˈsim.me.ɾin.ˈɡi/
Simmering'in,/ˈsim.me.ɾin.ˈɡin/
Singapur,/ˈsin.ɡa.puɾ/
Singapur'u,/ˈsin.ɡa.pu.ˈɾu/
Singapur'un,/ˈsin.ɡa.pu.ˈɾun/
Sinitik,/si.ni.ˈtik/
Sinitik dil,/si.ni.ˈtik dil/
Sinitik dili,/si.ni.tik di.ˈli/
Sinitik diller,/si.ni.tik dil.ˈleɾ/
Sinop,/siˈnop/
Sipahi,/si.paː.ˈhi/
Sirkiye,/ˈsiɾ.ci.je/
Sivas,/ˈsi.vas/
Sivas'ı,/ˈsi.va.ˈsɯ/
Sivas'ın,/ˈsi.va.ˈsɯn/
Slav,/ˈslav/
Slavca,/ˈslav.d͡ʒa/
Slavlar,/slav.ˈlaɾ/
Slovak,/sloˈvac/
Slovence,/sɫo.ˈven.d͡ʒe/
Slovenya,/slo.ˈven.ja/
Somali,/so.ˈma.ɫi/
Somali'si,/so.ˈma.ɫi.ˈsi/
Somali'yi,/so.ˈma.ɫi.ˈji/
Somalice,/so.ˈma.ɫi.d͡ʒe/
Somalicesi,/so.ˈma.ɫi.d͡ʒe.ˈsi/
Somaliceyi,/so.ˈma.ɫi.d͡ʒe.ˈji/
Somalili,/so.ˈma.ɫi.ˈli/
Somalili'si,/so.ˈma.ɫi.li.ˈsi/
Somalili'yi,/so.ˈma.ɫi.li.ˈji/
Sorani,/so.ɾaː.ˈniː/
Soranice,/soː.ɾaː.ˈni.d͡ʒe/
Sovyet Sosyalist Cumhuriyetler Birliği,/sov.jet sos.ja.list d͡ʒum.huː.ɾi.jet.leɾ biɾ.li.ji/
St. Petersburg,/sankt ˈpe.teɾs.buɾɡ/
Steiermark,/ʃtajæɾmaɾc/
Steiermark'ı,/ʃtaj.eɾ.maɾ.ˈkɯ/
Steiermark'ın,/ʃta.jeɾ.maɾ.ˈkɯn/
Suisse,/sɥis/
Sumak,/su.ˈmac/
Sumaklı,/su.mac.ˈlɯ/
Suriye,/ˈsuːɾije/
Suriye Arap Cumhuriyeti,/ˈsuːɾije aˈɾap d͡ʒumhuːɾijeˈti/
Suriyeli,/ˈsuːɾijeˈli/
Suudi Arabistan,/su.uː.ˈdiː a.ɾa.bis.tan/
Suudi Arabistan Krallığı,/su.uː.ˈdiː a.ɾa.bis.tan kɾal.lɯ.ˈ‿ɯ/
Svanca,/ˈsvan.d͡ʒa/
Sverige,/sveɾiɟe/
Sâbiîlik,/saːbiiːlic/
Sénégal,/se.ne.ɡal/
Sözüçetin,/sœ.zy.t͡ʃe ˈtin/
Sözüçetinler,/sœzyt͡ʃetinˈleɾ/
Süleymaniye,/sy.lej.ˈmaː.ni.je/
Sümer,/ˈsy.meɾ/
Sümerce,/sy.ˈmeɾ.d͡ʒe/
Sümerceler,/sy.ˈmeɾ.d͡ʒe.ˈleɾ/
Sümercesi,/sy.ˈmeɾ.d͡ʒe.ˈsi/
Sümerler,/ˈsy.meɾ.leɾ/
Sünnet,/syn.ˈnet/
Sünnet'i,/syn.ne.ˈti/
Sünnet'in,/syn.ne.ˈtin/
Sünnilik,/synniːˈlic/
Sünnî,/synˈniː/
Sünnîlik,/syn.niː.ˈlic/
Sünnîliği,/synniːliji/
Sünnîliğin,/synniːlijin/
Sünnîliğini,/synniːlijini/
Sünnîliğinin,/synniːlijinin/
Süryani,/syɾ.jaː.ˈni/
Süryanice,/syɾ.jaː.ˈniː.d͡ʒe/
Süslüman,/sys.ly.ˈman/
Süslümanlık,/sys.ly.man.ˈlɯc/
Süslümanlığı,/sys.ly.man.lɯ.ˈ‿ɯ/
Süslümanlığın,/sys.ly.man.lɯ.ˈ‿ɯn/
Süslümanı,/sys.ly.ma.ˈnɯ/
Süslümanın,/sys.ly.ma.ˈnɯn/
Sırp-Hırvatça,/ˈsɯɾp hɯɾ.ˈvat.t͡ʃa/
Sıtkı,/sɯtˈkɯ/
TFF,/teː.feː.ˈfeː/
TOKİ,/ˈto.ˈki/
Tacikçe,/taː.d͡ʒic.ˈt͡ʃe/
Tagalogca,/tagaˈlogd͡ʒa/
Tahir,/taː.ˈhiɾ/
Tahir'i,/taː.hi.ˈɾi/
Tahir'in,/taː.hi.ˈɾin/
Tahirler,/taː.hiɾ.leɾ/
Tahirli,/taːˈhiɾli/
Takva,/tac.ˈvaː/
Takva'sı,/tak.vaː.ˈsɯ/
Takva'yı,/tac.vaː.ˈjɯ/
Takvalar,/tak.vaː.ˈɫaɾ/
Talmud,/ˈtaɫ.mud/
Talmud'u,/taɫ.mu.ˈdu/
Talmud'un,/taɫ.mu.ˈdun/
Tanrı,/tan.ˈɾɯ/
Tanrı'sı,/tan.ɾɯ.ˈsɯ/
Tanrı'yı,/tan.ɾɯ.ˈjɯ/
Tanzimat,/tan.ziː.ˈmat/
Tao,/ˈta.o/
Taoist,/ta.o.ˈist/
Taoisti,/ta.o.is.ˈti/
Taoistim,/ta.o.is.ˈtim/
Taoistin,/ta.o.is.ˈtin/
Taoistini,/ta.o.is.ti.ˈni/
Taoistinin,/ta.o.is.ti.ˈnin/
Taoizm,/ta.o.ˈizm/
Taoizm'i,/ta.o.iz.ˈmi/
Taoizm'in,/ta.o.iz.ˈmin/
Taoizmi,/ta.o.iz.ˈmi/
Taoizmin,/ta.o.iz.ˈmin/
Taoizmini,/ta.o.iz.mi.ˈni/
Taoizminin,/ta.o.iz.mi.ˈnin/
Tatar,/ta.ˈtaɾ/
Tatarca,/ta.ˈtaɾ.d͡ʒa/
Tatlı,/tat.ˈlɯ/
Tatlı'sı,/tat.lɯ.ˈsɯ/
Tatlı'yı,/tat.lɯ.ˈjɯ/
Tatlılar,/tat.lɯ.ˈɫaɾ/
Tayland,/ˈtaj.land/
Tayland Krallığı,/tajɫant kɾallɯː/
Tayvan,/ˈtaj.van/
Tchad,/tʃad/
Tekirdağ,/teˈciɾdaː/
Teleüt,/te.le.ˈyt/
Teleüt Türkçesi,/te.le.ˈyt tyrkt͡ʃeˈsi/
Teleüt'ü,/te.le.y.ˈty/
Teleüt'ün,/te.le.y.ˈtyn/
Teleütler,/te.le.yt.ˈleɾ/
Teleütçe,/te.le.ˈyt.t͡ʃe/
Teleütçeler,/teleytt͡ʃelæɾ/
Teleütçesi,/te.le.ˈyt.t͡ʃe.ˈsi/
Tengrici,/tenɡɾiˈd͡ʒi/
Tengricilik,/tenɡɾid͡ʒiˈlic/
Tepe,/teˈpe/
Terim,/ˈte.ɾim/
Tevrat,/tev.ˈɾat/
Tibet,/ˈti.bet/
Tibetli,/ti.bet.ˈle/
Tibetçe,/ti.ˈbet.t͡ʃe/
Timuçin,/ˈti.mu.ˈt͡ʃin/
Tirol,/ti.ˈɾol/
Tirol'ü,/ti.ɾo.ˈly/
Tirol'ün,/ti.ɾo.ˈlyn/
Togg,/ˈtoɡɡ/
Togo,/ˈto.ɡo/
Tokat,/ˈto.cat/
Tokatlı,/ˈto.cat.lɯ/
Toktamış,/toctaˈmɯʃ/
Tonga,/tonˈga/
Topkapı,/ˈtop.ka.pɯ/
Toprak,/top.ˈɾac/
Toprak'a,/topɾaˈ‿a/
Toprak'ı,/top.ɾa.ˈ‿ɯ/
Toprak'ım,/top.ɾa.ˈ‿ɯm/
Toprak'ın,/top.ɾa.ˈ‿ɯn/
Topraklar,/topɾakɫaɾ/
Topraklara,/topɾaclaˈɾa/
Topraklarda,/topɾaclaɾˈda/
Topraklardan,/topɾaclaɾˈdan/
Toprakları,/topɾaclaˈɾɯ/
Toprakların,/topɾaclaˈɾɯn/
Topraklı,/top.ɾac.ˈlɯ/
Topraklı'sı,/top.ɾac.lɯ.ˈsɯ/
Topraklı'yı,/top.ɾac.lɯ.ˈjɯ/
Topraklılar,/top.ɾac.lɯ.ˈlaɾ/
Topraklılı,/top.ˈɾac.lɯ.ˈlɯ/
Topraklılı'sı,/top.ˈɾac.lɯ.lɯ.ˈsɯ/
Topraklılı'yı,/top.ˈɾac.lɯ.lɯ.ˈjɯ/
Topraklılılar,/top.ˈɾac.lɯ.lɯ.ˈlaɾ/
Torun,/to.ˈɾun/
Totes Meer,/totesmeæɾ/
Trabzon,/ˈtɾab.zon/
Trabzonlu,/ˈtɾab.zon.ˈlu/
Trabzonluluk,/ˈtɾab.zon.lu.ˈluk/
Troçkizm,/tɾot͡ʃ.ˈkizm/
Tufan,/tuːˈfan/
Tunceli,/tunˈd͡ʒeli/
Tupi dili,/tupidili/
Tupi dilleri,/ˈtupi dilleˈɾi/
Turgut,/tuɾˈɡut/
Turkménistan,/tyɾc.me.nis.tan/
Tuzla,/ˈtuz.la/
Tuzla'sı,/ˈtuz.la.ˈsɯ/
Tuzla'yı,/ˈtuz.la.ˈjɯ/
Tuzlacık,/ˈtuz.laˈd͡ʒɯc/
Tuzlacık'ı,/ˈtuz.la.d͡ʒɯˈ‿ɯ/
Tuzlacık'ın,/ˈtuz.la.d͡ʒɯˈ‿ɯn/
Tuzlalar,/ˈtuz.la.ˈlaɾ/
Tyrker,/türker/
Tâbut-u Sekîne,/taː.ˈbut.-u se.kiː.ˈne/
Türingiya,/ty.ˈɾin.ˈɡi.ja/
Türk,/ˈtyɾc/
Türk Cumhuriyetleri,/ˈtyɾc d͡ʒum.huː.ɾi.jet.le.ˈɾ̞i/
Türk kahveleri,/tyɾc kahveleˈɾi/
Türk kahvesi,/tyɾc kahveˈsi/
Türk kahvesini,/tyɾc kahvesiˈni/
Türk müziği,/tyɾkmyziji/
Türk'ü,/tyɾ.ˈky/
Türk'üm,/tyɾ.ˈkym/
Türk'ün,/tyɾ.ˈkyn/
Türkei,/tyɾcei/
Türkistan,/tyɾ.kis.ˈtan/
Türkistanlı,/tyɾ.kis.tan.ˈlɯ/
Türkistanlılık,/tyɾ.kis.tan.lɯ.ˈlɯc/
Türkiye,/ˈtyɾ.ci.je/
Türkiye Cumhuriyeti,/ˈtyɾ.ci.je d͡ʒum.huː.ɾi.je.ˈti/
Türkiye Cumhuriyeti'ni,/ˈtyɾ.ci.je d͡ʒum.huː.ɾi.je.ti.ˈni/
Türkiye Cumhuriyeti'nin,/ˈtyɾ.ci.je d͡ʒum.huː.ɾi.je.ti.ˈnin/
Türkiye Futbol Federasyonu,/ˈtyɾ.ki.je ˈfut.bol fe.de.ɾas.jo.nu/
Türkiye Türkçesi,/tyɾcijetyɾkt͡ʃesi/
Türkiye'si,/ˈtyɾ.ci.je.ˈsi/
Türkiye'yi,/ˈtyɾ.ci.je.ˈji/
Türkiyeli,/ˈtyɾ.ki.je.ˈli/
Türkler,/tyɾk.ˈleɾ/
Türkler'i,/tyɾk.le.ˈɾi/
Türkler'in,/tyɾk.le.ˈɾin/
Türkleri,/tyɾk.le.ˈɾi/
Türklerin,/tyɾk.le.ˈɾin/
Türklük,/tyɾc.ˈlyc/
Türkmen,/tyɾc.ˈmen/
Türkmen'i,/tyɾc.me.ˈni/
Türkmen'in,/tyɾc.me.ˈnin/
Türkmence,/tyɾc.ˈmen.d͡ʒe/
Türkmencesi,/tyɾc.men.d͡ʒe.ˈsi/
Türkmenli,/tyɾc.ˈmen.ˈli/
Türkân,/tyɾˈcaːn/
Türkân'ı,/tyɾkjaːˈnɯ/
Türkânlar,/tyɾkʲaːnˈlaɾ/
Türkçe,/ˈtyɾc.t͡ʃe/
Türkü,/tyɾˈky/
Türlük,/tyɾ.ˈlyc/
Tılsım,/tɯl.ˈsɯm/
UFO,/ˈu.fo/
UFO dini,/ufo dini/
UMAD,/ˈu.mad/
UMAT,/ˈu.mat/
Ugaritçe,/u.ɡa.ˈrit.t͡ʃe/
Uluslararası Birimler Sistemi,/u.lus.ˈla.ɾa.ɾa.ˈsɯ bi.ɾim.ˈleɾ sis.te.ˈmi/
Umman,/ˈum.man/
Umman'ı,/ˈum.ma.ˈnɯ/
Umman'ın,/ˈum.ma.ˈnɯn/
Uran,/uɾan/
Uranüs,/u.ˈɾa.nys/
Uygur,/uj.ˈɡuɾ/
Uygur Türkçesi,/ujɡuɾtyɾkt͡ʃesi/
Uygurca,/uj.ˈɡuɾ.d͡ʒa/
Uyguristan,/uj.ɡu.ɾis.ˈtan/
Uysal,/uj.ˈsal/
Uzay,/uˈzaj/
Uşak,/ˈu.ʃak/
VK,/ve.ce/
Vaduz,/ˈva.duz/
Vaduz'u,/ˈva.du.ˈzu/
Vaduz'un,/ˈva.du.ˈzun/
Vaduzlu,/ˈva.duz.lu/
Vaduzlu'su,/ˈva.duz.lu.ˈsu/
Vaduzlu'yu,/ˈva.duz.lu.ˈju/
Vaduzlular,/ˈva.duz.lu.ˈlaɾ/
Vaduzluluk,/ˈva.duz.lu.ˈluc/
Vaduzluluk'u,/va.duz.ɫu.ɫu.u/
Vaduzluluk'un,/vaduzɫuɫukun/
Van,/ˈvan/
Van kedisi,/van cediˈsi/
Vanlı,/van.ˈlɯ/
Vanlılık,/van.lɯ.ˈlɯc/
Vanlıoğlu,/vanɫɯoːɫu/
Varım,/va.ˈɾɯm/
Varımlu,/vaɾɯmˈlu/
Varımlı,/vaɾɯmˈlɯ/
Vaspuragan,/ˈvas.pu.ra.ɡan/
Vaspuraganlı,/ˈvas.pu.ra.ɡan.ˈlɯ/
Vatan,/vaˈtan/
Vatikan,/ˈva.ti.can/
Vatikan Devleti,/ˈva.ti.can dev.le.ti/
Vatikan Devleti'ni,/ˈva.ti.can dev.le.ti.ˈni/
Vatikan Şehir Devleti,/ˈva.ti.can ʃe.ˈhiɾ dev.le.ti/
Vatikan Şehir Devleti'ni,/ˈva.ti.can ʃe.ˈhiɾ dev.le.ti.ˈni/
Veli,/veˈli/
Velî,/veˈliː/
Venedikçe,/veneˈdikt͡ʃe/
Venn diyagramları,/ˈvenn di.ja.ɡɾam.la.ˈɾɯ/
Venn diyagramların,/ˈvenn di.ja.ɡɾam.la.ˈɾɯn/
Venn diyagramlarını,/ˈvenn di.ja.ɡɾam.la.ɾɯ.ˈnɯ/
Venn diyagramlarının,/ˈvenn di.ja.ɡɾam.la.ɾɯ.ˈnɯn/
Venn diyagramı,/ˈvenn di.ja.ɡɾa.mɯ/
Venn diyagramını,/ˈvenn di.ja.ɡɾa.mɯ.ˈnɯ/
Venn diyagramının,/ˈvenn di.ja.ɡɾa.mɯ.ˈnɯn/
Venn şeması,/ˈvenn ʃe.ma.sɯ/
Venüs,/ˈve.nys/
Vikimedya,/vi.ci.ˈmed.ja/
Vikimedya'sı,/vi.ci.ˈmed.ja.ˈsɯ/
Vikimedya'yı,/vi.ci.ˈmed.ja.ˈjɯ/
Viking,/ˈvi.kinɡ/
Vikipedi,/vi.ci.pe.ˈdi/
Vikipedi'si,/vi.ci.pe.di.ˈsi/
Vikipedi'yi,/vi.ci.pe.di.ˈji/
Vikisöz,/vi.ci.ˈsœz/
Vikisöz'ü,/vi.ci.sœ.ˈzy/
Vikisöz'ün,/vi.ci.sœ.ˈzyn/
Vikisözlük,/vi.ci.sœzˈlyc/
Vikisözlük'ü,/ˈvi.ˈci.sœz.ly.ˈ‿y/
Vikisözlük'üm,/ˈvi.ˈci.sœz.ly.ˈ‿ym/
Vikisözlük'ün,/ˈvi.ˈci.sœz.ly.ˈ‿yn/
Vikiversite,/ˈvi.ˈci.ˈveɾ.si.ˈte/
Vikiversite'si,/ˈvi.ˈci.ˈveɾ.si.te.ˈsi/
Vikiversite'yi,/ˈvi.ˈci.ˈveɾ.si.te.ˈji/
Virginia,/viɾ.ˈd͡ʒin.ja/
Virginia'sı,/viɾ.ˈd͡ʒin.ja.ˈsɯ/
Virginia'yı,/viɾ.ˈd͡ʒin.ja.ˈjɯ/
Virjinya,/viɾʒinja/
Virjinya'sı,/viɾʒinjasɯ/
Virjinya'yı,/viɾʒinjajɯ/
Viyana,/vi.ˈja.na/
Viyana'sı,/vi.ja.na.ˈsɯ/
Viyana'yı,/vi.ja.na.ˈjɯ/
Viyanalar,/vi.ˈja.na.laɾ/
Viyanalı,/vi.ˈja.na.ɫɯ/
Viyanalı'sı,/vi.ˈja.na.ɫɯ.ˈsɯ/
Viyanalı'yı,/vi.ˈja.na.ɫɯ.ˈjɯ/
Viyanalılık,/vi.ja.na.ɫɯ.ˈɫɯc/
Viyanalılık'ı,/vi.ja.na.ɫɯ.ɫɯ.ˈ‿ɯ/
Viyanalılık'ım,/vi.ja.na.ɫɯ.ɫɯ.ˈ‿ɯm/
Viyanalılık'ın,/vi.ja.na.ɫɯ.ɫɯ.ˈ‿ɯn/
Volkan,/vol.ˈcan/
Volkan'ı,/vol.ca.ˈnɯ/
Volkan'ın,/vol.ca.ˈnɯn/
Volkanlar,/vol.can.ˈlaɾ/
Volkanları,/vol.can.la.ˈɾɯ/
Volkanların,/vol.can.la.ˈɾɯn/
Vorarlberg,/βoɾaɾlbæɾɡ/
Vorarlberg'i,/ˈfoːɾ.aɾɫ.beɾ.ˈɡi/
Vorarlberg'in,/βoɾaɾlbæɾɟin/
Washington,/ˈva.ʃinɡ.ton/
Washington D.C.,/ˈva.ʃinɡ.ton diː siː/
Washington'u,/ˈva.ʃinɡ.to.ˈnu/
Washington'un,/ˈva.ʃinɡ.to.ˈnun/
"Washington, D. C.",/ˈva.ʃinɡ.ton diː siː/
"Washington, D.C.",/ˈva.ʃinɡ.ton diː siː/
Web sahifeleri,/veb saːhifeleˈɾi/
Web sahifesi,/ˈveb sa.hiː.feˈsi/
Web sayfaları,/ˈveb saj.fa.la.ˈɾɯ/
Web sayfaların,/ˈvep saj.fa.ɫa.ˈɾɯn/
Web sayfalarını,/ˈveb saj.fa.la.ɾɯ.ˈnɯ/
Web sayfalarının,/ˈveb saj.fa.la.ɾɯ.ˈnɯn/
Web sayfası,/ˈveb saj.fa.ˈsɯ/
Web sayfasını,/ˈveb saj.fa.sɯ.ˈnɯ/
Web sayfasının,/ˈveb saj.fa.sɯ.ˈnɯn/
Web siteleri,/ˈveb siteleˈɾi/
Web sitesi,/ˈveb siteˈsi/
Wiener Neustadt,/viː.neɾ ˈnoj.ʃtadt/
Wikimedia,/vi.ci.ˈmed.ja/
Wikimedia'sı,/vi.ki.ˈmed.ja.ˈsɯ/
Wikimedia'yı,/vi.ki.ˈmed.ja.ˈjɯ/
Windows,/ˈvin.dovs/
Wu,/ˈwu/
YDP,/jeː.deː.ˈpeː/
YTP,/ˈjeː.ˈteː.ˈpeː/
YZ,/je.ze/
Yahudi,/ja.hu.ˈdi/
Yahudi'si,/ja.hu.di.ˈsi/
Yahudi'yi,/ja.hu.di.ˈji/
Yahudiler,/ja.hu.di.ˈleɾ/
Yahudilik,/ja.hu.di.ˈlic/
Yahudilikler,/jahudilicˈleɾ/
Yahudiliği,/jahuːdiːliˈji/
Yaka,/ja.ˈca/
Yaka'sı,/ja.ca.ˈsɯ/
Yaka'sın,/ja.ca.ˈsɯn/
Yaka'sını,/ja.ca.sɯ.ˈnɯ/
Yaka'sının,/ja.ca.sɯ.ˈnɯn/
Yaka'yı,/ja.ca.ˈjɯ/
Yakalar,/ja.ca.ˈlaɾ/
Yakut,/jaː.ˈcut./
Yakutça,/jakutt͡ʃa/
Yalova,/ja.ɫo.va/
Yamak,/ja.ˈmac/
Yanardağ,/janaɾdaː/
Yaprak,/japˈɾak/
Yardımcıoğlu,/jaɾdɯmd͡ʒɯoːɫu/
Yasa,/jaˈsa/
Yay,/ˈjaj/
Yay'ı,/ja.ˈjɯ/
Yay'ım,/ja.ˈjɯm/
Yay'ın,/ja.ˈjɯn/
Yağlar,/jaːɫaɾ/
Yaş,/ˈjaʃ/
Yaşam,/ja.ˈʃam/
Yaşam'ı,/ja.ʃa.ˈmɯ/
Yaşam'ın,/ja.ʃa.ˈmɯn/
Yaşamlar,/ja.ʃam.ˈlaɾ/
Yaşamım,/ja.ʃa.ˈmɯm/
Yediveren,/jeˈdiveɾen/
Yeliz,/je.ˈliz/
Yeni Uygurca,/jeˈni ujˈɡuɾd͡ʒa/
Yeni Zelanda,/je.ni ze.ˈlan.da/
Yeni İngiltere,/je.ˈni in.ɡil.ˈte.re/
Yeni İngiltere'si,/je.ˈni in.ɡil.te.re.ˈsi/
Yeni İngiltere'yi,/je.ˈni in.ɡil.te.re.ˈji/
Yeni İran dili,/je.ˈni iː.ɾan di.li/
Yeniçağ,/jenit͡ʃaː/
Yer,/ˈjæɾ/
Yeşilay,/jeˈʃilaj/
Yorgi,/joɾˈɟi/
Yozgat,/jozˈɡat/
Yukarı Avusturya,/ˈju.ca.ˈɾɯ a.vus.tuɾ.ja/
Yukarı Avusturya'sı,/jukaɾɯaβ̞ustuɾjasɯ/
Yukarı Avusturya'yı,/jukaɾɯaβ̞ustuɾjajɯ/
Yunanca,/ju.ˈnan.d͡ʒa/
Yüksek Almanca,/jycˈsec almanˈd͡ʒa/
Yüksel,/jyc.ˈsel/
Yüksel'i,/jyc.se.ˈli/
Yüksel'in,/jyc.se.ˈlin/
Yükseller,/jyc.sel.ˈleɾ/
Yüzbeşevler,/jyz.ˈbeʃ.ev.leɾ/
Yüzbeşevler'i,/jyz.ˈbeʃ.ev.le.ˈɾi/
Yüzbeşevler'in,/jyz.ˈbeʃ.ev.le.ˈɾin/
Yüzellilikler,/jyz.el.li.lic.ˈleɾ/
Yüzellilikleri,/jyz.el.li.lic.le.ˈɾi/
Yüzelliliklerin,/jyz.el.li.lic.le.ˈɾin/
Yıldız,/jɯl.ˈdɯz/
Yıldız'ı,/jɯl.dɯ.ˈzɯ/
Yıldız'ım,/jɯl.dɯ.ˈzɯm/
Yıldız'ın,/jɯl.dɯ.ˈzɯn/
Yıldızlar,/jɯl.dɯz.ˈlaɾ/
Yılmaz,/j/ɯlˈmaz/
Zafer,/za.ˈfeɾ/
Zahir,/zaːˈhiɾ/
Zahit,/zaːˈhit/
Zaman,/za.ˈman/
Zaman'ı,/za.maː.ˈnɯ/
Zaman'ın,/za.maː.ˈnɯn/
Zamanlar,/za.man.ˈlaɾ/
Zan dili,/ˈzan di.li/
Zaza,/ˈza.za/
Zaza'sı,/za.za.ˈsɯ/
Zaza'yı,/ˈza.za.ˈjɯ/
Zaza-Gorani dili,/za.za ɡoː.ɾaː.niː di.li/
Zazaca,/ˈza.za.d͡ʒa/
Zazacası,/za.za.d͡ʒa.ˈsɯ/
Zazacayı,/za.za.d͡ʒa.ˈjɯ/
Zebur,/ze.ˈbuɾ/
Zeki,/ze.ci/
Zerdüşt,/zeɾ.ˈdyʃt/
Zerdüşt'ü,/zeɾdyʃˈty/
Zerdüştlük,/zeɾ.dyʃt.ˈlyc/
Zerdüştlük'ü,/zeɾdyʃtlyˈ‿y/
Zerdüştlükler,/zeɾdyʃtlykˈleɾ/
Zerdüştçü,/zeɾ.dyʃt.ˈt͡ʃy/
Zerdüştçülük,/zeɾ.dyʃt.t͡ʃy.ˈlyc/
Zeren,/zeˈɾen/
Zeydî,/zej.ˈdiː/
Zeydîler,/zej.diː.ˈleɾ/
Zeydîlik,/zej.diː.ˈlic/
Zeydîliği,/zejdiːliji/
Zeydîliğin,/zejdiːlijin/
Zeydîsi,/zej.diː.ˈsi/
Zeydîyi,/zej.diː.ˈji/
Zinnureyn,/zinnuːˈɾejn/
Zonguldak,/ˈzoŋ.ɡuɫ.dak/
Zâhiriyye,/zaːhiˈɾijje/
Zâhirî,/zaːhiˈɾiː/
ab,/ˈaːb/
ab-,/ab/
ab-ı ateşmizac,/aːbɨ̞aːt̪e̞ʃmiz̪aːd͡ʒ/
ab-ı ateşnak,/aːbɨ̞aːt̪e̞ʃn̪aːk/
ab-ı ateşnüma,/aːbɯateʃnymaː/
ab-ı ateşpare,/aːbɨ̞aːt̪e̞ʃpaːɾe̞/
ab-ı ateşreng,/aːbɨ̞aːt̪e̞ʃɾe̞ɲ/
ab-ı ateşzay,/aːbɨ̞aːt̪e̞ʃz̪aːj/
ab-ı ateşzede,/aːbɨ̞aːt̪e̞ʃz̪e̞d̪e/
ab-ı azerasa,/aːbɨ̞aːz̪e̞ɾaːs̪aː/
aba,/aba/
aba güreşi,/aba ɟyɾeʃi/
ababiyet,/abaːbije̞t̪/
abacı,/abad͡ʒɯ/
abacılık,/abadʒɯɫɯk/
abajur,/abaˈʒuɾ/
abajurcu,/abaʒuɾdʒu/
abaks,/abaks̪/
abaküs,/a.baˈcys/
abalı,/abaˈɫɯ/
abamper,/abampæɾ/
abandone,/a.ban.do.ne/
abanozgiller,/aban̪o̞z̪ɟil̠ʲl̠ʲæɾ/
abarognoz,/abaɾo̞ɡn̪o̞z̪/
abartmak,/abaɾtmak/
abası,/abasɯ/
abasız,/abaˈsɯz/
abat,/aːbaːt̪/
abataj,/abat̪aʒ/
abazi,/abaz̪i/
abaşo,/abaʃo/
abba,/abba/
abd,/ˈabd/
abdera,/abd̪e̞ɾa/
abdest,/ab.ˈdest/
abdest alma,/abˈdest alˈma/
abdest almak,/abˈdest alˈmac/
abdestbozan,/ab.ˈdest.bo.zan/
abdesthane,/ab.dest.haː.ˈne/
abdestlerinden,/ab.dest.le.ɾin.ˈden/
abdestli,/ab.dest.ˈli/
abdestsiz,/ab.dest.ˈsiz/
abdomen,/abdomæn/
abdominohisterektomi,/abd̪o̞min̪o̞his̪t̪e̞ɾe̞ct̪o̞mi/
abdominohisterotomi,/abd̪o̞min̪o̞his̪t̪e̞ɾo̞t̪o̞mi/
abdominosentez,/abd̪o̞min̪o̞s̪æn̪t̪e̞z̪/
abdominosistik,/abd̪o̞min̪o̞s̪is̪t̪ic/
abdüksiyon,/ab.dyc.si.jon/
abdüktör,/ab.dyc.tœɾ/
abece,/abeˈʤe/
abelit,/abe̞l̠ʲit̪/
abemus,/abe̞mus̪/
abi,/aː.ˈbiː/
abide,/abide/
abiye,/abije/
abiyogenez,/a.bi.jo.ɟeˈnez/
abone,/abone/
acil çıkış,/aːˈd͡ʒil t͡ʃɯˈkɯʃ/
acur,/aˈd͡ʒuɾ/
acı,/a.ˈd͡ʒɯ/
acı acı,/a.d͡ʒɯ a.d͡ʒɯ/
acım,/a.ˈd͡ʒɯm/
acın,/a.ˈd͡ʒɯn/
ad,/ˈad/
ada,/a.ˈda/
ada devleti,/a.ˈda dev.le.ti/
adab-ı muaşeret,/aː.ˈdaː.bɯ mu.aː.ʃe.ˈɾet/
adab-ı muaşereti,/aː.ˈdaː.bɯ mu.aː.ʃe.ɾe.ˈti/
adab-ı muaşeretin,/aː.ˈdaː.bɯ mu.aː.ʃe.ɾe.ˈtin/
adab-ı muaşeretler,/aː.ˈdaː.bɯ mu.aː.ʃe.ɾet.ˈleɾ/
adacık,/a.da.ˈd͡ʒɯc/
adalet,/a.daː.ˈlet/
adam,/a.ˈdam/
adamcık,/a.dam.ˈd͡ʒɯc/
adap,/aː.ˈdap/
adaptör,/adapˈtœɾ/
adasını,/a.da.sɯ.ˈnɯ/
aday,/aˈdaj/
aday adayı,/adajadajɯ/
adaylarına,/adajlaɾɯˈna/
adaylarında,/adajlaɾɯnˈda/
adaylarından,/adajlaɾɯnˈdan/
adaylarının,/adajlaɾɯˈnɯn/
addan türeme fiil,/adˈdan tyɾeˈme fiil/
addan türemiş fiil,/addantyɾemiʃfiil/
addetme,/ˈaddetme/
addetmek,/addetˈmec/
adem,/a.ˈdem/
adet,/a.ˈdet/
adi,/aː.ˈdiː/
adı,/a.ˈdɯ/
adıl,/aˈdɯl/
adım,/ˈa.dɯm/
adımlamaz,/a.dɯm.la.ˈmaz/
affetme,/ˈaffetme/
affetmek,/affetˈmec/
afiyet olsun,/aːfiˈjet olsun/
afoni,/a.foˈni/
agav,/aɡaβ/
agâh,/aː.ˈɡjah/
ahali,/ahaːˈliː/
ahenk,/aːheɲc/
ahi,/a.ˈhiː/
ahir,/aːhir/
ahize,/aːhize/
ahkâm,/ah.caːm/
ahlaklı,/ahɫakɫɯ/
ahlaksız,/ahɫaksɯz/
ahmak,/ahˈmac/
ahtapot,/ah.ta.ˈpot/
ahududu,/aːˈhud̪ud̪u/
aider,/e.de/
aile,/aː.i.ˈle/
aileleri,/aː.i.le.le.ˈɾi/
ailelerin,/aː.i.le.le.ˈɾin/
ailelerini,/aː.i.le.le.ɾi.ˈni/
ailelerinin,/aː.i.le.le.ɾi.ˈnin/
ailesini,/a.i.le.si.ˈni/
ailesinin,/a.i.le.si.ˈnin/
ait,/aː.ˈit/
ajans,/aʒans/
ajanslarını,/aʒansɫaɾɯnɯ/
ajanslarının,/aʒansɫaɾɯnɯn/
ak,/ˈak/
akamet,/akaːˈmet/
akarsu,/ac'aɾsu/
akasya,/aˈkasja/
akbaba,/ˈacbaba/
akciğer,/akd͡ʒijæɾ/
akciğer hastalığı,/ac.d͡ʒi.jeɾ has.ta.lɯ.ɯ/
akdi,/ac.ˈdi/
akdin,/ac.ˈdin/
akit,/a.ˈcit/
akla,/akˈla/
akli,/akˈliː/
aklîleşme,/akˈliːleʃˈme/
aklı,/akˈlɯ/
aklın,/akˈlɯn/
akraba,/akɾaˈbaː/
akredite,/ak.ɾe.di.te/
akronim,/ak.ɾoˈnim/
aksam,/ac.ˈsam/
aktif gücü,/ac.tif ɡy.ˈd͡ʒy/
aktif gücümü,/ac.tif ɡy.d͡ʒy.ˈmy/
aktif gücümün,/ac.tif ɡy.d͡ʒy.ˈmyn/
aktif gücünü,/ac.tif ɡy.d͡ʒy.ˈny/
aktif gücünün,/ac.tif ɡy.d͡ʒy.ˈnyn/
aktif güç,/ac.ˈtif ɡyt͡ʃ/
aktif volkan,/ac.ˈtif vol.can/
aktivist,/ac.ti.ˈvist/
aktivite,/ac.ti.vi.ˈte/
aktiviteler,/ac.ti.vi.te.ˈleɾ/
aktivitesi,/ac.ti.vi.te.ˈsi/
aktris,/ak.ˈtɾis/
aktör,/ak.ˈtœɾ/
akuzatif,/a.ku.za.ˈtif/
akıl,/a.ˈkɯl/
akıl etme,/a.cɯl ˈet.me/
akıl etmek,/aˈcɯl et.mec/
akılcı,/akɯlˈd͡ʒɯ/
akıllı,/a.kɯl.ˈlɯ/
akılsız,/a.kɯl.ˈsɯz/
akılsız başın cezasını ayaklar çeker,/a.kɯl.ˈsɯz ba.ʃɯn d͡ʒe.zaː.sɯ.nɯ a.jak.ˈlaɾ t͡ʃe.keɾ/
akılsızın,/a.kɯl.sɯ.ˈzɯn/
akşam yemeği,/akʃamjemeji/
al,/ˈal/
alan,/aˈlan/
alan adı,/a.ˈɫan a.dɯ/
alayı,/a.laˈjɯ/
alegori,/alegoˈɾi/
alem,/a.ˈɫem/
alengir,/a.ɫen.ˈɡiɾ/
alengirli,/a.ɫen.ɡiɾ.ˈli/
alengirsiz,/a.ɫen.ɡiɾ.ˈsiz/
alet,/aːˈlet/
aletler,/aːletˈleɾ/
alev,/a.ˈɫev/
aleyhisselam,/a.lej.his.se.ˈlaːm/
alfabe,/al.fa.ˈbe/
alfasayısal,/al.fa.sa.jɯ.ˈsal/
alg,/ˈalɡ/
algoritma,/aɫ.ɡo.ˈɾit.ma/
algoritmalar,/aɫ.ɡo.ɾit.maˈɫaɾ/
algoritması,/aɫ.ɡo.ɾit.maˈsɯ/
algoritmayı,/aɫ.ɡo.ˈɾit.ma.ˈjɯ/
algı,/al.ˈɡɯ/
algılar,/al.ɡɯˈlaɾ/
algısı,/al.ɡɯ.ˈsɯ/
algıyı,/al.ɡɯ.ˈjɯ/
alkarısı,/ˈaɫkaɾɯˈsɯ/
alla,/ˈal.la/
alma,/ˈal.ma/
almak,/alˈmak/
almaşmak,/aɫ̪maʃmak/
alperen,/alʲ.pe.ɾæn/
alt,/ˈalt/
altmışlık,/ɑɫt.mɯʃ.ɫɯk/
altyapı,/aɫt.ja.pɯ/
altyazı,/aɫtjazɯ/
altüst,/aɫ.tyst/
altı,/al.ˈtɯ/
altıgen,/alˈtɯɡen/
altıgenler,/alˈtɯgenˈleɾ/
alâmet,/alaːˈmet/
alım,/a.ˈlɯm/
alım satım,/aˈlɯm saˈtɯm/
alın,/aɫɯn/
alın yazısı,/aˈɫɯn jazɯˈsɯ/
alıntı,/a.lɯn.ˈtɯ/
am,/ˈam/
amal,/aː.ˈmal/
amatör,/amat̪œ̞ɾ/
amaç,/a.ˈmat͡ʃ/
ambalaj,/ambaˈlaʒ/
ambalajlama,/ambalaʒlaˈma/
ambalajlamalar,/ambalaʒlamaˈlaɾ/
ambalajlamama,/ambalaʒˈlamama/
amcazade,/amd͡ʒazaːˈde/
amel,/a.ˈmel/
ameli,/a.me.ˈli/
ameliler,/a.me.li.ˈleɾ/
amelisi,/a.me.li.ˈsi/
ameller,/a.mel.ˈleɾ/
amelî,/a.me.ˈliː/
ametal,/ˈa.me.taɫ/
an,/ˈan/
ana,/ana/
ana bilgisayar,/a.ˈna.bil.ɟi.sa.jaɾ/
ana deniz,/a.ˈna de.niz/
ana deniz bilimi,/a.na de.ˈniz bi.li.mi/
ana denizi,/a.na de.ni.ˈzi/
ana denizin,/a.na de.ni.ˈzin/
ana denizler,/a.na de.niz.ˈleɾ/
ana dil,/a.ˈna dil/
ana dili,/aˈna dili/
anagram,/anagˈɾam/
anahtar,/a.nah.ˈtaɾ/
anahtar kelime,/a.nah.ˈtaɾ ce.li.me/
anahtar kelimeler,/a.nah.ˈtaɾ ce.li.me.ˈleɾ/
anahtar kelimesi,/a.nah.ˈtaɾ ce.li.me.ˈsi/
anahtar kelimeyi,/a.nah.ˈtaɾ ce.li.me.ˈji/
anakronik,/a.na.kɾo.ˈnik/
anakronizm,/a.na.kɾoˈnizm/
anakronizmi,/a.na.kɾo.nizˈmi/
anakronizmler,/a.na.kɾo.nizmˈleɾ/
analiz,/anaˈliz/
analizli,/analizˈli/
analizsiz,/analizˈsiz/
anam,/aˈnam/
ananas,/a.naˈnas/
anayasa,/anajasa/
anayım,/aˈnajɯm/
andı,/anˈdɯ/
anevrizma,/a.nev.ˈɾiz.ma/
anfreunden,/anfɾeundæn/
angajman,/aŋɡaʒman/
angajmanlı,/aŋɡaʒmanɫɯ/
angajmansız,/aŋɡaʒmansɯz/
anlatma,/anlatˈma/
anlatım,/anlaˈtɯm/
anlayış,/anɫaˈjɯʃ/
anma,/anˈma/
anmak,/anˈmac/
anmama,/ˈanmama/
anmamak,/ˈanmamac/
anne,/anˈne/
anneanne,/anˈnean'ne/
anneanneler,/anˈnean'neˈleɾ/
annemler,/annemˈleɾ/
anneyim,/anˈnejim/
anonim şirket,/a.no.ˈnim ʃiɾ.cet/
ant,/ˈan̪t̪ʰ/
antarktik,/ant.aɾc.ˈtic/
antifon,/an.tiˈfon/
antikor,/an.ti.ˈcoɾ/
antisosyal kişilik bozukluğu,/antisosjalciʃilicbozukɫuu/
antiye,/an.tiˈje/
antolojiler,/antoloʒiˈlæɾ/
antrenman,/an.tɾen.ˈman/
antrenmanlı,/an.tɾen.man.ˈlɯ/
antrenmansız,/an.tɾen.man.ˈsɯz/
antrenmanımı,/an.tɾen.ma.nɯ.ˈmɯ/
antrenmanımın,/an.tɾen.ma.nɯ.ˈmɯn/
antrenmanını,/an.tɾen.ma.nɯ.ˈnɯ/
antrenmanının,/an.tɾen.ma.nɯ.ˈnɯn/
anı,/anɯ/
anım,/aː.ˈnɯm/
anımı,/aː.nɯˈmɯ/
anımın,/aː.nɯˈmɯn/
anın,/anɯn/
anını,/aː.nɯˈnɯ/
anının,/anɯnɯn/
anıt kabir,/a.ˈnɯt.ca.biɾ/
aptal,/ap.taɫ/
aptes,/apt̪e̞s̪/
ar,/ˈaɾ/
ara,/a.ˈɾa/
ara kat,/a.ˈɾa cat/
ara katı,/a.ɾa ca.ˈtɯ/
araba,/a.ɾa.ˈba/
araba vapuru,/a.ɾa.ˈba va.pu.ɾu/
arabacı,/aɾabaˈd͡ʒɯ/
arabacılık,/aɾabad͡ʒɯˈlɯc/
arabalı,/a.ɾa.ba.ˈlɯ/
araban,/aɾaˈban/
arabasız,/aɾabaˈsɯz/
aracı,/a.ɾa.ˈd͡ʒɯ/
arada,/aɾaˈda/
aralık,/a.ɾa.ˈlɯc/
aranjman,/aɾanʒˈman/
arasında,/aɾasɯnˈda/
arayüz,/a.ˈɾa.jyz/
arayüzde,/aˈɾajyzˈde/
arayüzden,/aˈɾajyzˈden/
arayüze,/aˈɾajyˈze/
arayüzler,/a.ˈɾa.jyz.leɾ/
arayüzlerde,/aɾajyzlæɾde/
arayüzlerden,/aɾajyzlæɾdæn/
arayüzlere,/aɾajyzleɾe/
arayüzleri,/a.ˈɾa.jyz.le.ˈɾi/
arayüzlerin,/a.ˈɾa.jyz.le.ˈɾin/
arayüzlerini,/a.ˈɾa.jyz.le.ɾi.ˈni/
arayüzlerinin,/a.ˈɾa.jyz.le.ɾi.ˈnin/
arayüzü,/a.ɾa.jy.ˈzy/
arayüzüm,/aˈɾajyˈzym/
arayüzün,/a.ɾa.jy.ˈzyn/
arayüzünü,/a.ɾa.jy.zy.ˈny/
arayüzünün,/a.ɾa.jy.zy.ˈnyn/
araç,/a.ˈɾat͡ʃ/
araştır,/a.ɾaʃ.ˈtɯɾ/
araştırma,/a.ɾaʃ.ˈtɯɾ.ma/
araştırmacı,/a.ɾaʃ.tɯɾ.ma.ˈd͡ʒɯ/
araştırmacılık,/a.ɾaʃ.tɯɾ.ma.d͡ʒɯ.ˈlɯc/
araştırmacılığı,/a.ɾaʃ.tɯɾ.ma.d͡ʒɯ.lɯ.ˈ‿ɯ/
araştırmacılığın,/a.ɾaʃ.tɯɾ.ma.d͡ʒɯ.lɯ.ˈ‿ɯn/
araştırmacısı,/a.ɾaʃ.tɯɾ.ma.d͡ʒɯ.ˈsɯ/
araştırmacıyı,/a.ɾaʃ.tɯɾ.ma.d͡ʒɯ.ˈjɯ/
araştırmak,/a.ɾaʃ.ˈtɯɾ.mac/
araştırması,/a.ɾaʃ.tɯɾ.ma.ˈsɯ/
araştırmayı,/a.ɾaʃ.tɯɾ.ma.ˈjɯ/
ardıl,/aɾˈdɯl/
arka,/aɾˈka/
arkadaş,/aɾ.ˈka.daʃ/
arkadaşları,/aɾkadaʃlaˈɾɯ/
arkadaşlık,/aɾ.ca.daʃ.ˈlɯc/
arkadaşlık etme,/aɾ.ca.daʃ.ˈlɯc ˈet.me/
arkadaşlık etmek,/aɾ.ca.daʃ.ˈlɯc et.mec/
arkadaşlık etmeme,/aɾ.ca.daʃ.ˈlɯc et.me.ˈme/
arkeoloji,/ar.ke.o.lo.ʒi/
arktik,/aɾc.ˈtic/
armut,/aɾ.ˈmut/
armutlar,/aɾmutɫaɾ/
arslan,/aɾsˈlan/
aruz,/aˈɾuz/
aruz vezni,/aˈɾuz vezni/
aruz ölçüsü,/aˈɾuz œlt͡ʃysy/
aruzlar,/aɾuzˈlaɾ/
arz,/ˈaɾz/
arı,/a.ˈɾɯ/
arık,/a.ˈɾɯk/
arılar,/a.ɾɯ.ˈlaɾ/
arıları,/a.ɾɯ.la.ˈɾɯ/
arılı,/a.ɾɯ.ˈlɯ/
arım,/aˈɾɯm/
arımı,/aɾɯˈmɯ/
arımın,/aɾɯˈmɯn/
arın,/aˈɾɯn/
arını,/aɾɯˈnɯ/
arının,/aɾɯˈnɯn/
arısı,/a.ɾɯˈsɯ/
arıyı,/a.ɾɯˈ.jɯ/
arşidük,/aɾ.ʃi.ˈdyk/
asabiyet,/asabiˈjet/
asal sayı,/a.ˈsal sa.jɯ/
aseksüel,/ˈasecsyel/
ashap,/as.ˈhap/
asimilasyon,/a.si.mi.las.jɔn/
asker,/as.ˈcer/
askerlik,/as.ceɾ.ˈlic/
askerî,/as.ce.ˈriː/
asla,/as.ˈla/
aslan,/asˈɫan/
aslansütü,/asˈɫansyˈty/
assembly dili,/e.ˈsemb.li di.li/
ast,/ˈast/
asteroidi,/as.ˈte.ɾo.i.ˈdi/
asteroidin,/as.ˈte.ɾo.i.ˈdin/
asteroit,/as.te.ɾo.ˈit/
asteroitler,/as.ˈte.ɾo.it.ˈleɾ/
astrolog,/astɾoˈlog/
astrometri,/astɾometˈɾi/
astrometriler,/astɾometɾiˈleɾ/
astrometrisi,/astɾometɾiˈsi/
astronomi,/as.tɾo.no.ˈmi/
astronomik birim,/as.tɾo.no.ˈmic bi.ɾim/
astronomik cisim,/as.tɾo.no.ˈmik d͡ʒi.sim/
astrosfer,/as.tɾos.ˈfeɾ/
astrosferi,/as.tɾos.fe.ˈɾi/
astrosferleri,/as.tɾos.feɾ.le.ˈɾi/
astrosferlerin,/as.tɾos.feɾ.le.ˈɾin/
astsubaylar,/astsubajˈlaɾ/
at,/ˈat̪/
ata,/aˈt̪a/
atak,/aˈtak/
atam,/a.ˈtam/
atama,/at̪aˈma/
atan,/a.ˈtan/
atanma,/aˈtanma/
atasözleri,/aˈtasœzleˈɾi/
atasözü,/a.ˈta.sœ.zy/
atasözünü,/aˈtasœzyˈny/
atayı,/ataˈjɯ/
ateş,/a.ˈteʃ/
atlamaz,/at.la.ˈmaz/
atlıkarınca,/atˈɫɯkaɾɯnˈd͡ʒa/
atlıkarıncayı,/atˈɫɯkaɾɯnd͡ʒaˈjɯ/
atma,/atˈma/
atom enerjisi,/aˈtom eneɾʒiˈsi/
atom çağı,/a.ˈtom t͡ʃa.‿ɯ/
atölye,/a.tœl.je/
av,/ˈav/
avane,/avaˈne/
avantaj,/a.van.ˈtaʒ/
avantür,/a.van.tyɾ/
avaz,/aˈvaz/
aver,/avæɾ/
avro,/ˈav.ɾo/
avukat,/a.vu.ˈcat/
avuç,/aˈvut͡ʃ/
avı,/aˈvɯ/
ay,/ˈaj/
ayak,/a.ˈjak/
ayakkabı,/a.ˈjac.ca.bɯ/
ayakkabıları,/a.ˈjac.ca.bɯ.la.ˈɾɯ/
ayakkabısı,/a.ˈjac.ca.bɯ.ˈsɯ/
ayakkabıyı,/a.jac.ca.bɯˈjɯ/
ayaz,/ajaz/
aydede,/ˈaj.de.de/
aydın,/aj.ˈdɯn/
aydınlık,/aj.dɯn.ˈlɯc/
ayet,/a.ːˈjet/
ayin,/a.ˈjin/
aymaz,/aj.ˈmaz/
aymazlık,/aj.maz.ˈɫɯk/
ayna,/ajˈna/
aynacı,/ajnaˈd͡ʒɯ/
aynacılık,/ajnad͡ʒɯɫɯk/
aynasız,/ajnaˈsɯz/
aynayı,/ajnaˈjɯ/
ayrı,/ajˈɾɯ/
ayrı ayrı,/ajˈɾɯ ajˈɾɯ/
ayrıca,/ˈajɾɯd͡ʒa/
ayrılma durumu,/ajɾɯɫmaduɾumu/
ayrılma hâli,/ajɾɯlˈma haːɫi/
ayrıştırma,/aj.ɾɯʃ.tɯɾ.ˈma/
ayrıştırmak,/aj.ɾɯʃ.tɯɾ.ˈmac/
ayva,/aj.ˈva/
ayvası,/aj.va.ˈsɯ/
ayvayı,/aj.va.ˈjɯ/
ayvayı yemek,/aj.va.ˈjɯ je.mec/
ayyuk,/ajˈjuk/
ayyuka çıkma,/ajjuˈka t͡ʃɯcˈma/
ayyuka çıkmak,/ajjuˈka t͡ʃɯcmac/
ayât namazı,/ajaːtnamazɯ/
ayça,/ajˈt͡ʃa/
ayçiçeği,/ajt͡ʃit͡ʃeji/
ayçiçeği yağı,/ˈajt͡ʃit͡ʃeː‿ˈi jaː‿ˈɯ/
ayı,/a.ˈjɯ/
ayın,/a.ˈjɯn/
ayıp,/aˈjɯp/
ayıraç,/ajɯˈɾat͡ʃ/
az,/ˈaz/
azabı,/a.zaː.ˈbɯ/
azabın,/a.zaː.ˈbɯn/
azap,/a.ˈzap/
azaplarını,/a.zap.la.ɾɯ.ˈnɯ/
azaplarının,/a.zap.la.ɾɯ.ˈnɯn/
azimut,/ˈazimut/
azmamış,/ˈaz.ma.mɯʃ/
azmış,/ˈaz.mɯʃ/
azotlu,/azotˈlu/
azotsuz,/azotˈsuz/
azîz hadis,/a.ˈziːz ha.dis/
aç,/ˈat͡ʃ/
aç karnına,/at͡ʃ kaɾnɯˈna/
açelya,/aˈt͡ʃelja/
açelyalar,/aˈt͡ʃeljaˈlaɾ/
açlar,/at͡ʃ.ˈlaɾ/
açma,/at͡ʃˈma/
açmak,/at͡ʃˈmak/
açmaz,/at͡ʃ.ˈmaz/
açtırmak,/at͡ʃtɯɾˈmac/
açı,/a.ˈt͡ʃɯ/
açık,/a.ˈt͡ʃɯk/
açık kaynak,/a.ˈt͡ʃɯc caj.nac/
açık kaynaklara,/aˈt͡ʃɯc cajnaclaˈɾa/
açık kaynaklarda,/aˈt͡ʃɯc cajnaclaɾˈda/
açık kaynaklardan,/aˈt͡ʃɯc cajnaclaɾˈdan/
açık kaynakları,/aˈt͡ʃɯc cajnaclaˈɾɯ/
açık kaynaklarım,/aˈt͡ʃɯc cajnaclaˈɾɯm/
açık kaynakların,/aˈt͡ʃɯc cajnaclaˈɾɯn/
açıklamaz,/a.t͡ʃɯk.laˈmaz/
açıklaşma,/at͡ʃɯclaʃˈma/
açıklaşmak,/at͡ʃɯclaʃˈmac/
açıklaşmama,/at͡ʃɯclaʃˈmama/
açıklaşmayı,/at͡ʃɯclaʃmaˈjɯ/
açıklaştırma,/at͡ʃɯclaʃtɯɾˈma/
açıklaştırmak,/at͡ʃɯclaʃtɯɾˈmac/
açıklaştırmalar,/at͡ʃɯclaʃtɯɾmaˈlaɾ/
açıklaştırmayı,/at͡ʃɯclaʃtɯɾmaˈjɯ/
açıkça,/aˈt͡ʃɯkt͡ʃa/
açıkçası,/aˈt͡ʃɯkt͡ʃaˈsɯ/
açım,/a.ˈt͡ʃɯm/
açığı,/a.t͡ʃɯ.ˈ‿ɯ/
açığın,/a.t͡ʃɯ.ˈ‿ɯn/
açığını,/a.t͡ʃɯ.‿ɯ.ˈnɯ/
açığının,/a.t͡ʃɯ.‿ɯ.ˈnɯn/
ağ,/ˈaː/
ağ geçidi,/aːɟet͡ʃidi/
ağ geçidini,/aːɟet͡ʃidini/
ağ geçitleri,/aːɟet͡ʃitleɾi/
ağa,/aˈɰa/
ağabey,/a.ˈ‿a.bej/
ağaç,/aˈat͡ʃ/
ağlama duvarları,/aːɫamaduβ̞aɾɫaɾɯ/
ağlama duvarlarım,/aːɫamaduβ̞aɾɫaɾɯm/
ağlama duvarların,/aːɫamaduβ̞aɾɫaɾɯn/
ağlama duvarlarını,/aːɫamaduβ̞aɾɫaɾɯnɯ/
ağlama duvarlarının,/aːɫamaduβ̞aɾɫaɾɯnɯn/
ağlama duvarı,/aːɫamaduβ̞aɾɯ/
ağlama duvarım,/aːɫamaduβ̞aɾɯm/
ağlama duvarın,/aːɫamaduβ̞aɾɯn/
ağlama duvarına dönmek,/aːɫamaduβ̞aɾɯnadœnmec/
ağlama duvarını,/aːɫamaduβ̞aɾɯnɯ/
ağlama duvarının,/aːɫamaduβ̞aɾɯnɯn/
ağrı,/aːɾɯ/
ağu,/a.ˈ‿u/
ağı,/aˈɯ/
ağır,/aˈɯɾ/
ağız,/a.ˈ‿ɯz/
aş,/ˈaʃ/
aşağı,/ˈa.ʃaˈɯ/
aşevi,/ˈa.ʃe.vi/
aşikâr,/aː.ʃi.ˈcaːɾ/
aşk,/ˈaʃc/
aşkın,/aʃ.ˈcɯn/
aşüfte,/a.ʃyf.ˈte/
aşüftelik,/a.ʃyf.te.ˈlic/
aşık,/a.ˈʃɯc/
b,/ˈbe/
bab,/ˈbaːb/
baba,/baˈba/
babacan,/ba.ba.ˈd͡ʒan/
babam,/baˈbam/
babayım,/baˈbajɯm/
bacak,/ba.ˈd͡ʒac/
bacakları tutar olmak,/ba.d͡ʒac.la.ˈɾɯ tu.ˈtaɾ ol.mac/
bacakları tutmaz olmak,/ba.d͡ʒac.la.ˈɾɯ tut.ˈmaz ol.mac/
baharı,/bahaˈɾɯ/
bahçe,/bah.ˈt͡ʃe/
bahçe katı,/bah.ˈt͡ʃe ca.tɯ/
bahçeli,/bah.t͡ʃe.ˈli/
bahçem,/bahˈt͡ʃem/
bahçemi,/baht͡ʃeˈmi/
bahçemin,/baht͡ʃeˈmin/
bahçen,/bahˈt͡ʃen/
bahçeni,/baht͡ʃeˈni/
bahçenin,/baht͡ʃeˈnin/
bahçesi,/bah.t͡ʃe.ˈsi/
bahçeye,/baht͡ʃeˈje/
bakkal,/bac'cal/
bakkaliye,/baccaːli'je/
bakkaliyeler,/baccaːlijeˈleɾ/
bakla,/bakˈla/
baklalar,/baklaˈlaɾ/
baklava,/baklaˈva/
bakım,/baˈcɯm/
bakım üniteleri,/baˈcɯm yniteleˈɾi/
bakım ünitesi,/baˈcɯm yniteˈsi/
bakım ünitesinde,/baˈcɯm ynitesinˈde/
bakım ünitesinden,/baˈcɯm ynitesinˈden/
bakım ünitesine,/baˈcɯm ynitesiˈne/
bakım ünitesini,/baˈcɯm ynitesiˈni/
bakım ünitesinin,/baˈcɯm ynitesiˈnin/
bakımdan,/bacɯmˈdan/
bakımlı,/bacɯmˈlɯ/
bakımsız,/bacɯmˈsɯz/
bakımı,/bacɯˈmɯ/
bakımın,/bacɯˈmɯn/
bakımından,/bacɯmɯnˈdan/
bakış,/ba.ˈcɯʃ/
bakışlar,/ba.cɯʃˈlaɾ/
bakışlı,/ba.cɯʃ.ˈlɯ/
bakışı,/ba.cɯ.ˈʃɯ/
bakışın,/ba.cɯ.ˈʃɯn/
bal,/ˈbaɫ̪/
bal porsuğu,/baɫ poɾsuː/
baldız,/bal.ˈdɯz/
baldızı,/bal.dɯ.ˈzɯ/
baldızım,/bal.dɯ.ˈzɯm/
baldızın,/bal.dɯ.ˈzɯn/
balina,/ba.ˈli.na/
baloncu,/ba.lon.ˈd͡ʒu/
baloncuk,/baɫonˈd͡ʒuk/
baloncusu,/ba.lon.d͡ʒu.ˈsu/
baloncuyu,/ba.lon.d͡ʒuˈju/
baltacı,/baɫtaˈd͡ʒɯ/
baltayı,/baɫtaˈjɯ/
balyoz,/baɫjoz/
balyozda,/baɫjozda/
balyozdan,/baɫjozdan/
balyozlarda,/baɫjozɫaɾda/
balyozlardan,/baɫjozɫaɾdan/
balyozları,/baɫjozɫaɾɯ/
balyozların,/baɫjozɫaɾɯn/
balyozu,/baɫjozu/
balyozun,/baɫjozun/
balı,/ba.ˈɫ̪ɯ/
balık,/baˈɫɯk/
balık yumurtası,/baɫɯkjumuɾtasɯ/
balık çorbası,/baˈɫɯk t͡ʃɔɾbaˈsɯ/
balıklamam,/balɯclaˈmam/
balım,/ba.ˈɫ̪ɯm/
balın,/ba.ˈɫ̪ɯn/
bambu,/ˈbambu/
banka,/ban.ˈca/
bankacı,/ˈban.ca.d͡ʒɯ/
bankacılık,/ˈban.ca.d͡ʒɯ.lɯc/
bankalar,/ban.caˈlaɾ/
bankalarımı,/ˈban.ca.la.ɾɯ.ˈmɯ/
bankalarımın,/ˈban.ca.la.ɾɯ.ˈmɯn/
bankalarını,/ˈban.ca.la.ɾɯ.ˈnɯ/
bankalarının,/ˈban.ca.la.ɾɯ.ˈnɯn/
bankam,/banˈcam/
bankamı,/ban.ca.ˈmɯ/
bankamın,/ban.ca.ˈmɯn/
bankanı,/ban.caˈnɯ/
bankanın,/ban.ca.ˈnɯn/
bankası,/ˈban.ca.ˈsɯ/
bankasın,/ˈban.ca.ˈsɯn/
bankayı,/ˈban.ca.ˈjɯ/
banyo köpüğü,/banjocœpyjy/
bar,/ˈbaɾ/
barbar,/baɾˈbaɾ/
barbunya,/baɾbunja/
baryon,/baɾˈjon/
barış,/ba.ˈɾɯʃ/
barış çubuğu,/baɾɯʃt͡ʃubuu/
barışseverlik,/baɾɯʃs̪e̞væɾlic/
barışı,/baɾɯˈʃɯ/
barışın,/baɾɯʃɯn/
bas,/ˈbas/
basar,/ba.ˈsaɾ/
basiret,/basiːɾet/
basit kelime,/baˈsit celime/
basit kelimeler,/baˈsit kelimeˈleɾ/
basit kelimenin,/baˈsit celimeˈnin/
basit kelimeyi,/baˈsit kelimeˈji/
baskılı devre,/bas.kɯ.ˈlɯ dev.ɾe/
baskılı devre kartı,/bas.cɯ.ˈlɯ dev.ˈɾe caɾ.tɯ/
basma,/basˈma/
basmak,/ˈbasmak/
basmalardan,/basmalaɾˈdan/
basmaları,/basmalaˈɾɯ/
basmaların,/basmalaˈɾɯn/
basmanın,/basmaˈnɯn/
basmayı,/basmajɯ/
basmayın,/ˈbasmajɯn/
basmaz,/basˈmaz/
bası,/baˈsɯ/
basıda,/basɯˈda/
basıdan,/basɯˈdan/
basılar,/basɯˈlaɾ/
basın,/baˈsɯn/
basıya,/basɯˈja/
basıyı,/basɯˈjɯ/
battaniye,/battanije/
battaniyeler,/bat.taː.ni.je.ˈleɾ/
battaniyesi,/bat.taː.ni.je.ˈsi/
battaniyesin,/bat.taː.ni.ˈje.sin/
battaniyesini,/bat.taː.ni.je.si.ˈni/
batı,/ba.ˈtɯ/
batılı,/ba.tɯ.ˈlɯ/
bay,/baj/
bayağı,/ba.jaː.ɯ/
bayağı kocabaş,/bajaˈ‿ɯ koˈd͡ʒa.baʃ/
baykuş,/bajˈkuʃ/
bayrak,/bajrak/
bayram,/baj.ˈɾam/
bazaltı,/bazalˈtɯ/
bazaltın,/bazalˈtɯn/
bazen,/baːzen/
bazuka,/ba.ˈzu.ca/
bağ,/baː/
bağlama,/baːɫama/
bağlamak,/baː.ɫa.ˈmak/
bağlaması,/baːɫamasɯ/
bağlamayı,/baːɫamajɯ/
bağlatmaq,/baːɫatmaq/
bağnaz,/baːnaz/
bağımlı kişilik bozukluğu,/baː‿ɯmˈɫɯ ciʃiˈlic bozukɫuː‿ˈu/
bağımlılık,/ba‿ɯmlɯˈlɯc/
bağımlılık enjeksiyonları,/baɯmɫɯɫɯk enʒecsijonɫaɾɯ/
bağımlılık enjeksiyonu,/ba‿ɯmlɯˈlɯc enʒecsijoˈnu/
bağımlılık enjeksiyonuna,/ba‿ɯmlɯˈlɯc enʒecsijonuˈna/
bağımlılık enjeksiyonunu,/ba‿ɯmlɯˈlɯc enʒecsijonuˈnu/
bağımlılık enjeksiyonunun,/ba‿ɯmlɯˈlɯc enʒecsijonuˈnun/
bağımlılığa,/ba‿ɯmlɯlɯˈ‿a/
bağımlılığı,/ba‿ɯmlɯlɯˈ‿ɯ/
bağımlılığın,/ba‿ɯmlɯlɯˈ‿ɯn/
bağımsız,/ba.‿ɯm.ˈsɯz/
bağımsızlık,/ba.ɯm.sɯz.ˈɫɯk/
bağıntı,/ba‿ɯnˈtɯ/
bağışıklık,/ba.‿ɯ.ʃɯc.ˈlɯc/
bağışıklık sistemi,/ba.ɣɯ.ʃɯk.ˈɫɯk sis.te.mi/
baş,/ˈbaʃ/
başgardiyan,/ˈbaʃ.ɡaɾ.di.jan/
başka,/baʃ.ˈka/
başka başka,/baʃ.ˈca baʃ.ca/
başkan,/baʃˈkan/
başkanları,/baʃ.can.la.ˈɾɯ/
başkanların,/baʃ.can.la.ˈɾɯn/
başkanlarını,/baʃ.can.la.ɾɯ.ˈnɯ/
başkanlarının,/baʃ.can.la.ɾɯ.ˈnɯn/
başkanı,/baʃ.ca.ˈnɯ/
başkanım,/baʃ.ca.ˈnɯm/
başkanın,/baʃ.ca.ˈnɯn/
başlama,/baʃlaˈma/
başlamaz,/baʃ.la.ˈmaz/
başlık,/baʃ.ɫɯk/
başpiskopos,/ˈbaʃpiskopos/
başpiskoposluk,/ˈbaʃpiskoposˈluc/
başsağlığı,/ˈbaʃ.saː.lɯ.ɯ/
başçı,/baʃ.ˈt͡ʃɯ/
başı,/ba.ˈʃɯ/
başın,/ba.ˈʃɯn/
başından geçmek,/baʃɯnˈdan get͡ʃmec/
bebek,/be.ˈbek̚/
bebek arabası,/beˈbec aɾabaˈsɯ/
bebem,/be.ˈbem/
beceri,/bed͡ʒeˈri/
bedbin,/bed.ˈbin/
bedevi,/be.de.ˈviː/
behemehâl,/be.he.me.ˈhaːl/
beka,/be̞kaː/
beklemek,/bec.leˈmec/
bekri,/becˈɾiː/
bekâr,/becaːɾ/
bekârlı,/becaːɾɫɯ/
bekârlık,/becaːɾɫɯc/
bekârlık maskaralık,/be.caːɾ.ˈɫɯk mas.ka.ɾa.ˈɫɯk/
bekârlık sultanlık,/be.kʲaːɾ.ˈɫɯk suɫ.tan.ˈɫɯk/
bekârlığını,/becaːɾɫɯɯnɯ/
bekârlığının,/becaːɾɫɯɯnɯn/
bekârı,/becaːɾɯ/
bekârın,/becaːɾɯn/
bela,/beˈlaː/
belagat,/be.laː.ˈɡat/
belde,/belˈde/
beldeler,/bel.de.ˈleɾ/
beldesi,/bel.de.ˈsi/
beldeye,/beldeˈje/
belediye,/belediˈje/
belediyeye,/beledijeˈje/
belirlenir,/be.liɾ.le.ˈniɾ/
belirlenmek,/be.liɾ.lenˈmek/
belirlenmez,/be.liɾ.len.ˈmez/
belirli geçmiş zaman,/beliɾˈli ɡet͡ʃˈmiʃ zaman/
belirsiz geçmiş zaman,/beliɾˈsiz ɡet͡ʃˈmiʃ zaman/
belirteç,/beliɾˈtet͡ʃ/
belirtme durumu,/beliɾtˈme duɾumu/
belirtme hâli,/be.liɾt.ˈme haː.ɫi/
belki,/belˈci/
bellek,/bel.ˈlek/
bellekler,/bel.lekˈleɾ/
bellenim,/belleˈnim/
bellenimde,/bellenimˈde/
bellenimden,/bellenimˈden/
bellenime,/belleniˈme/
bellenimi,/belleniˈmi/
bellenimin,/belleniˈmin/
bellenimler,/bellenimˈleɾ/
bellenimlerde,/bellenimleɾˈde/
bellenimlerden,/bellenimleɾˈden/
bellenimlere,/bellenimleˈɾe/
bellenimleri,/bellenimleˈɾi/
bellenimlerim,/bellenimleˈɾim/
bellenimlerin,/bellenimleˈɾin/
belleği,/bælleji/
belli,/belˈli/
ben,/ben/
bencil,/benˈdʒil/
bende,/bænde/
beni,/be.ˈni/
benim,/ben.ˈim/
benze,/benˈze/
benzeme,/benzeˈme/
benzemeler,/benzemeˈleɾ/
benzemelere,/benzemeleˈɾe/
benzemeleri,/benzemeleˈɾi/
benzemelerin,/benzemeleˈɾin/
benzememi,/benzemeˈmi/
benzememin,/benzemeˈmin/
benzemeni,/benzemeˈni/
benzemenin,/benzemeˈnin/
benzemeye,/benzemeˈje/
benzet,/benˈzet/
benzetim,/benzeˈtim/
benzetimde,/benzetimˈde/
benzetimden,/benzetimˈden/
benzetime,/benzetiˈme/
benzetimi,/benzetiˈmi/
benzetimimi,/benzetimiˈmi/
benzetimimin,/benzetimiˈmin/
benzetimin,/benzetiˈmin/
benzetimini,/benzetimiˈni/
benzetimler,/benzetimˈleɾ/
benzetimlerde,/benzetimleɾˈde/
benzetimlerden,/benzetimleɾˈden/
benzetimleri,/benzetimleˈɾi/
benzetimlerin,/benzetimleˈɾin/
benzetme,/benzetˈme/
benzetmeler,/benzetmeˈleɾ/
benzetmelerde,/benzetmeleɾˈde/
benzetmelere,/benzetmeleˈɾe/
benzetmeleri,/benzetmeleˈɾi/
benzetmelerim,/benzetmeleˈɾim/
benzetmelerin,/benzetmeleˈɾin/
benzetmemi,/benzetmeˈmi/
benzetmemin,/benzetmeˈmin/
benzetmeni,/benzetmeˈni/
benzetmenin,/benzetmeˈnin/
benzetmeye,/benzetmeˈje/
benzeş,/benˈzeʃ/
benzeşme,/benzeʃˈme/
benzeşmeler,/benzeʃmeˈleɾ/
benzeşmelere,/benzeʃmeleˈɾe/
benzeşmeleri,/benzeʃmeleˈɾi/
benzeşmelerin,/benzeʃmeleˈɾin/
benzeşmemi,/benzeʃmeˈmi/
benzeşmemin,/benzeʃmeˈmin/
benzeşmeni,/benzeʃmeˈni/
benzeşmenin,/benzeʃmeˈnin/
benzeşmeye,/benzeʃmeˈje/
benzin,/benzin/
berhava,/beɾhaˈvaː/
berhudar,/beɾhuˈdaːɾ/
besleme,/bes.ˈle.me/
beslemek,/bes.le.ˈmec/
beslemeler,/bes.le.me.ˈleɾ/
beslememe,/bes.le.me.ˈme/
beslemesi,/bes.le.me.ˈsi/
besmele,/bes.me.ˈle/
besmele çekmek,/besmeˈle t͡ʃecmec/
besmeleler,/bes.me.le.ˈleɾ/
besmelesi,/bes.me.le.ˈsi/
betik,/beˈtic/
betik dili,/be.ˈtic di.li/
betik dilini,/be.ˈtic di.liˈni/
betik dilleri,/be.ˈtic dil.le.ˈɾi/
betül,/beˈtyl/
bey,/ˈbej/
beyaz,/beˈjaz/
beyaz eşya,/beˈjaz eʃˈjaː/
beye,/beˈje/
beyi,/be.ˈji/
beyin,/be.ˈjin/
beyin göçü,/beˈjin ɟœˈt͡ʃy/
beyini,/be.ji.ˈni/
beyinin,/be.ji.ˈnin/
beyinler,/be.jin.ˈleɾ/
beyler,/bej.ˈleɾ/
beylik,/bejˈlic/
beylik toyu,/bejˈlic toju/
beyt,/ˈbejt/
beş,/ˈbeʃ/
beş vakit namaz,/ˈbeʃ va.kit na.ˈmaz/
beş yüz,/ˈbeʃ jyz/
beş yüzler,/ˈbeʃ jyz.leɾ/
beş yüzleri,/beʃ jyz.le.ˈɾi/
beş yüzlerin,/beʃ jyz.le.ˈɾin/
beş yüzü,/ˈbeʃ jy.ˈzy/
beş yüzün,/ˈbeʃ jy.ˈzyn/
beşi,/beʃi/
beşin,/beʃin/
beşler,/beʃ.ˈleɾ/
beşleri,/beʃ.le.ˈɾi/
beşlerin,/beʃ.le.ˈɾin/
bilahare,/bilaːhaˈre/
bildiri,/bildiˈɾi/
bildirme kipi,/bildiɾˈme kiˈpi/
bildirme kipini,/bildiɾˈme kipiˈni/
bildirme kipinin,/bildiɾˈme kipiˈnin/
bildirme kipleri,/bildiɾˈme kipleˈɾi/
bilen,/biˈlen/
bilenler,/bilenˈleɾ/
bilenme,/bilenˈme/
bileşik,/bi.le.ˈʃic/
bileşik sayı,/bi.le.ˈʃic sa.jɯ/
bileşik sayısı,/bi.le.ˈʃic sa.jɯ.ˈsɯ/
bileşik sayıyı,/bi.le.ˈʃic sa.jɯ.ˈjɯ/
bileşikler,/bileʃicˈleɾ/
bileşiklerde,/bileʃicleɾˈde/
bileşiklerden,/bileʃicleɾˈden/
bileşiklere,/bileʃicleˈɾe/
bileşikleri,/bileʃicleˈɾi/
bileşiklerin,/bileʃicleˈɾin/
bileşikte,/bileʃicˈte/
bileşim,/bileˈʃim/
bileşiğe,/bileʃije/
bileşiği,/bileʃiji/
bileşiğin,/bileʃijin/
bilgi,/bil.ˈɡi/
bilgi teknolojileri,/bilɟitecnoɫoʒileɾi/
bilgi teknolojilerin,/bilɟitecnoɫoʒileɾin/
bilgi teknolojilerini,/bil.ɟi tec.no.lo.ʒi.le.ɾi.ni/
bilgi teknolojilerinin,/bilɟitecnoɫoʒileɾinin/
bilgi teknolojisi,/bil.ɟi tec.no.lo.ʒi.si/
bilgi teknolojisini,/bilɟitecnoɫoʒisini/
bilgi teknolojisinin,/bil.ɟi tec.no.lo.ʒi.si.nin/
bilgilen,/bil.ɟiˈlen/
bilgilenme,/bilɟilænme/
bilgilenmek,/bilɟilænmec/
bilgiler,/bil.ɡi.ˈleɾ/
bilgileri,/bilɟileɾi/
bilgilerin,/bilɟileɾin/
bilgim,/bilˈgim/
bilgimi,/bilgiˈmi/
bilgin,/bilˈgin/
bilgini,/bilgiˈni/
bilginin,/bilgiˈnin/
bilgisayar,/bilɟisaˈjaɾ/
bilgisayar dili,/bil.ɡi.sa.ˈjaɾ di.li/
bilgisayar dilleri,/bilgisaˈjaɾ dilleˈɾi/
bilgisayar mühendislikleri,/bilɟisajaɾ myhendislicleɾi/
bilgisayar mühendisliklerinde,/bilɟisajaɾmyhændislicleɾinde/
bilgisayar mühendisliklerinden,/bilɟisajaɾmyhændislicleɾindæn/
bilgisayar mühendisliklerine,/bilɟisajaɾmyhændislicleɾine/
bilgisayar mühendisliklerini,/bilɟisajaɾmyhændislicleɾini/
bilgisayar mühendisliklerinin,/bilɟisajaɾmyhændislicleɾinin/
bilgisayar mühendisliği,/bilɟisajaɾmyhændisliji/
bilgisayar mühendisliğinde,/bilɟisajaɾmyhændislijinde/
bilgisayar mühendisliğinden,/bilɟisajaɾmyhændislijindæn/
bilgisayar mühendisliğine,/bilɟisajaɾmyhændislijine/
bilgisayar mühendisliğini,/bilɟisajaɾmyhændislijini/
bilgisayar mühendisliğinin,/bilɟisajaɾmyhændislijinin/
bilgisayar okuryazarlığı,/bil.ɟi.sa.ˈjaɾ o.ˈcuɾ.ja.zaɾ.lɯ.ˈ‿ɯ/
bilgisayar programları,/bilgisaˈjaɾ pɾogɾamlaˈɾɯ/
bilgisayar programı,/bilgisaˈjaɾ pɾogɾaˈmɯ/
bilgisayar programını,/bilgisaˈjaɾ pɾogɾamɯˈnɯ/
bilgisayarlar,/bil.ɟi.sa.jaɾ ˈlaɾ/
bilgisayarlı,/bilgisajaɾˈlɯ/
bilgisayarsız,/bilgisajaɾˈsɯz/
bilgisayarı,/bil.ɟi.sa.ja.ˈɾɯ/
bilgisayarın,/bil.ɟi.sa.ja.ˈɾɯn/
bilgisi,/bil.ɡi.ˈsi/
bilgiye,/bilgiˈje/
bilim,/bi.ˈlim/
bilimi,/bi.li.ˈmi/
bilimin,/bi.li.ˈmin/
bilimini,/bi.li.mi.ˈni/
biliminin,/bi.li.mi.ˈnin/
bilimler,/bilimlæɾ/
bilimleri,/bilimleɾi/
bilimlerin,/bilimleɾin/
bilimlerini,/bilimleɾini/
bilimlerinin,/bilimleɾinin/
bilimsel araştırmalar,/bilimsel aɾaʃtɯɾmaˈlaɾ/
bilinen geçmiş zaman,/biliˈnen ɡet͡ʃˈmiʃ zaman/
bilinç,/bi.ˈlint͡ʃ/
bilir,/biˈliɾ/
bilirim,/biˈliɾim/
biliriz,/biˈliɾiz/
bilirler,/biˈliɾleɾ/
bilirsin,/biˈliɾsin/
bilirsiniz,/biˈliɾsiniz/
biliyor,/biliˈjoɾ/
biliyorlar,/biliˈjoɾlaɾ/
bilmek,/bilˈmec/
bilmem,/bilˈmem/
bilmeyiz,/ˈbilmejiz/
bilmez,/bilˈmez/
bilmezler,/bilˈmezleɾ/
bilmezsin,/bilˈmezsin/
bilmezsiniz,/bilˈmezsiniz/
bilmiyor,/ˈbilmijoɾ/
bilmiyorlar,/ˈbilmijoɾlaɾ/
bin,/ˈbin/
bina,/bi.ˈnaː/
binde,/binˈde/
binden,/binˈden/
bine,/bine/
bini,/bini/
binicilik,/binid͡ʒilic/
binicilikler,/binid͡ʒiliclæɾ/
biniciliğe,/binid͡ʒilije/
biniciliği,/binid͡ʒiliji/
biniciliğim,/binid͡ʒilijim/
biniciliğin,/binid͡ʒilijin/
binim,/binim/
binin,/binin/
binler,/binlæɾ/
binme,/binˈme/
binmeyin,/ˈbinmejin/
bip,/ˈbip/
bir,/ˈbir/
bir şey,/biɾ‿ˈʃej/
biri,/ˈbi.ɾi/
birim,/ˈbi.ɾim/
birim sistemi,/bi.ˈɾim sis.te.mi/
birim sistemini,/bi.ˈɾim sis.te.mi.ˈni/
birim sistemleri,/bi.ˈɾim sis.tem.le.ˈɾi/
birim vektör,/biˈɾim vectœɾ/
birimde,/bi.ɾim.ˈde/
birimden,/bi.ɾim.ˈden/
birime,/bi.ɾi.ˈme/
birimi,/bi.ɾi.ˈmi/
birimim,/bi.ɾi.ˈmim/
birimimde,/bi.ɾi.mim.ˈde/
birimimden,/bi.ɾi.mim.ˈden/
birimime,/bi.ɾi.mi.ˈme/
birimimi,/bi.ɾi.mi.ˈmi/
birimimin,/bi.ɾi.mi.ˈmin/
birimin,/bi.ɾi.ˈmin/
biriminde,/bi.ɾi.min.ˈde/
biriminden,/bi.ɾi.min.ˈden/
birimine,/bi.ɾi.mi.ˈne/
birimini,/bi.ɾi.mi.ˈni/
biriminin,/bi.ɾi.mi.ˈnin/
birimler,/bi.ɾim.ˈleɾ/
birimlerde,/bi.ɾim.leɾ.ˈde/
birimlerden,/bi.ɾim.leɾ.ˈden/
birimlere,/bi.ɾim.le.ˈɾe/
birimleri,/bi.ɾim.le.ˈɾi/
birimlerim,/bi.ɾim.le.ˈɾim/
birimlerimde,/bi.ɾim.le.ɾim.ˈde/
birimlerimden,/bi.ɾim.le.ɾim.ˈden/
birimlerime,/bi.ɾim.le.ɾi.ˈme/
birimlerimi,/bi.ɾim.le.ɾi.ˈmi/
birimlerimin,/bi.ɾim.le.ɾi.ˈmin/
birimlerin,/bi.ɾim.le.ˈɾin/
birimlerinde,/bi.ɾim.le.ɾin.ˈde/
birimlerinden,/bi.ɾim.le.ɾin.ˈden/
birimlerine,/bi.ɾim.le.ɾi.ˈne/
birimlerini,/bi.ɾim.le.ɾi.ˈni/
birimlerinin,/bi.ɾim.le.ɾi.ˈnin/
birinci,/bi.ɾin.ˈd͡ʒi/
birinciler,/bi.ɾin.d͡ʒi.ˈleɾ/
birincisi,/bi.ɾin.d͡ʒi.ˈsi/
birkaç,/biɾ.ˈkat͡ʃ/
birkaçı,/biɾkaˈt͡ʃɯ/
birleşik,/biɾ.le.ˈʃic/
birleşik kelime,/biɾleˈʃic kelime/
birleşik kelimeler,/biɾleˈʃic kelimeˈleɾ/
birleşik kelimenin,/biɾleˈʃic celimeˈnin/
birleşik kelimeyi,/biɾleˈʃic kelimeˈji/
birleşik sözcük,/biɾleˈʃic sœzd͡ʒyc/
birleşik sözcükler,/biɾleˈʃic sœzd͡ʒycˈleɾ/
birleşmemiş,/biɾ.ˈleʃ.me.ˈmiʃ/
birleşmiş,/ˈbiɾ.leʃ.ˈmiʃ/
birleştirmeler,/biɾleʃtiɾmeˈleɾ/
birlik,/biɾ.ˈlic/
birliktelik,/biɾlicteˈlic/
birliktelikler,/biɾlictelicˈleɾ/
birliği,/biɾliji/
birliğin,/biɾlijin/
birliğini,/biɾlijini/
birliğinin,/biɾlijinin/
birçok,/bir.t͡ʃok/
bisküvi,/biskyˈvi/
bisküviler,/biskyviˈleɾ/
bismillahlar,/bismillahˈlaɾ/
bit,/ˈbit/
bitirir,/bi.ti.ˈɾiɾ/
bitirmez,/bi.tiɾ.ˈmez/
bitki çayı,/bitˈci t͡ʃaˈjɯ/
bitler,/bitˈleɾ/
bitmek,/bit.ˈmek/
bitmemiş,/ˈbit.me.ˈmiʃ/
bitmiş,/bit.ˈmiʃ/
biyoloji,/bijoɫoʒi/
biz,/ˈbiz/
bize,/bi.ˈze/
bizi,/bi.ˈzi/
bizim,/bi.ˈzim/
bizler,/biz.ˈleɾ/
bizlere,/biz.le.ˈɾe/
bizleri,/biz.le.ˈɾi/
bizlerin,/biz.le.ˈɾin/
biçim,/biˈt͡ʃim/
blog,/ˈbloɡ/
blogcu,/bloɡ.ˈd͡ʒu/
blogcular,/bloɡ.d͡ʒu.ˈlaɾ/
blogculuk,/bloɡ.d͡ʒu.ˈluc/
blogculuklar,/bloɡ.d͡ʒu.luc.ˈlaɾ/
blogculuğu,/bloɡ.d͡ʒu.lu.ˈ‿u/
blogculuğum,/bloɡ.d͡ʒu.lu.ˈ‿um/
blogculuğun,/bloɡ.d͡ʒu.lu.ˈ‿un/
blogcusu,/bloɡ.d͡ʒu.ˈsu/
blogcuyu,/bloɡ.d͡ʒuˈju/
blogu,/blo.ˈgu/
blogum,/blo.ˈɡum/
blogun,/blo.ˈɡun/
bloklamak,/bɫok.ɫaˈmak/
bluz,/ˈbluz/
bluzlu,/bluzˈlu/
bluzsuz,/bluzˈsuz/
bodrum katı,/bod.ˈɾum ka.tɯ/
bok,/bok/
bombus,/bomˈbus/
bon marché,/bon maɾ.ʃe/
boncuk,/bon.d͡ʒuc/
bone,/bo.ˈne/
bop,/ˈbop/
borucuk,/boɾuˈd͡ʒuk/
boy abdesti,/bojabdesti/
boya,/bo.ˈja/
boyalar,/bojaˈlaɾ/
boyun eğme,/bojunejme/
boyun eğmek,/bojunejmec/
boyun eğmeme,/bojunejmeme/
boyunca,/boˈjund͡ʒa/
boz,/ˈboz/
boza,/boˈza/
bozayı,/bozaˈjɯ/
bozma,/bozˈma/
bozmak,/boz.ˈmac/
bozmama,/ˈbozmama/
bozon,/bo.ˈzon/
bozukluğu,/bozukɫuu/
boğa,/boˈɰa/
boğaz,/boˈ‿az/
boğazı,/bo‿aˈzɯ/
boğazın,/bo‿aˈzɯn/
boş,/boʃ/
boşan,/boˈʃan/
boşanma,/bo.ˈʃan.ma/
boşanmak,/bo.ʃan.ˈmac/
boşanmaması,/bo.ˈʃan.ma.ma.ˈsɯ/
boşanmamayı,/bo.ˈʃan.ma.ma.ˈjɯ/
boşanması,/bo.ʃan.ma.ˈsɯ/
boşanmayı,/bo.ʃan.ma.ˈjɯ/
boşanmış,/bo.ʃan.ˈmɯʃ/
boşanmışlar,/bo.ʃan.ˈmɯʃ.ˈlaɾ/
boşanır,/bo.ʃa.ˈnɯɾ/
bu,/ˈbu/
bugün,/bugyn/
bukalemun,/bukaɫeˈmun/
bulaşıcı hastalık,/bu.la.ʃɯ.ˈd͡ʒɯ has.ta.lɯc/
bulaşıcı hastalığı,/bu.la.ʃɯ.ˈd͡ʒɯ has.ta.lɯ.ˈ‿ɯ/
buldumcuk,/buɫdumˈd͡ʒuk/
bulli,/buˈlːi/
bulmak,/bulˈmac/
bulmamak,/ˈbulmamac/
bulunma durumu,/bulunˈma duɾumu/
bulunma hâli,/buɫunmahaːli/
bulunmak,/bulunˈmac/
buluntu,/bulunˈtu/
bulut,/bu.ˈlut/
bulutlu,/bu.lut.ˈlu/
bulutluluk,/bu.lut.lu.ˈluc/
bulutluluğu,/bu.lut.lu.lu.ˈ‿u/
bulutluluğun,/bu.lut.lu.lu.ˈ‿un/
bulutsuz,/bu.lut.ˈsuz/
bulutsuzluk,/bu.lut.suz.ˈluc/
bulutsuzluğu,/bu.lut.suz.lu.ˈ‿u/
bulutsuzluğun,/bu.lut.suz.lu.ˈ‿un/
bulutu,/bu.lu.ˈtu/
bulutun,/bu.lu.ˈtun/
buluşmak,/bu.ɫuʃˈmak/
bun,/ˈbun/
bunama,/bunaˈma/
bunları,/bun.ɫaˈɾɯ/
burada,/buraˈda/
burun,/buˈrun/
but,/ˈbut/
butu,/bu.ˈtu/
buz dağı,/ˈbuz da.‿ɯ/
buz dağım,/ˈbuz da.ˈ‿ɯm/
buz dağın,/ˈbuz da.ˈ‿ɯn/
buz dağını,/ˈbuz da.‿ɯ.ˈnɯ/
buz dağının,/ˈbuz da.‿ɯ.ˈnɯn/
buz yalağı,/buz jalaˈ‿ɯ/
buzağı,/buzˈa‿ɯ/
buzla,/buzˈla/
buzlu,/buzˈlu/
buzsuz,/buzˈsuz/
buğday,/buːdaj/
buğdaylar,/buːdajɫaɾ/
buğdayları,/buːdajɫaɾɯ/
buğdayların,/buːdajɫaɾɯn/
buğdaylarını,/buːdajɫaɾɯnɯ/
buğdaylarının,/buːdajɫaɾɯnɯn/
buğdayı,/buːdajɯ/
buğdayın,/buːdajɯn/
buğdayını,/buːdajɯnɯ/
buğdayının,/buːdajɯnɯn/
buğuz,/bu.ˈ‿uz/
bâtınî,/baːtɯˈniː/
böcek,/bœˈd͡ʒec/
bölge,/bœl.ˈɡe/
bölgeler,/bœl.ɡe.ˈleɾ/
bölgesi,/bœl.ɡe.ˈsi/
bölgesin,/bœl.ˈɡe.sin/
bölgesini,/bœl.ɡe.si.ˈni/
bölgesinin,/bœl.ɡe.si.ˈnin/
bölüm,/bœ.ˈlym/
bölümler,/bœ.lym.ˈleɾ/
bölümü,/bœ.ly.ˈmy/
bölümün,/bœ.ly.ˈmyn/
böyle,/bœjˈle/
böyle böyle,/bœjˈle bœjle/
böğürtlen,/bœjyɾtlæn/
bühtan,/byhˈtan/
bükücü,/by.cyˈd͡ʒy/
bülbül,/bylˈbyl/
bülten,/bylˈten/
büyük,/by.ˈjyc/
büyük günah,/byˈjyk ɡynah/
büyük tövbe,/by.ˈjyk tœv.be/
büyük tövbeler,/by.ˈjyk tœv.be.ˈleɾ/
büyük tövbesi,/by.ˈjyk tœv.be.ˈsi/
büyük tövbeyi,/by.ˈjyk tœv.be.ˈji/
büyükler,/byjycˈleɾ/
büyüğü,/byjyjy/
bıcır bıcır,/bɯ.ˈd͡ʒɯɾ bɯ.ˈd͡ʒɯɾ/
bırakılan,/bɯ.ɾa.kɯ.ˈlan/
bırakılmayan,/bɯ.ɾa.ˈkɯl.ma.jan/
bədbinləşmək,/bədbinləʃməc/
c,/dʒe/
cadı,/d͡ʒaˈdɯ/
cadı avı,/d͡ʒaˈdɯ aˈvɯ/
cadı kazanı,/d͡ʒaˈdɯ kazaˈnɯ/
cadılık,/d͡ʒadɯˈɫɯk/
cadıyı,/d͡ʒadɯˈjɯ/
cahil,/d͡ʒaː.ˈhil/
cam,/dʒam/
camcı,/d͡ʒam.ˈd͡ʒɯ/
camcılık,/d͡ʒam.d͡ʒɯ.ˈlɯc/
camcılığı,/d͡ʒamd͡ʒɯɫɯɯ/
camcılığın,/d͡ʒamd͡ʒɯɫɯɯn/
camcısı,/d͡ʒam.d͡ʒɯ.ˈsɯ/
camcıyı,/d͡ʒam.d͡ʒɯ.ˈjɯ/
cami,/d͡ʒaː.ˈmi/
camii,/d͡ʒaː.mi.ˈi/
camim,/d͡ʒaːˈmim/
camin,/d͡ʒaːˈmin/
camisi,/d͡ʒaː.mi.ˈsi/
camlı,/d͡ʒam.ˈlɯ/
camsız,/d͡ʒam.ˈsɯz/
can,/ˈd͡ʒan/
canlı,/d͡ʒan.ˈlɯ/
canlı yayın,/d͡ʒan.ˈlɯ ja.jɯn/
canlısı,/d͡ʒan.lɯ.ˈsɯ/
canlıyı,/d͡ʒan.lɯ.ˈjɯ/
canı,/d͡ʒa.ˈnɯ/
"canı kaymak isteyen, mandayı yanında taşır",/d͡ʒa.nɯ kaj.mak is.te.jen man.da.jɯ ja.nɯn.da ta.ʃɯɾ/
car,/ˈd͡ʒaɾ/
cariye,/d͡ʒaːɾiˈje/
cariyeler,/d͡ʒaːɾijeˈleɾ/
cebe,/d͡ʒeˈbe/
cebi,/d͡ʒeˈbi/
cebin,/d͡ʒeˈbin/
cebir,/d͡ʒe.ˈbiɾ/
cebirsel,/d͡ʒe.biɾ.ˈsel/
cebirsel sayı,/d͡ʒe.biɾ.ˈsel sa.jɯ/
ceket,/dʒeˈcet/
cellat,/d͡ʒelˈlat/
cellatlık,/d͡ʒellatˈlɯc/
cemaat,/d͡ʒe.ma.ˈat/
cemaati,/d͡ʒe.ma.a.ˈti/
cemaatin,/d͡ʒe.ma.a.ˈtin/
cemaatler,/d͡ʒe.ma.a.ˈti/
cemaziyelahir,/d͡ʒemaːˈziyelaːˈhir/
cemaziyelevvel,/d͡ʒemaːˈziyelevˈvel/
cemevi,/ˈd͡ʒe.me.vi/
cep,/ˈd͡ʒep/
cepler,/d͡ʒepˈleɾ/
ceriha,/d͡ʒeɾiːˈha/
cerrahi,/d͡ʒeɾ.ɾaː.ˈhi/
cesaret,/d͡ʒe.saː.ˈɾet/
cesareti,/d͡ʒe.saː.ɾe.ˈti/
cesaretim,/d͡ʒe.saː.ɾe.ˈtim/
cesaretin,/d͡ʒe.saː.ɾe.ˈtin/
cesaretler,/d͡ʒe.saː.ɾet.ˈleɾ/
cesur,/d͡ʒe.ˈsuɾ/
cetvel,/d͡ʒetˈvel/
cevap,/d͡ʒeˈvap/
cevaplama,/d͡ʒevapˈlama/
cevaplamaz,/ˈd͡ʒevaplaˈmaz/
cevvâl,/d͡ʒev.vaːl/
cevvâliyet,/d͡ʒevvaːlijet/
ceyran,/ʤej'ran/
ceza,/d͡ʒe.ˈzaː/
ceza hukuku,/d͡ʒe.ˈzaː hu.cuː.cu/
cezaevi,/ce.ˈzaː.e.vi/
cezaları,/d͡ʒezaːlaˈɾɯ/
cezaların,/d͡ʒezaːlaˈɾɯn/
cezam,/d͡ʒeˈzaːm/
cezama,/d͡ʒezaːˈma/
cezamı,/d͡ʒezaːˈmɯ/
cezamın,/d͡ʒezaːˈmɯn/
cezana,/d͡ʒezaːˈna/
cezanı,/d͡ʒezaːˈnɯ/
cezası,/d͡ʒe.zaː.ˈsɯ/
cezayı,/d͡ʒe.zaː.ˈjɯ/
cezve,/d͡ʒezˈve/
cezveler,/d͡ʒezveˈleɾ/
cezveyi,/d͡ʒezveˈji/
charco,/t͡ʃaɾko/
ciddiyet kesbetmek,/ˈd͡ʒid.di.ˈjet kes.bet.mec/
cihada,/d͡ʒihaˈda/
cihadı,/d͡ʒihaˈdɯ/
cihadım,/d͡ʒihaˈdɯm/
cihadın,/d͡ʒihaˈdɯn/
cihan muharebesi,/d͡ʒi.ˈhan mu.haː.ɾe.be.si/
cihangir,/d͡ʒihaːnˈɟiɾ/
cihat,/d͡ʒiˈhat/
cihatlarda,/d͡ʒihatlaɾˈda/
cihatlardan,/d͡ʒihatlaɾˈdan/
cihatları,/d͡ʒihatlaˈɾɯ/
cihatlarım,/d͡ʒihatlaˈɾɯm/
cihatların,/d͡ʒihatlaˈɾɯn/
cihet,/d͡ʒiˈhet/
cihete,/d͡ʒiheˈte/
ciheti,/d͡ʒiheˈti/
cihetin,/d͡ʒiheˈtin/
cihetinden,/d͡ʒihetinˈden/
cihetler,/d͡ʒihetˈleɾ/
cihetlerde,/d͡ʒihetˈleɾde/
cihetlerden,/d͡ʒihetˈleɾden/
cihetlere,/d͡ʒihetleˈɾe/
cihetleri,/d͡ʒihetleˈɾi/
cihetlerin,/d͡ʒihetleˈɾin/
cihetten,/d͡ʒihetˈten/
ciklet,/d͡ʒicˈlet/
cila,/d͡ʒi.laː/
cin,/ˈd͡ʒin/
cini,/d͡ʒi.ˈni/
cinin,/d͡ʒi.ˈnin/
cinini,/d͡ʒi.ni.ˈni/
cininin,/d͡ʒi.ni.ˈnin/
cinler,/d͡ʒin.ˈleɾ/
cinsel kimlik,/ʤinˈsel cimˈlic/
cinsel tercih,/ʤinˈsel teɾˈʤih/
cinsel yönelim,/d͡ʒinˈsel jœneˈlim/
cisim,/d͡ʒi.ˈsim/
cisimcik,/d͡ʒisimd͡ʒic/
cisimde,/d͡ʒisimˈde/
cisimden,/d͡ʒisimˈden/
cisimler,/d͡ʒi.sim.ˈleɾ/
cisimlerde,/d͡ʒisimleɾˈde/
cisimlerden,/d͡ʒisimleɾˈden/
cisimlere,/d͡ʒisimleˈɾe/
cisimleri,/d͡ʒi.sim.le.ˈɾi/
cisimlerim,/d͡ʒisimleˈɾim/
cisimlerin,/d͡ʒi.sim.le.ˈɾin/
cisimlerini,/d͡ʒi.sim.le.ɾi.ˈni/
cisimlerinin,/d͡ʒi.sim.le.ɾi.ˈnin/
cisme,/d͡ʒisˈme/
cismi,/d͡ʒis.ˈmi/
cismim,/d͡ʒisˈmim/
cismin,/d͡ʒis.ˈmin/
cismini,/d͡ʒis.mi.ˈni/
cisminin,/d͡ʒis.mi.ˈnin/
civar,/d͡ʒivaːɾ/
civarda,/d͡ʒivaɾda/
civardan,/d͡ʒivaːɾˈdan/
civarlarda,/d͡ʒivaɾɫaɾda/
civarlardan,/d͡ʒivaɾɫaɾdan/
civarları,/d͡ʒivaːɾɫaɾɯ/
civarların,/d͡ʒivaɾɫaɾɯn/
civarı,/d͡ʒivaɾɯ/
civarın,/d͡ʒivaːˈɾɯn/
conconu,/d͡ʒond͡ʒoˈnu/
continuer,/kɔ̃.ti.nɥe/
cool,/kul/
cop,/ˈd͡ʒop/
crime,/kʁim/
crown,/kɹaun/
cueillir,/kœjiʁ/
cuma,/d͡ʒuma/
cumaları,/d͡ʒu.maː.la.ˈɾɯ/
cumaların,/d͡ʒu.maː.la.ˈɾɯn/
cumalarını,/d͡ʒu.maː.la.ɾɯ.ˈnɯ/
cumalarının,/d͡ʒu.maː.la.ɾɯ.ˈnɯn/
cumartesi,/d͡ʒu.ˈmaɾ.te.si/
cuması,/d͡ʒu.maː.ˈsɯ/
cumayı,/d͡ʒumajɯ/
cumhurbaşkanı,/d͡ʒum.huɾ.baʃ.ka.nɯ/
cumhuriyet,/d͡ʒumhuɾijet/
cumhuriyetçi,/d͡ʒumhuːɾijetˈtʃi/
cumhuriyetçilik,/d͡ʒumhuːɾijettʃiˈlic/
cübbe,/d͡ʒybˈbe/
cübbesi,/d͡ʒybbeˈsi/
cüce,/d͡ʒyˈd͡ʒe/
cüce gezegen,/d͡ʒy.ˈd͡ʒe ɡe.ze.ɡen/
cüce gezegeni,/d͡ʒyˈd͡ʒe gezegeˈni/
cüce gezegenin,/d͡ʒyˈd͡ʒe gezegeˈnin/
cüce gezegenler,/d͡ʒyˈd͡ʒe gezegenˈleɾ/
cüceler,/d͡ʒyd͡ʒeˈleɾ/
cülus,/d͡ʒyˈlus/
cümle,/ˈd͡ʒym.le/
cümleler,/d͡ʒym.le.ˈleɾ/
cümlesi,/ˈd͡ʒym.le.ˈsi/
cümleten,/ˈd͡ʒym.le.ˈten/
cümleyi,/ˈd͡ʒym.le.ˈji/
cüretkâr,/d͡ʒy.ɾet.ˈcaːɾ/
cürüm,/d͡ʒy.ˈɾym/
cüz,/ˈd͡ʒyz/
cüz'î irade,/d͡ʒyz.ˈiː i.ɾaː.ˈde/
cüzler,/d͡ʒyz.ˈleɾ/
cüzü,/d͡ʒy.ˈzy/
d,/deː/
daha,/da.ˈha/
daire,/daiˈɾe/
dairelere,/daiɾeleˈɾe/
daireleri,/daiɾeleˈɾi/
dairelerim,/daiɾeleˈɾim/
dairelerime,/daiɾeleɾiˈme/
dairelerimi,/daiɾeleɾiˈmi/
dairelerimin,/daiɾeleɾiˈmin/
dairelerin,/daiɾeleˈɾin/
dairemi,/daiɾeˈmi/
dairemin,/daiɾeˈmin/
dairene,/daiɾeˈne/
daireni,/daiɾeˈni/
dairenin,/daiɾeˈnin/
daireye,/daiɾeˈje/
dakika,/daˈcʰiː.ka/
dal,/daɫ/
dalalet,/da.ɫaː.ˈlet/
dalavere,/dalaˈveˈɾe/
dalaverece,/dalaveɾeˈd͡ʒe/
dalavereler,/dalaveɾeˈleɾ/
dalavereli,/dalaveɾeˈli/
dalaveresiz,/dalaveɾeˈsiz/
dalga,/dal.ˈɡa/
dalgalar,/dal.ɡaˈlaɾ/
dalgaları,/dal.ɡa.la.ˈɾɯ/
dalgaların,/dal.ɡa.la.ˈɾɯn/
dalgalarını,/dal.ɡa.la.ɾɯ.ˈnɯ/
dalgası,/dal.ɡa.ˈsɯ/
dalgasını,/daɫɡasɯnɯ/
dalgayı,/dal.ɡa.ˈjɯ/
dam,/ˈdam/
damla,/dam.ˈla/
damlalar,/dam.laˈlaɾ/
damlamaz,/dam.la.ˈmaz/
damlası,/dam.la.ˈsɯ/
damlayı,/dam.la.ˈjɯ/
dana,/daˈna/
danası,/danaˈsɯ/
darbe,/daɾ.ˈbe/
darbe modülasyonu,/daɾ.ˈbe mo.dy.las.jo.nu/
darbe modülasyonunu,/daɾ.ˈbe mo.dy.las.jo.nu.ˈnu/
darbe modülasyonunun,/daɾ.ˈbe mo.dy.las.jo.nu.ˈnun/
darbeler,/daɾ.be.ˈleɾ/
darbesi,/daɾ.be.ˈsi/
darbımesel,/ˈdaɾbɯmeˈsel/
data,/ˈda.ta/
datalar,/ˈda.ta.ˈlaɾ/
datam,/da.ˈtam/
datamı,/ˈda.ta.ˈmɯ/
datan,/da.ˈtan/
datanı,/ˈda.ta.ˈnɯ/
datanın,/ˈda.ta.ˈnɯn/
datası,/ˈda.ta.ˈsɯ/
datayı,/ˈda.ta.ˈjɯ/
dava,/daː.ˈvaː/
davalar,/daː.vaː.ˈlaɾ/
davası,/daː.vaː.ˈsɯ/
davayı,/daː.vaː.ˈjɯ/
davranış,/davɾaˈnɯʃ/
davranış örüntüsü,/dav.ɾa.ˈnɯʃ œ.ɾyn.ty.sy/
davul,/daˈvul/
"davul görür oynar, mihrap görür ağlar",/daβ̞ulɟœɾyɾojnaɾmihɾapɟœɾyɾaːɫaɾ/
dayanışma,/da.ja.nɯʃ.ˈma/
dağ,/daː/
dağa,/daˈ‿a/
dağda,/daːda/
dağdan,/daːdan/
dağlar,/daːɫaɾ/
dağı,/daˈ‿ɯ/
dağım,/da.ˈ‿ɯm/
dağın,/daˈ‿ɯn/
dağını,/da.‿ɯ.ˈnɯ/
dağınık,/da.‿ɯ.ˈnɯc/
dağınık gözenek,/da.‿ɯ.ˈnɯc ɡœ.ze.nec/
dağının,/da.‿ɯ.ˈnɯn/
deadlock,/ˈded.loc/
defans,/defans/
defetmek,/ˈdefetmec/
defihacet,/defʔi haːˈd͡ʒet/
defihacet etme,/defʔi haːˈd͡ʒet etˈme/
defihacet etmek,/defʔi haːˈd͡ʒet etˈmec/
defihacet etmeme,/defʔi haːˈd͡ʒet ˈetmeˈme/
defin,/de.ˈfin/
definler,/de.fin.ˈleɾ/
defne,/defˈne/
defni,/def.ˈni/
defnin,/def.ˈnin/
defolmak,/ˈdef.ol.mak/
defter,/defˈteɾ/
degaj,/deɟaʒ/
degajman,/deɡaʒˈman/
dehliz,/dehˈliz/
deist,/de.ˈist/
deisti,/deisˈti/
deistin,/deisˈtin/
deistler,/deistˈleɾ/
delalet,/de.laː.ˈlet/
deli,/de.ˈli/
delil,/de.ˈlil/
deliler,/de.li.ˈleɾ/
delileri,/de.li.le.ˈɾi/
delilerin,/de.li.le.ˈɾin/
delili,/de.li.ˈli/
deliller,/de.lil.ˈleɾ/
delilleri,/de.lil.le.ˈɾi/
delillerin,/de.lil.le.ˈɾin/
delilli,/de.lil.ˈli/
delilsiz,/delilˈsiz/
delisi,/de.li.ˈsi/
delta,/ˈdelta/
delüzyon,/delyzjon/
dem,/ˈdem/
demans,/de.ˈmans/
demanslı,/de.ˈmans.ˈlɯ/
demanssız,/demanssɯz/
demansı,/de.ˈman.ˈsɯ/
demansım,/de.ˈman.ˈsɯm/
demansın,/de.ˈman.ˈsɯn/
demem,/deˈmem/
demesen,/ˈde.me.sen/
demez,/de.ˈmez/
demezse,/deˈmezse/
demezsin,/demezsin/
demir,/deˈmiɾ/
demir yolu,/de.ˈmiɾ jo.lu/
demirde,/demiɾˈde/
demirden,/demiɾˈden/
demire,/demiˈɾe/
demiri,/demiˈɾi/
demiriler,/demiɾiˈleɾ/
demirim,/demiˈɾim/
demirin,/demiˈɾin/
demirler,/demiɾˈleɾ/
deneyim,/de.ne.ˈjim/
denge,/deɲ.ˈɟe/
dengelemek,/dengeleˈmec/
dengeler,/deɲ.ɟe.ˈleɾ/
dengesi,/deɲ.ɟe.ˈsi/
deni,/de.ˈni/
deniz,/deˈniz/
deniz kızı,/deˈniz kɯˈzɯ/
deniz kızını,/deˈniz kɯzɯˈnɯ/
deniz üssü,/de.ˈniz ys.sy/
denizgülleri,/deˈnizgylleˈri/
denizgüllerinde,/deˈnizgyllerinˈde/
denizgüllerinden,/deˈnizgyllerinˈden/
denizgüllerini,/deˈnizgylleriˈni/
denizgüllerinin,/deˈnizgylleriˈnin/
denizgülü,/deˈnizgyˈly/
denizgülünde,/deˈnizgylynˈde/
denizgülünden,/deˈnizgylynˈden/
denizgülüne,/deˈnizgylyˈne/
denizgülünü,/deˈnizgylyˈny/
denizgülünün,/deˈnizgylyˈnyn/
denizi,/de.ni.ˈzi/
denizim,/de.ni.ˈzim/
denizin,/de.ni.ˈzin/
denizinde,/de.ni.zin.ˈde/
denizinden,/de.ni.zin.ˈden/
denizine,/de.ni.zi.ˈne/
denizini,/de.ni.zi.ˈni/
denizinin,/de.ni.zi.ˈnin/
denizler,/de.nizˈleɾ/
denizleri,/de.niz.le.ˈɾi/
denizlerin,/de.niz.le.ˈɾin/
denizli,/de.niz.ˈli/
denizsiz,/de.niz.ˈsiz/
denizşakayıkları,/deˈnizʃacːajɯclaˈrɯ/
denizşakayığı,/deˈnizʃacːajɯˈ‿ɯ/
denlzşakayıklarına,/denizʃakajɯkɫaɾɯˈna/
deprem,/dep.ˈɾem/
deprem namazı,/dep.ˈɾem na.ma.zɯ/
depreşmek,/dep.ɾeʃˈmec/
der,/ˈdeɾ/
der demez,/ˈdeɾ de.ˈmez/
derdest,/deɾ.ˈdest/
derdest etme,/deɾ.dest ˈet.me/
derdest etmek,/deɾ.ˈdest et.ˈmec/
derdest etmeler,/deɾ.ˈdest et.me.ˈleɾ/
derdest etmeme,/deɾ.ˈdest et.me.ˈme/
derdest etmesi,/deɾ.ˈdest et.me.ˈsi/
derdest etmeyi,/deɾ.ˈdest et.me.ˈji/
dere,/de.ˈɾe/
dereler,/de.ɾeˈleɾ/
dereli,/de.ɾe.ˈli/
deresi,/de.ɾe.ˈsi/
deresiz,/de.ɾe.ˈsiz/
dereyi,/de.ɾeˈji/
deri,/deˈɾi/
derim,/ˈdeɾim/
derin,/deˈɾin/
derin devlet,/deˈɾin devlet/
derman,/deɾ.ˈman/
ders,/ˈdæɾs/
dersi,/deɾˈsi/
dersim,/deɾˈsim/
dersin,/deɾˈsin/
derslik,/deɾsˈlic/
derviş,/deɾ.ˈviʃ/
dervişi,/deɾ.vi.ˈʃi/
dervişim,/deɾ.vi.ˈʃim/
dervişin,/deɾ.vi.ˈʃin/
dervişler,/deɾ.viʃ.ˈleɾ/
dervişleri,/deɾ.viʃ.le.ˈɾi/
dervişlerin,/deɾ.viʃ.le.ˈɾin/
derya,/deɾ.ˈjaː/
deryası,/deɾ.jaː.ˈsɯ/
deryayı,/deɾ.jaː.ˈjɯ/
desen,/de.ˈsen/
deseni,/de.se.ˈni/
desenim,/de.se.ˈnim/
desenimi,/de.se.ni.ˈmi/
desenin,/de.se.ˈnin/
desenini,/de.se.ni.ˈni/
deseninin,/de.se.ni.ˈnin/
desenler,/de.sen.ˈleɾ/
desenleri,/de.sen.le.ˈɾi/
desenlerim,/de.sen.le.ˈɾim/
desenlerin,/de.sen.le.ˈɾin/
desenlerini,/de.sen.le.ɾi.ˈni/
desenlerinin,/de.sen.le.ɾi.ˈnin/
destan,/desˈtan/
destekleyici,/desteklejiˈʤi/
destur,/des.tuːr/
dev,/ˈdev/
devalüe,/de.va.ɫy.ˈe/
devalüe et,/de.va.ɫy.ˈe ˈet/
devalüe etme,/de.va.ɫy.ˈe ˈet.me/
devalüe etmek,/de.va.ɫy.ˈe et.mec/
devalüe etmeler,/de.va.ɫy.ˈe et.me.ˈleɾ/
devalüe etmeme,/de.va.ɫy.ˈe et.me.ˈme/
devalüe etmemeler,/de.va.ɫy.ˈe et.me.me.ˈleɾ/
devalüe etmemesi,/de.va.ɫy.ˈe et.me.me.ˈsi/
devalüe etmemeyi,/de.va.ɫy.ˈe et.me.me.ˈji/
devalüe etmesi,/de.va.ɫy.ˈe et.me.ˈsi/
devalüe etmeyi,/de.va.ɫy.ˈe et.me.ˈji/
deve,/de.ˈve/
deve dikeni,/deˈve diceˈni/
develer,/de.veˈleɾ/
devesi,/de.ve.ˈsi/
devlet,/dev.ˈlet/
devleti,/dev.le.ˈti/
devletim,/devleˈtim/
devletin,/devleˈtin/
devletler,/dev.let.ˈleɾ/
devletler arası,/dev.let.ˈleɾ a.ɾa.sɯ/
devletlerde,/devletlæɾde/
devletlerden,/devletlæɾdæn/
devletlere,/devletleɾe/
devletleri,/dev.let.le.ˈɾi/
devletlerim,/devletleˈɾim/
devletlerin,/dev.let.le.ˈɾin/
devletlerini,/dev.let.le.ɾi.ˈni/
devletlerinin,/dev.let.le.ɾi.ˈnin/
devralmak,/ˈdevɾalmac/
devre,/ˈdev.ɾe/
devre elemanları,/dev.ˈɾe e.le.man.la.ˈɾɯ/
devre elemanı,/dev.ˈɾe e.le.ma.nɯ/
devre elemanını,/dev.ˈɾe e.le.ma.nɯ.ˈnɯ/
devre elemanının,/dev.ˈɾe e.le.ma.nɯ.ˈnɯn/
devreler,/dev.ɾe.ˈleɾ/
devremin,/devɾeˈmin/
devrenin,/devɾeˈnin/
devresi,/dev.ɾe.ˈsi/
devresin,/dev.ˈɾe.sin/
devresini,/dev.ɾe.si.ˈni/
devresinin,/dev.ɾe.si.ˈnin/
devreye,/devɾeˈje/
devâm-ı sükût,/devaːmɯsycuːt/
deyja,/dejʒa/
deyyus,/dejˈjus/
değer,/dejæɾ/
değere,/dejeɾe/
değeri,/de‿eˈɾi/
değerin,/de‿eˈɾin/
değerlendirir,/dejæɾlændiɾiɾ/
değerlendirme,/de‿eɾlendirˈme/
değerlendirmek,/dejæɾlændiɾmec/
değerlendirmez,/dæjæɾlændiɾmæz/
değerlenme,/dejæɾlænme/
değerler,/de‿eɾˈleɾ/
değil,/dejil/
değili,/dejili/
değilim,/dejilim/
değilin,/dejilin/
değiliz,/dejiliz/
değiller,/dejillæɾ/
değilli,/dejilli/
değilsin,/dejilsin/
değilsiniz,/dejilsiniz/
değin,/dejin/
değişen,/dejiʃæn/
değişen yıldız,/de.ji.ˈʃen jɯɫ.ˈdɯz/
değişik,/dejiʃic/
değişim,/dejiʃim/
değişimler,/dejiʃimlæɾ/
değişme,/dejiʃme/
değişmek,/dejiʃmec/
değişmeli,/dejiʃmeli/
değişmeli grubu,/de.jiʃ.me.ˈli ɡɾu.ˈbu/
değişmeli grubun,/de.jiʃ.me.ˈli ɡɾu.ˈbun/
değişmeli grup,/de.‿iʃ.me.ˈli ɡɾup/
değişmeli gruplar,/de.‿iʃ.me.ˈli ɡɾup.ˈlaɾ/
değişmeme,/dejiʃmeme/
değişmemiş,/dejiʃmemiʃ/
değişmesiz,/dejiʃmesiz/
değişmeyen,/dejiʃmejæn/
değişmez,/dæjiʃmæz/
değişmiş,/dejiʃmiʃ/
değmek,/dejmec/
değmeyin,/dejmejin/
değmezler,/dejmezlæɾ/
deş,/ˈdeʃ/
deşmek,/deʃˈmec/
diamond,/dijamond/
didiklemek,/diˈdiklemek/
dikiz aynası,/diˈciz ajnaˈsɯ/
dikiş makinesi,/di.ˈciʃ ma.ci.ne.si/
dikkat,/dik.katʲ/
dikkatle,/dik.katʲ.le/
dikkatli,/dic.cat.li/
dikkatsiz,/dik.katʲ.siz/
dil,/ˈdil/
dil aileleri,/ˈdil aː.i.le.le.ˈɾi/
dil ailesi,/ˈdil aː.i.le.ˈsi/
dil ailesini,/ˈdil aː.i.le.si.ˈni/
dil ailesinin,/ˈdil aː.i.le.si.ˈnin/
dil bilimi,/ˈdil biliˈmi/
dil grubu,/ˈdil ɡɾu.ˈbu/
dil grubunu,/ˈdil ɡɾu.bu.ˈnu/
dil grubunun,/ˈdil ɡɾu.bu.ˈnun/
dil grupları,/ˈdil ɡɾup.la.ˈɾɯ/
dil gruplarım,/ˈdil ɡɾup.la.ˈɾɯm/
dil grupların,/ˈdil ɡɾup.la.ˈɾɯn/
dil gruplarını,/ˈdil ɡɾup.la.ɾɯ.ˈnɯ/
dil gruplarının,/ˈdil ɡɾup.la.ɾɯ.ˈnɯn/
dilde,/dilˈde/
dilden,/dilˈden/
dile,/diˈle/
dilek kipi,/diˈlec kipi/
dilek kipleri,/diˈlec kipleˈɾi/
dili,/di.ˈli/
dili damağına yapışmak,/diˈli damaːˈna japɯʃˈmak/
dilim,/diˈlim/
dilimi,/di.li.ˈmi/
dilimim,/di.li.ˈmim/
dilimimi,/di.li.mi.ˈmi/
dilimimin,/di.li.mi.ˈmin/
dilimin,/di.li.ˈmin/
dilimini,/di.li.mi.ˈni/
diliminin,/di.li.mi.ˈnin/
dilin,/diˈlin/
dilinde,/dilinˈde/
dilinden,/dilinˈden/
diline,/diliˈne/
dilini,/di.liˈni/
dilinin,/diliˈnin/
diller,/dil.ˈleɾ/
diller arası,/dil.ˈleɾ a.ɾa.sɯ/
dillerde,/dilleɾˈde/
dillerden,/dilleɾˈden/
dillere,/dilleˈɾe/
dilleri,/dil.le.ˈɾi/
dillerin,/dil.le.ˈɾin/
dillerinde,/dilleɾinˈde/
dillerinden,/dilleɾinˈden/
dillerine,/dilleɾiˈne/
dillerini,/dil.le.ɾi.ˈni/
dillerinin,/dil.le.ɾi.ˈnin/
dilsiz,/dilˈsiz/
dilsizlik,/dilsizˈlic/
din,/ˈdin/
din felsefesi,/din felsefeˈsi/
dinci,/din.ˈd͡ʒi/
dincilik,/din.d͡ʒi.ˈlic/
dinde,/dinˈde/
dinden,/dinˈden/
dine,/diˈne/
dini,/diː.ˈni/
dinim,/diː.ˈnim/
dinlemez,/dinleˈmez/
dinlemezler,/dinleˈmezleɾ/
dinleneceksin,/din.le.ne.ˈd͡ʒec.sin/
dinlenmeyeceksin,/din.ˈlen.me.je.d͡ʒec.sin/
dinler,/dinˈleɾ/
dinler arası,/din.ˈleɾ a.ɾa.sɯ/
dinlerler,/dinˈleɾleɾ/
dinli,/din.ˈli/
dinsizlik,/din.siz.lik/
dinî,/diniː/
diploma,/dip.ˈlo.ma/
diplomasi,/dip.lo.ma.ˈsi/
diplomasisi,/dip.lo.ma.si.ˈsi/
diploması,/dip.ˈlo.ma.ˈsɯ/
diplomayı,/dip.ˈlo.ma.ˈjɯ/
diri,/diˈɾi/
dirlik,/diɾˈlic/
diski,/dis.ˈci/
diskin,/dis.ˈcin/
disleksi,/disleksi/
distend,/disˈtend/
distopya,/dis.ˈtop.ja/
distopyalar,/dis.ˈtop.ja.laɾ/
distopyası,/dis.ˈtop.ja.ˈsɯ/
distopyayı,/dis.ˈtop.ja.ˈjɯ/
diyabet,/di.ja.ˈbet/
diyabetik,/di.ja.be.ˈtik/
diyagram,/di.ja.ˈɡɾam/
diyagramlar,/di.ja.ɡɾam.ˈlaɾ/
diyagramları,/di.ja.ɡɾam.la.ˈɾɯ/
diyagramların,/di.ja.ɡɾam.la.ˈɾɯn/
diyagramlarını,/di.ja.ɡɾam.la.ɾɯ.ˈnɯ/
diyagramlarının,/di.ja.ɡɾam.la.ɾɯ.ˈnɯn/
diyagramı,/di.ja.ɡɾa.ˈmɯ/
diyagramın,/di.ja.ɡɾa.ˈmɯn/
diyagramını,/di.ja.ɡɾa.mɯ.ˈnɯ/
diyagramının,/di.ja.ɡɾa.mɯ.ˈnɯn/
diyalog,/di.ja.ˈloɡ/
diye,/dije/
diyosez,/dijoˈsez/
dizi,/di.ˈzi/
diziler,/di.ziˈleɾ/
dizileri,/di.zi.le.ˈɾi/
dizilerin,/dizileɾin/
dizin,/di.ˈzin/
dizisi,/di.zi.ˈsi/
dizisini,/di.zi.si.ˈni/
dizisinin,/di.zi.si.ˈnin/
dizüstü bilgisayar,/dizystybilɟisajaɾ/
diş,/ˈdiʃ/
diş macunu,/diʃ maːd͡ʒuˈnu/
dişe,/diˈʃe/
dişi,/di.ˈʃi/
dişiler,/di.ʃi.ˈleɾ/
dişim,/di.ˈʃim/
dişimi,/di.ʃi.ˈmi/
dişimin,/di.ʃi.ˈmin/
dişin,/di.ˈʃin/
dişinde,/di.ʃin.ˈde/
dişinden,/di.ʃin.ˈden/
dişine,/di.ʃi.ˈne/
dişini,/di.ʃi.ˈni/
dişinin,/di.ʃi.ˈnin/
dişisi,/di.ʃi.ˈsi/
dişlemem,/diʃlemæm/
dişlemez,/diʃlæmæz/
dişler,/diʃlæɾ/
dişlerden,/diʃlæɾdæn/
dişleri,/diʃleɾi/
dişlerim,/diʃleɾim/
dişlerin,/diʃleɾin/
dokuma,/dokuˈma/
dokumayı,/dokumaˈjɯ/
dokuz,/do.ˈcuz/
dolabı,/dolaˈbɯ/
dolabım,/dolaˈbɯm/
dolabın,/dolaˈbɯn/
dolandırıcı,/do.lan.dɯ.ɾɯ.ˈd͡ʒɯ/
dolandırıcılık,/do.lan.dɯ.ɾɯ.d͡ʒɯ.ˈlɯc/
dolap,/doˈɫap/
dolaplara,/dolaplaˈɾa/
dolaplarda,/dolaplaɾˈda/
dolaplardan,/dolaplaɾˈdan/
dolapları,/dolaplaˈɾɯ/
dolapların,/dolaplaˈɾɯn/
dolapta,/dolapˈta/
domuz,/doˈmuz/
domuzgiller,/domuzgilˈleɾ/
donanım,/donanɯm/
donanım yazılımları,/donaˈnɯm jazɯˈlɯmlaˈɾɯ/
donanım yazılımlarına,/donaˈnɯm jazɯˈlɯmlaɾɯˈna/
donanım yazılımlarında,/donaˈnɯm jazɯˈlɯmlaɾɯnˈda/
donanım yazılımlarından,/donaˈnɯm jazɯˈlɯmlaɾɯnˈdan/
donanım yazılımlarını,/donaˈnɯm jazɯˈlɯmlaɾɯˈnɯ/
donanım yazılımlarının,/donaˈnɯm jazɯˈlɯmlaɾɯˈnɯn/
donanım yazılımı,/donanɯmjazɯɫɯmɯ/
donanım yazılımına,/donaˈnɯm jazɯlɯmɯˈna/
donanım yazılımında,/donaˈnɯm jazɯlɯmɯnˈda/
donanım yazılımından,/donaˈnɯm jazɯlɯmɯnˈdan/
donanım yazılımını,/donaˈnɯm jazɯlɯmɯˈnɯ/
donanım yazılımının,/donaˈnɯm jazɯlɯmɯˈnɯn/
donanıma,/donanɯˈma/
donanımda,/donanɯmˈda/
donanımdan,/donanɯmˈdan/
donanımlardan,/donanɯmlaɾˈdan/
donanımları,/donanɯmlaˈɾɯ/
donanımlarım,/donanɯmlaˈɾɯm/
donanımların,/donanɯmlaˈɾɯn/
donanımı,/donanɯˈmɯ/
donanımım,/donanɯˈmɯm/
donanımın,/donanɯˈmɯn/
dondurma,/don.duɾ.ma/
done,/do.ˈne/
dost,/ˈdost/
dostlar,/dostˈlaɾ/
dostu,/dos.ˈtu/
dosya,/ˈdos.ja/
dosya aç,/ˈdos.ja at͡ʃ/
dosya açma,/dos.ja ˈat͡ʃ.ma/
dosya açmak,/dos.ˈja at͡ʃ.mac/
dosya açmama,/dos.ja ˈat͡ʃ.ma.ma/
dosyadan,/dos.jaˈdan/
dosyala,/dos.ja.ˈla/
dosyalama,/dos.ja.ˈla.ma/
dosyalamak,/dos.ja.la.ˈmac/
dosyalamama,/dos.ja.la.ma.ˈma/
dosyalamamama,/dos.ja.ˈla.ma.ma.ˈma/
dosyalamaz,/dos.ja.la.ˈmaz/
dosyalı,/dos.ja.ˈlɯ/
dosyam,/dos.ˈjam/
dosyamı,/dos.ja.ˈmɯ/
dosyamın,/dos.ja.ˈmɯn/
dosyan,/dos.ˈjan/
dosyanı,/dos.ja.ˈnɯ/
dosyanın,/dos.ja.ˈnɯn/
dosyası,/dos.ja.ˈsɯ/
dosyasın,/dos.ja.ˈsɯn/
dosyasını,/dos.ja.sɯ.ˈnɯ/
dosyasının,/dos.ja.sɯ.ˈnɯn/
dosyasız,/dos.ja.ˈsɯz/
dosyayı,/dos.ja.ˈjɯ/
doğal,/doˈ‿al/
doğal gaz,/do.ˈ‿al ɡaz/
doğal sayı,/do.ˈ‿al sa.jɯ/
doğal sayısı,/do.ˈ‿al sa.jɯ.ˈsɯ/
doğal sayıyı,/do.ˈ‿al sa.jɯ.ˈjɯ/
doğan,/d̪o̞ˈan̪/
doğangiller,/doˈ‿anɡilleɾ/
doğanlar,/do.‿an.ˈlaɾ/
doğanı,/do.‿a.ˈnɯ/
doğmayan,/doːmajan/
doğru,/doɰˈɾu/
doğrucu,/doːɾud͡ʒu/
doğruculuk,/do‿ɾud͡ʒuˈluc/
doğu,/do.ˈ‿u/
doğum,/do.ˈ‿um/
doğunu,/do‿uˈnu/
doğunun,/do‿uˈnun/
doğusu,/do‿uˈsu/
doğuyu,/do‿uˈju/
doşmanlıq,/dɔʃˈmanɫɯq/
draw,/dɹɔ/
dretnot,/ˈdretnot/
dua,/du.ˈaː/
dualar,/du.aː.ˈlaɾ/
duası,/du.aː.ˈsɯ/
duasın,/du.aː.ˈsɯn/
duasını,/du.aː.sɯ.ˈnɯ/
duasının,/du.aː.sɯ.ˈnɯn/
duayı,/du.aː.ˈjɯ/
dudak,/duˈdac/
dudaklı,/dudacˈlɯ/
dudaklılık,/dudaclɯˈlɯc/
dudaksız,/dudacˈsɯz/
dudaksızlık,/dudacsɯzˈlɯc/
duhâ,/du.ˈhaː/
duhâ namazı,/du.ˈhaː na.ma.zɯ/
durağan,/du.ɾa.ˈ‿an/
durum,/du.ˈɾum/
duvar,/du.ˈvaɾ/
duvarcı,/du.vaɾ.ˈd͡ʒɯ/
duvarcılık,/du.vaɾ.d͡ʒɯ.ˈlɯc/
duvarcılığı,/du.vaɾ.d͡ʒɯ.lɯ.ˈ‿ɯ/
duvarcılığım,/du.vaɾ.d͡ʒɯ.lɯ.ˈ‿ɯm/
duvarcılığın,/du.vaɾ.d͡ʒɯ.lɯ.ˈ‿ɯn/
duvarcılığını,/du.vaɾ.d͡ʒɯ.lɯ.‿ɯ.ˈnɯ/
duvarcılığının,/du.vaɾ.d͡ʒɯ.lɯ.‿ɯ.ˈnɯn/
duvarcısı,/du.vaɾ.d͡ʒɯ.ˈsɯ/
duvarcıyı,/du.vaɾ.d͡ʒɯ.ˈjɯ/
duvarlar,/du.vaɾ.ˈɫaɾ/
duvarları,/du.vaɾ.la.ˈɾɯ/
duvarlarım,/du.vaɾ.la.ˈɾɯm/
duvarların,/du.vaɾ.la.ˈɾɯn/
duvarlarını,/du.vaɾ.la.ɾɯ.ˈnɯ/
duvarlarının,/du.vaɾ.la.ɾɯ.ˈnɯn/
duvarlı,/du.vaɾ.ˈlɯ/
duvarsız,/du.vaɾ.ˈsɯz/
duvarı,/du.vaˈɾɯ/
duvarım,/du.va.ˈɾɯm/
duvarın,/du.va.ˈɾɯn/
duvarını,/du.va.ɾɯ.ˈnɯ/
duvarının,/du.va.ɾɯ.ˈnɯn/
duydu,/duj.ˈdu/
duygu,/duj.ˈɡu/
duygular,/duj.ɡuˈlaɾ/
duygusu,/duj.ɡu.ˈsu/
duyguyu,/duj.ɡu.ˈju/
duymadı,/ˈduj.ma.ˈdɯ/
duyulan geçmiş zaman,/dujuˈlan ɡet͡ʃmiʃ zaman/
duş,/ˈduʃ/
dâhil,/daː.ˈhil/
dâhili,/daː.hi.ˈli/
dâhilî,/daː.hi.ˈliː/
dönem,/dœnæm/
dönemi,/dœnemi/
dönence,/dœnenˈd͡ʒe/
dönme,/ˈdœn.me/
dönmek,/dœnˈmec/
dönüm,/dœˈnym/
dönüşlü zamir,/dœ.nyʃ.ˈly za.miɾ/
dörtgen,/dœɾtɟen/
dörtlü,/dœɾt.ˈly/
dörtnal,/dœɾtˈnal/
dörtnala,/ˈdœɾtnaˈla/
düalist,/dyaˈlist/
düalizm,/dyaˈlizm/
dünya,/dynˈjaː/
dünya savaşı,/dyn.ˈjaː sa.va.ʃɯ/
dünyada,/dynjaːˈda/
dünür,/dy.ˈnyɾ/
dürbün,/dyɾˈbyn/
dürüm,/dy.ˈɾym/
düzeltmeler,/dyzeltmeˈleɾ/
düzen,/dyˈzen/
düzenle,/dyzenˈłe/
düzenleme,/dyzenłeˈme/
düzenlemez,/dyzenleˈmez/
düzenler,/dyzenˈleɾ/
düzenli,/dy.zen.ˈli/
düzenli ifade,/dy.zen.ˈli i.faː.de/
düzenli ifadeler,/dy.zen.ˈli i.faː.de.ˈleɾ/
düzenli ifadesi,/dy.zen.ˈli i.faː.de.ˈsi/
düzenli ifadeyi,/dy.zen.ˈli i.faː.de.ˈji/
düzensiz,/dy.zen.ˈsiz/
düğün pastası,/dʏː‿ˈʏn pastaˈsɯ/
düğün pilavı,/dyːˈyn pilaˈvɯ/
düş,/ˈdyʃ/
düşen,/dy.ˈʃen/
düşkün,/dyʃˈkyn/
düşkünlük,/dyʃkynˈlyc/
düşkünlükler,/dyʃkynlycˈleɾ/
düşkünlüğü,/dyʃkynlyˈ‿y/
düşman,/dyʃˈman/
düşmana,/dyʃmaˈna/
düşmanda,/dyʃmanˈda/
düşmandan,/dyʃmanˈdan/
düşmanlara,/dyʃmanlaˈra/
düşmanlarda,/dyʃmanlarˈda/
düşmanlardan,/dyʃmanlarˈdan/
düşmanları,/dyʃmanlaˈrɯ/
düşmanlarım,/dyʃmanlaˈrɯm/
düşmanların,/dyʃmanlaˈrɯn/
düşmanlık,/dyʃmanˈlɯc/
düşmanlıklara,/dyʃmanlɯclaˈra/
düşmanlıklarda,/dyʃmanlɯclarˈda/
düşmanlıklardan,/dyʃmanlɯclarˈdan/
düşmanlıkları,/dyʃmanlɯclaˈrɯ/
düşmanlıkların,/dyʃmanlɯclaˈrɯn/
düşmanlığa,/dyʃmanlɯˈ‿a/
düşmanlığı,/dyʃmanlɯˈ‿ɯ/
düşmanlığım,/dyʃmanlɯˈ‿ɯm/
düşmanlığın,/dyʃmanlɯˈ‿ɯn/
düşmanı,/dyʃmaˈnɯ/
düşmanım,/dyʃmaˈnɯm/
düşmanıma,/dyʃmanɯmˈma/
düşmanımı,/dyʃmanɯmˈmɯ/
düşmanımın,/dyʃmanɯmˈmɯn/
düşmanın,/dyʃmaˈnɯn/
düşmanına,/dyʃmanɯmˈna/
düşmanını,/dyʃmanɯmˈnɯ/
düşmanının,/dyʃmanɯmˈnɯn/
düşme,/dyʃˈme/
düşmek,/dyʃˈmec/
düşmemi,/dyʃmeˈmi/
düşmemiz,/dyʃmeˈmiz/
düşmesi,/dyʃmeˈsi/
düşmeyen,/ˈdyʃ.me.jen/
düşünce,/dyʃynˈd͡ʒe/
düşünceler,/dyʃynd͡ʒeˈleɾ/
düşüncesi,/dyʃynd͡ʒeˈsi/
"düşünüyorum, öyleyse varım",/dyʃyˈnyjoɾum œjˈlejˈse ˈvaɾɯm/
dış,/ˈdɯʃ/
dış işleri,/ˈdɯʃ iʃ.le.ˈɾi/
dışındalık,/dɯ.ʃɯn.da.ˈlɯc/
dışındalık hâli,/dɯ.ʃɯn.da.ˈlɯc haː.ɫi/
e,/ˈe/
e-posta,/ˈeːposta/
e-postalar,/eːpostaˈlaɾ/
e-postayı,/eːpostaˈjɯ/
ebabil namazları,/e.baː.ˈbiːl na.maz.la.ˈɾɯ/
ebabil namazı,/e.baː.ˈbiːl na.ma.zɯ/
ebabil namazını,/e.baː.ˈbiːl na.ma.zɯ.ˈnɯ/
ebabil namazının,/e.baː.ˈbiːl na.ma.zɯ.ˈnɯn/
ebedî,/e.be.ˈdiː/
ebedî hayat,/e.be.ˈdiː ha.jat/
ebedî uyku,/e.be.ˈdiː uj.cu/
ebeveyn,/e.be.ˈvejn/
ebeveynde,/ebevejnˈde/
ebeveynden,/ebevejnˈden/
ebeveyne,/ebevejˈne/
ebeveyni,/ebevejˈni/
ebeveynim,/ebevejˈnim/
ebeveynimde,/ebevejnimˈde/
ebeveynimden,/ebevejnimˈden/
ebeveynime,/ebevejniˈme/
ebeveynimi,/ebevejniˈmi/
ebeveynimin,/ebevejniˈmin/
ebeveynin,/ebevejˈnin/
ebeveynler,/ebevejnˈleɾ/
ebeveynlerde,/ebevejnleɾˈde/
ebeveynlerden,/ebevejnleɾˈden/
ebeveynlere,/ebevejnevleˈɾe/
ebeveynleri,/ebevejnevleˈɾi/
ebeveynlerim,/ebevejnevleˈɾim/
ebeveynlerimde,/ebevejnevleɾimˈde/
ebeveynlerimden,/ebevejnevleɾimˈden/
ebeveynlerime,/ebevejnevleɾiˈme/
ebeveynlerimi,/ebevejnevleɾiˈmi/
ebeveynlerimin,/ebevejnevleɾiˈmin/
ebeveynlerin,/ebevejnevleˈɾin/
ebeveynlerini,/ebevejnevleˈiɾni/
ebeveynlerinin,/ebevejnevleˈiɾnin/
ebeveynli,/ebevejnˈli/
ebeveynlik,/ebevejnˈlic/
ebeveynsiz,/ebevejnˈsiz/
ebleh,/eb.ˈleh/
ece,/eˈd͡ʒe/
edat,/e.ˈdat/
edatlı,/e.dat.ˈlɯ/
edatlı tümleç,/e.dat.ˈlɯ tym.let͡ʃ/
edatsız,/e.dat.ˈsɯz/
edatı,/e.da.ˈtɯ/
edebiyat,/e.de.bi.ˈjat/
edebî,/e.de.ˈbiː/
eder,/e.ˈdeɾ/
edil,/e.ˈdil/
edille,/e.ˈdil.le/
edille-i şer'iyye,/e.ˈdil.le.ˈi ʃeɾ.ˈˤij.je/
edilme,/e.dil.ˈme/
edilmek,/e.dil.ˈmec/
edilmeler,/e.dil.me.ˈleɾ/
edilmeme,/e.ˈdil.me.me/
edilmemeler,/e.ˈdil.me.me.ˈleɾ/
edilmemesi,/e.ˈdil.me.me.ˈsi/
edilmesi,/e.dil.me.ˈsi/
edinir,/e.diˈniɾ/
edinme,/e.din.ˈme/
edinmek,/e.din.ˈmec/
edinmeler,/e.din.me.ˈleɾ/
edinmeme,/e.din.me.ˈme/
edinmemeler,/e.din.me.me.ˈleɾ/
edinmememe,/e.ˈdin.me.me.ˈme/
edinmemesi,/e.din.me.me.ˈsi/
edinmesi,/e.din.me.ˈsi/
edinmez,/e.din.ˈmez/
ef'âl-i mükellefîn,/ef.ʔaː.li my.kel.le.fiːn/
efdal,/ef.ˈdaɫ/
efdaliyet,/ef.da.ɫi.ˈjet/
efe,/e.ˈfe/
efeler,/e.fe.ˈleɾ/
efendi,/eˈfændi/
efendide,/efendiˈde/
efendiden,/efendiˈden/
efendiler,/efendiˈleɾ/
efendim,/efenˈdim/
efendinin,/efendiˈnin/
efendiye,/efendiˈje/
efendiyi,/efendiˈji/
efesi,/e.fe.ˈsi/
egemenlik,/egemenˈlic/
egoist,/e.ɡɔ.ist/
egzersiz,/eɡ.zeɾ.ˈsiz/
egzistans,/eɟ.zis.tans/
egzoterik,/eɟ.zɔ.te.ɾic/
ehl-i beyt,/eh.li ˈbejt/
ejderha,/eʒdəɾhaː/
ek,/ˈec/
eker,/e.ˈceɾ/
ekipman,/e.cip.man/
eklem,/ec.ˈlem/
ekleme,/ec.le.ˈmi/
eklemeler,/ec.le.me.ˈleɾ/
eklemeli dil,/ec.le.me.ˈli dil/
eklemeli dili,/ec.le.me.ˈli di.ˈli/
eklemeli dilin,/ec.le.me.ˈli di.ˈlin/
eklemeli diller,/ec.le.me.ˈli dil.leɾ/
eklemesi,/ec.le.me.ˈsi/
eklemi,/ec.le.ˈmi/
eklemler,/ec.lem.ˈleɾ/
ekler,/ec.ˈleɾ/
eklerler,/ec.ˈleɾ.leɾ/
ekmek,/e̞c.ˈme̞c/
ekmekler,/ek.mek.ˈleɾ/
ekmeklerde,/ecmecleɾˈde/
ekmeklerden,/ecmecleɾˈden/
ekmemek,/ˈec.me.mec/
ekmez,/ec.ˈmez/
ekmeği,/ek.me.ˈ‿i/
ekonomi,/e.ko.no.ˈmi/
ekseriyet,/ec.se.ɾi.jet/
eksi sayı,/ec.ˈsi sa.jɯ/
eksik,/ec.ˈsic/
eksperyans,/ecs.per.jans/
ekvator,/ec.va.ˈtoɾ/
ekvatoru,/ec.va.to.ˈɾu/
el,/ˈel/
el arabası,/ˈel a.ɾa.ba.sɯ/
el âlem,/ˈel aːˈɫem/
elatif,/e.la.ˈtif/
elatif hâli,/e.la.ˈtif haː.ɫi/
elativ,/ˈe.la.tiv/
elbet,/ˈelbet/
elbette,/elˈbette/
elbise,/el.bi.ˈse/
elbiseler,/el.bi.se.ˈleɾ/
elbisesi,/el.bi.se.ˈsi/
elde etmek,/el.ˈde et.mec/
elektrik,/e.lec.ˈtɾic/
elektrik devresi,/e.lec.ˈtɾic dev.ɾe.ˈsi/
elektromanyetik darbe,/e.lec.tɾo.man.je.ˈtic daɾ.ˈbe/
elektron mikroskobu,/e.lek.ˈtɾon mik.ɾos.ko.bu/
elektronik,/e.lec.tɾo.ˈnic/
elektronik beyin,/ˈe.ˈlec.tɾo.ˈnic be.ˈjin/
elektronik beyinler,/ˈe.ˈlec.tɾo.ˈnic be.jin.ˈleɾ/
elektronik beyni,/ˈe.ˈlec.tɾo.ˈnic bej.ˈni/
elektronik beynin,/ˈe.ˈlec.tɾo.ˈnic bej.ˈnin/
elektronik devre,/ˈe.ˈlec.tɾo.ˈnic dev.ˈɾe/
elektronik devre elemanları,/ˈe.ˈlec.tɾo.ˈnic dev.ˈɾe e.le.man.la.ˈɾɯ/
elektronik devre elemanların,/ˈe.ˈlec.tɾo.ˈnic dev.ˈɾe e.le.man.la.ˈɾɯn/
elektronik devre elemanlarını,/ˈe.ˈlec.tɾo.ˈnic dev.ˈɾe e.le.man.la.ɾɯ.ˈnɯ/
elektronik devre elemanlarının,/ˈe.ˈlec.tɾo.ˈnic dev.ˈɾe e.le.man.la.ɾɯ.ˈnɯn/
elektronik devre elemanı,/ˈe.ˈlec.tɾo.ˈnic dev.ˈɾe e.le.ma.nɯ/
elektronik devre elemanını,/ˈe.ˈlec.tɾo.ˈnic dev.ˈɾe e.le.ma.nɯ.ˈnɯ/
elektronik devre elemanının,/ˈe.ˈlec.tɾo.ˈnic dev.ˈɾe e.le.ma.nɯ.ˈnɯn/
elektronik devreler,/ˈe.ˈlec.tɾo.ˈnic dev.ɾe.ˈleɾ/
elektronik devresi,/ˈe.ˈlec.tɾo.ˈnic dev.ɾe.ˈsi/
elektronik devreyi,/ˈe.ˈlec.tɾo.ˈnic dev.ɾe.ˈji/
elektronik lepton,/e.lec.tɾo.ˈnik lep.ton/
elektronik postalar,/electɾonic postaˈlaɾ/
elektronik postayı,/electɾonic postaˈjɯ/
elektronikler,/e.lec.tɾo.nic.ˈleɾ/
elektronikçi,/ˈe.ˈlec.tɾo.ˈnic.ˈt͡ʃi/
elektroniği,/e.lec.tɾo.ni.ˈ‿i/
elektroniğin,/e.lec.tɾo.ni.ˈ‿in/
elemanları,/e.le.man.la.ˈɾɯ/
elemanların,/e.le.man.la.ˈɾɯn/
elemanlarını,/e.le.man.la.ɾɯ.ˈnɯ/
elemanlarının,/e.le.man.la.ɾɯ.ˈnɯn/
elemanı,/e.le.ma.ˈnɯ/
elemanın,/e.le.ma.ˈnɯn/
elemanını,/e.le.ma.nɯ.ˈnɯ/
elemanının,/e.le.ma.nɯ.ˈnɯn/
element,/e.le.ment/
elhamdülillah,/elˈhamdylillah/
elle,/el.ˈle/
elleme,/el.ˈle.me/
ellemek,/el.le.ˈmec/
ellemeler,/el.le.me.ˈleɾ/
ellemesi,/el.le.me.ˈsi/
ellemez,/el.le.ˈmez/
eller,/el.ˈleɾ/
elli,/el.ˈli/
ellilik,/el.li.ˈlic/
ellilikler,/el.li.lic.ˈleɾ/
ellilikleri,/el.li.lic.le.ˈɾi/
elliliklerin,/el.li.lic.le.ˈɾin/
elma,/el.ˈma/
elması,/el.ma.ˈsɯ/
elmayı,/el.ma.ˈjɯ/
elsker,/elskər/
elti,/elˈti/
elvan,/elˈvan/
elvanı,/elvaˈnɯ/
elçi,/el.ˈt͡ʃi/
elçim,/el.ˈt͡ʃim/
elçin,/elˈt͡ʃin/
emek,/e.ˈmec/
emeklemez,/e.mec.le.ˈmez/
emekler,/e.mec.ˈleɾ/
emeği,/e.me.ˈ‿i/
emeğim,/e.me.ˈ‿im/
emeğin,/e.me.ˈ‿in/
emeğini,/e.me.‿i.ˈni/
emeğinin,/e.me.‿i.ˈnin/
emin,/e.ˈmin/
eminim,/e.ˈmi.nim/
emir,/e.ˈmiɾ/
emirde,/emiɾˈde/
emirden,/emiɾˈden/
emirin,/e.mi.ˈɾin/
emirini,/e.mi.ɾi.ˈni/
emirinin,/e.mi.ɾi.ˈnin/
emirler,/e.miɾ.ˈleɾ/
emirleri,/e.miɾ.le.ˈɾi/
emirlerim,/e.miɾ.le.ˈɾim/
emirlerin,/e.miɾ.le.ˈɾin/
emirlik,/e.miɾ.ˈlic./
emirlikler,/e.miɾ.lic.ˈleɾ/
emirlikleri,/e.miɾ.lic.le.ˈɾi/
emirliklerin,/e.miɾ.lic.le.ˈɾin/
emirliklerini,/e.miɾ.lic.le.ɾi.ˈni/
emirliklerinin,/e.miɾ.lic.le.ɾi.ˈnin/
emirliği,/e.miɾ.li.ˈ‿i/
emirliğim,/e.miɾ.li.ˈ‿im/
emirliğin,/e.miɾ.li.ˈ‿in/
emlak,/em.ˈlak/
empatide,/empatiˈde/
empatiler,/empatiˈleɾ/
empatilerde,/empatileɾˈde/
empatilere,/empatileˈɾe/
empatileri,/empatileˈɾi/
empatilerin,/empatileˈɾin/
empatinin,/empatiˈnin/
empatiye,/empatiˈje/
empty,/ˈempti/
emre,/em.ˈɾe/
emri,/em.ˈɾi/
emrim,/em.ˈɾim/
emrin,/em.ˈɾin/
emtia,/em.ti.ˈaː/
en,/ˈen/
endam,/en.ˈdam/
endeks,/en.ˈdeks/
ender,/en.ˈdeɾ/
endoplazmik retikulum,/endɔplaʐˈmic ɾetiˈculum/
endüstriler,/endystɾiˈleɾ/
endüstriyel,/en.dys.tɾiˈjel/
enerji,/e.neɾ.ˈʒi/
enerjiler,/eneɾʒiˈleɾ/
enerjisi,/eneɾʒiˈsi/
enerjisin,/eneɾʒiˈsin/
enerjisini,/eneɾʒisiˈni/
enerjisinin,/eneɾʒisiˈnin/
enginar,/eɳɟiˈnaɾ/
enjeksiyon,/enʒecsiˈjon/
enjeksiyonlarda,/enʒecsijonlaɾˈda/
enjeksiyonlardan,/enʒecsijonlaɾˈdan/
enjeksiyonları,/enʒecsijonlaˈɾı/
enjeksiyonların,/enʒecsijonlaˈɾın/
enjeksiyonlarını,/enʒecsijonlaɾıˈnı/
enjeksiyonlarının,/enʒecsijonlaɾıˈnın/
enjeksiyonu,/enʒecsijoˈnu/
enjeksiyonun,/enʒecsijoˈnun/
enjeksiyonunu,/enʒecsijonuˈnu/
enjeksiyonunun,/enʒecsijonuˈnun/
enseñar,/ensenyar/
enstitü,/enstiˈty/
enstitüler,/enstityˈleɾ/
enstitüyü,/enstityˈjy/
entegrasyon,/enteɡɾasˈjon/
entelektüel,/en.te.lec.ty.el/
epsilon,/ˈep.si.lon/
equivocate,/iˈkwivəˌkeit/
er,/ˈeɾ/
erbaa,/ˈeɾ.ba.ʔa/
erdem,/eɾˈdem/
erek,/eˈɾec/
ereksiyon,/eɾecsiˈjɔn/
ereksiyonu,/eɾecsijɔˈnu/
erektil,/eɾecˈtil/
eren,/e.ˈɾen/
ereni,/e.ɾe.ˈni/
erenim,/e.ɾe.ˈnim/
erenin,/e.ɾe.ˈnin/
erenler,/e.ɾen.ˈleɾ/
erenleri,/e.ɾen.le.ˈɾi/
erenlerim,/e.ɾen.le.ˈɾim/
erenlerin,/e.ɾen.le.ˈɾin/
erer,/eɾ.ˈeɾ/
eri,/e.ˈɾi/
erkek,/æɾ.ˈcec/
erkekler,/eɾ.cec.ˈleɾ/
erken bunama,/eɾˈcen bunaˈma/
erkence,/eɾ.cenˈd͡ʒe/
erkeği,/eɾ.ce.ˈ‿i/
erkân,/eɾkːān/
erler,/eɾ.ˈleɾ/
erlik,/eɾ.ˈlic/
erlikler,/eɾ.li.ˈleɾ/
erliği,/eɾ.li.ˈ‿i/
erliğin,/eɾ.li.ˈ‿in/
erme,/ˈeɾ.me/
ermek,/eɾ.ˈmec/
ermeme,/eɾ.me.ˈme/
ermemeni,/ˈeɾ.me.me.ˈni/
ermemiş,/ˈeɾ.me.miʃ/
ermeni,/eɾ.me.ˈni/
ermez,/eɾ.ˈmez/
ermiş,/eɾ.ˈmiʃ/
ermişlik,/eɾ.miʃ.ˈlic/
erotik,/e.ɾo.ˈtic/
ervah,/eɾ.vaːh/
esenleme,/e̞ˈse̞n.le̞ˈme/
eser,/e.ˈsæɾ/
eseri,/e.se.ˈɾi/
eserim,/e.se.ˈɾim/
eserimi,/e.se.ɾi.ˈmi/
eserimin,/e.se.ɾi.ˈmin/
eserin,/e.se.ˈɾin/
eserini,/e.se.ɾi.ˈni/
eserinin,/e.se.ɾi.ˈnin/
eserler,/e.ˈseɾ.leɾ/
eski,/es.ˈci/
esmem,/es.ˈmem/
esmez,/es.ˈmez/
esmezler,/es.ˈmez.leɾ/
et,/ˈet/
etek,/e.ˈtec/
etimoloji,/etimoloʒi/
etki,/etˈci/
etkiler,/etciˈleɾ/
etme,/ˈet.me/
etmek,/et.ˈmec/
etmeler,/et.me.ˈleɾ/
etmemesi,/ˈet.me.me.ˈsi/
etmesi,/et.me.ˈsi/
etnografya,/et.nɔgˈɾaf.ja/
etnomerkezci,/ˈet.no.meɾ.kez.ˈd͡ʒi/
etnomerkezcilik,/ˈet.no.meɾ.kez.d͡ʒi.ˈlik/
etnosentrizm,/ˈet.no.sen.ˈtɾi.zm/
ev,/ˈev/
evce,/evˈd͡ʒe/
evcik,/ev.ˈd͡ʒic/
evcikler,/ev.d͡ʒi.ˈleɾ/
evciği,/ev.d͡ʒi.ˈ‿i/
evciğin,/ev.d͡ʒi.ˈ‿in/
evde,/evˈde/
evelallah,/e.ˈvel.al.lah/
evermek,/eveɾˈmec/
evet,/e̞ˈve̞t̪ʰ/
evi,/e.ˈvi/
evim,/ˈe.vim/
evin,/e.ˈvin/
evirmece,/eviɾmed͡ʒeˈleɾ/
evirmeceler,/eviɾmed͡ʒeˈleɾ/
eviye,/e.vi.je/
evlek,/ev.ˈlec/
evleri,/ev.le.ˈɾi/
evlerim,/evłeˈɾim/
evlerin,/ev.le.ˈɾin/
evlerini,/ev.le.ɾi.ˈni/
evlerinin,/ev.le.ɾi.ˈnin/
evli,/ev.ˈli/
evliler,/ev.ˈli.leɾ/
evlilik,/ev.li.ˈlic/
evlilikler,/ev.li.lic.ˈleɾ/
evliliği,/ev.li.li.ˈ‿i/
evliliğim,/ev.li.li.ˈ‿im/
evliliğin,/ev.li.li.ˈ‿in/
evlisi,/ev.li.ˈsi/
evliya,/ev.li.ˈjaː/
evliyası,/ev.li.jaː.ˈsɯ/
evliyayı,/ev.li.jaː.ˈjɯ/
evsiz,/evˈsiz/
evvel,/evˈvel/
evvâbîn namazları,/eb.vaː.biːn na.maz.la.ˈɾɯ/
evvâbîn namazı,/eb.vaː.biːn na.ma.ˈzɯ/
evvâbîn namazını,/eb.vaː.biːn na.ma.zɯ.ˈnɯ/
evvâbîn namazının,/eb.vaː.biːn na.ma.zɯ.ˈnɯn/
exister,/eɡsis.ˈter/
explicar,/eksplikar/
ey,/ˈej/
eyalet,/ˈe.ja.ˈɫet/
eyaleti,/ˈe.ja.ɫe.ˈti/
eyaletin,/ˈe.ja.ɫe.ˈtin/
eyaletler,/ˈe.ja.ɫet.ˈleɾ/
eylem,/ejˈ.lem/
eylemek,/ej.leˈmec/
eyvallah,/ˈej.val.lah/
ezerim,/eˈzeɾim/
ezik,/eˈzic/
ezikler,/ezicˈleɾ/
ezmem,/ezˈmem/
ezmesi,/ezmeˈsi/
ezoterik,/e.zɔ.te.ɾic/
eğme,/ˈe‿.me/
eğmek,/e‿.ˈmec/
eğmeler,/ˈe‿.me.ˈleɾ/
eğmeme,/ˈe‿.me.ˈme/
eğmemeler,/ˈe‿.me.me.ˈleɾ/
eğmemesi,/ˈe‿.me.me.ˈsi/
eğmesi,/ˈe‿.me.ˈsi/
eğri,/e‿i̯.ɾi/
eş,/ˈeʃ/
eşcinsel evlilik,/ˈeʃʤinsel evliˈlic/
eşe,/eˈʃe/
eşi,/eˈʃi/
eşin,/eˈʃin/
eşkıya,/eʃcɯˈjaː/
eşler,/eʃ.ˈleɾ/
eşlerde,/eʃłeɾˈde/
eşlerden,/eʃłeɾˈden/
eşlere,/eʃłeˈɾe/
eşleri,/eʃłeˈɾi/
eşlerin,/eʃłeˈɾin/
eşte,/eʃˈte/
eşya,/eʃ.ˈjaː/
eşyalar,/eʃ.jaːˈlaɾ/
eşyalara,/eʃjaːlaˈɾa/
eşyaları,/eʃjaːlaˈɾɯ/
eşyalarım,/eʃjaːlaˈɾɯm/
eşyaların,/eʃjaːlaˈɾɯn/
eşyamı,/eʃjaˈmɯ/
eşyamın,/eʃjaˈmɯn/
eşyası,/eʃ.jaːˈsɯ/
eşyayı,/eʃ.jaːˈjɯ/
fa,/ˈfaː/
faal,/faˤâl/
fabrika,/fab.ˈɾi.ka/
fabrikaları,/fab.ˈɾi.ka.ɫa.ˈɾɯ/
fabrikaların,/fab.ˈɾi.ka.ɫa.ˈɾɯn/
fabrikalarını,/fab.ˈɾi.ka.ɫa.ɾɯ.ˈnɯ/
fabrikalarının,/fab.ˈɾi.ka.ɫa.ɾɯ.ˈnɯn/
fabrikası,/fab.ˈɾi.ka.ˈsɯ/
fabrikayı,/fab.ˈɾi.ka.ˈjɯ/
faiz,/faː.ˈiz/
faizci,/faː.iz.ˈd͡ʒi/
faizcilik,/faː.iz.d͡ʒi.ˈlic/
faizde,/faː.iz.ˈde/
faizden,/faː.iz.ˈden/
faize,/faː.i.ˈze/
faizi,/faː.i.ˈzi/
faizim,/faː.i.ˈzim/
faizimi,/faː.i.zi.ˈmi/
faizimin,/faː.i.zi.ˈmin/
faizin,/faː.i.ˈzin/
faizini,/faː.i.zi.ˈni/
faizinin,/faː.i.zi.ˈnin/
faizler,/faː.iz.ˈleɾ/
faizlerde,/faː.iz.leɾ.ˈde/
faizlerden,/faː.iz.leɾ.ˈden/
faizlere,/faː.iz.le.ˈɾe/
faizleri,/faː.iz.le.ˈɾi/
faizlerin,/faː.iz.le.ˈɾin/
faizlerini,/faː.iz.le.ɾi.ˈni/
faizlerinin,/faː.iz.le.ɾi.ˈnin/
faizli,/faː.iz.ˈli/
faizsiz,/faː.iz.ˈsiz/
fakat,/faˈkat/
fakbadi,/ˈfak.ba.di/
fakirce,/faki'rce/
falafel,/faɫaˈfel/
falafelci,/faɫafelˈd͡ʒi/
falafelli,/faɫafelˈli/
falafelsiz,/faɫafelˈsiz/
falçata,/fal.ˈt͡ʃa.ta/
falçatası,/fal.t͡ʃa.ta.ˈsɯ/
falçatayı,/fal.t͡ʃa.ta.ˈjɯ/
fani,/faːniː/
far,/ˈfaɾ/
fare,/faːˈɾe/
fark,/ˈfaɾc/
farklı,/faɾc.ˈlɯ/
farksız,/faɾc.ˈsɯz/
farkı,/faɾ.ˈcɯ/
farkın,/faɾ.ˈcɯn/
farkında,/faɾcɯnˈda/
farkındalık,/faɾ.kɯn.da.ˈɫɯk/
farz,/ˈfaɾz/
farz namaz,/ˈfaɾz na.maz/
farz namazlar,/ˈfaɾz na.maz.laɾ/
farz namazları,/ˈfaɾz na.maz.la.ˈɾɯ/
farz namazı,/ˈfaɾz na.ma.ˈzɯ/
farz namazımı,/faɾz na.ma.zɯ.ˈmɯ/
farz namazını,/faɾz na.ma.zɯ.ˈnɯ/
farz namazının,/faɾz na.ma.zɯ.ˈnɯn/
farz-ı ayn,/ˈfaɾ.zɯ ˈajn/
farz-ı kifâye,/ˈfaɾ.zɯ ci.faː.ˈje/
farza,/faɾˈza/
farzlar,/faɾzˈlaɾ/
farzı,/faɾˈzɯ/
farzın,/faɾˈzɯn/
farı,/fa.ˈɾɯ/
farım,/fa.ˈɾɯm/
farın,/fa.ˈɾɯn/
fasık,/faː.ˈsɯc/
fasıklar,/faː.sɯc.ˈlaɾ/
fasıklı,/faː.sɯc.ˈlɯ/
fasıklık,/faː.sɯcˈ.lɯc/
fasıklıklar,/faː.sɯc.lɯc.ˈlaɾ/
fasıklığı,/faː.sɯc.lɯ.ˈ‿ɯ/
fasıksız,/faː.sɯc.ˈsɯz/
fasıkça,/faː.ˈsɯc.t͡ʃa/
fasığı,/faː.sɯ.ˈ‿ɯ/
fatih,/faː.ˈtih/
fatura,/fa.tuˈɾa/
fay,/ˈfaj/
fayda,/fajˈda/
faydacı,/fajdaˈd͡ʒɯ/
faydalı,/fajdaˈlɯ/
fayları,/faj.la.ˈɾɯ/
fayların,/faj.la.ˈɾɯn/
fayı,/fa.ˈjɯ/
fayın,/fa.ˈjɯn/
fayını,/fa.jɯ.ˈnɯ/
fayının,/fa.jɯ.ˈnɯn/
fazilet,/faziːˈlet/
federal bölge,/fe.de.ˈɾaɫ bœl.ɡe/
federal bölgeler,/fe.de.ɾaɫ bœl.ɡe.ˈleɾ/
federal bölgesi,/fe.de.ɾaɫ bœl.ɡe.ˈsi/
federal bölgeyi,/fe.de.ɾaɫ bœl.ɡe.ˈji/
federasyon,/ˈfe.ˈde.ɾas.ˈjon/
felaket,/fe.laː.ˈket/
felaketi,/fe.laː.ke.ˈti/
felaketler,/fe.laː.ket.ˈleɾ/
felek,/feˈlec/
felsefe,/fel.se.ˈfe/
felsefeci,/felsefeˈd͡ʒi/
felsefeciler,/felsefed͡ʒiˈleɾ/
felsefeler,/felsed͡ʒiˈleɾ/
feminist,/femiˈnist/
ferce,/ferˈd͡ʒe/
ferci,/ferˈd͡ʒi/
fercin,/ferˈd͡ʒin/
ferd hadis,/ˈfeɾd ha.dis/
ferdiyetçilik,/fæɾd̪ijet̪t͡ʃlic/
fermiyon,/feɾ.mi.ˈjon/
ferç,/ˈfert͡ʃ/
ferçler,/fert͡ʃˈleɾ/
ferçlerde,/fert͡ʃleɾˈde/
ferçlerden,/fert͡ʃleɾˈden/
ferçlere,/fert͡ʃleˈɾe/
ferçleri,/fert͡ʃleˈɾi/
ferçlerin,/fert͡ʃleˈɾin/
fethullah,/fethulˈlah/
fevkalade hâl,/olaˈ‿anysty haɫ/
feza,/fe̞z̪aː/
fiil,/fiˈil/
fiilde,/fiʔiłˈde/
fiilden,/fiʔiłˈden/
fiile,/fiʔiˈłe/
fiili,/fiʔiˈli/
fiilim,/fiʔiˈłim/
fiilin,/fiʔiˈłin/
fiiller,/fiʔilˈleɾ/
fiillerden,/fiʔiłłeɾˈden/
fiillere,/fiʔiłłeˈɾe/
fiilleri,/fiʔiłłeˈɾi/
fiillerim,/fiʔiłłeˈɾim/
fiillerin,/fiʔiłłeˈɾin/
fiilî,/fiːˈłiː/
fikir,/fiˈciɾ/
fikir adamı,/fiˈciɾ adamɯ/
fikir insanı,/fiˈciɾ insanɯ/
fikir kadını,/fiˈciɾ kadɯnɯ/
fikri,/fik.ˈɾi/
fikrî,/fik.ˈɾiː/
fil,/ˈfil/
filgözü,/fil.ɡœ̞ˈzʏ/
filhakika,/ˈfilhakiːˈka/
film,/ˈfilm/
filmde,/film.ˈde/
filmden,/film.ˈden/
filme,/fil.ˈme/
filmi,/fil.ˈmi/
filmin,/fil.ˈmin/
filmler,/filmˈleɾ/
filmlerde,/film.leɾ.ˈde/
filmlerden,/film.leɾ.ˈden/
filmlere,/film.le.ˈɾe/
filmleri,/film.le.ˈɾi/
filmlerin,/film.le.ˈɾin/
filtre,/ˈfil.tɾe/
filtreleme,/fil.tɾe.le.ˈme/
filtreler,/fil.tɾe.ˈleɾ/
filtreli,/ˈfil.tɾe.ˈli/
filtresi,/ˈfil.tɾe.ˈsi/
filtresiz,/ˈfil.tɾe.ˈsiz/
finansman,/finansˈman/
firavun,/fiɾ.ˈˤavn/
firma,/ˈfiɾ.ma/
firması,/ˈfiɾ.ma.ˈsɯ/
firmayı,/ˈfiɾ.ma.ˈjɯ/
fiten hadisi,/fiˈten hadiːsi/
fiten hadisini,/fi.ˈten ha.diː.si.ˈni/
fiyat,/fiˈjat/
fizik,/fiˈzik/
fonksiyon,/fɔnk.si.ˈjɔn/
fonksiyona,/foncsijoˈna/
fonksiyonu,/fɔnksijɔˈnu/
fonksiyonun,/foncsijoˈnun/
fotoğraf,/fo.to‿.ˈɾaf/
fotoğrafçı,/fo.to‿.ɾaf.ˈt͡ʃɯ/
fotoğrafçılık,/fo.to‿.ɾaf.t͡ʃɯ.ˈlɯc/
fotoğrafçılığı,/fo.to‿.ɾaf.t͡ʃɯ.lɯ.ˈ‿ɯ/
fotoğrafçılığım,/fo.to‿.ɾaf.t͡ʃɯ.lɯ.ˈ‿ɯm/
fotoğrafçılığın,/fo.to‿.ɾaf.t͡ʃɯ.lɯ.ˈ‿ɯn/
fotoğrafçısı,/fo.to‿.ɾaf.t͡ʃɯ.ˈsɯ/
fotoğrafçıyı,/fo.to‿.ɾaf.t͡ʃɯ.ˈjɯ/
fotoğrafı,/fo.to‿.ɾa.ˈfɯ/
fotoğrafım,/fo.to‿.ɾa.ˈfɯm/
fotoğrafın,/fo.to‿.ɾa.ˈfɯn/
frambuaz,/fɾambuːaʐ/
frizbi,/fɾizˈbi/
fuckbuddy,/ˈfak.ba.di/
fullemek,/ful.leˈmek/
futbolcu,/futboɫdʒu/
fâcir,/faː.ˈd͡ʒiɾ/
fâcire,/faːd͡ʒiˈre/
får,/fɒːˀ/
füniküler,/fy.ni.ky.ˈleɾ/
füru,/fyˈɾuː/
fütuhat,/fy.tu.ˈhat/
fıkhî,/fɯcˈhiː/
fıkhî mezhebi,/fɯcˈhiː mezheˈbi/
fıkhî mezhep,/fɯcˈhiː mezhep/
fıkhî mezhepler,/fɯcˈhiː mezhepˈleɾ/
fırtıma,/fɯɾ.tɯ.ˈma/
fırtına,/fɯɾ.tɯ.ˈna/
fırtınasın,/fɯɾ.tɯ.na.ˈsɯn/
fıskiye,/fɯsciˈje/
fıskiyeler,/fɯscijeˈleɾ/
fıskiyeli,/fɯscijeˈli/
fıskiyesiz,/fɯscijeˈsiz/
gag,/ˈɡeɡ/
galaksi,/ɡa.ɫak.ˈsi/
galaksi grubu,/ɡa.ɫak.ˈsi ɡɾu.bu/
galaksi grubunu,/ɡa.ɫak.ˈsi ɡɾu.bu.ˈnu/
galaksi grubunun,/ɡa.ɫak.ˈsi ɡɾu.bu.ˈnun/
galaksi grupları,/ɡa.ɫak.ˈsi ɡɾup.la.ˈɾɯ/
galaksi kümeleri,/ɡa.ɫak.ˈsi ky.me.le.ˈɾi/
galaksi kümesi,/ɡa.ɫak.ˈsi ky.me.si/
galaksi kümesini,/ɡa.ɫak.ˈsi ky.me.si.ˈni/
galaksi kümesinin,/ɡa.ɫak.ˈsi ky.me.si.ˈnin/
galaksiler,/ɡa.ɫak.siˈleɾ/
galaksisi,/ɡa.ɫak.si.ˈsi/
galaksiye,/galaksiˈje/
galeri,/galeˈɾi/
galon,/ɡa.ˈlon/
galonlar,/ɡa.lon.ˈlaɾ/
galonu,/ɡa.lo.ˈnu/
galonum,/ɡa.lo.ˈnum/
galonun,/ɡa.lo.ˈnun/
garantileteceksiniz,/gaɾantileteˈd͡ʒeksiniz/
garantilettireceksiniz,/gaɾantilettiɾeˈd͡ʒeksiniz/
garantilettirmeyeceksiniz,/gaɾantiletˈtiɾmejed͡ʒeksiniz/
garantileyeceksiniz,/gaɾantilejeˈd͡ʒeksiniz/
gardiyan,/ɡaɾ.di.ˈjan/
garîb hadis,/ɡa.ˈɾiːb ha.dis/
garîb hadisi,/ɡa.ˈɾiːb ha.diː.ˈsi/
garîb hadisler,/ɡa.ˈɾiːb ha.dis.ˈleɾ/
gavura kızıp orucu bozmak,/ɡja.vu.ˈɾa kɯ.zɯp o.ɾu.ˈd͡ʒu boz.mak/
gayri metlüv,/ˈɡaj.ɾi met.lyv/
gayrimenkul,/ˈɡaj.ɾi.men.ˈcuɫ/
gayrimillî,/ˈɡaj.ɾi.mil.liː/
gayrimüekket sünnet,/ˈɡaj.ɾi.my.ec.cet syn.net/
gaz,/ˈɡaz/
gaza,/ɡa.ˈza/
gazası,/ɡa.za.ˈsy/
gazayı,/ɡa.za.ˈjy/
gazoz,/ɡaˈzɔz/
gece,/ɡe.ˈd͡ʒe/
gece namazı,/ɡe.ˈd͡ʒe na.ma.zɯ/
gecelemez,/ɡe.d͡ʒe.le.ˈmez/
geceler,/ɡe.d͡ʒe.ˈleɾ/
geceli,/ɡe.d͡ʒe.ˈly/
geceli gündüzlü,/ɡe.d͡ʒe.ˈly ɡyn.dyz.ˈly/
gecem,/ɟeˈdʒem/
gecesi,/ɡe.d͡ʒe.ˈsi/
gecesini,/ɡe.d͡ʒe.si.ˈni/
gecesinin,/ɡe.d͡ʒe.si.ˈnin/
gel,/ˈɡæɫ/
gelecek,/ɟe.le.ˈd͡ʒec/
gelen,/ɡe.ˈlen/
gelenek,/ɡeleˈnec/
geleni,/ɡe.le.ˈni/
gelenin,/ɡe.le.ˈnin/
gelenler,/ɡe.len.ˈleɾ/
gelgit,/gelˈgit/
gelgitler,/gelgitˈleɾ/
gelin,/ˈɡe.lin/
gelini,/ɡe.li.ˈni/
gelinin,/ɡe.li.ˈnin/
gelinkuşağı,/ɟe.lin.ku.ʃa.ɯ/
gelinler,/ɡe.lin.ˈleɾ/
gelir,/ɡe.ˈliɾ/
gelişim,/ɡe.li.ˈʃim/
gelişme,/geliʃˈme/
gelişmeler,/geliʃmeˈleɾ/
gelişmeme,/geˈliʃmeme/
gelişmemeden,/geˈliʃmemeˈden/
gelişmemeler,/geˈliʃmemeˈleɾ/
gelişmemeni,/geˈliʃmemeˈni/
gelişmemenin,/geˈliʃmemeˈnin/
gelişmemeye,/geˈliʃmemeˈje/
gelişmeni,/geliʃmeˈni/
gelişmenin,/geliʃmeˈnin/
gelişmeye,/geliʃmeˈje/
geliştirici,/geliʃtiɾiˈd͡ʒi/
geliştiriciler,/geliʃtiɾid͡ʒiˈleɾ/
geliştiricilere,/geliʃtiɾid͡ʒileˈɾe/
geliştiricileri,/geliʃtiɾid͡ʒileˈɾi/
geliştiricilerin,/geliʃtiɾid͡ʒileˈɾin/
geliştiricim,/geliʃtiɾiˈd͡ʒim/
geliştiricinin,/geliʃtiɾid͡ʒiˈnin/
geliştiriciye,/geliʃtiɾid͡ʒiˈje/
geliştiriciyim,/geliʃtiɾid͡ʒiˈjim/
geliştirilmek,/geliʃtiɾilˈmec/
geliştirir,/gełiʃtiˈɾiɾ/
geliştirmek,/gełiʃtiɾˈmec/
geliştirmeler,/gełiʃtiɾmeˈłeɾ/
geliştirmeme,/geliʃˈtiɾmeme/
geliştirmenin,/gełiʃtiɾmeˈnin/
geliştirmeye,/gełiʃtiɾmeˈje/
geliştirmez,/gełiʃtiɾˈmez/
gelme,/ˈɡel.me/
gelmek,/ɡel.ˈmec/
gelmeler,/ɡel.meˈleɾ/
gelmeme,/ˈɡel.me.ˈme/
gelmesi,/ɡel.me.ˈsi/
gelmeyin,/ˈgelmejin/
gem,/ˈɡem/
gemi,/ɟeˈmi/
gemiler,/ɡe.mi.ˈleɾ/
gemim,/ɡe.ˈmim/
gemimi,/ɡe.mi.ˈmi/
gemimin,/ɡe.mi.ˈmin/
gemin,/ɡe.ˈmin/
gemini,/ɟe.miˈni/
geminin,/ɡe.mi.ˈnin/
gemisi,/ɡe.mi.ˈsi/
gemisin,/ɡe.mi.ˈsin/
gemler,/ɡem.ˈleɾ/
gen,/ˈɡen/
genellik,/genełˈłic/
general,/ɡe.ne.ˈɾaɫ/
geniş,/ɡe.ˈniʃ/
genişler,/geniʃˈleɾ/
genç,/ˈɡent͡ʃ/
geometri,/ɡeometˈɾi/
geoteknik,/ˈɡe.o.tec.nic/
gerek,/geɾek/
gerici,/ɟeɾiˈd͡ʒi/
gericilik,/ɟeɾid͡ʒiˈlic/
gerçek,/ɟeɾ.t͡ʃec/
gerçek zamanlı,/ɡeɾ.ˈt͡ʃec za.man.ˈlɯ/
gerçekleştirmeler,/geɾt͡ʃekleʃtiɾmeˈleɾ/
getirme,/ɡe.ˈtiɾ.me/
getirmek,/ɡe.tiɾ.ˈmec/
getirmeler,/ɡe.tiɾ.me.ˈleɾ/
getirmeme,/ɡe.tiɾ.me.ˈme/
getirmesi,/ɡe.tiɾ.me.ˈsi/
geviş,/ɟeˈviʃ/
gez,/ˈɡez/
gezegen,/ɡezeˈɡen/
gezegen sistemi,/ɡe.ze.ˈɡen sis.te.mi/
gezegencik,/ɡe.ze.ɡen.ˈd͡ʒik/
gezegencikler,/ɡe.ze.ɡen.d͡ʒic.ˈleɾ/
gezegenciği,/ɡe.ze.ɡen.d͡ʒi.ˈ‿i/
gezegenciğin,/ɡe.ze.ɡen.d͡ʒi.ˈ‿in/
gezegende,/ɡe.ze.ɡenˈde/
gezegenden,/ge.ze.gen.ˈden/
gezegene,/ge.ze.ge.ˈne/
gezegeni,/ɡe.ze.ɡe.ˈni/
gezegenim,/ɡe.ze.ɡeˈnim/
gezegenimsi,/ɡe.ze.ɡe.nim.ˈsi/
gezegenimsiler,/ɡe.ze.ɡe.nim.si.ˈleɾ/
gezegenimsini,/ɡe.ze.ɡe.nim.si.ˈni/
gezegenimsinin,/ɡe.ze.ɡe.nim.si.ˈnin/
gezegenin,/ɡe.ze.ɡeˈnin/
gezegenler,/ɡe.ze.ɡen.ˈleɾ/
gezegenler arası,/gezegenˈleɾ aɾaˈsɯ/
gezegenlerden,/ge.ze.gen.leɾ.ˈden/
gezegenlere,/ge.ze.gen.le.ˈɾe/
gezegenleri,/ge.ze.gen.le.ˈɾi/
gezegenlerin,/ge.ze.gen.le.ˈɾin/
gezegenli,/ge.ze.gen.ˈłi/
gezegensiz,/ge.ze.gen.ˈsiz/
gezim,/ɡeˈzim/
geçe,/ɡe.ˈt͡ʃe/
geçişli fiil,/get͡ʃiʃˈli fiʔił/
geçişsiz fiil,/get͡ʃiʃˈsiz fiʔił/
geçiştirmek,/ɟeˈt͡ʃiʃtiɾˈmek/
geçmiş zaman,/ɡet͡ʃˈmiʃ zaman/
geğirmek,/ɟejiɾˈmec/
giden,/ɡi.ˈden/
gideni,/ɡi.de.ˈni/
gidenler,/ɡi.den.ˈleɾ/
gider,/ɡi.ˈdeɾ/
gideri,/ɡi.de.ˈɾi/
giderim,/ɡi.de.ˈɾim/
giderin,/ɡi.de.ˈɾin/
giderler,/ɡi.deɾ.ˈleɾ/
gidin,/ˈɡi.din/
gidişim,/ɡi.di.ˈʃim/
giriş katı,/ɡi.ˈɾiʃ ca.tɯ/
girmek,/ɟiɾˈmec/
git,/ˈɡit/
gitar,/ɟiˈtaɾ/
gitme,/gitˈme/
gitmek,/ɡit.ˈmec/
gitmeler,/ɡit.meˈleɾ/
gitmeme,/ˈgitmeme/
gitmesi,/ɡit.me.ˈsi/
gitmeyin,/ˈgitmeyin/
gitmez,/gitˈmez/
giysi,/ɡij.ˈsi/
giysiler,/ɡij.si.ˈleɾ/
giysisi,/ɡij.si.ˈsi/
giz,/ɟiz/
gizem,/ɡi.ˈzem/
gizemi,/ɡi.ze.ˈmi/
gizemin,/ɡi.ze.ˈmin/
gizemler,/ɡi.zem.ˈleɾ/
gişe,/giˈʃe/
gişeler,/giʃeˈleɾ/
gnostisizm,/ɡnos.ti.ˈsizm/
gnostisizmi,/ɡnos.ti.siz.ˈmi/
gnostisizmin,/ɡnos.ti.siz.ˈmin/
gnostisizmler,/ɡnos.ti.sizm.ˈleɾ/
go,/ˈɡo/
goca,/goˈd͡ʒa/
gocuk,/goˈd͡ʒuc/
godoş,/ɡɔˈdɔʃ/
grafik,/gɾaˈfic/
grafikler,/gɾaficˈler/
grafiği,/gɾafiˈ‿i/
granüllü endoplazmik retikulum,/ɡɾanylːy endɔplaʐmic ɾeticulum/
granülsüz endoplazmik retikulum,/ɡɾanylsyʐ endɔplaʐmic ɾeticulum/
grev,/ˈɡɾev/
grevi,/ɡɾe.ˈvi/
grevin,/ɡɾe.ˈvin/
grevler,/ɡɾev.ˈleɾ/
gri,/ˈɡɾiː/
grubu,/ɡɾu.ˈbu/
grubum,/ɡɾu.ˈbum/
grubumu,/ɡɾu.bu.ˈmu/
grubumun,/ɡɾu.bu.ˈmun/
grubun,/ɡɾu.ˈbun/
grubuna,/ɡɾu.bu.ˈna/
grubunu,/ɡɾu.bu.ˈnu/
grubunun,/ɡɾu.bu.ˈnun/
grup,/ˈɡɾup/
grupları,/ɡɾup.laˈɾɯ/
gruplarım,/ɡɾup.ˈla.ɾɯm/
grupların,/ɡɾup.la.ˈɾɯn/
gruplarını,/ɡɾup.la.ɾɯ.ˈnɯ/
gruplarının,/ɡɾup.la.ɾɯ.ˈnɯn/
gurme,/ɡuɾˈme/
gurursuz,/ɡuɾuɾs̪uz̪/
gurursuzca,/ɡuɾuɾs̪uz̪d͡ʒa/
guval,/ɡuvaɫ/
gâh,/ˈɟah/
gâvur,/ɟa.ˈʋuɾ/
gâvura,/ɟavuˈɾa/
gâvurca,/ɟaβ̞uɾd͡ʒa/
gâvurda,/ɟavuɾˈda/
gâvurdan,/ɟavuɾˈdan/
gâvurlara,/ɟavuɾlaˈɾa/
gâvurlarda,/ɟavuɾlaɾˈda/
gâvurlardan,/ɟavuɾlaɾˈdan/
gâvurları,/ɟavuɾlaˈɾɯ/
gâvurlarım,/ɟavuɾlaˈɾɯm/
gâvurlarıma,/ɟavulaɾɯˈma/
gâvurlarımda,/ɟavuɾlaɾɯmˈda/
gâvurlarımdan,/ɟavuɾlaɾɯmˈdan/
gâvurlarımı,/ɟavulaɾɯˈmɯ/
gâvurlarımın,/ɟavulaɾɯˈmɯn/
gâvurlarımız,/ɟavuɾlaɾɯˈmɯz/
gâvurlarımıza,/ɟavuɾlaɾɯmɯˈza/
gâvurlarımızda,/ɟavuɾlaɾɯmɯzˈda/
gâvurlarımızdan,/ɟavuɾlaɾɯmɯzˈdan/
gâvurlarımızı,/ɟavuɾlaɾɯmɯˈzɯ/
gâvurlarımızın,/ɟavuɾlaɾɯmɯˈzɯn/
gâvurların,/ɟavuɾlaˈɾɯn/
gâvurlarına,/ɟavulaɾɯˈna/
gâvurlarında,/ɟavuɾlaɾɯnˈda/
gâvurlarından,/ɟavuɾlaɾɯnˈdan/
gâvurlarını,/ɟavulaɾɯˈnɯ/
gâvurlarının,/ɟavulaɾɯˈnɯn/
gâvurlarınız,/ɟavulaɾɯˈnɯz/
gâvurlarınıza,/ɟavuɾlaɾɯnɯˈza/
gâvurlarınızda,/ɟavuɾlaɾɯnɯzˈda/
gâvurlarınızdan,/ɟavuɾlaɾɯnɯzˈdan/
gâvurlarınızı,/ɟavuɾlaɾɯnɯˈzɯ/
gâvurlarınızın,/ɟavuɾlaɾɯnɯˈzɯn/
gâvuru,/ɟavuˈɾu/
gâvurum,/ɟavuˈɾum/
gâvuruma,/ɟavuɾuˈma/
gâvurumda,/ɟavuɾumˈda/
gâvurumdan,/ɟavuɾumˈdan/
gâvurumu,/ɟavuɾuˈmu/
gâvurumun,/ɟavuɾuˈmun/
gâvurumuz,/ɟavuɾuˈmuz/
gâvurumuza,/ɟavuɾumuˈza/
gâvurumuzda,/ɟavuɾumuzˈda/
gâvurumuzdan,/ɟavuɾumuzˈdan/
gâvurumuzu,/ɟavuɾumuˈzu/
gâvurumuzun,/ɟavuɾumuˈzun/
gâvurun,/ɟavuˈɾun/
gâvuruna,/ɟavuɾuˈna/
gâvurunda,/ɟavuɾunˈda/
gâvurundan,/ɟavuɾunˈdan/
gâvurunu,/ɟavuɾuˈnu/
gâvurunun,/ɟavuɾuˈnun/
gâvurunuz,/ɟavuɾuˈnuz/
gâvurunuza,/ɟavuɾunuˈza/
gâvurunuzda,/ɟavuɾunuzˈda/
gâvurunuzdan,/ɟavuɾunuzˈdan/
gâvurunuzu,/ɟavuɾunuˈzu/
gâvurunuzun,/ɟavuɾunuˈzun/
göbek odunu,/ɡœ.bek o.du.ˈnu/
gök,/ˈɟœc/
gök ada,/ˈɡœc a.da/
gök cisimleri,/ˈɡœc d͡ʒi.sim.le.ˈɾi/
gök cisimlerin,/ˈɡœc d͡ʒi.sim.le.ˈɾin/
gök cisimlerini,/ˈɡœc d͡ʒi.sim.le.ɾi.ˈni/
gök cisimlerinin,/ˈɡœc d͡ʒi.sim.le.ɾi.ˈnin/
gök cismi,/ˈɡœc d͡ʒis.mi/
gök cismin,/ˈɡœc d͡ʒis.ˈmin/
gök cismini,/ˈɡœc d͡ʒis.mi.ˈni/
gök cisminin,/ˈɡœc d͡ʒis.mi.ˈnin/
gökkuşağı,/ɟœckuʃʌɣɯ/
gökler,/gœcˈleɾ/
göksel,/ɟœcˈsel/
göl,/ˈɡœl/
göller,/ɡœl.ˈleɾ/
gölleri,/ɡœl.le.ˈɾi/
göllerim,/ɡœl.le.ˈɾim/
göllerin,/ɡœl.le.ˈɾin/
göllerini,/ɡœl.le.ɾi.ˈni/
göllerinin,/ɡœl.le.ɾi.ˈnin/
gölü,/ɡœ.ˈly/
gölüm,/ɡœ.ˈlym/
gölün,/ɡœ.ˈlyn/
gönül,/ɡœ.ˈnyl/
gönüllü,/ɡœ.nyl.ˈly/
gönüllüce,/ɡœ.nyl.ˈly.d͡ʒe/
gönülsüz,/ɡœ.nyl.ˈsyz/
gören,/ɡœ.ˈɾen/
görev,/ɡœ.ˈɾev/
görevi,/gœɾeˈvi/
görevler,/gœɾevˈleɾ/
görk,/ˈɡœɾc/
görkem,/ɡœɾ.ˈcem/
görkemi,/ɡœɾ.ce.ˈmi/
görkemim,/ɡœɾ.ce.ˈmim/
görkemin,/ɡœɾ.ce.ˈmin/
görkemler,/ɡœɾ.cem.ˈleɾ/
görklü,/ɡœɾcˈly/
görmeyen,/ˈɡœɾ.me.jen/
görmez,/gœɾˈmez/
görmezler,/gœɾˈmezleɾ/
görünmezlik,/ɟœ.ɾyn.mezˈlic/
görüş,/ɡœˈɾyʃ/
görüşdürmək,/ɡʲœryʃdyrmæk/
görüşe,/gœɾyˈʃe/
görüşler,/gœɾyʃˈleɾ/
görüşlerden,/gœɾyʃleɾˈden/
görüşlere,/gœɾyʃleˈɾe/
görüşleri,/gœɾyʃleˈɾi/
görüşlerim,/gœɾyʃleˈɾim/
görüşlerin,/gœɾyʃleˈɾin/
görüşme,/ɡœɾyʃˈme/
görüşü,/gœɾyˈʃy/
görüşüm,/gœɾyˈʃym/
görüşün,/gœɾyˈʃyn/
göt,/ˈɟœt/
götler,/gœtˈleɾ/
götveren,/ɟœtveˈɾen/
götü,/gœˈty/
götün götün,/gœtˈyn gœtyn/
götürge,/ɟœ.tyɾˈɟe/
gövde,/ɡœv.ˈde/
göz,/ɟœz/
göz gezdirmek,/ˈgœz gezdiˈmec/
gözcü,/ɡœz.ˈd͡ʒy/
gözde,/ɟœzˈde/
gözden,/ɟœzˈden/
göze,/ɟœˈze/
gözeler,/gœzeˈleɾ/
gözlem,/ɡœzˈlem/
gözlemek,/ɡœz.le.ˈmec/
gözlememe,/gœzˈłememe/
gözlenmek,/gœzłenˈmec/
gözler,/ɟœz.ˈleɾ/
gözletmek,/gœzłetˈmec/
gözlük,/ɡœzˈlyc/
gözlükler,/ɡœz.lyc.ˈleɾ/
gözlüğü,/ɡœz.ly.ˈ‿y/
gözlüğüm,/ɡœz.ly.ˈ‿ym/
gözlüğün,/ɡœz.ly.ˈ‿yn/
gözyaşı,/ɟœ̞zjaʃɯ/
gözü,/ɟœ.ˈzy/
gözüm,/ɟœˈzym/
gözün,/ɟœˈzyn/
göç,/ˈɡœt͡ʃ/
göçebe,/ɡœt͡ʃeˈbe/
göçebelik,/ɡœt͡ʃebeˈlic/
göçler,/ɡœt͡ʃ.leɾ/
göçmek,/ɡœt͡ʃ.ˈmec/
göçü,/ɡœ.t͡ʃy/
göğü,/gœˈ‿y/
göğüs kılı,/ɟœːˈys kɯˈɫɯ/
gücü,/ˈɡy.ˈd͡ʒy/
gücüm,/ɡy.ˈd͡ʒym/
gücümü,/ɡy.d͡ʒy.ˈmy/
gücümün,/ɡy.d͡ʒy.ˈmyn/
gücün,/ɡy.ˈd͡ʒyn/
gücünü,/ɡy.d͡ʒy.ˈny/
gücünün,/ɡy.d͡ʒy.ˈnyn/
güdüm,/gyˈdym/
güdümler,/gydymˈleɾ/
güdümü,/gydyˈmy/
gül,/ˈɟyl/
gülde,/gylˈde/
gülden,/gylˈden/
güllaç,/ɟylˈlat͡ʃ/
gülle,/ɡyl.ˈle/
güller,/gylˈler/
güllerde,/gyllerˈde/
güllerden,/gyllerˈden/
güllere,/gylleˈre/
gülleri,/gylleˈri/
güllerimde,/gyllerimˈde/
güllerimden,/gyllerimˈden/
güllerime,/gylleriˈme/
güllerimi,/gylleriˈmi/
güllerimin,/gylleriˈmin/
güllerin,/gylleˈrin/
güllerinde,/gyllerinˈde/
güllerinden,/gyllerinˈden/
güllerine,/gylleriˈne/
güllerini,/gylleriˈni/
güllerinin,/gylleriˈnin/
güllü,/ɡyl.ˈly/
gülme,/gylˈme/
gülmeyin,/ˈgymejin/
gülsüz,/ɡyl.ˈsyz/
gülü,/gyˈly/
gülün,/gyˈlyn/
gümüş,/ɡy.ˈmyʃ/
gün,/ˈɟyn/
gün batımı,/ˈgyn batɯˈmɯ/
gün dönümü,/ˈɡyn dœnyˈmy/
günah,/ɡy.ˈnah/
günahkâr,/ɟy.nah.ˈkʲaɾ/
günahkâra,/gynahkjaˈɾa/
günahkârda,/gynahkjaɾˈda/
günahkârdan,/gynahkjaɾˈdan/
günahkârlara,/gynahkjaɾlaˈɾa/
günahkârlarda,/gynahkjaɾlaɾˈda/
günahkârlardan,/gynahkjaɾlaɾˈdan/
günahkârları,/gynahkjaɾlaˈɾɯ/
günahkârlarım,/gynahkjaɾlaˈɾɯm/
günahkârların,/gynahkjaɾlaˈɾɯn/
günahkârı,/ɟy.nah.kʲaː.ˈɾɯ/
günahkârım,/gynahkjaˈɾɯm/
günahkârın,/ɟy.nah.ˈkʲaː.ˈɾɯn/
günahlı,/ɡy.ˈnah.ˈlɯ/
günahsız,/ɡy.ˈnah.ˈsɯz/
günahı,/ɡy.na.ˈhɯ/
günahım,/gynaˈhɯm/
günaydın,/gynajdɯn/
günde,/gynˈde/
gündelik,/ɡyndeˈlic/
gündüz,/ɡyn.ˈdyz/
gündüzlü,/ɡyn.dyz.ˈly/
güney,/ɡy.ˈnej/
güneybatı,/ɡy.ˈnej.ba.tɯ/
güneş,/ɟy.ˈneʃ/
güneşi,/ɟy.ne.ˈʃi/
güneşin,/ɟy.ne.ˈʃin/
güneşini,/ɟy.ne.ʃi.ˈni/
güneşinin,/ɟy.ne.ʃi.ˈnin/
güneşler,/ɡy.neʃ.ˈleɾ/
güneşleri,/ɡy.neʃ.le.ˈɾi/
güneşlerin,/ɡy.neʃ.le.ˈɾin/
günler,/ɡyn.ˈleɾ/
günleri,/gynleˈɾi/
günlük,/ɡyn.ˈlyc/
günlükler,/ɡyn.lyc.ˈleɾ/
günlüğü,/ɡyn.ly.ˈ‿y/
günlüğüm,/ɡyn.ly.ˈ‿ym/
günlüğün,/ɡyn.ly.ˈ‿yn/
günü,/ɟy.ˈny/
gününü,/gynyˈny/
gürgen,/gyɾˈgen/
güven,/ɡy.ˈven/
güvercin,/ɟy.veɾ.dʒin/
güz,/ˈɡyz/
güzel,/ɟy.ˈzel/
güzel güzel,/ɟy.ˈzel ɟy.ˈzel/
güzel olmak,/gyˈzel olmac/
güzelce,/ɡy.ˈzel.d͡ʒe/
güzelde,/gyzelˈde/
güzelden,/gyzelˈden/
güzele,/gyzeˈle/
güzeli,/gyzeˈli/
güzelim,/gyzeˈlim/
güzelin,/gyzeˈlin/
güzeller,/gyzelˈleɾ/
güzellerde,/gyzelleɾˈde/
güzellerden,/gyzelleɾˈden/
güzellere,/gyzeleˈɾe/
güzelleri,/gyzeleˈɾi/
güzellerin,/gyzeleˈɾin/
güzelleşmek,/gyzelleʃˈmec/
güzellik,/ɡy.zel.ˈlic/
güzellikle,/ɡy.zel.ˈlic.le/
güzellikler,/ɡy.zel.lic.ˈleɾ/
güzelliği,/ɡy.zel.li.ˈ‿i/
güzelliğim,/ɡy.zel.li.ˈ‿im/
güzelliğin,/ɡy.zel.li.ˈ‿in/
güzergâh,/ɡy.zeɾ.ˈɡʲah/
güzergâhı,/ɡy.zeɾ.ɡʲaː.ˈhɯ/
güzergâhım,/ɡy.zeɾ.ɡʲaː.ˈhɯm/
güzergâhın,/ɡy.zeɾ.ɡʲaː.ˈhɯn/
güzler,/ɡyz.ˈleɾ/
güzü,/ɡy.ˈzy/
güzün,/ɡy.ˈzyn/
güç,/ˈɡyt͡ʃ/
güçler,/ɡyt͡ʃ.ˈleɾ/
güçlere,/ɡyt͡ʃ.le.ˈɾe/
güçleri,/ɡyt͡ʃ.le.ˈɾi/
güçlerin,/ɡyt͡ʃ.le.ˈɾin/
gırnata,/ɡɯɾn̪aˈt̪a/
gıybet,/ɡɯj.ˈbet/
gıybetçi,/ɡɯj.bet.ˈt͡ʃi/
h,/heː/
haber,/ha.ˈbeɾ/
haber kipi,/haˈbeɾ kiˈpi/
haber kipini,/haˈbeɾ kipiˈni/
haber kipinin,/haˈbeɾ kipiˈnin/
haber kipleri,/haˈbeɾ kipleˈɾi/
haber verme,/ha.ˈbeɾ ˈveɾ.me/
haber vermek,/ha.ˈbeɾ veɾ.mec/
haber vermeler,/ha.ˈbeɾ veɾ.me.leɾ/
haber vermeme,/ha.ˈbeɾ veɾ.me.ˈme/
haber vermemeler,/ha.ˈbeɾ ˈveɾ.me.me.leɾ/
haber vermemesi,/ha.ˈbeɾ ˈveɾ.me.me.ˈsi/
haber vermesi,/ha.ˈbeɾ veɾ.me.ˈsi/
haberi,/ha.be.ˈɾi/
haberin,/ha.be.ˈɾin/
haberini,/ha.be.ɾi.ˈni/
haberinin,/ha.be.ɾi.ˈnin/
haberler,/ha.beɾˈleɾ/
habibullah,/haˈbiːbullah/
habitat,/haˈbitatˈlaɾ/
habitatı,/haˈbitaˈtɯ/
habitatın,/haˈbitaˈtɯn/
hac,/ˈhad͡ʒ/
hac et,/ˈhad͡ʒ et/
hac etme,/had͡ʒ ˈet.me/
hac etmek,/ˈhad͡ʒ et.mec/
hac etmeler,/ˈhad͡ʒ et.me.ˈleɾ/
hac etmeme,/ˈhad͡ʒ etˈmeme/
hac etmesi,/ˈhad͡ʒ et.me.ˈsi/
hac etmeyi,/ˈhad͡ʒ et.me.ˈji/
hacamat,/ha.d͡ʒa.ˈmat/
hacamatı,/ha.d͡ʒa.ma.ˈtɯ/
hacamatın,/ha.d͡ʒa.ma.ˈtɯn/
hacca,/had͡ʒˈd͡ʒa/
haccı,/had͡ʒˈd͡ʒɯ/
haccın,/had͡ʒˈd͡ʒɯn/
hacda,/had͡ʒˈda/
hacdan,/had͡ʒˈdan/
hacer,/ha.ˈd͡ʒeɾ/
hacet,/haː.ˈd͡ʒet/
hacet namazı,/haː.ˈd͡ʒet na.ma.zi/
haceti,/haː.d͡ʒe.ˈti/
hacetin,/haː.d͡ʒe.ˈtin/
hacetler,/haː.d͡ʒet.ˈleɾ/
haclarda,/had͡ʒlaɾˈda/
haclardan,/had͡ʒlaɾˈdan/
hacları,/had͡ʒlaˈɾɯ/
hacların,/had͡ʒlaˈɾɯn/
hacı,/haˈd͡ʒɯ/
hadde,/hadˈde/
haddi,/hadˈdi/
haddi hesabı yok,/hadˈdi hesaːˈbɯ yoc/
haddim,/haddiˈmi/
haddime,/haddiˈme/
haddimi,/haddiˈmi/
haddimin,/haddiˈmin/
haddin,/hadˈdin/
haddini,/haddiˈni/
haddini bildirmek,/haddiˈni bildirmec/
haddizatında,/hadˈdizaːtɯnˈda/
hadis,/ha.ˈdis/
hadis-i kutsî,/haˈdiːsi kutsiː/
hadis-i şerif,/haˈdiːsi ʃeˈrif/
hadise,/ha.diː.ˈse/
hadiseler,/haː.di.se.ˈleɾ/
hadiseli,/haː.di.se.ˈli/
hadisesi,/haː.di.se.ˈsi/
hadisesiz,/haː.di.se.ˈsiz/
hadisi,/ha.diː.ˈsi/
hadisim,/ha.diː.ˈsim/
hadisimi,/ha.diː.si.ˈmi/
hadisimin,/ha.diː.si.ˈmin/
hadisin,/ha.diː.ˈsin/
hadisini,/ha.diː.si.ˈni/
hadisinin,/ha.diː.si.ˈnin/
hadisler,/ha.dis.ˈleɾ/
hadislerde,/ha.dis.leɾ.ˈde/
hadislerden,/ha.dis.leɾ.ˈden/
hadislere,/ha.dis.le.ˈɾe/
hadisleri,/ha.dis.le.ˈɾi/
hadislerim,/ha.dis.le.ˈɾim/
hadislerin,/ha.dis.le.ˈɾin/
hadisçi,/hadisˈt͡ʃi/
hadisçiler,/hadist͡ʃiˈleɾ/
hafriyat,/haf.ɾi.ˈjat/
hafız,/haː.ˈfɯz/
hafıza,/ha.ːfɯ.ˈza/
hafızalar,/haː.fɯ.zaˈlaɾ/
hafızalı,/haːfɯzaˈlɯ/
hafızam,/haː.fɯ.ˈzam/
hafızamı,/haː.fɯ.zaˈmɯ/
hafızamın,/haː.fɯ.za.ˈmɯn/
hafızanı,/haː.fɯ.za.ˈnɯ/
hafızası,/haː.fɯ.za.ˈsɯ/
hafızasız,/haːfɯzaˈsɯz/
hafızayı,/haː.fɯ.za.ˈjɯ/
hafızları,/haː.fɯz.la.ˈɾɯ/
hafızların,/haː.fɯz.la.ˈɾɯn/
hafızlarını,/haː.fɯz.la.ɾɯ.ˈnɯ/
hafızlarının,/haː.fɯz.la.ɾɯ.ˈnɯn/
hafızı,/haː.fɯ.ˈzɯ/
hafızın,/haː.fɯ.ˈzɯn/
hafızını,/haː.fɯ.zɯ.ˈnɯ/
hafızının,/haː.fɯ.zɯ.ˈnɯn/
hak,/ˈhac/
hakikat,/haciːˈkatʲ/
hakikaten,/haˈciːcaˈten/
hakikatli,/haciːcatˈli/
hakikatsiz,/haciːcatˈsiz/
hakka,/hacˈca/
hakkım,/hak.ˈkɯm/
hakkımda,/hak.kɯm.ˈda/
hakkımdan,/hak.kɯm.ˈdan/
hakkımız,/hak.kɯ.ˈmɯz/
hakkımızda,/hak.kɯ.mɯz.ˈda/
hakkımızdan,/hak.kɯ.mɯz.ˈdan/
hakkın,/hacˈcɯn/
hakkında,/hak.kɯn.ˈda/
hakkını,/haccɯˈnɯ/
hakkının,/haccɯˈnɯn/
hakkınız,/hak.kɯ.ˈnɯz/
hakkınızda,/hak.kɯn.ˈda/
hakkınızdan,/hak.kɯ.nɯz.ˈdan/
haklamam,/haclaˈmam/
haklamaz,/haclaˈmaz/
haklara,/haclaˈɾa/
haklarda,/haclaɾˈda/
haklardan,/haclaɾˈdan/
hakları,/haclaˈɾɯ/
haklarım,/haclaˈɾɯm/
hakların,/haclaˈɾɯn/
hal,/ˈhaɫ/
hala,/haˈɫa/
halef,/haˈlef/
halife,/ha.liː.ˈfe/
halifeler,/ha.liː.fe.ˈleɾ/
halifelik,/haliːˈfe/
halifesi,/ha.liː.fe.ˈsi/
halk,/ˈhalc/
halka,/hal.ˈca/
halkası,/hal.ca.ˈsɯ/
halkayı,/hal.caˈjɯ/
halklar,/halcˈɫaɾ/
halkı,/halˈcɯ/
halkın,/hal.ˈcɯn/
haller,/haɫ.ˈɫeɾ/
halvet,/haɫ.ˈvet/
halveti,/haɫ.ve.ˈti/
ham,/ˈham/
hamal,/hamaɫ̪/
hamallık,/hamaɫ̪ɫ̪ɯk/
hamam,/ha.ˈmam/
hamlet,/ˈhamlet/
hamletme,/ˈhamletme/
hamletmek,/ˈhamletmec/
hamletmeme,/hamˈletmeme/
han,/ˈhan/
handan,/han.ˈdan/
hane,/haː.ˈne/
haneler,/haː.neˈleɾ/
hanelerde,/haː.ne.leɾ.ˈde/
hanelerden,/haː.ne.leɾ.ˈden/
hanelere,/haː.ne.le.ˈɾe/
haneleri,/haː.ne.le.ˈɾi/
hanelerim,/haː.ne.le.ˈɾim/
hanelerimde,/haː.ne.le.ɾim.ˈde/
hanelerimden,/haː.ne.le.ɾim.ˈden/
hanelerime,/haː.ne.le.ɾi.ˈme/
hanelerimi,/haː.ne.le.ɾi.ˈmi/
hanelerimin,/haː.ne.le.ɾi.ˈmin/
hanelerimiz,/haː.ne.le.ɾi.ˈmiz/
hanelerimizde,/haː.ne.le.ɾi.miz.ˈde/
hanelerimizden,/haː.ne.le.ɾi.miz.ˈden/
hanelerimize,/haː.ne.le.ɾi.mi.ˈze/
hanelerimizi,/haː.ne.le.ɾi.mi.ˈzi/
hanelerimizin,/haː.ne.le.ɾi.mi.ˈzin/
hanelerin,/haː.ne.le.ˈɾin/
hanelerinde,/haː.ne.le.ˈɾin.ˈde/
hanelerinden,/haː.ne.le.ˈɾin.ˈden/
hanelerine,/haː.ne.le.ɾi.ˈne/
hanelerini,/haː.ne.le.ɾi.ˈni/
hanelerinin,/haː.ne.le.ˈɾi.ˈnin/
haneleriniz,/haː.ne.le.ɾi.ˈniz/
hanelerinizde,/haː.ne.le.ɾi.niz.ˈde/
hanelerinizden,/haː.ne.le.ɾi.niz.ˈden/
hanelerinize,/haː.ne.le.ɾi.ni.ˈze/
hanelerinizi,/haː.ne.le.ɾi.ni.ˈzi/
hanelerinizin,/haː.ne.le.ɾi.ni.ˈzin/
hanem,/haː.ˈnem/
hanemde,/haː.nem.ˈde/
hanemden,/haː.nem.ˈden/
haneme,/haː.ne.ˈme/
hanemi,/haː.ne.ˈmi/
hanemin,/haː.ne.ˈmin/
hanemiz,/haː.ne.ˈmiz/
hanemizde,/haː.ne.miz.ˈde/
hanemizden,/haː.ne.miz.ˈden/
hanemize,/haː.ne.mi.ˈze/
hanemizi,/haː.ne.mi.ˈzi/
hanemizin,/haː.ne.mi.ˈzin/
hanende,/haː.nen.ˈde/
hanenden,/haː.nen.ˈden/
hanene,/haː.ne.ˈne/
haneni,/haː.ne.ˈni/
hanenin,/haː.ne.ˈnin/
haneniz,/haː.ne.ˈniz/
hanenizde,/haː.ne.niz.ˈde/
hanenizden,/haː.ne.niz.ˈden/
hanenize,/haː.ne.ni.ˈze/
hanenizi,/haː.ne.ni.ˈzi/
hanenizin,/haː.ne.ni.ˈzin/
hanesi,/haː.ne.ˈsi/
hanesin,/haː.ne.ˈsin/
hanesinde,/haː.ne.sin.ˈde/
hanesinden,/haː.ne.sin.ˈden/
hanesine,/haː.ne.si.ˈne/
hanesini,/haː.ne.si.ˈni/
hanesinin,/haː.ne.si.ˈnin/
haneye,/haː.ne.ˈje/
hani,/ha.ˈni/
hanları,/han.la.ˈɾɯ/
hanların,/han.la.ˈɾɯn/
hanı,/haː.ˈnɯ/
hanım,/haː.ˈnɯm/
hanım böcekleri,/haˈnɯm bœd͡ʒecleˈɾi/
hanım böceği,/haˈnɯm bœd͡ʒeˈ‿i/
hanımefendi,/haˈnɯmefendi/
hanımlar,/ha.nɯmˈɫaɾ/
hanımı,/haː.nɯ.ˈmɯ/
hanımın,/haː.nɯ.ˈmɯn/
hanımını,/ha.nɯ.mɯ.ˈnɯ/
hanımının,/ha.nɯ.mɯ.ˈnɯn/
hanın,/haː.ˈnɯn/
hapis,/haˈpis/
hapishane,/ha.pis.haː.ˈne/
haram ay,/haˈɾam aj/
harbi,/ˈhaɾbi/
harbî,/haɾˈbiː/
harbî basmak,/haɾˈbiː basmac/
harbî konuşmak,/haɾˈbiː konuʃmac/
harf,/ˈhaɾf/
harfi,/haɾ.ˈfi/
harfler,/haɾf.ˈɫeɾ/
harp,/ˈhaɾp/
has,/ˈhas/
hasar,/haˈsaɾ/
hasarlar,/hasaɾˈlaɾ/
hasarlı,/hasaɾˈlɯ/
hasarsız,/hasaɾˈsɯz/
hasen hadis,/ha.ˈsen ha.dis/
hasenat,/ha.se.ˈnat/
hassasiyet,/has.saː.si.ˈjet/
hasta,/has.ˈta/
hastahane,/has.ta.haː.ˈne/
hastalık,/has.ta.ˈlɯk/
hastalıklar,/has.ta.lɯcˈlaɾ/
hastalığı,/has.ta.lɯ.ˈ‿ɯ/
hastalığın,/has.ta.lɯ.ˈ‿ɯn/
hastalığını,/has.ta.lɯ.‿ɯ.ˈnɯ/
hastalığının,/has.ta.lɯ.‿ɯ.ˈnɯn/
hastane,/has.taː.ˈne/
hat,/ˈhat/
hata,/ha.ˈtaː/
hatasız kul olmaz,/hataːˈsɯz kul olmaz/
hatim,/ha.ˈtim/
hatlar,/hatˈlaɾ/
hattı,/hatˈtɯ/
hatır,/ha.ˈtɯɾ/
hatırı,/ha.tɯ.ˈɾɯ/
hav,/ˈhav/
hava,/ha.va/
hava üssü,/ha.ˈva ys.sy/
havacılık,/havad͡ʒɯˈlɯc/
havacılıklar,/havad͡ʒɯlɯcˈlaɾ/
havacılığa,/havad͡ʒɯlɯˈ‿a/
havacılığı,/havad͡ʒɯlɯˈ‿ɯ/
havacılığın,/havad͡ʒɯlɯˈ‿ɯn/
havyar,/havˈjaɾ/
havyara,/havjaˈɾa/
havyarda,/havjaɾˈda/
havyardan,/havjaɾˈdan/
havyarlar,/hav.jaɾˈɫaɾ/
havyarlara,/havjaɾlaˈɾa/
havyarlarda,/havjaɾlaɾˈda/
havyarları,/havjaɾlaˈɾɯ/
havyarlarım,/havjaɾlaˈɾɯm/
havyarların,/havjaɾlaˈɾɯn/
havyarı,/havjaˈɾɯ/
havyarın,/havjaˈɾɯn/
hay,/ai/
hayal,/ha.jalʲ/
hayalet,/ha.jaːˈlet/
hayat,/ha.ˈjat/
hayatlar,/ha.jat.ˈɫaɾ/
hayatı,/ha.jaː.ˈtɯ/
hayatım,/ha.jaː.ˈtɯm/
hayatın,/ha.jaː.ˈtɯn/
haymatlos,/hajˈmatloːs/
hayrı,/haj.ˈɾɯ/
hayrım,/haj.ˈɾɯm/
hayrın,/haj.ˈɾɯn/
hayvan,/hajˈvan/
hayvansever,/hajˈvan.se.veɾ/
hayâlhane,/hajałhaːˈne/
hayır,/ˈha.jɯɾ/
hazar,/haˈzaɾ/
haç,/ˈhat͡ʃ/
haça,/haˈt͡ʃa/
haçkar,/hat͡ʃˈkaɾ/
haçlarda,/hat͡ʃlaɾˈda/
haçlardan,/hat͡ʃlaɾˈdan/
haçları,/hat͡ʃlaˈɾɯ/
haçların,/hat͡ʃlaˈɾɯn/
haçlı,/hat͡ʃ.ˈlɯ/
haçta,/hat͡ʃˈta/
haçı,/haˈt͡ʃɯ/
haçın,/haˈt͡ʃɯn/
haşhaş,/haʃ.ˈhaʃ/
haşhaşı,/haʃ.ha.ˈʃɯ/
haşhaşın,/haʃ.ha.ˈʃɯn/
he,/ˈhe/
hedise,/hediˈse/
hediye,/he.di.ˈje/
hediyelik eşya,/hedijeˈlic eʃˈjaː/
hegemonya,/he.ɟe.mɔn.ja/
hemşire,/hemʃiˈɾe/
hepatit,/hepaˈtit/
her,/ˈheɾ/
her biri,/ˈheɾ.bi.ɾi/
her ne zaman,/heɾ ˈne za.man/
hergele,/heɾ.ɡe.ˈle/
hergeleci,/heɾ.ɡe.le.ˈd͡ʒi/
hergeleciler,/heɾ.ɡe.le.d͡ʒiˈleɾ/
hergelecilik,/heɾ.ɡe.le.d͡ʒi.ˈlic/
hergelecilikler,/heɾ.ɡe.le.d͡ʒi.lic.ˈleɾ/
hergeleciliği,/heɾ.ɡe.le.d͡ʒi.li.ˈ‿i/
hergeleciliğin,/heɾ.ɡe.le.d͡ʒi.li.ˈ‿in/
hergelecisi,/heɾ.ɡe.le.d͡ʒi.ˈsi/
hergeleler,/heɾ.ɡe.leˈleɾ/
hergelem,/heɾ.ɡe.ˈlem/
hergelemi,/heɾ.ɡe.le.ˈmi/
hergelen,/heɾ.ɡe.ˈlen/
hergeleni,/heɾ.ɡe.le.ˈni/
hergelenin,/heɾ.ɡe.le.ˈnin/
hergelesi,/heɾ.ɡe.le.ˈsi/
hergeleye,/heɾ.ɡe.le.ˈje/
herkes,/ɦæɾ̪ʲ.cʰes̪/
hesabı,/he.saː.ˈbɯ/
hesap,/he.ˈsap/
hesaplar,/he.sap.ˈlaɾ/
heteromilliyetçilik,/heteɾɔˈmilˈlijett͡ʃiˈlic/
heteroseksüel,/heteɾɔsecsyˈel/
heykel,/hej.ˈcel/
heykeli,/hej.ce.ˈli/
heykelim,/hej.ceˈlim/
heykelin,/hej.ce.ˈlin/
heykelini,/hej.ce.li.ˈni/
heykelinin,/hej.ce.li.ˈnin/
heykeller,/hej.celˈleɾ/
heykelleri,/hej.cel.le.ˈɾi/
heykellerin,/hej.cel.le.ˈɾin/
hibe,/hiːˈbe/
hibe etme,/hiːˈbe etme/
hibe etmek,/hiːˈbe etmec/
hibe etmeme,/hiːˈbe ˈetmeme/
hibernate,/ˈhaibəˌneit/
hicran,/hid͡ʒˈɾan/
hicri takvim,/hid͡ʒˈriː ˈtakvim/
hidayet,/hi.daː.ˈjet/
hidayeti,/hidaːjeˈti/
hidayetler,/hidaːjetˈleɾ/
hidiv,/hi.ˈdiv/
hidivi,/hi.di.ˈvi/
hidivin,/hi.di.ˈvin/
hidivler,/hi.div.ˈleɾ/
hidrokarbon,/ˈhid.ɾo.kaɾ.bon/
hidrostatik,/ˈhid.ɾo.sta.ˈtik/
hidrostatik denge,/ˈhid.ɾo.sta.ˈtik deɲ.ɟe/
hidrostatik dengeler,/ˈhid.ɾo.sta.ˈtik deɲ.ɟe.ˈleɾ/
hidrostatik dengesi,/ˈhid.ɾo.sta.ˈtik deɲ.ɟe.ˈsi/
hidrostatik dengeyi,/ˈhid.ɾo.sta.ˈtik deɲ.ɟe.ˈji/
hijyenik,/hiʒ.je.nic/
hikâye,/hi.kjaː.ˈje/
hilafet,/haliːfeˈlic/
hilal,/hi.ˈlal/
hile,/hʲiːˈl̠e̞/
hilekâr,/hiː.le.ˈkjaɾ/
hileler,/hiːleˈlæɾ/
hilesi,/hiː.le.ˈsi/
hilozoizm,/ˈhi.lo.zo.ˈizm/
hin,/ˈhin/
hinterlant,/ˈhinteɾˌlant/
hipotalamus,/hi.pɔ.ta.ɫa.mus/
hisar,/hi.ˈsaɾ/
hisarı,/hi.sa.ˈɾɯ/
hisarın,/hi.sa.ˈɾɯn/
hisarını,/hi.sa.ɾɯ.ˈnɯ/
hisarının,/hi.sa.ɾɯ.ˈnɯn/
hissetmek,/ˈhissetmec/
histeri,/histe'ɾi/
histriyonik kişilik bozukluğu,/histɾijoˈnic ciʃiˈlic bozukɫuː‿ˈu/
hit,/ˈhit/
hizb,/ˈhizb/
hiç yoktan iyidir,/ˈhit͡ʃ joc.tan i.ˈji.diɾ/
homomilliyetçilik,/hɔmɔˈmilˈlijett͡ʃiˈlic/
homoseksualizm,/ˌxɔ̃mɔseksuˈwalʲism̥/
homoseksüel,/hɔmɔsecsyˈel/
homosexualité,/o.mo.sek.sɥa.li.te/
hoppa,/hop.ˈpa/
horoz şekeri,/hɔˈɾɔʐ ʃeceˈɾi/
hortum,/hoɾˈtum/
hoş,/ˈhoʃ/
hoş geldin,/ˈhoʃ ɡel.din/
hoş geldiniz,/ˈhoʃ ɡel.di.niz/
hoşa gitme,/ho.ˈʃa ɡit.me/
hoşa gitmek,/ho.ˈʃa ɡit.mec/
hoşa gitmeler,/ho.ˈʃa ɡit.me.ˈleɾ/
hoşa gitmeme,/ho.ˈʃa ˈɡit.me.me/
hoşa gitmesi,/ho.ˈʃa ɡit.me.ˈsi/
hoşa gitmeyi,/ho.ˈʃa ɡit.me.ˈji/
hoşgörü,/hoʃ.ɟœ.ˈɾy/
hu,/ˈhu/
hukuk,/hu.ˈcuc/
hukuka,/hu.cuː.ˈca/
hukuklara,/hu.cuc.la.ˈɾa/
hukuklarda,/hu.cuc.laɾ.ˈda/
hukuklardan,/hu.cuc.laɾ.ˈdan/
hukukları,/hu.cuc.la.ˈɾɯ/
hukuklarım,/hu.kuk.la.ˈɾɯm/
hukuklarıma,/hu.cuc.la.ɾɯ.ˈma/
hukuklarımda,/hu.cuc.la.ɾɯm.ˈda/
hukuklarımdan,/hu.cuc.la.ɾɯm.ˈdan/
hukuklarımı,/hu.cuc.la.ɾɯ.ˈmɯ/
hukuklarımın,/hu.cuc.la.ɾɯ.ˈmɯn/
hukuklarımız,/hu.cuc.la.ɾɯ.ˈmɯz/
hukuklarımıza,/hu.cuc.la.ɾɯ.mɯ.ˈza/
hukuklarımızda,/hu.cuc.la.ɾɯ.mɯz.ˈda/
hukuklarımızdan,/hu.cuc.la.ɾɯ.mɯz.ˈdan/
hukuklarımızı,/hu.cuc.la.ɾɯ.mɯ.ˈzɯ/
hukuklarımızın,/hu.cuc.la.ɾɯ.mɯ.ˈzɯn/
hukukların,/hu.cuc.la.ˈɾɯn/
hukuklarına,/hu.cuc.la.ɾɯ.ˈna/
hukuklarında,/hu.cuc.la.ɾɯn.ˈda/
hukuklarından,/hu.cuc.la.ɾɯn.ˈdan/
hukuklarını,/hu.cuc.la.ɾɯ.ˈnɯ/
hukuklarının,/hu.cuc.la.ɾɯ.ˈmnn/
hukuklarınız,/hu.cuc.la.ɾɯ.ˈnɯz/
hukuklarınıza,/hu.cuc.la.ɾɯ.nɯ.ˈza/
hukuklarınızda,/hu.cuc.la.ɾɯ.nɯz.ˈda/
hukuklarınızdan,/hu.cuc.la.ɾɯ.nɯz.ˈdan/
hukuklarınızı,/hu.cuc.la.ɾɯ.nɯ.ˈzɯ/
hukuklarınızın,/hu.cuc.la.ɾɯ.nɯ.ˈzɯn/
hukuku,/hu.cuː.ˈcu/
hukukum,/hu.cuː.ˈcum/
hukukuma,/hu.cuː.cu.ˈma/
hukukumda,/hu.cuː.cum.ˈda/
hukukumdan,/hu.cuː.cum.ˈdan/
hukukumu,/hu.cuː.cu.ˈmu/
hukukumun,/hu.cuː.cu.ˈmun/
hukukumuz,/hu.cuː.cu.ˈmuz/
hukukumuza,/hu.cuː.cu.mu.ˈza/
hukukumuzda,/hu.cuː.cu.muz.ˈda/
hukukumuzdan,/hu.cuː.cu.muz.ˈdan/
hukukumuzu,/hu.cuː.cu.mu.ˈzu/
hukukumuzun,/hu.cuː.cu.mu.ˈzun/
hukukun,/hu.cuː.ˈcun/
hukukuna,/hu.cuː.cu.ˈna/
hukukunda,/hu.cuː.cun.ˈda/
hukukundan,/hu.cuː.cun.ˈdan/
hukukunu,/hu.cuː.cu.ˈnu/
hukukunun,/hu.cuː.cu.ˈnun/
hukukunuz,/hu.cuː.cu.ˈnuz/
hukukunuza,/hu.cuː.cu.nuˈza/
hukukunuzda,/hu.cuː.cu.nuz.ˈda/
hukukunuzdan,/hu.cuː.cu.nuz.ˈdan/
hukukunuzu,/hu.cuː.cu.nu.ˈzu/
hukukunuzun,/hu.cuː.cu.nu.ˈzun/
hukukçu,/hu.cuc.ˈt͡ʃu/
hukukçusu,/hu.cuc.t͡ʃu.ˈsu/
hukukçuyu,/hu.cuc.t͡ʃu.ˈju/
hurma,/huɾˈma/
huruf,/hu.ˈɾuːf/
huruf-u mukattaa,/huɾuːfu mukataˈa/
hurûf,/hu.ˈɾuːf/
hurûf-u mukattaa,/hu.ˈɾuː.ˈfu mu.kat.ta.ʕa/
husuf namazı,/hu.ˈsuf na.ma.zɯ/
husumet,/hu.suˈmet/
hususiyet,/husuːsiˈjet/
hutbe,/hut.ˈbe/
hâce,/haː.ˈd͡ʒe/
hâkim,/haː.ˈcim/
hâkimi,/haː.ci.ˈmi/
hâkimim,/haː.ci.ˈmim/
hâkimin,/haː.ci.ˈmin/
hâkimiyet,/haːkimiˈjet/
hâkimiyetler,/haːkimijetˈleɾ/
hâkimler,/haː.cimˈleɾ/
hâkimleri,/haː.cim.le.ˈɾi/
hâkimlerim,/haː.cim.le.ˈɾim/
hâkimlerin,/haː.cim.le.ˈɾin/
hâkimlerini,/haː.cim.le.ɾi.ˈni/
hâkimlerinin,/haː.cim.le.ɾi.ˈnin/
hâl,/ˈhaɫ/
hâli,/haːˈɫi/
hâlim,/haː.ˈɫim/
hâlin,/haː.ˈɫin/
hâller,/haɫ.ˈɫeɾ/
hâlleri,/haɫɫeˈɾi/
hâlletme,/ˈhallʲ.et.ˈme/
hâlletmek,/ˈhallʲ.et.ˈmec/
hâlletmeme,/ˈhall.ˈet.me.me/
hâlâ,/ˈhaːlaː/
hükme,/hykˈme/
hükmü,/hykˈmy/
hükmüm,/hykˈmym/
hükmün,/hykˈmyn/
hükûmet,/hy.kʲuː.ˈmet/
hükûmetler arası,/hy.kʲuː.met.ˈleɾ a.ɾa.sɯ/
hüküm,/hy.ˈkym/
hükümde,/hykymˈde/
hükümden,/hykymˈden/
hükümet,/hy.cyː.met/
hükümler,/hykymˈłeɾ/
hükümlerde,/hykymłeɾˈde/
hükümlerden,/hykymłeɾˈden/
hükümlere,/hykymłeˈɾe/
hükümleri,/hykymłeˈɾi/
hükümlerim,/hykymłeˈɾim/
hükümlerin,/hykymłeˈɾin/
hür,/ˈhyɾ/
hürmet,/hyɾ.ˈmet/
hürriyet,/hyɾ.ɾi.ˈjet/
hüsnüzan,/ˈhysnyzan/
hırlamak,/hɯɾ.ɫa.mak/
hırsız,/hɯɾ.ˈsɯz/
hırsıza,/hɯɾsɯˈza/
hırsızda,/hɯɾsɯzˈda/
hırsızdan,/hɯɾsɯzˈdan/
hırsızlara,/hɯɾsɯzlaˈɾa/
hırsızlarda,/hɯɾsɯzlaɾˈda/
hırsızları,/hɯɾsɯzlaˈɾɯ/
hırsızların,/hɯɾsɯzlaˈɾɯn/
hırsızı,/hɯɾsɯˈzɯ/
hırsızım,/hɯɾsɯˈzɯm/
hırsızın,/hɯɾsɯˈzɯn/
hıyar,/hɯ.ˈjaɾ/
hıyarı,/ˈhɯ.ja.ˈɾɯ/
hő,/ˈhœː/
iaşe,/i.aː.ˈʃe/
iaşeler,/i.aː.ʃe.ˈleɾ/
iaşesi,/i.aː.ʃe.ˈsi/
iaşeyi,/i.aː.ʃe.ˈji/
ibadet,/i.baː.ˈdet/
ibadete,/i.baː.de.ˈte/
ibadetgâh,/i.baː.det.ˈɟah/
ibadetgâhı,/i.baː.det.ɟa.ˈhɯ/
ibadetgâhın,/i.baː.det.ɟa.ˈhɯn/
ibadethane,/i.baː.det.haː.ˈne/
ibadethaneler,/i.baː.det.haː.ne.ˈleɾ/
ibadethanesi,/i.baː.det.haː.ne.ˈsi/
ibadethaneyi,/i.baː.det.haː.ne.ˈji/
ibadeti,/i.baː.de.ˈti/
ibadetim,/i.baː.de.ˈtim/
ibadetin,/i.baː.de.ˈtin/
ibadetler,/i.baː.det.ˈleɾ/
ibadetlerde,/i.baː.det.leɾ.ˈde/
ibadetlerden,/i.baː.det.leɾ.ˈden/
ibadetlere,/i.baː.det.le.ˈɾe/
ibadetleri,/i.baː.det.le.ˈɾi/
ibadetlerim,/i.baː.det.le.ˈɾim/
ibadetlerin,/i.baː.det.le.ˈɾin/
icare,/id͡ʒɯaːˈɾe/
icmâ,/id͡ʒ.ˈmaː/
icmâsı,/id͡ʒ.maː.ˈsɯ/
icmâyı,/id͡ʒ.maː.ˈjɯ/
id,/ˈid/
idare,/i.daː.ˈɾe/
idareler,/i.daː.ɾe.ˈleɾ/
idaresi,/i.daː.ɾe.ˈsi/
iddet,/idˈdet/
ideoloji,/i.de.o.lo.ˈʒi/
ideolojik,/i.de.o.lo.ˈʒic/
ideolojiler,/i.de.o.lo.ʒiˈleɾ/
ideolojilere,/ideołoʒileˈɾe/
ideolojileri,/ideołoʒileˈɾi/
ideolojilerin,/ideołoʒileˈɾin/
ideolojinin,/ideołoʒiˈnin/
ideolojisi,/i.de.o.lo.ʒi.ˈsi/
ideolojiye,/ideołoʒiˈje/
idi,/iˈdi/
idman,/idˈman/
idmanlar,/idmanˈlaɾ/
idrak,/idˈɾaːc/
ifa,/iːfaː/
ifade,/i.faː.de/
ifadeler,/i.faː.de.ˈleɾ/
ifadesi,/i.faː.de.ˈsi/
iffet,/if.fet/
iffetler,/iffetˈleɾ/
iffetli,/if.fetˈli/
iftar,/if.ˈtaɾ/
iftitah,/if.ti.ˈtah/
iftitah tekbiri,/if.ti.ˈtah tek.bi.ːri/
iftitah tekbirini,/if.ti.ˈtah tek.biː.ri.ˈni/
iftitah tekbirinin,/if.ti.ˈtah tek.biː.ri.ˈnin/
iftitah tekbirleri,/if.ti.ˈtah tek.biɾ.le.ˈɾi/
iftitah tekbirlerin,/if.ti.ˈtah tek.biɾ.le.ˈɾin/
iftitah tekbirlerini,/if.ti.ˈtah tek.biɾ.le.ɾi.ˈni/
iftitah tekbirlerinin,/if.ti.ˈtah tek.biɾ.le.ɾi.ˈnin/
ifşa,/ifˈʃaː/
ifşa etmek,/ifˈʃaː etmec/
ihsan,/ihˈsan/
ihtida,/ih.t̪iˈd̪aː/
ihtimaliyet,/ihtimaːliˈjet/
ihtimaliyetler,/ihtimaːlijetˈleɾ/
ihtiyaç,/ih.ti.jatʃ/
ihtişam,/ihtiˈʃam/
ihtişama,/ihtiʃaˈma/
ihtişamda,/ihtiʃamˈda/
ihtişamdan,/ihtiʃamˈdan/
ihtişamlara,/ihtiʃamlaˈɾa/
ihtişamlarda,/ihtiʃamlaɾˈda/
ihtişamlardan,/ihtiʃamlaɾˈdan/
ihtişamları,/ihtiʃamlaˈɾɯ/
ihtişamların,/ihtiʃamlaˈɾɯn/
ihtişamlı,/ihtiʃamˈlɯ/
ihtişamsız,/ihtiʃamˈsɯz/
ihtişamı,/ihtiʃaːˈmɯ/
ihtişamın,/ihtiʃaːˈmɯ/
ihvan,/ih.ˈvan/
ikamet,/i.caː.ˈmet/
ikametgâh,/i.caː.met.ˈɡjah/
iken,/iˈken/
iki,/i.ˈci/
iki büklüm olma,/i.ˈci byc.lym ˈol.ma/
iki büklüm olmak,/i.ˈci byc.lym ol.mac/
iki yüz,/i.ˈci jyz/
iki çenekliler,/iˈci t͡ʃenecliˈleɾ/
ikidurumlu,/iˈciduɾumluˈlaɾ/
ikil şahıs,/i.ˈcil ʃa.hɯs/
ikilemek,/icilemec/
ikili,/i.ci.ˈli/
ikinci,/icindʒi/
ikiniz,/i.ki.ˈniz/
ikinizi,/i.ki.ni.ˈzi/
ikinizin,/i.ki.ni.ˈzin/
ikinizken,/i.ki.ˈniz.ken/
ikinizle,/i.ki.ˈniz.le/
ikisin,/i.ki.ˈsin/
ikisiyken,/i.ki.ˈniz.ken/
ikisiyle,/i.ki.ˈsiy.le/
ikiyle,/i.ˈkiy.le/
ikiyse,/i.ˈkiy.se/
ikon,/i.ˈkon/
iksir,/icˈsiɾ/
iktibasçı,/iktiˈbas/
iktisat,/ic.ti.ˈsat/
iktiza etme,/iktiˈzaː etme/
iktiza etmek,/iktiˈzaː etmek/
il,/ˈilʲ/
ilah,/iˈlah/
ilave,/iˈlaːve/
ile,/iˈle/
ileti,/ileˈti/
iletişim,/i.le.ti.ˈʃim/
iletişim merkezi,/i.le.ti.ˈʃim meɾ.ke.zi/
iletişim merkezini,/i.le.ti.ˈʃim meɾ.ke.zi.ˈni/
iletişim merkezinin,/i.le.ti.ˈʃim meɾ.ke.zi.ˈnin/
iletişim merkezleri,/i.le.ti.ˈʃim meɾ.kez.le.ˈɾi/
iletişim merkezlerin,/i.le.ti.ˈʃim meɾ.kez.le.ˈɾin/
iletişim merkezlerini,/i.le.ti.ˈʃim meɾ.kez.le.ɾi.ˈni/
iletişim merkezlerinin,/i.le.ti.ˈʃim meɾ.kez.le.ɾi.ˈnin/
ilgeç,/il.ˈɡet͡ʃ/
ilhak,/ilˈhak/
ilim,/i.ˈlim/
ilimci,/ilimˈd͡ʒi/
ilimler,/i.lim.ˈleɾ/
ilimleri,/i.lim.łe.ˈɾi/
ilimlerin,/i.lim.łe.ˈɾin/
ilimlerini,/i.lim.łe.ɾi.ˈni/
ilimlerinin,/i.lim.łe.ɾi.ˈnin/
ilimli,/i.lim.ˈli/
ilimsiz,/i.lim.ˈsiz/
ilinek,/i.liˈnec/
ilişki,/i.liʃ.ˈki/
ilişkiler,/i.liʃ.ki.ˈleɾ/
ilişkili,/i.liʃ.ki.ˈli/
ilişkim,/i.liʃ.ˈkim/
ilişkin,/i.liʃ.ˈkin/
ilişkisi,/i.liʃ.ki.ˈsi/
ilişkisiz,/i.liʃ.ki.ˈsiz/
ilk,/ilc/
ilkbahar,/ˈilkbahar/
ilkbaharlar,/ilcbahaɾˈlaɾ/
ilke,/il.ˈke/
ilkyazlar,/ilcjazˈlaɾ/
ilmi,/il.ˈmi/
ilmim,/il.ˈmim/
ilmin,/il.ˈmin/
ilmini,/il.mi.ˈni/
ilminin,/il.mi.ˈnin/
ilmî,/il.ˈmiː/
iltica,/iltiˈd͡ʒaː/
ilçe,/il.ˈt͡ʃe/
ilçeler,/il.t͡ʃeˈleɾ/
ilçesi,/il.t͡ʃe.ˈsi/
ima,/iːmaː/
imal,/iːmaːl/
imam,/iˈmam/
imama,/imaˈma/
imamı,/imaˈmɯ/
imamın,/imaˈmɯn/
iman,/iːˈmaːn/
imdat freni,/imˈdat fɾeˈni/
imece,/i.me.ˈd͡ʒe/
imek,/iˈmec/
imiş,/iˈmiʃ/
imkân,/im.ˈkʲan/
imkânı,/im.kʲaː.ˈnɯ/
imla,/imˈlaː/
imparator,/im.pa.ra.ˈtoɾ/
imparatorluk,/im.pa.ra.tɔɾ.ˈluc/
imparatorluğu,/im.pa.ra.tɔɾ.lu.ˈ‿u/
imparatorluğun,/im.pa.ra.tɔɾ.lu.ˈ‿un/
imparatorluğunu,/im.pa.ra.tɔɾ.lu.‿u.ˈnu/
imparatorluğunun,/im.pa.ra.tɔɾ.lu.‿u.ˈnun/
imparatoru,/im.pa.ra.to.ˈɾu/
imparatorum,/im.pa.ra.to.ˈɾum/
imparatorun,/im.pa.ra.to.ˈɾun/
imtina,/im.ti.ˈnaː/
imtina etmek,/im.ti.ˈnaː et.mec/
imza,/im.ˈzaː/
imzalamaz,/im.zaː.la.ˈmaz/
imzalı,/im.zaː.ˈlɯ/
imzası,/im.zaː.ˈsɯ/
imzasız,/im.zaː.ˈsɯz/
imzayı,/im.zaː.ˈjɯ/
in,/ˈin/
inanan,/inaˈnan/
inanmayan,/iˈnanmajan/
indiquer,/ẽ.di.ke/
inek,/iˈne̞c/
infilak,/infiˈlaːc/
infilak et,/infiˈlaːc et/
infilak etme,/in.fi.laːc ˈet.me/
infilak etmede,/infilac etmeˈde/
infilak etmeden,/infilac etmeˈden/
infilak etmek,/infiˈlaːc etmec/
infilak etmeler,/infilac etmeˈleɾ/
infilak etmelerde,/infilac etmeleɾˈde/
infilak etmelerden,/infilac etmeleɾˈden/
infilak etmelere,/infilac etmeleˈɾe/
infilak etmeleri,/infilac etmeleˈɾi/
infilak etmelerin,/infilac etmeleˈɾin/
infilak etmeme,/in.fi.laːc ˈet.me.ˈme/
infilak etmemesi,/in.fi.lac ˈet.me.me.ˈsi/
infilak etmenin,/infilac etmeˈnin/
infilak etmesi,/in.fi.lac et.me.ˈsi/
infilak etmeye,/infilac etmeˈje/
infilak etmeyi,/in.fi.lac et.me.ˈji/
infilaka,/infilaˈca/
infilaklara,/infilaclaˈɾa/
infilaklarda,/infilaclaɾˈda/
infilaklardan,/infilaclaɾˈdan/
infilakların,/infilaclaˈɾɯn/
infilakı,/infilaˈcɯ/
infilakın,/infilaˈcɯn/
inhisar,/inhiˈsaɾ/
inkâr,/in.ˈkjaːɾ/
inkârcı,/in.kjaɾ.ˈd͡ʒɯ/
inkıta,/in.cɯ.ˈtaː/
inkıtan,/in.cɯ.ˈtaːn/
inkıtanı,/in.cɯ.taː.ˈnɯ/
inkıtanın,/in.cɯ.taː.ˈnɯn/
inkıtası,/in.cɯ.taː.ˈsɯ/
inkıtayı,/in.cɯ.taː.ˈjɯ/
insan,/in̪ʲˈs̪an̪/
insan biçimcilik,/inˈsan bit͡ʃimd͡ʒiˈlic/
insan-ı kâmil,/in.ˈsa.nɯ kʲaː.ˈmil/
insan-ı kâmili,/in.ˈsa.nɯ kʲaː.mi.ˈli/
insan-ı kâmilin,/in.ˈsa.nɯ kʲaː.mi.ˈlin/
insan-ı kâmiller,/in.ˈsa.nɯ kʲaː.mil.ˈleɾ/
internet,/ˈin.tæɾ.net/
inşa,/in.ˈʃaː/
inşa etme,/in.ʃaː ˈet.me/
inşa etmek,/in.ˈʃaː et.mec/
inşa etmeler,/in.ˈʃaː et.me.ˈleɾ/
inşa etmeme,/in.ʃaː ˈet.me.ˈme/
inşa etmesi,/in.ˈʃaː et.me.ˈsi/
inşa etmeyi,/in.ˈʃaː et.me.ˈji/
inşaat,/in.ʃa.ˈˤat/
inşaatlar,/in.ʃa.ˤatˈlaɾ/
inşaatçı,/in.ʃa.ˤat.ˈt͡ʃɯ/
inşaatçısı,/in.ʃa.ˤat.t͡ʃɯ.ˈsɯ/
inşaatçıyı,/in.ʃa.ˤat.t͡ʃɯ.ˈjɯ/
inşaatı,/in.ʃa.ˤa.ˈtɯ/
inşaatım,/in.ʃa.ˤa.ˈtɯm/
inşaatın,/in.ʃa.ˤa.ˈtɯn/
inşası,/in.ʃaː.ˈsɯ/
inşayı,/in.ʃaː.ˈjɯ/
inşikak,/inʃiˈkaːk/
inşirah,/in.ʃi.ˈɾah/
ip,/ˈip/
ipi,/i.ˈpi/
ipin,/i.ˈpin/
ipini,/i.pi.ˈni/
ipinin,/i.pi.ˈnin/
iple,/ˈipłe/
iplemez,/ip.le.ˈmez/
ipler,/ip.ˈleɾ/
ipsi,/ipˈsi/
irade,/i.raː.ˈde/
iradeler,/i.raː.de.ˈleɾ/
iradesi,/i.raː.de.ˈsi/
irdele,/iɾ.deˈle/
irdeleme,/iɾ.de.ˈle.me/
irdelemek,/iɾ.de.le.ˈmec/
irdelemeler,/iɾ.de.ˈle.me.ˈleɾ/
irdelememe,/iɾ.de.le.me.ˈme/
irdelememeler,/iɾ.de.ˈle.me.me.ˈleɾ/
irdelememesi,/iɾ.de.ˈle.me.me.ˈsi/
irdelemesi,/iɾ.de.ˈle.me.ˈsi/
irem,/i.ˈɾem/
irrasyonel sayı,/ˈiɾ.ɾas.jo.ˈnel sa.jɯ/
irrasyonel sayıları,/ˈiɾ.ɾas.jo.ˈnel sa.jɯ.la.ˈɾɯ/
irrasyonel sayısı,/ˈiɾ.ɾas.jo.ˈnel sa.jɯ.ˈsɯ/
irrasyonel sayıyı,/ˈiɾ.ɾas.jo.ˈnel sa.jɯ.ˈjɯ/
irt,/ˈirt/
irtica,/irtiˈd͡ʒaː/
irtifak,/iɾ.ti.ˈfac/
irtifakları,/iɾ.ti.fac.la.ˈɾɯ/
irtifakların,/iɾ.ti.fac.la.ˈɾɯn/
irtifakı,/iɾ.ti.faː.ˈcɯ/
irtifakın,/iɾ.ti.faː.ˈcɯn/
irtifakını,/iɾ.ti.faː.cɯ.ˈnɯ/
irtifakının,/iɾ.ti.faː.cɯ.ˈnɯn/
irtikab etme,/iɾtikaːbetˈme/
irtikab etmek,/iɾtikaːbetˈmec/
irtikab etmeme,/iɾtikaːbˈetmeme/
irşadı,/iɾ.ʃaː.ˈdɯ/
irşadın,/iɾ.ʃaː.ˈdɯn/
irşat,/iɾ.ˈʃat/
irşatlar,/iɾ.ʃat.ˈlaɾ/
is,/ˈis/
ise,/iˈse/
isim,/i.ˈsim/
isimden türeme fiil,/isimˈden tyɾeˈme fiil/
isimden türemiş fiil,/isimˈden tyɾeˈmiş fiil/
isimlendirme,/iˈsimlendiɾˈme/
isimlendirmek,/iˈsimlendiɾˈmec/
isimlendirmeme,/isimlenˈdiɾmeme/
isimler,/isimˈleɾ/
isimlerde,/isimłeɾˈde/
isimlerden,/isimłeɾˈden/
isimlere,/isimłeˈɾe/
isimleri,/isimłeˈɾi/
isimlerin,/isimłeˈɾin/
isimli,/isimˈli/
isimliler,/isimliˈleɾ/
isimsiz,/isimˈsiz/
isimsizler,/isimsizˈleɾ/
iskân,/is.ˈkjan/
isme,/isˈme/
ismi,/isˈmi/
ismin,/is.ˈmin/
ismin hâli,/is.min haː.ˈɫi/
ismin hâlleri,/isˈmin haɫɫeˈɾi/
ismini,/is.mi.ˈni/
isminin,/is.mi.ˈnin/
ispat,/isˈpat/
ispat etmek,/isˈpat etmec/
ispirto,/ˈis.piɾ.to/
israf,/is.ˈɾaf/
istatistik,/is.ta.tis.ˈtik/
istatistikler,/is.ta.tis.tic.ˈleɾ/
istatistiği,/is.ta.tis.ti.ˈ‿i/
istatistiğim,/is.ta.tis.ti.ˈ‿im/
istatistiğin,/is.ta.tis.ti.ˈ‿in/
istek,/is.tec/
istek kipi,/diˈlec kipi/
istek kipleri,/isˈtec kipleˈɾi/
istemci,/is.tem.ˈd͡ʒi/
istemciler,/is.tem.d͡ʒi.ˈleɾ/
istemcisi,/is.tem.d͡ʒi.ˈsi/
istemcisin,/is.tem.d͡ʒi.ˈsin/
istemcisini,/is.tem.d͡ʒi.si.ˈni/
istemcisinin,/is.tem.d͡ʒi.si.ˈnin/
isteme,/is.ˈte.me/
istemek,/is.te.ˈmec/
istemeler,/is.te.me.ˈleɾ/
istememe,/is.ˈte.me.ˈme/
istemesi,/is.te.me.ˈsi/
istemli,/istemˈli/
istemsiz,/istemˈsiz/
ister,/is.ˈteɾ/
istihare namazı,/is.ti.haː.ˈɾe na.ma.zɯ/
istikamet,/isticaːˈmet/
istikrar,/isticˈɾar/
istikrarlı,/isticɾarˈlɯ/
istikrarsız,/isticɾarˈsɯz/
istikşaf,/isticˈʃaːf/
istikşafi görüşme,/isticʃaːˈfiː ɡœ̞ɾyʃˈme/
istikşafî,/isticʃaːˈfiː/
istikşafî görüşme,/isticʃaːˈfiː ɡœ̞ɾyʃˈme/
istimla,/is.tim.ˈlaː/
istiva hattı,/istiˈvaː hattɯ/
istiğfar,/isti‿ˈfaɾ/
isyan,/isˈjan/
isyan etmek,/isˈjaːnetmec/
isyancı,/isjanˈd͡ʒɯ/
isyancılar,/isjand͡ʒɯˈlaɾ/
isyancılık,/isjanʒɯˈlɯc/
isyancılıklar,/isjand͡ʒɯlɯcˈlaɾ/
isyanlar,/isjanˈlaɾ/
it,/ˈit/
iter,/i.ˈteɾ/
itibar,/iːtiˈbaɾ/
itibarda,/iːtibaɾˈda/
itibardan,/iːtibaɾˈdan/
itibaren,/iː.ti.baː.ˈɾen/
itibarlı,/iːtibaɾˈlɯ/
itibarsız,/iːtibaɾˈsɯz/
itibarı,/iːtibaˈɾɯ/
itibarım,/iːtibaˈɾɯm/
itibarımı,/iːtibaɾɯˈmɯ/
itibarımın,/iːtibaɾɯˈmɯn/
itibarın,/iːtibaˈɾɯn/
itibarını,/iːtibaɾɯˈnɯ/
itibarının,/iːtibaɾɯˈnɯn/
itidal,/iːtiˈdaˑl/
itikadî,/iːtiːcaːˈdiː mezhep/
itikadî mezhebi,/iːtiːcaːˈdiː mezheˈbi/
itikadî mezhep,/iːticaːˈdiː mezhep/
itikadî mezhepler,/iːtikaːˈdiː mezhepˈleɾ/
itimat,/iː.ti.ˈmat/
itimat et,/iː.ti.ˈmaː.det/
itimat etme,/iː.ti.ˈmaː.det.me/
itimat etmek,/iː.ti.ˈmaː.det.mek/
itimat etmeme,/iː.ti.maː.ˈdet.me.me/
itiraf,/iːtiˈɾaf/
itmek,/it.ˈmek/
itmez,/it.ˈmez/
ittibâ,/it.ti.ˈbaː/
ittibâ eder,/it.ti.ˈbaː e.deɾ/
ittibâ et,/it.ti.ˈbaː et/
ittibâ etme,/it.ti.baː ˈet.me/
ittibâ etmek,/it.ti.ˈbaː et.mec/
ittibâ etmeler,/it.ti.ˈbaː et.me.ˈleɾ/
ittibâ etmeme,/it.ti.baː et.me.ˈme/
ittibâ etmesi,/it.ti.ˈbaː et.me.ˈsi/
ittibâ etmez,/it.ti.ˈbaː et.mez/
ittibâsı,/it.ti.baː.ˈsɯ/
ittibâyı,/it.ti.baː.ˈjɯ/
ittifak,/it.ti.ˈfac/
ittifak etmek,/ittiˈfac etmec/
ittifak ettirmek,/ittiˈfac ettirˈmec/
ittifaka,/it.ti.faː.ˈca/
ittifaklara,/it.ti.fac.la.ˈɾa/
ittifaklarda,/it.ti.fac.laɾ.ˈda/
ittifaklardan,/it.ti.fac.laɾ.ˈdan/
ittifakları,/it.ti.fac.la.ˈɾɯ/
ittifakların,/it.ti.fac.la.ˈɾɯn/
ittifakı,/it.ti.faː.ˈcɯ/
ittifakın,/it.ti.faː.ˈcɯn/
iyi,/i.ˈji/
iyi günler,/iˈji gynˈleɾ/
iyon,/i.ˈjon/
izale,/i.zaː.ˈɫe/
izaleişüyu,/i.zaː.ˈɫe.ˤi.ʃy.juː/
izbe,/izˈbe/
izin,/i.ˈzin/
izle,/izˈle/
izleme,/iz.ˈle.me/
izlemek,/iz.le.ˈmek/
izlemeler,/iz.le.meˈleɾ/
izlemesi,/iz.le.me.ˈsi/
izlemez,/iz.le.ˈmez/
izlence,/izlenˈd͡ʒe/
izler,/izˈleɾ/
izole dil,/i.zo.ˈle dil/
izole dili,/i.zo.ˈle di.ˈli/
izole diller,/i.zo.ˈle dil.ˈleɾ/
izâle-i şüyû,/i.zaː.ˈɫe.ˤi ʃy.juː/
iç işleri,/ˈit͡ʃ iʃ.le.ˈɾi/
iç odun,/ˈit͡ʃ o.dun/
içki,/ˈit͡ʃ.ci/
içtihat,/id͡ʒ.ti.ˈhat/
içtima,/it͡ʃ.ti.ˈmaː/
iğne,/iː.ˈne/
iğne deliği,/iːˈne deliːˈi/
iğne yaprak,/i‿.ˈne jap.ɾac/
iğne yapraklı,/i‿.ˈne jap.ɾac.lɯ/
iğne yapraklı ağaç,/i‿.ˈne jap.ɾac.lɯ a.‿at͡ʃ/
iğne yapraklılar,/i‿.ˈne jap.ɾac.lɯ.laɾ/
iğnesi,/iː‿neˈsi/
iş,/ˈiʃ/
işaret,/iʃaːˈɾet/
işaret zamiri,/i.ʃaː.ˈɾet za.mi.ɾi/
işaret zamirine,/iʃaːˈɾet zamiɾiˈne/
işaret zamirini,/iʃaːˈɾet zamiɾiˈni/
işaret zamirleri,/i.ʃaː.ˈɾet za.miɾ.łe.ˈɾi/
işaret zamirlerin,/i.ʃaː.ˈɾet za.miɾ.łe.ˈɾin/
işaret zamirlerini,/i.ʃaː.ˈɾet za.miɾ.łe.ɾi.ˈni/
işaret zamirlerinin,/i.ʃaː.ˈɾet za.miɾ.łe.ɾi.ˈnin/
işarete,/iʃaːɾeˈte/
işareti,/iʃaːɾeˈti/
işaretin,/iʃaːɾeˈtin/
işaretler,/iʃaːɾetˈleɾ/
işaretlerde,/iʃaːɾetleɾˈde/
işaretlerden,/iʃaːɾetleɾˈden/
işaretlere,/iʃaːɾetleˈɾe/
işaretleri,/iʃaːɾetleˈɾi/
işaretlerin,/iʃaːɾetleˈɾin/
işlem,/iʃ.ˈlem/
işlemci,/iʃ.lem.ˈdʒi/
işlemek,/iʃlemek/
işlemi,/ˈiʃ.le.ˈmi/
işlemin,/ˈiʃ.le.ˈmin/
işlemler,/ˈiʃ.lem.ˈleɾ/
işlerimin,/iʃ.le.ɾi.ˈmin/
işlet,/iʃˈlet/
işletim sistemi,/iʃ.le.ˈtim sis.te.mi/
işletim sistemi geçişli,/iʃłeˈtim sisteˈmi get͡ʃiʃˈli/
işletim sistemin,/iʃ.le.ˈtim sis.te.ˈmin/
işletim sistemini,/iʃ.le.ˈtim sis.te.mi.ˈni/
işletim sisteminin,/iʃ.le.ˈtim sis.te.mi.ˈnin/
işletim sistemleri,/iʃ.le.ˈtim sis.tem.le.ˈɾi/
işletim sistemlerin,/iʃ.le.ˈtim sis.tem.le.ˈɾin/
işletim sistemlerini,/iʃ.le.ˈtim sis.tem.le.ɾi.ˈni/
işletim sistemlerinin,/iʃ.le.ˈtim sis.tem.le.ɾi.ˈnin/
işletme,/iʃletˈme/
işletmeci,/iʃletmeˈd͡ʒi/
işletmecilik,/iʃletmed͡ʒiˈlic/
işrak,/iʃˈɾac/
işrak namazı,/iʃ.ˈɾak na.ma.zɯ/
işte,/ˈiʃte/
işçi,/iʃˈtʃi/
işçisi,/iʃt͡ʃiˈsi/
j,/ʒe̞ː/
jaguar,/ʒa.ɡu.aɾ/
jale,/d͡ʑaː.ˈɫe/
jaleler,/d͡ʑaː.ɫe.ˈleɾ/
jalesi,/d͡ʑaː.ɫe.ˈsi/
jandarma,/ʒan.daɾ.ma/
jarse,/d͡ʑaɾ.ˈse/
jeodinamik,/ˈd͡ʑe.o.di.na.ˈmic/
jeolog,/jeoˈłog/
jeologa,/jeołoˈga/
jeologda,/jeołogˈda/
jeologdan,/jeołogˈdan/
jeologlara,/jeołoglaˈɾa/
jeologlarda,/jeołoglaɾˈda/
jeologlardan,/jeołoglaɾˈdan/
jeologları,/jeołoglaˈɾɯ/
jeologların,/jeołoglaˈɾɯn/
jeologu,/jeołoˈgu/
jeologun,/jeołoˈgun/
jeoloji,/ʒe.o.lo.ˈʒi/
jul,/ˈd͡ʑuɫ/
jutalom,/ˈjutɒlom/
jöle,/d͡ʑœ.ˈle/
jölelemez,/d͡ʑœ.le.le.ˈmez/
jöleler,/d͡ʑœ.le.ˈleɾ/
jölesi,/d͡ʑœ.le.ˈsi/
jül,/ˈd͡ʑyl/
jülide,/d͡ʑy.li.ˈde/
kaba,/ka.ˈba/
kabadayı,/ka.ˈba.da.jɯ/
kabadayılık,/ka.ˈba.da.jɯ.ˈlɯc/
kabadayılığı,/ka.ˈba.da.jɯ.lɯ.ˈ‿ɯ/
kabadayılığın,/ka.ˈba.da.jɯ.lɯ.ˈ‿ɯn/
kabadayın,/ka.ba.da.ˈjɯn/
kabadayını,/ka.ba.da.jɯˈnɯ/
kabadayının,/ka.ba.da.jɯ.ˈnɯn/
kabadayısı,/ka.ˈba.da.jɯ.ˈsɯ/
kabadayıyı,/ka.ba.da.jɯˈjɯ/
kabak,/kabak/
kabart,/caˈbaɾt/
kabartma,/cabaɾtˈma/
kabartmak,/cabaɾtˈmac/
kabarıklık,/kabaɾɯkˈɫɯk/
kabası,/ka.ba.ˈsɯ/
kabayı,/ka.ba.ˈjɯ/
kabel,/kabel/
kabiliyet,/kaː.bi.li.ˈjet/
kabiliyeti,/kaː.bi.li.je.ˈti/
kabiliyetler,/kaː.bi.li.jet.ˈleɾ/
kabiliyetli,/kaː.bi.li.jet.ˈli/
kabiliyetlilik,/kaː.bi.li.jet.li.ˈlic/
kabiliyetlilikler,/kaː.bi.li.jet.li.lic.ˈleɾ/
kabiliyetliliği,/kaː.bi.li.jet.li.li.ˈ‿i/
kabiliyetsiz,/kaː.bi.li.jet.ˈsiz/
kabiliyetsizlik,/kaː.bi.li.jet.siz.ˈlic/
kabiliyetsizlikler,/kaː.bi.li.jet.siz.lic.ˈleɾ/
kabiliyetsizliği,/kaː.bi.li.jet.siz.li.ˈ‿i/
kabin,/caˈbin/
kabine,/cabiˈne/
kabinleri,/cabinleˈɾi/
kabir,/ca.ˈbiɾ/
kabir azabı,/ca.ˈbiɾ a.zaː.bɯ/
kabir azabın,/ca.ˈbiɾ a.zaː.ˈbɯn/
kabir azabını,/ca.ˈbiɾ a.zaː.bɯ.ˈnɯ/
kabir azabının,/ca.ˈbiɾ a.zaː.bɯ.ˈnɯn/
kabir azapları,/ca.ˈbiɾ a.zap.la.ˈɾɯ/
kabir azapların,/ca.ˈbiɾ a.zap.la.ˈɾɯn/
kabir azaplarını,/ca.ˈbiɾ a.zap.la.ɾɯ.ˈnɯ/
kabir azaplarının,/ca.ˈbiɾ a.zap.la.ɾɯ.ˈnɯn/
kablo,/ˈcablo/
kabloları,/ˈcablolaˈɾɯ/
kabloların,/ˈcablolaˈɾɯn/
kablonun,/ˈcabloˈnun/
kablosu,/ˈcabloˈsu/
kabloyu,/ˈcabloˈju/
kabul et,/ka.ˈbuɫ et/
kabul etme,/ka.buɫ ˈet.me/
kabul etmek,/ka.ˈbuː.ɫet.mec/
kabul etmeler,/ka.ˈbuɫ et.me.ˈleɾ/
kabul etmeme,/ka.buɫ ˈet.me.me/
kabul etmemeler,/ka.buɫ ˈet.me.me.ˈleɾ/
kabul etmememe,/ka.buɫ ˈet.me.me.ˈme/
kabul etmemesi,/ka.buɫ ˈet.me.ˈsi/
kabul etmemeyi,/ka.buɫ ˈet.me.ˈji/
kabul etmesi,/ka.ˈbuɫ et.me.ˈsi/
kabul etmeyi,/ka.ˈbuɫ et.me.ˈji/
kabullendirmedik,/kabullændiɾmedic/
kabzımal,/ˈcab.zɯ.ˈmal/
kabı,/ka.ˈbɯ/
kabım,/ka.ˈbɯm/
kabımı,/ka.bɯ.ˈmɯ/
kabımın,/ka.bɯ.ˈmɯn/
kabın,/ka.ˈbɯn/
kabını,/ka.bɯ.ˈnɯ/
kabının,/ka.bɯ.ˈnɯn/
kadar,/ka.ˈdaɾ/
kadarı,/kadaˈɾɯ/
kadarıyla,/kadaˈɾɯjla/
kadayıf,/ka.da.ˈjɯf/
kadayıflar,/ka.da.jɯf.ˈlaɾ/
kadayıfçı,/ka.da.jɯf.ˈt͡ʃɯ/
kadayıfçılık,/ka.da.jɯf.t͡ʃɯ.ˈlɯc/
kadayıfı,/ka.da.jɯ.ˈfɯ/
kadayıfım,/kadajɯˈfɯm/
kadayıfımı,/kadajɯfɯˈmɯ/
kadayıfımın,/kadajɯfɯˈmɯn/
kadayıfın,/kadajɯˈfɯn/
kadayıfını,/kadajɯfɯˈnɯ/
kadayıfının,/kadajɯfɯˈnɯn/
kadeh,/kaˈdeh/
kadem,/ca.ˈdem/
kader,/ka.ˈdeɾ/
kaderci,/ka.deɾ.ˈd͡ʒi/
kadercilik,/ka.deɾ.d͡ʒi.ˈlic/
kaderi,/ka.de.ˈɾi/
kaderler,/ka.deɾ.ˈleɾ/
kadidi çıkmak,/kadiˈdi t͡ʃɯkˈmak/
kadim,/ka.ˈdim/
kadir,/ka.ˈdiɾ/
kadit,/kaˈdit/
kadı,/ca.ˈdɯ/
kadın,/ca.ˈdɯn/
kadına,/ca.dɯ.ˈna/
kadında,/ca.dɯn.ˈda/
kadından,/ca.dɯn.ˈdan/
kadınlar,/ka.dɯnˈɫaɾ/
kadınlarda,/cadɯnlaɾˈda/
kadınlardan,/cadɯnlaɾˈdan/
kadınları,/ca.dɯn.la.ˈɾɯ/
kadınların,/ca.dɯn.la.ˈɾɯn/
kadınlarını,/ca.dɯn.la.ɾɯ.ˈnɯ/
kadınlarının,/ca.dɯn.la.ɾɯ.ˈnɯn/
kadını,/ca.dɯ.ˈnɯ/
kadınım,/ca.dɯ.ˈnɯm/
kadının,/ca.dɯ.ˈnɯn/
kadınına,/cadɯnɯ'na/
kadınında,/cadɯnɯn'da/
kadınından,/cadɯnɯn'dan/
kadınını,/ca.dɯn.nɯ.ˈnɯ/
kadınının,/ca.dɯn.nɯ.ˈnɯn/
kadısı,/ca.dɯ.ˈsɯ/
kadıyı,/ca.dɯ.ˈjɯ/
kafa,/ka.ˈfa/
kafalamaz,/ca.fa.la.ˈmaz/
kafalar,/ca.fa.ˈsɯ/
kafası,/ca.fa.ˈsɯ/
kafayı,/ca.fa.ˈjɯ/
kafes,/caˈfes/
kafesli,/cafesˈli/
kafessiz,/cafesˈsiz/
kahverengi,/kahˈveɾeŋ.ɟi/
kahvesi,/kahveˈsi/
kaide,/qaːiˈde/
kakao,/ka.ˈka.o/
kaktüs,/kakˈtys/
kaktüsler,/kaktysˈleɾ/
kaktüsü,/kaktyˈsy/
kalamar,/ka.laˈmaɾ/
kalan,/kʰaˈɫan/
kale,/kaˈle/
kale almak,/qaˈle almac/
kalem,/kaˈlem/
kalender,/ca.ɫen.ˈdeɾ/
kalenderi,/kalendeˈɾi/
kalenderler,/kalendeɾˈleɾ/
kalenderî,/kalendeˈɾiː/
kalfa,/kalˈfa/
kalibrasyon,/ka.lib.ɾas.jɔn/
kalma durumu,/kalˈma duɾumu/
kalorifer,/ka.lɔ.ɾi.feɾ/
kalp,/ˈkaɫp/
kaltak,/kalˈtak/
kaltaklık,/kaltakˈlɯk/
kaltakçı,/kaltakˈt͡ʃɯ/
kalın,/kaˈɫɯn/
kalınca,/kaɫɯnˈd͡ʒa/
kalıtsal,/kaɫɯtˈsaɫ/
kam,/ˈkam/
kamerî ay,/cameˈɾiː aj/
kan,/ˈcan/
kan zehirlenmeleri,/ˈcan ze.hiɾ.len.me.le.ˈɾi/
kan zehirlenmesi,/ˈcan ze.hiɾ.len.me.ˈsi/
kan zehirlenmesini,/ˈcan ze.hiɾ.len.me.si.ˈni/
kan zehirlenmesinin,/ˈcan ze.hiɾ.len.me.si.ˈnin/
kanara,/kaˈnaɾa/
kanatlanmak,/kanatɫanmak/
kandil,/kan.ˈdil/
kandil geceleri,/kan.ˈdil ɡe.d͡ʒe.le.ˈɾi/
kandil gecelerin,/kan.ˈdil ɡe.d͡ʒe.le.ˈɾin/
kandil gecesi,/kan.ˈdil ɡe.d͡ʒe.ˈsi/
kandil gecesini,/kan.ˈdil ɡe.d͡ʒe.si.ˈni/
kandil gecesinin,/kan.ˈdil ɡe.d͡ʒe.si.ˈnin/
kandili,/kan.di.ˈli/
kandilim,/kan.di.ˈlim/
kandilin,/kan.di.ˈlin/
kandiller,/kan.dil.ˈleɾ/
kandilleri,/kan.dil.le.ˈɾi/
kandillerin,/kan.dil.le.ˈɾin/
kandillerini,/kan.dil.le.ɾi.ˈni/
kandillerinin,/kan.dil.le.ɾi.ˈnin/
kangren,/kaŋ.ɡɾen/
kanun,/kaː.ˈnun/
kanunları,/caː.nun.la.ˈɾɯ/
kanunların,/caː.nun.la.ˈɾɯn/
kanunlarını,/caː.nun.la.ɾɯ.ˈnɯ/
kanunlarının,/caː.nun.la.ɾɯ.ˈnɯn/
kanunu,/caː.nu.ˈnu/
kanunun,/caː.nu.ˈnun/
kanununu,/caː.nu.nu.ˈnu/
kanununun,/caː.nu.nu.ˈnun/
kanı,/ca.ˈnɯ/
kanın,/ca.ˈnɯn/
kaos,/kaˈɔs/
kap,/ˈkap/
kapa çeneni,/ca.ˈpa t͡ʃe.ne.ni/
kapak,/caˈpac/
kapalı,/ka.pa.ˈlɯ/
kapalı kaynak,/capaˈlɯ cajnac/
kapalı kaynaklar,/capaˈlɯ cajnacˈlaɾ/
kapalı kaynağı,/capaˈlɯ cajnaˈ‿ɯ/
kapama,/kapaˈma/
kapamak,/kapaˈmac/
kapamanın,/kapamaˈnɯn/
kapamaya,/kapamaˈja/
kapamayı,/kapamaˈjɯ/
kapanmak,/kapanˈmac/
kapanmasın,/ca.ˈpan.ma.sɯn/
kapansın,/ca.panˈsɯn/
kapiş,/kaˈpiʃ/
kaplamaz,/kap.la.ˈmaz/
kaplar,/kap.ˈlaɾ/
kapsam,/kapˈsam/
kapı,/kaˈpɯ/
kapı kapı,/ka.ˈpɯ ka.ˈpɯ/
kapı yoldaşı,/ka.pɯ joɫ.da.ʃɯ/
kapış,/ca.ˈpɯʃ/
kar,/ˈkaɾ/
kar topu,/kaɾ tɔpu/
kara,/ka.ˈɾa/
kara lahana,/kaˈɾalahaˈna/
kara yazı,/kaˈɾa jaˈzɯ/
karaca,/ka.ˈɾa.d͡ʒa/
karacaları,/ˈka.ɾa.d͡ʒa.la.ˈɾɯ/
karacası,/ka.ɾa.d͡ʒa.ˈsɯ/
karacayı,/ka.ɾa.d͡ʒa.ˈjɯ/
karadut,/kaɾaˈdut/
karafaki,/kaɾafaˈci/
karafatma,/kaˈɾafatma/
karakolu,/kaˈɾaˈkoˈɫu/
karakoncolos,/ka.ˈɾa.kɔn.d͡ʒɔ.ˈɫɔs/
karakter,/ka.ɾak.ˈteɾ/
karakterli,/ka.ɾak.teɾ.ˈli/
karaktersiz,/ka.ɾak.teɾ.ˈsiz/
karalamaz,/ka.ɾa.la.ˈmaz/
karalar,/ka.ɾa.ˈsɯ/
karamel,/kaɾamel/
karamela,/kaɾamela/
karamuk,/ka.ɾaˈmuk/
karanlık,/ka.ɾan.ˈlɯc/
karanlıklar,/ka.ɾan.lɯcˈlaɾ/
karanlığı,/ka.ɾan.lɯ.ˈ‿ɯ/
karanlığın,/ka.ɾan.lɯ.ˈ‿ɯn/
karar,/ka.ˈɾaɾ/
karargâh,/ka.ɾaɾ.ɡʲah/
karargâhı,/ka.ɾaɾ.ɡʲaː.ˈhɯ/
karargâhın,/ka.ɾaɾ.ɡʲaː.ˈhɯn/
kararlar,/kaɾaɾˈlaɾ/
kararı,/kaɾaˈɾɯ/
kararın,/kaɾaˈɾɯn/
kararında,/kaɾaˈɯnɾda/
kararını,/kaɾaɾɯˈnɯ/
kararının,/kaɾaɾɯˈnɯn/
karası,/ka.ɾa.ˈsɯ/
karayı,/ka.ɾaˈjɯ/
karbon,/kaɾ.ˈbon/
karbonat,/caɾboˈnat/
karbonata,/caɾbonaˈta/
karbonatlara,/caɾbonatlaˈɾa/
karbonatlarda,/caɾbonatlaɾˈda/
karbonatlardan,/caɾbonatlaɾˈdan/
karbonatları,/caɾbonatlaˈɾɯ/
karbonatlarım,/caɾbonatlaˈɾɯm/
karbonatların,/caɾbonatlaˈɾɯn/
karbonatı,/caɾbonaˈtɯ/
karbonatım,/caɾbonaˈtɯm/
karbonatın,/caɾbonaˈtɯn/
kardan adam,/kaɾˈdan aˈdam/
kardan adamı,/kaɾˈdan adaˈmɯ/
kardeş,/kʰaɾ̞̊ˈd̪e̞ʃ/
kardinal,/kardiˈnal/
kardiyolog,/kaɾdijɔˈlɔɡ/
karga,/ˈkaɾ.ɡa/
karikatür,/kaɾikaˈtyɾ/
karikatürcü,/kaɾikatyɾˈd͡ʒy/
karikatürcüler,/kaɾikatyɾd͡ʒyˈleɾ/
karikatüre,/kaɾikatyˈɾe/
karikatürize,/kaɾikatyɾiˈze/
karikatürler,/kaɾikatyɾˈleɾ/
karikatürü,/kaɾikatyˈɾy/
karikatürün,/kaɾikatyˈɾyn/
karine,/kariːˈne/
karine ile anlama,/cariːˈne ile anlaˈma/
karine ile anlamak,/cariːˈne ile anlamac/
karmaşık sayı,/caɾ.ma.ˈʃˈɯc sa.jɯ/
kart,/ˈkaɾt/
kartal,/kaɾˈtaɫ/
kartalı,/caɾ.ta.ˈlɯ/
kartalım,/caɾ.ta.ˈlɯm/
kartalın,/caɾ.ta.ˈlɯn/
kartlar,/caɾtˈlaɾ/
karton,/kaɾ.tɔn/
kartı,/caɾ.ˈtɯ/
karusel,/kaɾuˈsel/
karusele,/kaɾuseˈle/
karuseli,/kaɾuseˈli/
karuselin,/kaɾuseˈlin/
karuseller,/kaɾuselˈleɾ/
karz-ı hasen,/ˈcaɾzɯ haˈsen/
karı,/ka.ˈɾɯ/
karın,/kʰaˈɾɯ̞n̪/
karısı,/ka.ɾɯ.ˈsɯ/
karıştırmak,/kaɾɯʃtɯɾˈmac/
kas,/ˈkas/
kasa,/ka.ˈsa/
kasaba,/ca.ˈsa.ba/
kasabalar,/ca.sa.baˈlaɾ/
kasabası,/ca.ˈsa.ba.ˈsɯ/
kasabayı,/ca.ˈsa.ba.ˈjɯ/
kasmayın,/ˈkas.ma.jɯn/
kası,/ka.ˈsɯ/
kasım,/ka.ˈsɯm/
kasımı,/ˈka.sɯ.ˈmɯ/
kasımın,/ˈka.sɯ.ˈmɯn/
kasın,/ˈka.sɯn/
kasırga,/ka.ˈsɯɾ.ɡa/
kat,/ˈcat/
kat irtifakları,/ˈcat iɾ.ti.fac.la.ˈɾɯ/
kat irtifakların,/ˈcat iɾ.ti.fac.la.ˈɾɯn/
kat irtifakı,/ˈcat iɾ.ti.faː.ˈcɯ/
kat irtifakını,/ˈcat iɾ.ti.faː.cɯ.ˈnɯ/
kat mülkiyeti,/ˈcat myl.ci.jet/
kat'î,/cat.ˈˤiː/
katalitik,/kataliˈtic/
katalitik soba,/kataliˈtic soˈba/
katamaran,/ca.ta.ma.ˈɾan/
katar,/ka.ˈtaɾ/
katarı,/ˈka.ta.ˈɾɯ/
katarım,/ka.ˈta.ɾɯm/
katarın,/ka.ta.ˈɾɯn/
kategori,/ka.te.ɡo.ɾi/
kati,/cat.ˈˤiː/
katil,/kaː.ˈtil/
katile,/kaːtiˈle/
katili,/kaːtiˈli/
katilin,/kaːtiˈlin/
katiller,/kaːtilˈleɾ/
katiyen,/kat.ˤiː.ˈjen/
katiyet,/kat.ˤiː.ˈjet/
katiyeti,/kat.ˤiː.je.ˈti/
katiyetin,/kat.ˤiː.je.ˈtin/
katiyetle,/kat.ˤiː.ˈjet.le/
katiyetler,/kat.ˤiː.jet.ˈleɾ/
katlamaz,/cat.la.ˈmaz/
katlı,/cat.ˈlɯ/
katman,/katˈman/
katmanı,/kat.ma.ˈnɯ/
katsız,/cat.ˈsɯz/
katı,/ca.ˈtɯ/
katılan,/ca.tɯ.ˈɫan/
katılım bankacılıkları,/ka.tɯ.ˈlɯm ban.ca.d͡ʒɯ.lɯk.la.ˈɾɯ/
katılım bankacılıkların,/ka.tɯ.ˈlɯm ban.ca.d͡ʒɯ.lɯk.la.ˈɾɯn/
katılım bankacılıklarını,/ka.tɯ.ˈlɯm ban.ca.d͡ʒɯ.lɯk.la.ɾɯ.ˈnɯ/
katılım bankacılıklarının,/ka.tɯ.ˈlɯm ban.ca.d͡ʒɯ.lɯk.la.ɾɯ.ˈnɯn/
katılım bankacılığı,/ka.tɯ.ˈlɯm ban.ca.d͡ʒɯ.lɯ.ˈ‿ɯ/
katılım bankacılığını,/ka.tɯ.ˈlɯm ban.ca.d͡ʒɯ.lɯ.‿ɯ.ˈnɯ/
katılım bankacılığının,/ka.tɯ.ˈlɯm ban.ca.d͡ʒɯ.lɯ.‿ɯ.ˈnɯn/
katılım bankaları,/ka.tɯ.ˈlɯm ban.ca.la.ˈɾɯ/
katılım bankası,/ka.tɯ.ˈlɯm ban.ca.sɯ/
katılım bankasını,/ka.tɯ.ˈlɯm ban.ca.sɯ.ˈnɯ/
katım,/ca.ˈtɯm/
katımı,/ca.tɯ.ˈmɯ/
katımın,/ca.tɯ.ˈmɯn/
katın,/ca.ˈtɯn/
katını,/ca.tɯ.ˈnɯ/
katının,/ca.tɯ.ˈnɯn/
katır,/ka.ˈtɯɾ/
katırı,/ka.tɯ.ˈɾɯ/
katısı,/ca.tɯ.ˈsɯ/
katıyı,/ca.tɯ.ˈjɯ/
kavak,/ka.ˈvak/
kavağı,/ca.va.ˈ‿ɯ/
kavağın,/ca.vaˈ‿ɯn/
kavun,/ka.ˈʋun/
kay,/ˈkaj/
kaya,/ca.ˈja/
kayası,/ca.ja.ˈsɯ/
kayayı,/ca.ja.ˈjɯ/
kayaç,/ka.ˈjat͡ʃ/
kayaçlaşma,/ka.jat͡ʃ.laʃ.ˈma/
kaybeder,/cajbeˈdeɾ/
kaybetmek,/ˈcajbetmec/
kaybetmez,/cajbetˈmez/
kaybolmak,/cajbolmac/
kaydı,/cajˈdɯ/
kaydın,/cajˈdɯn/
kaymadın,/ˈcajmadɯn/
kaymak,/kaj.ˈmac/
kaymakçı,/kaj.mac.ˈt͡ʃɯ/
kaymamak,/ˈkaj.ma.mac/
kaynak,/kaj.ˈnac/
kaynak kodu,/kaj.ˈnac ko.du/
kaynaklamam,/cajnaclaˈmam/
kaynaklara,/cajnaclaˈɾa/
kaynaklarda,/cajnaclaɾˈda/
kaynaklardan,/cajnaclaɾˈdan/
kaynakları,/caj.na.la.ˈɾɯ/
kaynaklarım,/cajnaclaˈɾɯm/
kaynakların,/caj.na.la.ˈɾɯn/
kaynaklarını,/caj.na.la.ɾɯ.ˈnɯ/
kaynaklarının,/caj.na.la.ɾɯ.ˈnɯn/
kaynana,/kajnaˈna/
kaynata,/kajnaˈta/
kaynatmak,/kajn̪at̪mak/
kaynağa,/cajnaˈ‿a/
kaynağı,/caj.na.ˈ‿ɯ/
kaynağın,/caj.na.ˈ‿ɯn/
kaynağını,/caj.na.‿ɯ.ˈnɯ/
kaynağının,/caj.na.‿ɯ.ˈnɯn/
kayser,/kay.ˈser/
kayın,/ca.ˈjɯn/
kayın-,/ca.ˈjɯn/
kayınpeder,/kajˈɯnpeˈdeɾ/
kayınvalide,/kajˈɯnvaːliˈde/
kayını,/ca.jɯ.ˈnɯ/
kayının,/ca.jɯ.ˈnɯn/
kayıt,/ka.jɯt/
kaz,/ˈkaz/
kaza,/ka.ˈza/
kazak,/ka.ˈzak/
kazan,/ca.ˈzan/
kazancı,/ca.zan.ˈd͡ʒɯ/
kazancılık,/ca.zan.d͡ʒɯ.ˈlɯc/
kazandırma,/ca.zan.dɯɾ.ˈma/
kazandırmak,/ca.zan.dɯɾ.ˈmac/
kazandırmama,/ca.zan.ˈdɯɾ.ma.ˈma/
kazanlı,/ˈca.ˈzan.lɯ/
kazanma,/ca.ˈzan.ma/
kazanmak,/ca.zan.ˈmac/
kazanmam,/ka.zan.ˈmam/
kazanmama,/ca.zan.ma.ˈma/
kazanmamama,/ca.ˈzan.ma.ma.ma/
kazanmamı,/ka.zan.ma.ˈmɯ/
kazanmamın,/ka.zan.ma.ˈmɯn/
kazanmanı,/ka.zan.ma.ˈnɯ/
kazanmanın,/ka.zan.ma.ˈnɯn/
kazanmayı,/ka.zan.ma.ˈjɯ/
kazanmayın,/ka.ˈzan.ma.jɯn/
kazanı,/ka.za.ˈnɯ/
kazanım,/ka.za.ˈnɯm/
kazanımı,/ka.za.nɯ.ˈmɯ/
kazanımın,/ka.za.nɯ.ˈmɯn/
kazanın,/ka.ˈza.nɯn/
kazanını,/ka.za.nɯ.ˈnɯ/
kazanının,/ka.za.nɯ.ˈnɯn/
kazanırım,/ka.za.ˈnɯ.ɾɯm/
kazıntı,/ca.zɯn.ˈtɯ/
kazıntısı,/ca.zɯn.tɯ.ˈsɯ/
kazıntıyı,/ca.zɯn.tɯ.ˈjɯ/
kaçar,/kaˈt͡ʃmaɾ/
kaçma,/kat͡ʃ.ˈma/
kaçmak,/kat͡ʃ.ˈmak/
kaçmaz,/kat͡ʃˈmaz/
kaçın,/ˈka.t͡ʃɯn/
kağan,/kaˈɰan/
kaş,/kaʃ/
kaşağı,/caʃaˈ‿ɯ/
kaşağılamaz,/caʃa‿ɯlaˈmaz/
kaşağılar,/caʃa‿ɯˈlaɾ/
kaşe,/ka.ˈʃe/
kaşeler,/ka.ʃe.ˈleɾ/
kaşesi,/ka.ʃe.ˈsi/
kaşeyi,/ka.ʃeˈji/
kaşıtmak,/kaʃɯt̪mak/
kebair,/cebaːˈiɾ/
keder,/ke.ˈdeɾ/
kedi,/ce.di/
kedi balığı,/ceˈdi baɫɯː‿ˈɯ/
kedidili,/cedidiˈli/
kefere,/cefere/
kehribar,/cehɾiˈbaɾ/
kel,/ˈcel/
kelam,/ka.ˈlem/
kelam etmek,/keˈlaːm etmec/
kelam etmemek,/ke/
kelime,/ce.li.ˈme/
kelime oyunu,/celiˈme ɔjuˈnu/
kelime-i şehâdet,/ke.li.ˈme.ˤi ʃe.ˈhaː.ˈdet/
kelimeler,/ce.li.me.ˈleɾ/
kelimem,/ce.li.ˈmem/
kelimen,/ce.li.ˈmen/
kelimeni,/ce.li.me.ˈni/
kelimenin,/ce.li.me.ˈnin/
kelimesi,/ce.li.me.ˈsi/
kelimeyi,/ce.li.me.ˈji/
kelle,/celˈle/
keller,/celˈleɾ/
kemal,/ceˈmal/
keman,/ceˈman/
kemik,/ce.ˈmic/
kemikler,/ce.mic.ˈleɾ/
kemikleri,/ce.mic.le.ˈɾi/
kemiklerim,/ce.mic.le.ˈɾim/
kemiklerin,/ce.mic.le.ˈɾin/
kemiklerini,/ce.mic.le.ɾi.ˈni/
kemiklerinin,/ce.mic.le.ɾi.ˈnin/
kemiğe,/ce.mi.ˈ‿e/
kemiği,/ce.mi.ˈ‿i/
kemiğim,/ce.mi.ˈ‿im/
kemiğin,/ce.mi.ˈ‿in/
kemiğini,/ce.mi.‿i.ˈni/
kemiğinin,/ce.mi.‿i.ˈnin/
kemâle ermek,/ˈce.maː.ˈɫe eɾ.mec/
kendileri,/ken.di.le.ˈɾi/
kendim,/ken.ˈdim/
kendimiz,/ken.di.ˈmiz/
kendin,/ken.ˈdin/
kendiniz,/ken.di.ˈniz/
kendisi,/ken.di.ˈsi/
kent,/cent/
kere,/keˈɾe/
kerevet,/ˈkerevet/
kerrat cetveli,/ceɾˈɾat d͡ʒetveˈli/
kesbetme,/kes.bet.ˈmec/
kesbetmek,/kes.bet.ˈmec/
kesbetmeme,/kes.ˈbet.me.me/
keser,/ceˈseɾ/
"keser döner, sap döner, gün gelir hesap döner",/ke.ˈseɾ dœ.neɾ ˈsap dœ.neɾ ɡyn ɡe.liɾ he.ˈsap dœ.neɾ/
kesin,/ce.sin/
kesir,/ce.siɾ/
kestirme,/kestiɾˈme/
kestirmeden,/kestiɾmeˈden/
kestirmeler,/kestiɾmeˈleɾ/
kestirmelerden,/kestiɾmeleɾˈden/
kestirmelere,/kestiɾmeleˈɾe/
kestirmeleri,/kestiɾmeleˈɾi/
kestirmelerin,/kestiɾmeleˈɾin/
kestirmenin,/kestiɾmeˈnin/
kestirmeye,/kestiɾmeˈje/
kethüda,/ˈcet.hy.ˈdaː/
kethüdası,/ˈcet.hy.daː.ˈsɯ/
kethüdayı,/ˈcet.hy.daː.ˈjɯ/
ketum,/ceˈtum/
ketum ol,/ceˈtum ˈol/
ketum olma,/ceˈtum olma/
ketum olmak,/ceˈtum olmac/
ketum olmama,/ceˈtum ˈolmama/
kez,/ˈcez/
keçi,/ce.ˈt͡ʃi/
keçiler,/ce.t͡ʃi.ˈleɾ/
keçileri,/ce.t͡ʃi.le.ˈɾi/
keçilerin,/ce.t͡ʃi.le.ˈɾin/
keçisi,/ce.t͡ʃi.ˈsi/
keşmiş,/ˈceʃ.miʃ/
ki,/ˈki/
kibar,/ciˈbaɾ/
kibir,/ciˈbiɾ/
kibrit kutusu,/cibˈɾit kutuˈsu/
kibrit kutusunu,/cibˈɾit kutusuˈnu/
kibutz,/ˈkibutz/
kibutzlar,/kibutzˈlaɾ/
kibutzlu,/ˈkibutzˈlu/
kibutzsuz,/ˈkibutzˈsuz/
kil,/ˈcil/
kilise,/kiliˈse/
kim,/ˈkim/
kimde,/kim.ˈde/
kimden,/kim.ˈden/
kime,/ki.ˈme/
kimi,/ki.ˈmi/
kimin,/kiˈmin/
kimse,/ˈkim.se/
kimya,/cimˈjaː/
kimyalar,/cimjaːˈlaɾ/
kimyasal,/kim.jaː.ˈsal/
kimyasal bileşik,/kimjaːsal bileˈʃic/
kimyasal bileşikler,/cimjaːsal bileʃicˈleɾ/
kimyasal bileşiği,/cimjaːsal bileʃiˈ‿i/
kimyasal element,/cim.je.ˈviː e.le.ment/
kimyayı,/cimjaːˈjɯ/
kimyevi,/ˈkimjeˈviː/
kimyevî bileşikler,/cimjeviː bileʃicˈleɾ/
kinik,/ciˈnic/
kip,/ˈkip/
kipi,/kiˈpi/
kipin,/kiˈpin/
kipini,/ci.piˈni/
kipinin,/kipiˈnin/
kipler,/kipˈleɾ/
kiplerde,/kipleɾˈde/
kiplerden,/kipleɾˈden/
kiplere,/kipleˈɾe/
kipleri,/kipleˈɾi/
kiplerin,/kipleˈɾin/
kiplerini,/kipleɾiˈni/
kiplerinin,/kipleɾiˈnin/
kir,/ˈkiɾ/
kirli,/ciɾˈli/
kirpi,/cʰiɾˈpʰi/
kist,/ˈcist/
kiste,/cisˈte/
kisti,/cisˈti/
kistim,/cisˈtim/
kistin,/cisˈtin/
kistler,/cistˈleɾ/
kistlerde,/cistleɾˈde/
kistlerden,/cistleɾˈden/
kistlere,/cistleˈɾe/
kistleri,/cistleˈɾi/
kistlerin,/cistleˈɾin/
kitaba,/ki.taˈba/
kitabı,/ki.taˈbɯ/
kitabım,/ki.taˈbɯm/
kitabımı,/ki.ta.bɯˈmɯ/
kitabımın,/ki.ta.bɯˈmɯn/
kitabın,/ki.taˈbɯn/
kitabını,/ki.ta.bɯˈnɯ/
kitabının,/ki.ta.bɯˈnɯn/
kitap,/ciˈtap/
kitaplar,/ki.tapˈlaɾ/
kitaplık,/citaplɯk/
kitapta,/ki.tapˈta/
kitaptan,/ki.tapˈtan/
kitapçık,/citaptʃɯk/
kitle,/kit.ˈle/
kitleler,/kit.le.ˈleɾ/
kitlesi,/kit.le.ˈsi/
kişi,/ci.ˈʃi/
kişiler,/ci.ʃi.ˈleɾ/
kişilik bozukluğu,/ciʃiˈlic bozukɫuː‿ˈu/
kişin,/ci.ˈʃin/
kişini,/ci.ʃi.ˈni/
kişinin,/ci.ʃi.ˈnin/
kişisi,/ci.ʃi.ˈsi/
kişniş,/ciʃ.ˈniʃ/
kişnişi,/ciʃ.ni.ˈʃi/
kişnişin,/ciʃ.ni.ˈʃin/
kişnişler,/ciʃ.niʃ.ˈleɾ/
klavye,/klav.je/
klik,/ˈklik/
klinik,/kliˈnic/
klinikler,/klinicˈleɾ/
koca,/ˈkotsɒ/
kod,/ˈkod/
koda,/koˈda/
kodlar,/kod.ˈlaɾ/
kodu,/ko.ˈdu/
koful,/koˈɸuɫ/
kok,/ˈkok/
kokoş,/coˈcoʃ/
koku,/koˈku/
kokular,/kokuˈɫaɾ/
kol,/ˈkol/
kolağası,/ˈcɔl.a.‿a.ˈsɯ/
kolektif,/ko.ɫec.ˈtif/
kolu,/ko.ˈlu/
komandit şirket,/komanˈdit ˈʃiɾcet/
komandit şirketi,/komanˈdit ʃiɾceˈti/
kombinasyon,/kombinasˈjon/
kombinasyonlar,/kombinasjonˈlaɾ/
kombinasyonlu,/kombinasjonˈlu/
kombinasyonsuz,/kombinasjonˈsuz/
kombinasyonu,/kom.bi.nas.joˈnu/
komiser,/kɔ.mi.ˈseɾ/
komisyoncu,/ko.mis.jon.ˈd͡ʒu/
komisyonu,/ko.mis.jo.ˈnu/
komisyonun,/ko.mis.jo.ˈnun/
komisyonunu,/ko.mis.jo.ˈnu/
komisyonunun,/ko.mis.jo.ˈnun/
komple,/kɔmp.le/
kompleks sayı,/comp.ˈɫecs  sa.jɯ/
kompozisyon,/kompozisˈjon/
komut,/co.ˈmut/
komünist,/komyˈnist/
komünisti,/komynisˈti/
komünistin,/komynisˈtin/
komünistler,/komynistˈleɾ/
komünizm,/komyˈnizm/
komünizmi,/komynizˈmi/
komünizmler,/komynizmˈleɾ/
komşu,/comˈʃu/
komşulu,/comʃuˈlu/
komşuluk,/comʃuˈluc/
komşusu,/comʃuˈsu/
komşusuz,/comʃuˈsuz/
komşuyu,/comʃuˈju/
kongreler,/kongɾeˈleɾ/
konmayın,/ˈconmajɯn/
konsensüs,/kɔn.sen.sys/
konseri,/kon.se.ˈɾi/
konserin,/kon.se.ˈɾin/
konserini,/kon.se.ɾi.ˈni/
konserinin,/kon.se.ɾi.ˈnin/
konserler,/kon.seɾ.ˈleɾ/
konserleri,/kon.seɾ.le.ˈɾi/
konserlerin,/kon.seɾ.le.ˈɾin/
konserlerini,/kon.seɾ.le.ɾi.ˈni/
konserlerinin,/kon.seɾ.le.ɾi.ˈnin/
konsey,/kon.ˈsej/
konseyi,/kon.se.ˈji/
konseyin,/kon.se.ˈjin/
konseyini,/kon.se.ji.ˈni/
konseyinin,/kon.se.ji.ˈnin/
konseyler,/kon.sej.ˈleɾ/
konseyleri,/kon.sej.le.ˈɾi/
konseylerin,/kon.sej.le.ˈɾin/
konseylerini,/kon.sej.le.ɾi.ˈni/
konseylerinin,/kon.sej.le.ɾi.ˈnin/
konsomatris,/con.so.mat.ˈɾis/
konsomatrisi,/con.so.mat.ɾi.ˈsi/
konsomatrisin,/con.so.mat.ɾi.ˈsin/
konsomatrisler,/con.so.mat.ɾis.ˈleɾ/
konsomatrislik,/con.so.mat.ɾis.ˈlic/
konsomatrislikler,/con.so.mat.ɾis.lic.ˈleɾ/
konsomatrisliği,/con.so.mat.ɾis.li.ˈ‿i/
konsomatrisliğin,/con.so.mat.ɾis.li.ˈ‿in/
kontekst,/kɔn.tecst/
kontrol,/kon.ˈɾoɫ/
kontrolcü,/kon.ɾoɫ.ˈd͡ʒy/
kontrollü,/kont.ɾolˈly/
kontrolsüz,/kon.ɾoɫ.ˈsyz/
konu,/koˈnu/
konular,/conuˈlaɾ/
konum,/coˈnum/
konuma,/conumˈa/
konumda,/conumˈda/
konumdan,/conumˈdan/
konumlar,/conumˈlaɾ/
konumu,/conuˈmu/
konumum,/conuˈmum/
konumumu,/conumuˈmu/
konumumun,/conumuˈmun/
konumun,/conuˈmun/
konumunu,/conumuˈnu/
konumunun,/conumuˈnun/
konun,/ˈconnun/
konuna,/conuˈna/
konunda,/conunˈda/
konundan,/conunˈdan/
konunu,/conuˈnu/
konunun,/conuˈnun/
konusu,/conuˈsu/
konut,/co.ˈnut/
konuyu,/conuˈju/
konuşmak,/konuʃˈmac/
kor,/ˈcoɾ/
koramiral,/koɾaˈmiɾal/
koro,/ˈkoɾo/
korona,/coˈɾona/
korona virüsü,/coˈɾona viɾyˈsy/
koronavirüs,/coˈɾonaviɾys/
koroner,/coɾoˈneɾ/
koroner yoğun bakım,/coɾoˈneɾ joˈ‿un baˈcɯm/
koroner yoğun bakım ünitesi,/coɾoˈneɾ joˈ‿un baˈcɯm yniteˈsi/
kort,/ˈcoɾt/
koruma,/ko.ˈɾu.ma/
korumacı,/ko.ɾu.ma.ˈd͡ʒɯ/
korumacılık,/ko.ɾu.ma.d͡ʒɯ.ˈlɯc/
korumacısı,/ko.ɾu.ma.d͡ʒɯ.ˈsɯ/
korumacıyı,/ko.ɾu.ma.d͡ʒɯ.ˈjɯ/
korumak,/koruˈmak/
korumalar,/ko.ɾu.maˈlaɾ/
korumalı,/ko.ɾu.ma.ˈlɯ/
koruması,/ko.ɾu.ma.ˈsɯ/
korumasın,/ko.ɾu.ma.ˈsɯn/
korumasını,/ko.ɾu.ma.sɯ.ˈnɯ/
korumasının,/ko.ɾu.ma.sɯ.ˈnɯn/
korumasız,/ko.ɾu.ma.ˈsɯz/
korumayı,/ko.ɾu.maˈjɯ/
korutacağız,/koɾut̪ad͡ʒaɰɯz̪/
kova,/ko.ˈva/
kova kova,/ko.ˈva ko.ˈva/
kovalamaz,/ko.va.la.ˈmaz/
kovalara,/ko.va.la.ˈɾa/
kovaları,/ko.va.la.ˈɾɯ/
kovalarım,/ko.va.ˈla.ɾɯm/
kovam,/ko.ˈvam/
kovamı,/ko.va.ˈmɯ/
kovamın,/ko.vaˈmɯn/
kovanı,/ko.va.ˈnɯ/
kovanın,/ko.va.ˈnɯn/
kovası,/ko.va.ˈsɯ/
kovayı,/ko.va.ˈjɯ/
kovuşturma,/co.vuʃ.tuɾ.ˈma/
koy,/ˈkoj/
koymayın,/ˈkoj.ma.jɯn/
koynu,/koj.ˈnu/
koynum,/koj.ˈnum/
koynun,/koj.ˈnun/
koyu,/ko.ˈju/
koyulaştırma,/co.ju.laʃ.ˈtıɾ.ma/
koyulaştırmak,/co.ju.laʃ.tiɾ.ˈmac/
koyulaştırmaması,/co.ju.laʃ.ˈtiɾ.ma.ma.ˈsı/
koyulaştırmamayı,/co.ju.laʃ.ˈtiɾ.ma.ma.ˈjı/
koyulaştırması,/co.ju.laʃ.ˈtiɾ.ma.ˈsı/
koyulaştırmayı,/co.ju.laʃ.ˈtiɾ.ma.ˈjı/
koyun,/ko.ˈjun/
koyunlar,/ko.junˈlaɾ/
koyunu,/ko.ju.ˈnu/
koyunun,/ko.ju.ˈnun/
koza,/koˈza/
koğuş,/ko.ˈ‿uʃ/
koşa,/kɔ.ˈʃɒ/
koşmak,/kɔʃ.ˈmak/
koşmaya,/ˈkɔʃ.mɒ.jɒ/
koşun,/koˈʃun/
kral,/ˈk(ɯ)ɾal/
kraliçe,/k(ɯ)ɾaˈlitʃe/
krallık,/kɾal.ˈlɯc/
krallığı,/kɾal.lɯ.ˈ‿ɯ/
krater gölleri,/ˈkɾa.teɾ ɡœl.le.ˈɾi/
krater göllerim,/ˈkɾa.teɾ ɡœl.le.ˈɾim/
krater göllerin,/ˈkɾa.teɾ ɡœl.le.ˈɾin/
krater göllerini,/ˈkɾa.teɾ ɡœl.le.ɾi.ˈni/
krater göllerinin,/ˈkɾa.teɾ ɡœl.le.ɾi.ˈnin/
krater gölü,/ˈkɾa.teɾ ɡœ.ly/
krater gölüm,/ˈkɾa.teɾ ɡœ.ˈlym/
krater gölün,/ˈkɾa.teɾ ɡœ.ˈlyn/
krater gölünü,/ˈkɾa.teɾ ɡœ.ly.ˈny/
krater gölünün,/ˈkɾa.teɾ ɡœ.ly.ˈnyn/
kravat iğneleri,/kɾaˈvat iː‿neleˈɾi/
kravat iğnesi,/kɾaˈvat iː‿neˈsi/
kravat iğnesini,/kɾaˈvat iː‿nesiˈni/
kredi,/ˈk(ɯ).ɾe.di/
kriptografi,/kɾiptogɾaˈfi/
kriptoloji,/kɾip.to.lo.ˈd͡ʑi/
kriptolojiler,/kɾip.to.lo.d͡ʑi.ˈleɾ/
kriptolojisi,/kɾip.to.lo.d͡ʑi.ˈsi/
kronik obstrüktif akciğer hastalığı,/kɾo.ˈnic obs.tɾyc.ˈtif ˈac.d͡ʒi.‿eɾ has.ta.lɯ.‿i/
kuark,/ku.vaɾk/
kubbe,/kubˈbe/
kubbeli,/kubbeˈli/
kubbesiz,/kubbeˈsiz/
kulak,/kʰuˈɫ̪akʰ/
kullanıcı arayüzleri,/cul.la.nɯ.ˈd͡ʒɯ a.ˈɾa.jyz.le.ˈɾi/
kullanıcı arayüzlerin,/cul.la.nɯ.ˈd͡ʒɯ a.ˈɾa.jyz.le.ˈɾin/
kullanıcı arayüzlerini,/cul.la.nɯ.ˈd͡ʒɯ a.ˈɾa.jyz.le.ɾi.ˈni/
kullanıcı arayüzlerinin,/cul.la.nɯ.ˈd͡ʒɯ a.ˈɾa.jyz.le.ɾi.ˈnin/
kullanıcı arayüzü,/cul.la.nɯ.ˈd͡ʒɯ a.ɾa.jy.zy/
kullanıcı arayüzün,/cul.la.nɯ.ˈd͡ʒɯ a.ɾa.jy.ˈzyn/
kullanıcı arayüzünü,/cul.la.nɯ.ˈd͡ʒɯ a.ɾa.jy.zy.ˈny/
kullanıcı arayüzünün,/cul.la.nɯ.ˈd͡ʒɯ a.ɾa.jy.zy.ˈnyn/
kullar,/kulˈlaɾ/
kullu,/kul.ˈlu/
kulsuz,/kul.ˈsuz/
kulu,/ku.ˈlu/
kulüp,/cuˈlyp/
kulüpçü,/culypˈt͡sy/
kulüpçülük,/culypt͡syˈlyc/
kum,/ˈcum/
kum saati,/kum saaˈti/
kum taşı,/ˈkum ta.ʃɯ/
kumaş,/ku.ˈmaʃ/
kumpas,/kumˈpas/
kumpasa,/kumpaˈsa/
kumpası,/kumpaˈsɯ/
kumpasın,/kumpaˈsɯn/
kupa,/ˈku.pa/
kur,/ˈkuɾ/
kurabiye,/ku.ɾaː.bi.ˈje/
kurabiyeler,/ku.ɾaː.bi.je.ˈleɾ/
kurabiyesi,/ku.ɾaː.bi.je.ˈsi/
kurabiyesin,/ku.ɾaː.bi.ˈje.sin/
kurabiyesini,/ku.ɾaː.bi.je.si.ˈni/
kurabiyesinin,/ku.ɾaː.bi.je.si.ˈnin/
kuran,/ku.ˈɾan/
kurdele,/kuɾdeˈle/
kurgan,/kuɾ.ˈɡan/
kurma,/cuɾˈma/
kurnaz,/kuɾ.ˈnaz/
kurnazı,/kuɾ.na.ˈzɯ/
kurnazın,/kuɾ.na.ˈzɯn/
kurnazını,/kuɾ.na.zɯ.ˈnɯ/
kurnazının,/kuɾ.na.zɯ.ˈnɯn/
kurtarmak,/cuɾtaɾˈmac/
kurtarmaz,/cuɾtaɾˈmaz/
kurtarır,/cuɾtaˈɾɯɾ/
kurtulmamış,/kuɾ.ˈtul.ma.mɯʃ/
kurtulmuş,/kuɾ.tul.ˈmuʃ/
kurtuluş,/kuɾ.tuˈɫuʃ/
kuru,/kuˈɾu/
kuru yemiş,/cu.ˈɾu je.miʃ/
kuru yemişi,/cu.ˈɾu je.mi.ˈʃi/
kuru yemişin,/cu.ˈɾu je.mi.ˈʃin/
kuru yemişler,/cu.ˈɾu je.miʃ.ˈleɾ/
kurul,/ku.ˈɾul/
kurula,/ku.ɾu.ˈla/
kurulda,/ku.ɾul.ˈda/
kuruldan,/ku.ɾul.ˈdan/
kurullara,/ku.ɾul.la.ˈɾa/
kurullarda,/ku.ɾul.laɾ.ˈda/
kurullardan,/ku.ɾul.laɾ.ˈdan/
kurulları,/ku.ɾul.la.ˈɾɯ/
kurulların,/ku.ɾul.la.ˈɾɯn/
kurullarını,/ku.ɾul.la.ɾɯ.ˈnɯ/
kurullarının,/ku.ɾul.la.ɾɯ.ˈnɯn/
kurulu,/ku.ɾu.ˈlu/
kurulu düzen,/kuɾuˈlu dyˈzen/
kurulun,/ku.ɾu.ˈlun/
kurulunu,/ku.ɾu.lu.ˈnu/
kurulunun,/ku.ɾu.lu.ˈnun/
kuruluş,/ku.ɾu.ˈluʃ/
kurum,/ku.ˈɾum/
kuruş,/kuˈɾuʃ/
kurşun asker,/kuɾˈʃun asˈceɾ/
kut,/ˈkut/
kutlamak,/kutlaˈmac/
kutlamaz,/kutlaˈmaz/
kutlar,/kutˈlaɾ/
kutsal,/kut.ˈsal/
kutu,/cuˈtu/
kutum,/cuˈtum/
kutun,/cuˈtun/
kutusu,/kutuˈsu/
kuvvet,/kuv.ˈvet/
kuvveti,/kuv.ve.ˈti/
kuvvetin,/kuv.ve.ˈtin/
kuvvetini,/kuv.ve.ti.ˈni/
kuvvetinin,/kuv.ve.ti.ˈnin/
kuvvetle,/kuvˈvetle/
kuvvetler,/kuv.vet.ˈleɾ/
kuvvetlere,/kuv.vet.le.ˈɾe/
kuvvetleri,/kuv.vet.le.ˈɾi/
kuvvetlerin,/kuv.vet.le.ˈɾin/
kuvvetli,/kuvvetˈli/
kuvvetsiz,/kuvvetˈsiz/
kuvvetçe,/kuvˈvett͡ʃe/
kuyruk,/kujˈɾuc/
kuyruklu yıldız,/cuj.ɾuc.ˈlu jɯl.dɯz/
kuyruklu yıldızı,/cuj.ɾuc.ˈlu jɯl.dɯ.ˈzɯ/
kuyruklu yıldızın,/cuj.ɾuc.ˈlu jɯl.dɯ.ˈzɯn/
kuyu,/ku.ˈju/
kuyucu,/ku.ju.ˈd͡ʒu/
kuyuculuk,/ku.ju.d͡ʒu.ˈluk/
kuyuculuğu,/ku.ju.d͡ʒu.lu.ˈɾu/
kuyucusu,/ku.ju.d͡ʒu.ˈsu/
kuyucuyu,/ku.ju.d͡ʒu.ˈju/
kuyumculuk,/ku.jum.d͡ʒu.ˈluk/
kuyumculuğu,/ku.jum.d͡ʒu.lu.ˈɾu/
kuyusu,/ku.ju.ˈsu/
kuyuyu,/ku.ju.ˈju/
kuzen,/cu.ˈzen/
kuzeni,/cu.ze.ˈni/
kuzenin,/cu.ze.ˈnin/
kuzenini,/cu.ze.ni.ˈni/
kuzeninin,/cu.ze.ni.ˈnin/
kuzenler,/cu.zen.ˈleɾ/
kuzey,/kuˈzej/
kuzeybatı,/ku.ˈzej.ba.tɯ/
kuzguncuk,/kuzɡunˈd͡ʒuk/
kuzin,/cu.ˈzin/
kuzine,/cu.zi.ˈne/
kuzineler,/cu.zi.ne.ˈleɾ/
kuzinesi,/cu.zi.ne.ˈsi/
kuzini,/cu.zi.ˈni/
kuzinin,/cu.zi.ˈnin/
kuzinini,/cu.zi.ni.ˈni/
kuzininin,/cu.zi.ni.ˈnin/
kuzinler,/cu.zin.ˈleɾ/
kuş,/ˈkuʃ/
kuşak,/ku.ˈʃac/
kuşağı,/ku.ʃa.ˈ‿ɯ/
kuşağın,/ku.ʃa.ˈ‿ɯn/
kuşağını,/ku.ʃa.‿ɯ.ˈnɯ/
kuşağının,/ku.ʃa.‿ɯ.ˈnɯn/
kuşlamaz,/kuʃlaˈmaz/
kuşlar,/kuʃˈlaɾ/
kuşluk,/cuʃˈluc/
kuşluk vakti,/cuʃ.ˈluc vac.ti/
kâfi,/kyaː.ˈfi/
kâfir,/kjaː.ˈfiɾ/
kâfiri,/kjaː.fi.ˈɾi/
kâfirim,/kjaː.fi.ˈɾim/
kâfirin,/kjaː.fi.ˈɾin/
kâfirler,/kjaː.fiɾ.ˈleɾ/
kâfirlik,/kjaː.fiɾ.ˈlic/
kâgir,/ˈkʲaː.ˈɡiɾ/
kâinat,/kjaːiˈnat/
kâm,/ˈkjaːm/
kâmil,/kʲaː.ˈmil/
kâmili,/kʲaː.mi.ˈli/
kâmilin,/kʲaː.mi.ˈlin/
kâmiller,/kʲaː.mil.ˈleɾ/
kâr,/ˈkʲaɾ/
kârgir,/ˈkʲaɾ.ˈɡiɾ/
kârı,/kjaˈɾɯ/
kâse,/kʲaː.ˈse/
kâseler,/kʲaː.se.ˈleɾ/
kâsesi,/kʲaː.se.ˈsi/
kâseyi,/kʲaː.seˈji/
kâtip,/kaː.ˈtip/
kâğıdı,/kʲa.‿ɯ.ˈdɯ/
kâğıdım,/kʲa.‿ɯ.ˈdɯm/
kâğıdımı,/kʲa.‿ɯ.dɯ.ˈmɯ/
kâğıdımın,/kʲa.‿ɯ.dɯ.ˈmɯn/
kâğıdın,/kʲa.‿ɯ.ˈdɯn/
kâğıdını,/kʲa.‿ɯ.dɯ.ˈnɯ/
kâğıdının,/kʲa.‿ɯ.dɯ.ˈnɯn/
kâğıt,/kʲa.ˈ‿ɯt/
kâğıt açmak,/kʲa.ˈ‿ɯt at͡ʃ.mak/
kâğıtlar,/kʲa.‿ɯt.ˈlaɾ/
käsi,/ˈkæsi/
köhne,/cœh.ne/
kök,/ˈcœc/
köken,/kœ.ˈken/
kökende,/kœ.ken.ˈde/
kökenden,/kœ.ken.ˈden/
kökene,/cœ.ceˈne/
kökeni,/kœ.ke.ˈni/
kökenler,/kœ.ken.ˈleɾ/
kökenli,/kœ.ken.ˈli/
kökensiz,/kœ.ken.ˈsiz/
kökten,/kœkˈten/
kökten dinci,/kœkˈten dind͡ʒi/
kökten dincilik,/kœkˈten dind͡ʒilik/
köktenci,/kœktenˈd͡ʒi/
kömür,/cœ.ˈmyɾ/
kömürler,/cœ.myɾ.ˈleɾ/
kömürü,/cœ.my.ˈɾy/
kömürüm,/cœ.my.ˈɾym/
kömürün,/cœ.my.ˈɾyn/
köpek,/cʰœ̞ᵝˈpʰec/
köprü,/cœpˈry/
köprü üstü,/cœp.ˈry ys.ty/
köprücük,/cœp.ry.ˈd͡ʒyc/
köprücük kemiği,/cœp.ry.ˈd͡ʒyc ce.mi.‿i/
köprücükler,/cœp.ry.d͡ʒy.ˈler/
köprücüğü,/cœp.ry.d͡ʒy.ˈ‿y/
köprücüğün,/cœp.ry.d͡ʒy.ˈ‿yn/
köprüler,/cœp.ry.ˈler/
köprüsü,/cœp.ry.ˈsy/
köprüyü,/cœp.ry.ˈjy/
köpük banyosu,/cœˈpyc baɳjɔˈsu/
kör,/ˈcœɾ/
kör kuyu,/ˈcœɾ ku.ju/
körler,/cœɾ.ˈleɾ/
körlü,/cœɾ.ˈly/
körlük,/cœɾ.ˈlyc/
körlükler,/cœɾ.lyc.ˈleɾ/
körlüğü,/cœɾ.ly.ˈ‿y/
körlüğüm,/cœɾ.ly.ˈ‿ym/
körlüğün,/cœɾ.ly.ˈ‿yn/
körü,/cœ.ˈɾy/
körük,/cœ.ˈɾyc/
körüklemez,/cœ.ɾyc.le.mez/
körüklemezler,/cœ.ɾyc.le.ˈmez.leɾ/
körükler,/cœ.ɾyc.ˈleɾ/
körükleri,/cœ.ɾyc.le.ˈɾi/
körüklerin,/cœ.ɾyc.le.ˈɾin/
körüklerler,/cœ.ɾyc.ˈleɾ.leɾ/
körükçü,/cœ.ɾyc.ˈt͡ʃy/
körükçüler,/cœ.ɾyc.t͡ʃy.ˈleɾ/
körükçüsü,/cœ.ɾyc.t͡ʃy.ˈsy/
körükçüyü,/cœ.ɾyc.t͡ʃy.ˈjy/
körün,/cœ.ˈɾyn/
körüğü,/cœ.ɾy.ˈ‿y/
körüğün,/cœ.ɾy.ˈ‿yn/
kös,/ˈcœs/
kötü,/cœ.ty/
köy,/ˈcœj/
köylü,/kœj.ˈly/
köyü,/kœ.ˈjy/
köyün,/kœ.ˈjyn/
köyünü,/kœ.jy.ˈny/
köyünün,/kœ.jy.ˈnyn/
küfür,/ky.ˈfyɾ/
kül,/ˈcyl/
külhan,/kyl.ˈhan/
külhanbeyi,/kyl.ˈhan.be.ji/
külhanbeyini,/kyl.ˈhan.be.ji.ˈni/
külhanbeyinin,/kyl.ˈhan.be.ji.ˈnin/
külhanbeyleri,/kyl.ˈhan.bej.le.ˈɾi/
külhanbeylerin,/kyl.ˈhan.bej.le.ˈɾin/
küllî irade,/ky.ˈˤiː i.raː.ˈde/
kültür,/cyl.ˈtyɾ/
kültürcü,/kyltyɾˈd͡ʒy/
kültürler,/kyltyɾˈleɾ/
kültürü,/kyltyˈɾy/
kültürüm,/kyltyˈɾym/
kültürün,/kyltyˈɾyn/
küme,/ky.ˈme/
kümeler,/ky.me.ˈleɾ/
kümeleri,/ky.me.le.ˈɾi/
kümelerim,/ky.me.ˈle.ɾim/
kümes,/ky.ˈmes/
kümesi,/ky.ˈme.ˈsi/
kümesim,/ky.ˈme.sim/
kümesin,/ky.ˈme.sin/
kümesini,/ky.me.si.ˈni/
kümesinin,/ky.me.si.ˈnin/
kümesler,/ky.mes.ˈleɾ/
kür,/ˈkyɾ/
küre,/ky.ˈɾe/
küresel ısınma,/cy.ɾe.ˈsel ɯ.sɯn.ma/
kürü,/kyˈɾy/
küsuf namazı,/ky.ˈsuf na.ma.zɯ/
kütle,/kyt.ˈle/
kütle çekimi,/kytˈle t͡ʃeciˈmi/
kütle çekiminde,/kytˈle t͡ʃeciminˈde/
kütle çekiminden,/kytˈle t͡ʃeciminˈden/
kütle çekimine,/kytˈle t͡ʃecimiˈne/
kütle çekimini,/kytˈle t͡ʃecimiˈni/
kütle çekiminin,/kytˈle t͡ʃecimiˈnim/
kütle çekimleri,/kytˈle t͡ʃecimleˈɾi/
kütle çekimlerinde,/kytˈle t͡ʃecimleɾinˈde/
kütle çekimlerinden,/kytˈle t͡ʃecimleɾinˈden/
kütle çekimlerine,/kytˈle t͡ʃecimleɾiˈne/
kütle çekimlerini,/kytˈle t͡ʃecimleɾiˈni/
kütle çekimlerinin,/kytˈle t͡ʃecimleɾiˈnin/
kütle çekimli,/kytˈle t͡ʃecimˈli/
kütle çekimsel,/kyt.le t͡ʃe.cim.ˈsel/
kütle çekimsiz,/kytˈle t͡ʃecimˈsiz/
kütleler,/kyt.le.ˈleɾ/
kütlesi,/kyt.le.ˈsi/
kütüphane,/kytyphaːne/
küçük,/ky.ˈt͡ʃyc/
küçük gezegen,/ky.ˈt͡ʃyc ɡe.ze.ɡen/
küçük gezegeni,/ky.ˈt͡ʃyc ɡe.ze.ɡe.ˈni/
küçük gezegenin,/ky.ˈt͡ʃyc ɡe.ze.ɡe.ˈnin/
küçük gezegenler,/ky.ˈt͡ʃyc ɡe.ze.ɡen.ˈleɾ/
küçük günah,/cyˈt͡ʃyc ɡynah/
küçültme,/kyt͡ʃyltˈme/
küçültmeler,/kyt͡ʃyltmeˈleɾ/
kıble,/kɯbˈle/
kıbleler,/kɯbɫeˈleɾ/
kıbleye,/kɯbɫeˈje/
kıl,/ˈkɯl/
kılcal damar,/kɯɫˈd͡ʒaɫ daˈmaɾ/
kılkuyruk,/ˈkɯlkujɾuc/
kılkuyruğa,/ˈkɯlkujɾuˈ‿a/
kılkuyruğu,/ˈkɯlkujɾuˈ‿u/
kılkuyruğun,/ˈkɯlkujɾuˈ‿un/
kılma,/kɯlˈma/
kılmak,/kɯlˈmac/
kılmama,/ˈkɯlmama/
kılıbık,/cɯ.lɯ.ˈbɯc/
kılıbığı,/cɯ.lɯ.bɯ.ˈ‿ɯ/
kılıbığın,/cɯ.lɯ.bɯ.ˈ‿ɯn/
kılıç,/kɯˈɫɯt͡ʃ/
kına,/kɯˈna/
kıraat,/k/
kıraatlar,/kɯɾa'atˈlaɾ/
kırkat,/kɯɾˈcat/
kırklar,/cɯɾc.ˈlaɾ/
kırkları,/cɯɾc.me.ˈɾɯ/
kırkların,/cɯɾc.me.ˈɾɯn/
kırmak,/kɯɾˈmak/
kırmızı,/kɯɾmɯˈzɯ/
kırmızımtırak,/kɯɾmɯzɯmtɯˈɾak/
kırtasiye,/ˈkɯɾ.taː.si.ˈje/
kırtasiyeci,/ˈkɯɾ.taː.si.se.ˈd͡ʒi/
kırtasiyeciler,/ˈkɯɾ.taː.si.je.d͡ʒi.ˈleɾ/
kırtasiyecilik,/ˈkɯɾ.taː.si.se.d͡ʒi.ˈlic/
kırtasiyecilikler,/ˈkɯɾ.taː.si.je.d͡ʒi.lic.ˈleɾ/
kırtasiyeciliği,/ˈkɯɾ.taː.si.je.d͡ʒi.li.ˈ‿i/
kırtasiyecisi,/ˈkɯɾ.taː.si.je.d͡ʒi.ˈsi/
kırtasiyeler,/ˈkɯɾ.taː.si.je.ˈleɾ/
kırtasiyesi,/ˈkɯɾ.taː.si.je.ˈsi/
kırı,/kɯˈɾɯ/
kırık,/cɯˈɾɯc/
kırıklık,/cɯɾɯcˈlɯc/
kırıklığa,/cɯɾɯclɯˈ‿a/
kırıklığı,/cɯɾɯclɯˈ‿ɯ/
kırıklığın,/cɯɾɯclɯˈ‿ɯn/
kırım,/ˈkɯ.ɾɯm/
kırığa,/cɯɾɯˈ‿a/
kırığı,/cɯɾɯˈ‿ɯ/
kırığın,/cɯɾɯˈ‿ɯn/
kısalt,/cɯ.ˈsalt/
kısaltma,/cɯ.ˈsalt.ma/
kısaltmalar,/cɯ.salt.maˈlaɾ/
kısaltmam,/cɯ.salt.ˈmam/
kısaltması,/cɯ.salt.ma.ˈsɯ/
kısaltmayı,/cɯ.salt.ma.ˈjɯ/
kısaltırım,/cɯ.sal.ˈtɯ.ɾɯm/
kısayol,/kɯˈsajol/
kısayolu,/kɯˈsajoˈlu/
kıskaç,/kɯs.ˈkat͡ʃ/
kıta,/cɯ.ˈta/
kıy,/ˈcɯj/
kıyamet,/kɯjaːmet/
kıyanı,/ˈcɯ.ja.ˈnɯ/
kıyanın,/ˈcɯ.ja.ˈnɯn/
kıyas,/kɯ.ˈjas/
kıyası,/kɯ.jaː.ˈsɯ/
kıyma,/cɯjˈma/
kıymet,/kɯjˈmet/
kıymeti,/kɯjmeˈti/
kıymetin,/kɯjmeˈtin/
kıymetlendirme,/kɯjmetlendiɾˈme/
kıymetlendirmeme,/kɯjmetlenˈdiɾmeme/
kıymetler,/kɯjmetˈleɾ/
kız,/ˈkɯz/
kızanak,/kɯ.zaˈnak/
kızcağız,/kɯz.d͡ʒa.ˈ‿ɯz/
kızı,/kɯ.ˈzɯ/
kızını,/kɯzɯˈnɯ/
kış,/ˈkɯʃ/
kış gün dönümü,/ˈcɯʃ ɡyn dœnyˈmy/
kış uykusuna yatmak,/kɯʃ ujkusuna jatmak/
kışa,/cɯˈʃa/
kışla,/ˈkɯʃ.ɫa/
kışlamaz,/cɯʃlaˈmaz/
kışı,/cɯ.ˈʃɯ/
kışın,/kɯ.ˈʃɯn/
kışını,/kɯ.ʃɯ.ˈnɯ/
kışının,/kɯ.ʃɯ.ˈnɯn/
l,/le/
la,/ˈlaː/
labirent,/ɫa.bi.ˈɾent/
labirenti,/ɫa.bi.ɾen.ˈti/
labirentim,/ɫa.bi.ɾen.ˈtim/
labirentin,/ɫa.bi.ɾen.ˈtin/
labirentler,/ɫa.bi.ɾent.ˈleɾ/
laf,/ˈɫaf/
lahana,/la.ˈha.na/
lahmacun,/lahmaːˈd͡ʒun/
lahmacuncu,/lahmaːʤʋnʤʋ/
lal,/ˈɫaɫ/
lale,/l&#x0251;ːl&#x025B;/
lalezar,/laːlezaɾ/
lam,/ˈlam/
lama,/ˈla.ma/
lamalar,/la.maˈlaɾ/
lamba,/ɫam.ba/
lambada,/lambada/
lastik,/ɫas.ˈtik/
lastikler,/ɫastikˈleɾ/
lastiği,/ɫastiˈ‿i/
lav,/ˈlav/
lava,/la.ˈva/
lavanta,/la.ˈvan.ta/
lavantası,/la.van.ta.ˈsɯ/
lavantayı,/la.van.ta.ˈjɯ/
lavda,/lav.ˈda/
lavdan,/lav.ˈdan/
lavı,/la.ˈvɯ/
lavın,/la.ˈvɯn/
lazım,/ɫaˈzɯm/
lağım,/laɣɯm/
le,/ˈɫe/
leblebi,/lebleˈbi/
leblebici,/leblebiˈd͡ʒi/
leblebili,/leblebiˈli/
leblebisiz,/leblebiˈsiz/
ledün ilmi,/ɫe.ˈdyn il.mi/
ledün ilmini,/ɫe.ˈdyn il.mi.ˈni/
lehçe,/ˈɫeh.t͡ʃe/
lehçeler,/ɫeh.t͡ʃe.ˈleɾ/
lehçesi,/ɫeh.t͡ʃe.ˈsi/
leke,/ɫe.ˈce/
leler,/ɫeː.ˈleɾ/
lepton,/ɫep.ˈton/
lesi,/ɫeː.ˈsi/
levazım,/levaːˈzɯm/
levha,/levˈha/
leyi,/ɫeː.ˈji/
leylak,/lejˈlak/
leylek,/lejlec/
lezbiyen,/leʐ.bi.ˈjen/
lezbiyeni,/leʐ.bi.je.ˈni/
lezbiyenin,/leʐ.bi.je.ˈnin/
lezbiyenler,/leʐ.bi.jen.ˈleɾ/
leğen,/leˈ‿en/
leş,/ˈłeʃ/
leşe,/łeˈʃe/
leşi,/łeˈʃi/
leşim,/leˈʃim/
leşin,/łeˈʃin/
leşler,/łeʃˈłeɾ/
leşlerde,/łeʃłeɾˈde/
leşlerden,/łeʃłeɾˈden/
leşlere,/łeʃłeˈɾe/
leşleri,/łeʃłeˈɾi/
leşlerin,/łeʃłeˈɾin/
lim,/lim/
liman,/liˈman/
limon,/ɫi.ˈmon/
limonata,/limonaˈta/
limonatalar,/limonataˈɫaɾ/
limonatayı,/limonataˈjɯ/
limonu,/limoˈnu/
lira,/ˈliɾa/
lisan,/ɫi.ˈsan/
lisanla,/ɫi.ˈsan.la/
lise,/ˈlise/
listen,/ɫis.ˈten/
llenar,/yenar/
lobi,/l̠ʲɔˈbi/
loger,/lɔ.ʒe/
lokantacı,/loˈcantaˈd͡ʒɯ/
lokantacılık,/locantad͡ʒɯˈlɯc/
lokantası,/locantaˈsɯ/
lokasyon,/lɔ.kas.jɔn/
lokmacı,/lɔkmaˈd͡ʒɯ/
lokum,/lo.ˈkum/
lokumcu,/lɔkumˈd͡ʒu/
lokumcuyu,/lɔkumd͡ʒuˈju/
lokumu,/lo.ku.ˈmu/
lokumun,/lo.ku.ˈmun/
lök,/ˈɫœc/
maalesef,/maːleˈsef/
mabat,/maːˈbaːt/
mabedi,/maː.be.ˈdi/
mabedin,/maː.be.ˈdin/
mabet,/maː.ˈbet/
mabetler,/maː.bet.ˈleɾ/
macera,/maːdʒe.ɾaː/
madde,/madˈde/
maddeci,/maddeˈd͡ʒi/
maddeciler,/madded͡ʒiˈleɾ/
maddecilik,/madded͡ʒiˈlic/
maddecilikler,/madded͡ʒilicˈleɾ/
maddeciliğe,/madded͡ʒilicˈ‿e/
maddeciliği,/madded͡ʒilicˈ‿i/
maddeciliğin,/madded͡ʒilicˈ‿in/
maddecinin,/madded͡ʒiˈnin/
maddeciye,/madded͡ʒiˈje/
maddelerde,/maddeleɾˈde/
maddelerden,/maddeleɾˈden/
maddelere,/maddeleˈɾe/
maddelerin,/maddeleˈɾin/
maddemi,/maddeˈmi/
madden,/madˈden/
maddeni,/maddeˈni/
maddenin,/maddeˈnin/
maddesi,/maddeˈsi/
maddi,/madˈdiː/
madik,/maˈdic/
madik atmak,/maˈdic atˈmak/
mafsal,/mafsalˈlaɾ/
mafsallar,/mafsalˈlaɾ/
maganda,/ma.ˈɡan.da/
magandalı,/ma.ɡan.da.ˈlɯ/
magandalık,/ma.ˈɡan.da/
magandalığı,/ma.ɡan.da.lɯ.ˈ‿ɯ/
magandam,/maganˈdam/
magandamı,/magandaˈmɯ/
magandanı,/magandaˈnɯ/
magandanın,/magandaˈnɯn/
magandası,/ma.ɡan.da.ˈsɯ/
magandayı,/ma.ɡan.daˈjɯ/
magma,/ˈmaɡ.ma/
magmadan,/ˈmaɡ.ma.ˈdan/
magmalara,/ˈmaɡ.ma.la.ˈɾa/
magmalarda,/ˈmaɡ.ma.laˈ.ˈda/
magmalardan,/ˈmaɡ.ma.laˈ.ˈdan/
magmaları,/ˈmaɡ.ma.la.ˈɾɯ/
magmaların,/ˈmaɡ.ma.la.ˈɾɯn/
magman,/maɡ.ˈman/
magmanı,/maɡ.ma.ˈnɯ/
magmanın,/maɡ.ma.ˈnɯn/
magması,/ˈmaɡ.ma.ˈsɯ/
magmayı,/ˈmaɡ.ma.ˈjɯ/
mahallî,/ma.haɫ.ˈɫiː/
mahcup,/mahˈd͡ʒup/
mahfil,/mah.ˈfil/
mahkeme,/mah.ke.ˈme/
mahkemeler,/mahkemeˈleɾ/
mahkemeli,/mahkemeˈli/
mahkemeni,/mahkemeˈni/
mahkemesiz,/mahkemeˈsiz/
mahkûm,/mah.ˈcum/
mahrem,/mah.ˈɾem/
mahremi,/mah.ɾe.ˈmi/
mahremim,/mah.ɾe.ˈmim/
mahremin,/mah.ɾe.ˈmin/
mahremiyet,/mah.ɾe.mi.ˈjet/
mahremiyete,/mah.ɾe.mi.je.ˈte/
mahremiyeti,/mah.ɾe.mi.je.ˈti/
mahremiyetin,/mah.ɾe.mi.je.ˈtin/
mahremiyetine,/mah.ɾe.mi.je.ti.ˈne/
mahremiyetine girmek,/mah.ɾe.mi.je.ti.ˈne ɡiɾ.mec/
mahremiyetini,/mah.ɾe.mi.je.ti.ˈni/
mahremiyetinin,/mah.ɾe.mi.je.ti.ˈnin/
mahremiyetler,/mah.ɾe.mi.jet.ˈleɾ/
mahremler,/mah.ɾem.ˈleɾ/
mahur,/maːˈhuɾ/
makara,/ma'kaɾa/
makarayı,/makaɾaˈjɯ/
makarna,/maˈkaɾna/
makas,/ma.ˈcas/
makas almak,/ma.ˈcas al.mac/
makasları,/ma.cas.la.ˈɾɯ/
makasların,/ma.cas.la.ˈɾɯn/
makası,/ma.ca.ˈsɯ/
makasın,/ma.ca.ˈsɯn/
makasını,/ma.ca.sɯ.ˈnɯ/
makasının,/ma.ca.sɯ.ˈnɯn/
maket,/maˈcet/
makete,/maceˈte/
maketi,/maceˈti/
maketin,/maceˈtin/
maketler,/macetˈleɾ/
makine,/ma.ˈci.ne/
makine dili,/ma.ˈci.ne di.li/
makine dilini,/ma.ˈci.ne di.li.ˈni/
makine dilleri,/ma.ˈci.ne dil.le.ˈɾi/
makine mühendisliği,/ma.ˈci.ne my.hen.dis.li.‿i/
makineler,/ma.ci.neˈleɾ/
makineleri,/ma.ci.ne.le.ˈɾi/
makinelerin,/ma.ci.ne.le.ˈɾin/
makinelerini,/ma.ci.ne.le.ɾi.ˈni/
makinelerinin,/ma.ci.ne.le.ɾi.ˈnin/
makinesi,/ma.ci.ne.ˈsi/
makinesin,/ma.ci.ne.ˈsin/
makinesini,/ma.ci.ne.si.ˈni/
makinesinin,/ma.ci.ne.si.ˈnin/
makrome,/macˈɾome/
makromeler,/macɾomeˈleɾ/
makromeli,/macɾomeˈli/
makromem,/macɾoˈmem/
makromeme,/macɾomeˈme/
makromemi,/macɾomeˈmi/
makromen,/macɾoˈmen/
makromene,/macɾomeˈne/
makromeni,/macɾomeˈni/
makromesi,/macɾomeˈsi/
makromesin,/macɾomeˈsin/
makromesini,/macɾomesiˈni/
makromesinin,/macɾomesiˈnin/
makromesiz,/macɾomeˈsiz/
makromeye,/macɾomeˈje/
maktû,/mak.ˈtuː/
maktû hadis,/mak.ˈtuː ha.dis/
maktû hadisi,/mak.ˈtuː ha.diː.ˈsi/
maktû hadisler,/mak.ˈtuː ha.dis.ˈleɾ/
mal,/ˈmal/
mala,/ma.ˈla/
malla,/malˈla/
malumat,/maːluːˈmaːt/
malumatlı,/maːluːmaːtˈlɯ/
malumatsız,/maːluːmaːtˈsɯz/
mamafih,/maːmaːˈfih/
man,/ˈman/
mana,/maː.ˈnaː/
mandarin,/man.da.ˈɾin/
mandarine,/mandariˈne/
maneviyat,/maːneviˈjat/
manevî,/maːneˈviː/
manitacı,/maˈnitad͡ʒɯ/
manti,/manˈti/
mantiler,/mantiˈleɾ/
mantı,/manˈtɯ/
mantık,/man.ˈtɯk/
mantığı,/man.tɯ.ˈ‿ɯ/
manyak,/manˈjak/
manzara,/man.za.ˈɾa/
manzaralar,/man.za.ɾaˈlaɾ/
manzarası,/man.za.ɾa.ˈsɯ/
manzarayı,/man.za.ɾa.ˈjɯ/
maraş,/ˈma.ɾaʃ/
marifet,/maː.ɾi.ˈfet/
marifeti,/maː.ɾi.fe.ˈti/
marifetim,/maː.ɾi.fe.ˈtim/
marifetin,/maː.ɾi.fe.ˈtin/
marifetler,/maː.ɾi.fet.ˈleɾ/
mark,/ˈmaɾc/
martaval,/maɾ.ta.ˈval/
martavalcı,/maɾ.ta.val.ˈd͡ʒɯ/
martavalcılık,/maɾ.ta.val.d͡ʒɯ.ˈlɯc/
mas,/ˈmas/
masa,/maˈsa/
masabaşı,/ma.sa.baˈʃɯ/
masaj,/maˈsaʒ/
masajı,/masaˈʒɯ/
masalar,/ma.saˈlaɾ/
masası,/ma.sa.ˈsɯ/
masayı,/ma.saˈyɯ/
masaüstü,/masaˈysty/
maske,/masˈce/
maskeler,/masceˈleɾ/
mastar,/mas.ˈtaɾ/
mastarı,/mas.ta.ˈɾɯ/
mastarım,/mas.ta.ˈɾɯm/
mastarın,/mas.ta.ˈɾɯn/
mastürbasyon yapmak,/mastʏɾbasjɔn japmak/
masör,/maˈsœɾ/
masörde,/masœɾˈde/
masörden,/masœɾˈden/
masöre,/masœˈɾe/
masörler,/masœɾˈleɾ/
masörü,/masœˈɾy/
masörün,/masœˈɾyn/
matbaa,/matbaˈʔa/
matematik,/ma.te.ma.ˈtik/
matematikler,/ma.te.ma.tik.ˈleɾ/
matematikleri,/ma.te.ma.tik.le.ˈɾi/
matematiklerin,/ma.te.ma.tik.le.ˈɾin/
matematiklerini,/ma.te.ma.tik.le.ɾi.ˈni/
matematiklerinin,/ma.te.ma.tik.le.ɾi.ˈnin/
matematikçi,/matematikˈt͡ʃi/
matematiği,/ma.te.ma.ti.ˈ‿i/
matematiğin,/ma.te.ma.ti.ˈ‿in/
matematiğini,/ma.te.ma.ti.‿i.ˈni/
matematiğinin,/ma.te.ma.ti.‿i.ˈnin/
matiz,/ma.tiz/
matruşka,/matɾuʃˈka/
matruşkayı,/matɾuʃkaˈjɯ/
matuf,/maːˈtuf/
mavi,/maːˈvi/
maviler,/maːviˈleɾ/
maymun,/majˈmun/
mayo,/maˈjo/
mayonez,/majɔˈnez/
mayıs,/ma.ˈjɯs/
mağara,/ˈma‿aɾa/
mağfiret,/ma‿.fi.ˈɾet/
mağfiret etme,/ma‿.fi.ɾet ˈet.me/
mağfiret etmek,/ma‿.fi.ˈɾet et.mec/
mağfiret etmeler,/ma‿.fi.ˈɾet et.me.ˈleɾ/
mağfiret etmeme,/ma‿.fi.ɾet et.me.ˈme/
mağfiret etmesi,/ma‿.fi.ˈɾet et.me.ˈji/
mağfireti,/ma‿.fi.ɾe.ˈti/
mağfiretim,/ma‿.fi.ɾe.ˈtim/
mağfiretin,/ma‿.fi.ɾe.ˈtin/
mağfiretler,/ma‿.fi.ɾet.ˈleɾ/
mağlup etmek,/ma‿.ˈluː.bet.mec/
mağlup olmak,/ma‿ˈluːbolmac/
mağlup olmamak,/ma‿luːbˈolmamac/
mağrip,/ˈma‿.ɾip/
maşallah,/maː.ʃal.laːh/
maşuk,/maː.ˈʃuc/
mecaz,/meˈcaz/
mecmua,/med͡ʒ.mu.ˈa/
mecmuası,/med͡ʒ.mu.a.ˈsɯ/
mecmuayı,/med͡ʒ.mu.a.ˈjɯ/
meczup,/med͡ʒ.ˈzup/
medarıiftihar,/medaːɾɯ.iftiˈhaːɾ/
meddücezir,/meddyd͡ʒeˈzir/
medeniyet,/me.de.ni.ˈjet/
medeniyete,/me.de.ni.je.ˈte/
medeniyeti,/me.de.ni.je.ˈti/
medeniyetin,/me.de.ni.je.ˈtin/
medeniyetler,/me.de.ni.jet.ˈleɾ/
medeniyetçi,/me.de.ni.jet.ˈt͡ʃi/
medeniyetçilik,/me.de.ni.jet.t͡ʃi.ˈlic/
medenî hâl,/me.de.ˈniː haɫ/
medenî hâli,/me.de.ˈniː haː.ˈɫi/
medenî hâlim,/me.de.ˈniː haː.ˈɫim/
medenî hâlin,/me.de.ˈniː haː.ˈɫin/
medenî hâller,/me.de.ˈniː haɫ.ˈɫeɾ/
mefhum,/mef.ˈhuːm/
megjutalmaz,/'meɡjutɒlmɒz/
mehdi,/meh.ˈdiː/
mektubu,/mek.tu.ˈbu/
mektubun,/mek.tu.ˈbun/
mektubunu,/mek.tu.bu.ˈnu/
mektubunun,/mek.tu.bu.ˈnun/
mektup,/mek.ˈtup/
mektupları,/mek.tup.la.ˈɾɯ/
mektupların,/mek.tup.la.ˈɾɯn/
mektuplarını,/mek.tup.la.ɾɯ.ˈnɯ/
mektuplarının,/mek.tup.la.ɾɯ.ˈnɯn/
mekân,/me.ˈkʲan/
mekân grupları,/me.ˈkʲan ɡɾup.la.ˈɾɯ/
mekân-zaman,/me.ˈkʲan-za.man/
mekân-zaman sürekliliği,/me.ˈkʲan-za.man sy.ɾec.li.li.ˈ‿i/
meleke,/me.le.ˈke/
melekede,/me.le.ke.ˈde/
melekeden,/me.le.ke.ˈden/
melekeler,/me.le.ke.ˈleɾ/
melekem,/me.le.ˈkem/
melekemde,/me.le.kem.ˈde/
melekemden,/me.le.kem.ˈden/
melekeme,/me.le.ke.ˈme/
melekemi,/me.le.ke.ˈmi/
melekemin,/me.le.ke.ˈmin/
meleken,/me.le.ˈken/
melekende,/me.le.ken.ˈde/
melekenden,/me.le.ken.ˈden/
melekene,/me.le.ke.ˈne/
melekeni,/me.le.ke.ˈni/
melekenin,/me.le.ke.ˈnin/
melekesi,/me.le.ke.ˈsi/
melekeye,/me.le.ke.ˈje/
melhame,/mel.haː.ˈme/
meme,/me.ˈme/
memeler,/me.me.ˈleɾ/
memeli hayvan,/memeˈli hajˈvan/
memleket,/mem.le.ˈcet/
memleketi,/mem.le.ce.ˈti/
memleketler,/mem.le.cet.ˈleɾ/
memnuniyet,/memnuːniˈjet/
memnuniyetle,/memnuːniˈjetle/
memur,/meː.ˈmuɾ/
memurluk,/meː.muɾ.ˈluc/
menakıpname,/me.na.kɯp.naˈme/
menteşe,/menteˈʃe/
menteşeler,/menteʃeˈleɾ/
menzil,/men.ˈzil/
menziller,/menzilˈleɾ/
menzilli,/menzilˈli/
menzilsiz,/menzilˈsiz/
menü,/meˈny/
menüler,/menyˈleɾ/
mera,/meɾˈʔa/
mercek,/meɾ.ˈd͡ʒec/
mercekler,/meɾ.d͡ʒecˈleɾ/
merceği,/meɾ.d͡ʒe.ˈ‿i/
merceğin,/meɾ.d͡ʒe.ˈ‿in/
merci,/meɾ.ˈd͡ʒiː/
merciler,/meɾ.d͡ʒiː.ˈleɾ/
mercimek,/meɾ.d͡ʒi.ˈmec/
mercimekler,/meɾ.d͡ʒi.mec.ˈleɾ/
mercimeği,/meɾ.d͡ʒi.me.ˈ‿i/
mercimeğin,/meɾ.d͡ʒi.me.ˈ‿in/
mercisi,/meɾ.d͡ʒiː.ˈsi/
merder,/meʁ.de/
merdud,/meɾ.ˈdud/
merdud hadis,/meɾ.ˈdud ha.dis/
merfû,/meɾ.ˈfuː/
merfû hadis,/meɾ.ˈfuː ha.dis/
merfû hadisi,/meɾ.ˈfuː ha.diː.ˈsi/
merfû hadisler,/meɾ.ˈfuː ha.dis.ˈleɾ/
merhaba,/ˈmær.ha.baː/
merhamet,/meɾ.ha.ˈmet/
merhameti,/meɾhameˈti/
merhametim,/meɾhameˈtim/
merhametimi,/meɾhametiˈmi/
merhametimin,/meɾhametiˈmin/
merhametin,/meɾhameˈtin/
merhametinin,/meɾhametiˈnin/
merhametler,/meɾhametˈleɾ/
merhametli,/meɾhametˈli/
merhametlilik,/meɾhametliˈlic/
merhametsiz,/meɾhametˈsiz/
merhametsizlik,/meɾhametsizˈlic/
merhum,/meɾˈhum/
merhume,/meɾhuːˈme/
merkez,/meɾ.ˈkez/
merkezci,/meɾ.kez.ˈd͡ʒi/
merkezcilik,/meɾ.kez.d͡ʒi.ˈlik/
merkezcilikler,/meɾ.kez.d͡ʒi.lik.ˈleɾ/
merkezciliklere,/meɾkezd͡ʒilikleˈɾe/
merkezcilikleri,/meɾkezd͡ʒilikleˈɾi/
merkezciliklerim,/meɾkezd͡ʒilikleˈɾim/
merkezciliklerimi,/meɾkezd͡ʒilikleɾiˈmi/
merkezciliklerimin,/meɾkezd͡ʒilikleɾiˈmin/
merkezciliklerin,/meɾkezd͡ʒilikleˈɾin/
merkezciliklerini,/meɾkezd͡ʒilikleɾiˈni/
merkezciliklerinin,/meɾkezd͡ʒilikleɾiˈnin/
merkezciliğe,/meɾkezd͡ʒiliˈ‿e/
merkezciliği,/meɾkezd͡ʒiliˈ‿i/
merkezciliğim,/meɾkezd͡ʒiliˈ‿im/
merkezciliğime,/meɾkezd͡ʒili‿iˈme/
merkezciliğimi,/meɾkezd͡ʒili‿iˈmi/
merkezciliğimin,/meɾkezd͡ʒili‿iˈmin/
merkezciliğin,/meɾ.kez.d͡ʒi.li.ˈ‿in/
merkezciliğini,/meɾkezd͡ʒili‿iˈni/
merkezciliğinin,/meɾkezd͡ʒili‿iˈnin/
merkezi,/meɾ.ke.ˈzi/
merkezin,/meɾ.ke.ˈzin/
merkezini,/meɾ.ke.zi.ˈni/
merkezinin,/meɾ.ke.zi.ˈnin/
merkeziyet,/meɾ.ke.zi.ˈjet/
merkeziyetçi,/meɾ.ke.zi.jet.ˈt͡ʃi/
merkeziyetçilik,/meɾ.ke.zi.jet.t͡ʃi.ˈlic/
merkezler,/meɾkezˈleɾ/
merkezleri,/meɾ.kez.le.ˈɾi/
merkezlerin,/meɾ.kez.le.ˈɾin/
merkezlerini,/meɾ.kez.le.ɾi.ˈni/
merkezlerinin,/meɾ.kez.le.ɾi.ˈnin/
merkezî,/meɾ.ke.ˈziː/
merkezîleş,/meɾ.ke.ziː.ˈleʃ/
merkezîleşme,/meɾ.ke.ziː.ˈleʃ.me/
merkezîleşmek,/meɾ.ke.ziː.leʃ.ˈmek/
merkezîleşmeler,/meɾ.ke.ziː.leʃ.me.ˈleɾ/
merkezîleşmeme,/meɾ.ke.ziː.ˈleʃ.me.me/
merkezîleşmemeler,/meɾ.ke.ziː.leʃ.me.me.ˈleɾ/
merkezîleşmemesi,/meɾ.ke.ziː.leʃ.me.me.ˈsi/
merkezîleşmesi,/meɾ.ke.ziː.leʃ.me.ˈsi/
merkezîleşmeyi,/meɾ.ke.ziː.leʃ.me.ˈji/
merkezîleştir,/meɾ.ke.ziː.leʃ.ˈtir/
merkezîleştirme,/meɾ.ke.ziː.leʃ.tir.ˈme/
merkezîleştirmek,/meɾ.ke.ziː.leʃ.tir.ˈmek/
merkezîleştirmeler,/meɾ.ke.ziː.leʃ.tir.me.ˈleɾ/
merkezîleştirmemeler,/meɾ.ke.ziː.leʃ.tir.me.me.ˈleɾ/
merkezîleştirmemesi,/meɾ.ke.ziː.leʃ.tir.me.me.ˈsi/
merkezîleştirmemeyi,/meɾ.ke.ziː.leʃ.tir.me.me.ˈji/
merkezîleştirmesi,/meɾ.ke.ziː.leʃ.tir.me.ˈsi/
merkezîleştirmeyi,/meɾ.ke.ziː.leʃ.tir.me.ˈji/
mermi,/meɾ.ˈmi/
mersi,/meɾ.si/
mertebe,/meɾ.te.ˈbe/
mertebeler,/meɾ.te.be.ˈleɾ/
mertebesi,/meɾ.te.be.ˈsi/
mer’i,/meɾ.ˈˤiː/
mesafe,/mesaːˈfe/
mesaj,/meˈsaʒ/
mescit,/mes.ˈd͡ʒit/
mesele,/me.se.ˈle/
meseleler,/me.se.le.ˈleɾ/
meselesi,/me.se.le.ˈji/
mesh,/ˈmesh/
meslek,/mes.ˈlek/
meslek yüksekokulu,/mes.ˈlec jyc.ˈsec.o.cu.lu/
meslekler,/mes.lek.ˈleɾ/
mesleği,/mes.le.ˈ‿i/
mesleğin,/mes.leˈ‿in/
mesleğini,/mes.le.‿i.ˈni/
mesleğinin,/mes.le.‿i.ˈnin/
mesul,/mesˈʔuɫ/
mesuliyet,/mes.ˤuː.ɫi.ˈjet/
mesurer,/mǝ.zy.ʁe/
metabolik cerrahi,/me.ta.bo.ˈɫic d͡ʒeɾ.ɾaː.ˈhi/
metal,/me.taɫ/
metalde,/metałˈde/
metalden,/metałˈden/
metalin,/metaˈłin/
metalsiz,/metalˈsiz/
metanet,/metaːˈnet/
metazori,/ˈme.ta.zo.ˈɾi/
metcezir,/med d͡ʒeˈzir/
meteor,/me.te.ˈoɾ/
metlüv,/met.ˈlyv/
metre,/met.ˈɾe/
metreler,/met.ɾe.ˈleɾ/
metresi,/met.ɾe.ˈsi/
metrik sistem,/metˈric sistem/
metâli,/metaˈli/
mevce,/mevˈd͡ʒe/
mevcudiyet,/mevd͡ʒuːdiˈjet/
mevkuf,/mev.ˈkuf/
mevkuf hadis,/mev.ˈkuf ha.dis/
mevkuf hadisi,/mev.ˈkuf ha.diː.ˈsi/
mevkuf hadisler,/mev.ˈkuf ha.dis.ˈleɾ/
mevlit,/mev.ˈlit/
mevlut,/mev.ˈlut/
mevsim,/mevˈsim/
mevsimde,/mevsimˈde/
mevsimden,/mevsimˈden/
mevsime,/mevsiˈme/
mevsimi,/mevsiˈmi/
mevsimin,/mevsiˈmin/
mevsimlerde,/mevsimleɾˈde/
mevsimlerden,/mevsimleɾˈden/
mevsimlere,/mevsimleˈɾe/
mevsimleri,/mevsimleˈɾi/
mevsimlerin,/mevsimleˈɾin/
mevzu,/mevˈzuː/
mevzu hadis,/mev.ˈzuː ha.dis/
mevzubahis,/mev.zuː.ba.ˈhis/
meydan,/mej.ˈdan/
meydan muharebeleri,/mej.ˈdan mu.haː.ɾe.be.le.ˈɾi/
meydan muharebelerin,/mej.ˈdan mu.haː.ɾe.be.le.ˈɾin/
meydan muharebelerini,/mej.ˈdan mu.haː.ɾe.be.le.ɾi.ˈni/
meydan muharebelerinin,/mej.ˈdan mu.haː.ɾe.be.le.ɾi.ˈnin/
meydan muharebesi,/mej.ˈdan mu.haː.ɾe.be.si/
meydan muharebesini,/mej.ˈdan mu.haː.ɾe.be.si.ˈni/
meydan muharebesinin,/mej.ˈdan mu.haː.ɾe.be.si.ˈnin/
meydan okumayan,/mejˈdan oˈcumajan/
meydan okuyan,/mejˈdan ocuˈjan/
meydana,/mej.da.ˈna/
meydana gelme,/mej.da.na ˈɡel.me/
meydana gelmek,/mej.da.ˈna ɡel.mec/
meydana gelmeler,/mej.da.na ɡel.me.ˈleɾ/
meydana gelmemeler,/mej.da.na ˈɡel.me.me.ˈleɾ/
meydana gelmemesi,/mej.da.na ˈɡel.me.me.ˈsi/
meydana gelmesi,/mej.da.na ɡel.me.ˈsi/
meydana getirme,/mej.da.ˈna ɡe.tiɾ.me/
meydana getirmeme,/mej.da.na ɡe.ˈtiɾ.me.me/
meydanda,/mej.dan.ˈda/
meydanı,/mej.da.ˈnɯ/
meydanın,/mej.da.ˈnɯn/
mezar,/me.ˈzaɾ/
mezarlık,/mezaɾˈɫɯk/
mezbaha,/mezbaˈha/
mezhebi,/mez.he.ˈbi/
mezhebin,/mez.he.ˈbin/
mezhep,/mez.ˈhep/
mezhepler,/mez.hep.ˈleɾ/
mezhepli,/mez.hep.ˈli/
mezheplilik,/mez.hep.li.ˈlic/
mezhepsiz,/mez.hep.ˈsiz/
mezhepsizlik,/mez.hep.siz.ˈlic/
mezhepçi,/mez.hep.ˈt͡ʃi/
mezhepçilik,/mez.hep.t͡ʃi.ˈlic/
mezra,/mez.ˈɾaː/
mezrası,/mez.ɾaː.ˈsɯ/
mezrayı,/mez.ɾaː.ˈjɯ/
meşe,/meˈʃe/
meşeden,/meʃeˈden/
meşeler,/meʃeˈłeɾ/
meşelerde,/meʃełeɾˈde/
meşelere,/meʃełeˈɾe/
meşeleri,/meʃełeˈɾi/
meşelerim,/meʃełeˈɾim/
meşelerin,/meʃełeˈɾin/
meşem,/meˈʃem/
meşen,/meˈʃen/
meşeni,/meʃeˈni/
meşenin,/meʃeˈnin/
meşeye,/meʃeˈje/
meşgul,/meʃ.ɡul/
meşhur,/meʃ.ˈhuɾ ha.dis/
meşhur hadis,/meʃ.ˈhuɾ ha.dis/
meşhur hadisi,/meʃ.ˈhuɾ ha.diː.si/
meşhur hadisin,/meʃ.ˈhuɾ ha.diː.sin/
meşhur hadisler,/meʃ.ˈhuɾ ha.dis.ˈleɾ/
meşru,/meʃˈɾuː/
meşveret,/meʃ.ve.ˈɾet/
meşâik,/me.ʃaː.ˈik/
mi,/mi/
midi,/ˈmi.di/
mihrabı,/mih.ɾaː.ˈbɯ/
mihrace,/mih.ɾaː.ˈʤe/
mihrap,/mih.ˈɾap/
mikoz,/miˈkoz/
mikrobilgisayar,/ˈmic.ɾɔ.bil.ɟi.sa.jaɾ/
mikrodalga fırın,/micɾɔdaɫˈɡa fɯˈɾɯn/
mikrodevlet,/ˈmik.ɾo.dev.let/
mikroişlemci,/ˈmic.ɾɔ.iʃ.lem.ˈdʒi/
mikroorganizma,/ˈmikɾooɾɡanizma/
mikrop,/mikˈɾop/
mikroskobu,/mik.ɾos.ko.ˈbu/
mikroskobun,/mik.ɾos.ko.ˈbun/
mikroskobunu,/mik.ɾos.ko.bu.ˈnu/
mikroskobunun,/mik.ɾos.ko.buˈnun/
mikroskop,/mik.ɾos.ˈkop/
mikroskoplar,/mik.ɾos.kopˈlaɾ/
mikroskopları,/mik.ɾos.kop.la.ˈɾɯ/
mikroskopların,/mik.ɾos.kop.la.ˈɾɯn/
mikroskoplarını,/mik.ɾos.kop.la.ɾɯ.ˈnɯ/
mikroskoplarının,/mik.ɾos.kop.la.ɾɯ.ˈnɯn/
mil,/ˈmil/
miler,/mi.ˈleɾ/
miller,/mil.ˈleɾ/
millet,/mil.ˈlet/
milleti,/mil.le.ˈti/
milletim,/mil.le.ˈtim/
milletin,/mil.le.ˈtin/
milletler,/mil.let.ˈler/
milletlerarası,/milletˈleraɾasɯ/
milletli,/mil.let.ˈli/
milletsiz,/mil.let.ˈsiz/
milletvekili,/mil.ˈlet.ve.ciː.li/
milli,/mil.ˈli/
milliyetçi,/ˈmilˈlijetˈt͡ʃi/
milliyetçilik,/ˈmilˈlijett͡ʃiˈlic/
milliyetçilikler,/ˈmilˈlijett͡ʃilicˈleɾ/
milliyetçiliği,/ˈmilˈlijett͡ʃiliˈ‿i/
millî,/mil.ˈliː/
millî dil,/mil.ˈliː dil/
millî irade,/mil.ˈliː i.raː.ˈde/
millî lisan,/mil.ˈliː li.san/
milsiz,/mil.ˈsiz/
mimarlık,/miːmaɾˈlɯc/
mimarlıklar,/miːmaɾlɯkˈlaɾ/
mimlenmek,/mim.lenˈmek/
minare,/mi.naː.ˈɾe/
minareler,/mi.naː.ɾe.ˈleɾ/
minaresi,/mi.naː.ɾe.ˈsi/
minimum,/ˈmi.ˈni.mum/
mirad,/miː.ˈɾad/
miraç,/miː.ˈɾat͡ʃ/
misafir,/mi.saː.ˈfiɾ/
misi,/mi.ˈsi/
misin,/mi.sin/
misiniz,/mi.si.niz/
misket limonu,/misˈcet limoˈnu/
miting,/ˈmi.tinɡ/
mitinge,/mitinˈge/
mitingi,/mitinˈgi/
mitingin,/mitinˈgin/
miydi,/mij.di/
miydik,/mij.dik/
miydiler,/mij.di.leɾ/
miydim,/mij.dim/
miydin,/mij.din/
miydiniz,/mij.di.niz/
miyi,/mi.ˈji/
miyim,/mi.jim/
miyiz,/mi.jiz/
miymiş,/mij.miʃ/
miymişim,/mij.mi.ʃim/
miymişin,/mij.mi.ʃin/
miymişiniz,/mij.mi.ʃi.niz/
miymişiz,/mij.mi.ʃiz/
miymişler,/mij.miʃ.leɾ/
miço,/ˈmi.t͡ʃo/
miçosu,/ˈmi.t͡ʃo.ˈsu/
miçoyu,/ˈmi.t͡ʃo.ˈju/
mişkat,/miʃˈcat/
mlékař,/ˈmleːkar̝̊/
mobilet,/mo.bi.ˈlet/
moda,/ˈmo.da/
modacı,/ˈmo.da.d͡ʒɯ/
model,/mo.ˈdel/
modele,/modeˈle/
modeli,/mo.de.ˈli/
modelin,/mo.de.ˈlin/
modelini,/mo.de.li.ˈni/
modelinin,/mo.de.li.ˈnin/
modeller,/mo.delˈleɾ/
modelleri,/mo.del.le.ˈɾi/
modellerin,/mo.del.le.ˈɾin/
modellerini,/mo.del.le.ɾi.ˈni/
modellerinin,/mo.del.le.ɾi.ˈnin/
modülasyon,/mo.dy.las.ˈjon/
modülasyonları,/mo.dy.las.jon.la.ˈɾɯ/
modülasyonlarım,/mo.dy.las.jon.la.ˈɾɯm/
modülasyonlarımı,/mo.dy.las.jon.la.ɾɯ.ˈmɯ/
modülasyonlarımın,/mo.dy.las.jon.la.ɾɯ.ˈmɯn/
modülasyonların,/mo.dy.las.jon.la.ˈɾɯn/
modülasyonlarını,/mo.dy.las.jon.la.ɾɯ.ˈnɯ/
modülasyonlarının,/mo.dy.las.jon.la.ɾɯ.ˈnɯn/
modülasyonu,/mo.dy.las.jo.ˈnu/
modülasyonum,/mo.dy.las.jo.ˈnum/
modülasyonumu,/mo.dy.las.jo.nu.ˈmu/
modülasyonumun,/mo.dy.las.jo.nu.ˈmun/
modülasyonun,/mo.dy.las.jo.ˈnun/
modülasyonunu,/mo.dy.las.jo.nu.ˈnu/
modülasyonunun,/mo.dy.las.jo.nu.ˈnun/
moment,/momˈent/
monarşi,/mo.naɾˈʃi/
monolatrizm,/mo.no.ɫat.ˈɾizm/
monoteizm,/mo.no.te.ˈizm/
monoteizmi,/mo.no.te.iz.ˈmi/
monoteizmler,/mo.no.te.izm.ˈleɾ/
monter,/mɔ̃.te/
more,/mo.ˈɾe/
morfoloji,/moɾfoloˈʒi/
morfolojiler,/moɾfoloʒiˈleɾ/
moruk,/mɔˈɾuk/
motor,/mo.ˈtoɾ/
motorcu,/motoɾˈd͡ʒu/
motorculara,/motoɾd͡ʒulaˈɾa/
motorcularda,/motoɾd͡ʒulaɾˈda/
motorcuları,/motoɾd͡ʒulaˈɾɯ/
motorcuların,/motoɾd͡ʒulaˈɾɯn/
motorculuklara,/motoɾd͡ʒuluclaˈɾa/
motorculuklarda,/motoɾd͡ʒuluclaɾˈda/
motorculuklardan,/motoɾd͡ʒuluclaɾˈdan/
motorculukları,/motoɾd͡ʒuluclaˈɾɯ/
motorculukların,/motoɾd͡ʒuluclaˈɾɯn/
motorculuğa,/motoɾd͡ʒuluˈ‿a/
motorculuğu,/motoɾd͡ʒuluˈ‿u/
motorculuğun,/motoɾd͡ʒuluˈ‿un/
motorcunun,/motoɾd͡ʒuˈnun/
motorcuyu,/motoɾd͡ʒuˈju/
motorin,/motoˈrin/
mu,/mu/
muasır,/mu.aː.ˈsɯɾ/
muavvizeteyn,/muavvizeˈtejn/
muazzam,/mu.az.ˈzam/
muaşereti,/mu.aː.ʃe.ɾe.ˈti/
muaşeretin,/mu.aː.ʃe.ɾe.ˈtin/
muaşeretler,/mu.aː.ʃe.ɾet.ˈleɾ/
mubassır,/mubassır/
mucize,/muː.d͡ʒi.ˈze/
mudarabe,/mudaːɾaˈbe/
muhabbet,/mu.habˈbet/
muhabbet kuşu,/mu.habˈbet kuˈʃu/
muhabere,/mu.haː.be.ˈɾe/
muhaberede,/mu.haː.be.ɾe.ˈde/
muhabereden,/mu.haː.be.ɾe.ˈden/
muhabereler,/mu.haː.be.ɾe.ˈleɾ/
muhaberen,/mu.haː.be.ˈɾen/
muhabereni,/mu.haː.be.ɾe.ˈni/
muhaberenin,/mu.haː.be.ɾe.ˈnin/
muhaberesi,/mu.haː.be.ɾe.ˈsi/
muhabereye,/mu.haː.be.ɾe.ˈje/
muhabereyi,/mu.haː.be.ɾe.ˈji/
muhaddis,/muhadˈdis/
muhaddisi,/muhaddiˈsi/
muhaddisler,/muhaddisˈleɾ/
muhafazakâr,/mu.haː.fa.za.ˈkjaɾ/
muhafazakârlı,/mu.haː.fa.za.kjaɾ.ˈlɯ/
muhafazakârlık,/mu.haː.fa.za.kjaɾ.ˈlɯk/
muharebe,/mu.haː.ɾe.ˈbe/
muharebede,/mu.haː.ɾe.be.ˈde/
muharebeden,/mu.haː.ɾe.be.ˈden/
muharebeler,/mu.haː.ɾe.be.ˈleɾ/
muharebeleri,/mu.haː.ɾe.be.le.ˈɾi/
muharebelerin,/mu.haː.ɾe.be.le.ˈɾin/
muharebelerini,/mu.haː.ɾe.be.le.ɾi.ˈni/
muharebelerinin,/mu.haː.ɾe.be.le.ɾi.ˈnin/
muhareben,/mu.haː.ɾe.ˈben/
muharebeni,/mu.haː.ɾe.be.ˈni/
muharebenin,/mu.haː.ɾe.be.ˈnin/
muharebesi,/mu.haː.ɾe.be.ˈsi/
muharebesin,/mu.haː.ɾe.be.ˈsin/
muharebesini,/mu.haː.ɾe.be.si.ˈni/
muharebesinin,/mu.haː.ɾe.be.si.ˈnin/
muharebeye,/mu.haː.ɾe.be.ˈje/
muharebeyi,/mu.haː.ɾe.be.ˈji/
muharrem,/muhaɾˈɾem/
muhatara,/muhaːtaˈɾa/
muhtemel,/muh.te.ˈmel/
muhtemelen,/muh.ˈte.me.len/
muhtevi,/muh.teˈviː/
muhteşem,/muhteˈʃem/
mukaddes,/mu.kad.ˈdes/
mukaddesler,/mukaddesˈleɾ/
muktesit,/muc.te.ˈsit/
mum,/ˈmum/
muma,/muˈma/
mumcu,/mumˈd͡ʒɯ/
mumculara,/mumd͡ʒulaˈɾa/
mumculardan,/mumd͡ʒulaɾˈdan/
mumcuları,/mumd͡ʒulaˈɾɯ/
mumcuların,/mumd͡ʒulaˈɾɯn/
mumcunun,/mumd͡ʒuˈnun/
mumcuyu,/mumd͡ʒuˈju/
mumda,/mumˈda/
mumdan,/mumˈdan/
mumlara,/mumlaˈɾa/
mumlarda,/mumlaɾˈda/
mumlardan,/mumlaɾˈdan/
mumları,/mumlaˈɾɯ/
mumların,/mumlaˈɾɯn/
mumu,/muˈmu/
mumun,/muˈmun/
murabaha,/muɾːbaˈha/
murakabe,/mu.ɾaː.ka.ˈbe/
murakabeler,/mu.ɾaː.ka.be.ˈleɾ/
murakabesi,/mu.ɾaː.ka.be.ˈsi/
murakabeyi,/mu.ɾaː.ka.be.ˈji/
murur,/mu.ˈɾuːɾ/
mus,/ˈmus/
musun,/mu.sun/
musunuz,/mu.su.nuz/
mutat,/muː.ˈtat/
muteber,/muːteˈbeɾ/
mutfak,/mut.ˈfak/
mutfaklar,/mut.fakˈlaɾ/
mutfağı,/mut.fa.ˈ‿ɯ/
mutfağın,/mut.fa.ˈ‿ɯn/
mutfağını,/mut.fa.‿ɯ.ˈnɯ/
mutfağının,/mut.fa.‿ɯ.ˈnɯn/
muvacehe,/mu.vaː.d͡ʒe.ˈhe/
muvaceheler,/mu.vaː.d͡ʒe.he.ˈleɾ/
muvacehesi,/mu.vaː.d͡ʒe.he.ˈsi/
muvacehesinde,/mu.vaː.d͡ʒe.he.sin.ˈde/
muydu,/muj.du/
muyduk,/muj.duk/
muydular,/mɯj.dɯ.laɾ/
muydum,/muj.dum/
muydun,/muj.dun/
muydunuz,/muj.du.nuz/
muymuş,/muj.muʃ/
muymuşlar,/muj.muʃ.laɾ/
muymuşum,/muj.mu.ʃum/
muymuşun,/muj.mu.ʃun/
muymuşunuz,/muj.mu.ʃu.nuz/
muymuşuz,/muj.mu.ʃuz/
muyum,/mu.jum/
muyuz,/mu.juz/
muz,/muz/
muço,/ˈmu.t͡ʃo/
muçosu,/ˈmu.t͡ʃo.ˈsu/
muçoyu,/ˈmu.t͡ʃo.ˈju/
muşta,/muʃˈta/
mü,/my/
mü'min,/myˤ.ˈmin/
mücadele,/my.dʒaː.de.ˈle/
mücadeleler,/my.dʒaː.de.le.ˈleɾ/
mücadelesi,/my.dʒaː.de.le.ˈsi/
mücahit,/muˈdʒaːhit/
mücavir,/my.d͡ʒaː.ˈviɾ/
mücavir alan,/my.d͡ʒaː.ˈviɾ a.lan/
mücerret,/my.d͡ʒeɾ.ˈɾet/
mücevher,/my.d͡ʒev.ˈheɾ/
mücrim,/myd͡ʒ.ˈɾim/
mücrimi,/myd͡ʒ.ɾi.ˈmi/
mücrimler,/myd͡ʒ.ɾim.ˈleɾ/
müctebâ,/myd͡ʒ.te.ˈbaː/
müddet,/myd.ˈdet/
müddetli,/myd.det.ˈli/
müddetsiz,/myd.det.ˈsiz/
müdellel,/my.del.ˈlel/
müderris,/my.dæɾ.ˈɾis/
müderrisi,/my.dæɾ.ˈɾi.ɾi.ˈsi/
müderrisin,/my.dæɾ.ˈɾi.ɾi.ˈsin/
müderrisler,/my.dæɾ.ˈɾis.ˈleɾ/
müekket sünnet,/my.ec.ˈcet syn.net/
müellif,/myelˈlif/
müellifler,/myellifˈleɾ/
müesses nizam,/myesˈses nizam/
müezzin,/my.ez.ˈzin/
müge,/my.ˈɡe/
mügeler,/my.ɡe.ˈleɾ/
mügesi,/my.ɡe.ˈsi/
mühendis,/my.hen.ˈdis/
mühendise,/myhendiˈse/
mühendisi,/myhendiˈsi/
mühendisim,/myhendiˈsim/
mühendisin,/myhendiˈsin/
mühendisini,/myhendisiˈni/
mühendisinin,/myhendisiˈnin/
mühendisler,/myhendisˈłeɾ/
mühendislerde,/myhendisłeɾˈde/
mühendislerden,/myhendisłeɾˈden/
mühendislere,/myhendisłeˈɾe/
mühendisleri,/myhendisłeˈɾi/
mühendislerim,/myhendisłeˈɾim/
mühendislerin,/myhendisłeˈɾin/
mühendislik,/my.hen.dis.ˈłic/
mühendislikler,/myhendisłicˈłeɾ/
mühendisliklerde,/myhendisłicłeɾˈde/
mühendisliklerden,/myhendisłicłeɾˈden/
mühendisliklere,/myhendisłicłeˈɾe/
mühendislikleri,/myhendisłicłeˈɾi/
mühendisliklerim,/myhendisłicłeˈɾim/
mühendisliklerin,/myhendisłicłeˈɾin/
mühendisliklerinde,/myhendisłicłeɾinˈde/
mühendisliklerinden,/myhendisłicłeɾinˈden/
mühendisliklerine,/myhendisłicłeɾiˈne/
mühendisliklerinin,/myhendisłicłeɾiˈnin/
mühendisliğe,/myhendisłiˈ‿e/
mühendisliği,/myhendisłiˈ‿i/
mühendisliğim,/myhendisłiˈ‿im/
mühendisliğin,/myhendisłiˈ‿in/
mühendisliğinde,/myhendisłi‿inˈde/
mühendisliğinden,/myhendisłi‿inˈden/
mühendisliğine,/myhendisłi‿iˈne/
mühendisliğini,/myhendisłi‿iˈni/
mühendisliğinin,/myhendisłi‿iˈnin/
mühim,/my.ˈhim/
mühimmat,/my.him.ˈmat/
mühimmata,/myhimmaːˈta/
mühimmatlar,/myhimmaːtˈlaɾ/
mühimmatlara,/myhimmatlaˈɾa/
mühimmatlarda,/myhimmatlaɾˈda/
mühimmatlardan,/myhimmatlaɾˈdan/
mühimmatları,/myhimmatlaˈɾɯ/
mühimmatların,/myhimmatlaˈɾɯn/
mühimmatta,/myhimmatˈta/
mühimmattan,/myhimmatˈtan/
mühimmatı,/myhimmaːˈtɯ/
mühimmatın,/myhimmaːˈtɯn/
mühür,/myˈhyɾ/
mühürle,/myˈhyrle/
mühürler,/myhyɾˈleɾ/
mükemmel,/mycemˈmel/
mükemmeliyetçi,/mycæmme̞l̠ʲijet̪t͡ʃi/
mükâfat,/my.kʲaː.ˈfaːt/
mükâfata,/my.kʲaː.faː.ˈta/
mükâfatlara,/my.kʲaː.fat.la.ˈɾa/
mükâfatlarda,/my.kʲaː.fat.laɾ.ˈda/
mükâfatlardan,/my.kʲaː.fat.laɾ.ˈdan/
mükâfatları,/my.kʲaː.fat.la.ˈɾɯ/
mükâfatlarım,/my.kʲaː.ˈfat.la.ˈɾɯm/
mükâfatların,/my.kʲaː.fat.la.ˈɾɯn/
mükâfatı,/my.kʲaː.ˈfaː.ˈtɯ/
mükâfatım,/my.kʲaː.faː.ˈtɯm/
mükâfatımı,/my.kʲaː.faː.tɯ.ˈmɯ/
mükâfatımın,/my.kʲaː.faː.tɯ.ˈmɯn/
mükâfatın,/my.kʲaː.faː.ˈtɯn/
mükâfatını,/my.kʲaː.faː.tɯ.ˈnɯ/
mükâfatının,/my.kʲaː.faː.tɯ.ˈnɯn/
mülakat,/mylaːˈkat/
mülhem,/myl.ˈhem/
mülk,/ˈmylc/
mülkiye,/myl.ci.ˈje/
mülkiyet,/myl.ci.ˈjet/
mülkiyeti,/myl.ci.je.ˈti/
mülkiyetim,/myl.ci.je.ˈtim/
mülkiyetimi,/myl.ci.je.ti.ˈmi/
mülkiyetimin,/myl.ci.je.ti.ˈmin/
mülkiyetin,/myl.ci.je.ˈtin/
mülkiyetini,/myl.ci.je.ti.ˈni/
mülkiyetinin,/myl.ci.je.ti.ˈnin/
mülkiyetler,/myl.ci.je.ti.ˈleɾ/
mülkiyetleri,/myl.ci.je.ti.le.ˈɾi/
mülkiyetlerim,/myl.ci.je.ti.le.ˈɾim/
mülkiyetlerimi,/myl.ci.je.ti.le.ɾi.ˈmi/
mülkiyetlerimin,/myl.ci.je.ti.le.ɾi.ˈmin/
mülkiyetlerin,/myl.ci.je.ti.le.ˈɾin/
mülkiyetlerini,/myl.ci.je.ti.le.ɾi.ˈni/
mülkiyetlerinin,/myl.ci.je.ti.le.ɾi.ˈnin/
mülkler,/mylc.ˈleɾ/
mülkü,/myl.ˈcy/
mümin,/myː.ˈmin/
mümkün,/mymˈcyn/
münadi,/mynaːˈdiː/
münafık,/mynaːˈfɯc/
münasebet,/my.naː.seˈbet/
münasip,/mynaːˈsip/
müneccim,/myned͡ʒˈd͡ʒim/
müneccimlik,/myned͡ʒd͡ʒimˈlic/
münhasır,/münhaˈsɯɾ/
münhasıran,/münˈhasɯˈɾan/
münkatî hadis,/myn.ca.ˈtiː ha.dis/
müracaata,/myɾaːd͡ʒaʔaˈta/
müracaatı,/myɾaːd͡ʒaʔaˈtɯ/
müracaatın,/myɾaːd͡ʒaʔaˈtɯn/
mürebbiye,/myɾebbiˈje/
mürsel hadis,/myɾ.ˈsel ha.dis/
mürtet,/myɾ.ˈtet/
mürşid-i kâmil,/myɾ.ˈʃi.ˈdi kʲaː.ˈmil/
mürşidi,/myɾ.ʃi.ˈdi/
mürşidin,/myɾ.ʃi.ˈdin/
mürşit,/myɾ.ˈʃit/
mürşitler,/myɾ.ʃit.ˈleɾ/
mürşitlik,/myɾ.ʃit.ˈlic/
mürşitlikler,/myɾ.ʃit.lic.ˈleɾ/
mürşitlilik,/myɾ.ʃit.li.ˈlic/
mürşitlilikler,/myɾ.ʃit.li.lic.ˈleɾ/
mürşitliliği,/myɾ.ʃit.li.li.ˈ‿i/
mürşitliliğin,/myɾ.ʃit.li.li.ˈ‿in/
mürşitliği,/myɾ.ʃit.li.ˈ‿i/
mürşitliğin,/myɾ.ʃit.li.ˈ‿in/
mürşitsizlik,/myɾ.ʃit.siz.ˈlic/
mürşitsizlikler,/myɾ.ʃit.siz.lic.ˈleɾ/
mürşitsizliği,/myɾ.ʃit.siz.li.ˈ‿i/
mürşitsizliğin,/myɾ.ʃit.siz.li.ˈ‿in/
mürşitçik,/myɾ.ʃit.ˈt͡ʃic/
mürşitçikler,/myɾ.ʃit.t͡ʃic.ˈleɾ/
mürşitçiği,/myɾ.ʃit.t͡ʃi.ˈ‿i/
mürşitçiğin,/myɾ.ʃit.t͡ʃi.ˈ‿in/
müsaade edilmek,/mysaːaˈde edilmec/
müsaade etmek,/mysaːaˈde etmec/
müsaade etmemek,/mysaːaˈde ˈetmemec/
müselles,/my.selˈles/
müsrif,/mysˈɾif/
müstehap,/mys.te.ˈhap/
müsün,/my.syn/
müsünüz,/my.sy.nyz/
mütedeyyin,/my.te.dej.ˈjin/
mütedeyyinlik,/my.te.dej.jin.ˈlic/
mütevazı,/my.te.vaːzɯ/
mütevâtir,/my.te.vaː.ˈtir/
mütevâtir hadis,/my.te.vaː.ˈtir ha.dis/
mütevâtir hadisi,/my.te.vaː.ˈtir ha.diː.si/
mütevâtir hadisler,/my.te.vaː.ˈtir ha.dis.ˈleɾ/
mütevâtir lafzî,/my.te.vaː.tir laf.ˈziː/
mütevâtir manevî,/my.te.vaː.ˈtir maː.ne.ˈviː/
mütteki,/myt.te.ˈkiː/
müttekiler,/myt.te.kiː.ˈleɾ/
müttekisi,/myt.te.kiː.ˈsi/
müvekkil,/my.vek.ˈkil/
müvekkili,/my.vek.ki.ˈli/
müvekkiller,/my.vek.kil.ˈleɾ/
müvekkilli,/my.vek.kil.ˈli/
müvekkilsiz,/my.vek.kil.ˈsiz/
müydü,/myj.dy/
müydük,/myj.dyk/
müydüler,/myj.dy.leɾ/
müydüm,/myj.dym/
müydün,/myj.dyn/
müydünüz,/myj.dy.nyz/
müymüş,/myj.myʃ/
müymüşler,/myj.myʃ.leɾ/
müymüşüm,/myj.my.ʃym/
müymüşün,/myj.my.ʃyn/
müymüşünüz,/myj.my.ʃy.nyz/
müymüşüz,/myj.my.ʃyz/
müyüm,/my.jym/
müyüz,/my.jyz/
müzakere,/myzaːceˈɾe/
müzakerede,/myzaːkeɾeˈde/
müzakereden,/myzaːkeɾeˈden/
müzakereler,/myzaːkeɾeˈleɾ/
müzakerenin,/myzaːkeɾeˈnin/
müzakereye,/myzaːkeɾeˈje/
müzekkere,/my.zec.ce.ˈɾe/
müzik,/myˈzic/
müzikler,/myzikˈleɾ/
müzikleri,/myzikleˈɾi/
müziklerin,/myzikleˈɾin/
müziği,/myziˈ‿i/
müziğim,/myziˈ‿im/
müziğimi,/myzi‿iˈmi/
müziğimin,/myzi‿iˈmin/
müziğin,/myziˈ‿in/
müziğini,/myzi‿iˈni/
müziğinin,/myzi‿iˈnin/
müçtehid-i mutlak,/myt͡ʃ.te.ˈhi.ˈdi mut.ˈlac/
müçtehid-i mutlaklar,/myt͡ʃ.te.ˈhi.ˈdi mut.lac.ˈɫaɾ/
müçtehid-i mutlakı,/myt͡ʃ.te.ˈhi.ˈdi mut.la.ˈcɯ/
müçtehid-i mutlakın,/myt͡ʃ.te.ˈhi.ˈdi mut.la.ˈcɯn/
müçtehidi,/myt͡ʃ.te.hi.ˈdi/
müçtehidim,/myt͡ʃ.te.hi.ˈdim/
müçtehidin,/myt͡ʃ.te.hi.ˈdin/
müçtehidini,/myt͡ʃ.te.hi.di.ˈni/
müçtehidinin,/myt͡ʃ.te.hi.di.ˈnin/
müçtehit,/myt͡ʃ.te.ˈhit/
müçtehitler,/myt͡ʃ.te.hit.ˈleɾ/
müşahhas,/my.ʃah.ˈhas/
müşkülleşme,/myʃ.cylˈlæʃ.me/
müşteki,/myʃ.te.ˈciː/
müşteri,/myʃ.te.ˈri/
mı,/mɯ/
mısın,/mɯ.sɯn/
mısınız,/mɯ.sɯ.nɯz/
mısır,/ˈmɯ.sɯɾ/
mısırı,/ˈmɯ.sɯ.ˈɾɯ/
mısırın,/ˈmɯ.sɯ.ˈɾɯn/
mıydı,/mɯj.dɯ/
mıydık,/mɯj.dɯk/
mıydılar,/mɯj.dɯ.laɾ/
mıydım,/mɯj.dɯm/
mıydın,/mɯj.dɯn/
mıydınız,/mɯj.dɯ.nɯz/
mıymış,/mɯj.mɯʃ/
mıymışlar,/mɯj.mɯʃ.laɾ/
mıymışım,/mɯj.mɯ.ʃɯm/
mıymışın,/mɯj.mɯ.ʃɯn/
mıymışınız,/mɯj.mɯ.ʃɯ.nɯz/
mıymışız,/mɯj.mɯ.ʃɯz/
mıyım,/mɯ.jɯm/
mıyız,/mɯ.jɯz/
n,/neː/
nadi,/naːˈdiː/
nadide,/naːdiːˈde/
nafile,/naː.fi.ˈle/
nafile namaz,/naː.fi.ˈle na.maz/
nafta,/ˈnaf.ta/
naip,/naːˈip/
nalbur,/nal.ˈbuɾ/
nallı,/nal.ˈlɯ/
nalsız,/nal.ˈsɯz/
nam,/ˈnaːm/
namahrem,/ˈnaː.mah.ɾem/
namaz,/na.ˈmaz/
namaz niyaz,/na.maz ni.ˈjaz/
namaz niyazı,/na.maz ni.jaː.ˈzɯ/
namaz vakti,/na.ˈmaz vak.ti/
namazbozan,/naˈmazbozan/
namazla,/naˈmazla/
namazlı,/namazˈlɯ/
namazsız,/namazˈsɯz/
name,/naː.ˈme/
nameci,/naːmeˈd͡ʒi/
namus,/naːˈmus/
namuslu,/naːmusˈlu/
namussuz,/naːmusˈsuz/
nan,/ˈnan/
nane,/naːˈ.ne/
nar ekşisi,/naɾ ecʃiˈsi/
narenciye,/naː.ɾen.d͡ʒi.ˈje/
narkotik,/naɾkoˈtic/
narsisistik kişilik bozukluğu,/naɾsisisˈtic ciʃiˈlic bozukɫuː‿ˈu/
nas,/ˈnas/
nasla,/ˈnas.la/
naslı,/nas.ˈlɯ/
nass,/ˈnass/
nasslar,/nass.ˈlaɾ/
nassı,/nas.ˈsɯ/
nassım,/nas.ˈsɯm/
nassın,/nas.ˈsɯn/
nasuh tövbeleri,/na.suh tœv.be.le.ˈɾ̞i/
nasuh tövbesi,/na.ˈsuh tœv.be.si/
nasuh tövbesini,/na.suh tœv.be.si.ˈni/
nasuh tövbesinin,/na.suh tœv.be.si.ˈnin/
nasyonal sosyalizm,/nasjonał sosjaˈizm/
nasyonal sosyalizmi,/nasjonał sosjalizˈmi/
nasyonal sosyalizmler,/nasjonał sosjaizmˈleɾ/
nasçı,/nas.ˈt͡ʃɯ/
nasır,/naˈsɯɾ/
nasırlarda,/nasɯɾlaɾˈda/
nasırlardan,/nasɯɾlaɾˈdan/
nato,/ˈna.to/
natürmort,/na.tyɾˈmɔɾt/
naz,/ˈnaz/
nazar,/nazaɾ/
nazar boncuğu,/naˈzaɾ bond͡ʒuːˈu/
nazlar,/nazˈlaɾ/
nazlı,/naz.ˈlɯ/
nazsız,/naz.ˈsɯz/
nazı,/na.ˈzɯ/
ne zaman,/ˈne za.man/
nebi,/nεbiː/
nece,/ˈned͡ʒe/
neden,/ne.ˈden/
nedim,/ne.ˈdim/
nedime,/ne.di.ˈme/
nedimeler,/ne.diː.ˈme.ˈleɾ/
nedimesi,/ne.diː.me.ˈsi/
nedimi,/ne.diː.ˈmi/
nedimin,/ne.diː.ˈmin/
nedimler,/ne.dim.ˈleɾ/
nedret kesbetmek,/ned.ˈɾet kes.bet.mek/
nefhetmemeler,/nefh.ˈet.me.me.ˈleɾ/
nefret,/nef.ˈɾet/
nefret etme,/nef.ɾet ˈet.me/
nefret etmek,/nef.ˈɾet et.mec/
nefret etmeme,/nef.ɾet et.me.ˈme/
nefs,/ˈnefs/
nefsi,/nef.ˈsi/
nefsim,/nef.ˈsim/
nefsin,/nef.ˈsin/
nefyedilme,/nef.ye.ˈdil.me/
nefyedilmeme,/nef.ye.dil.me.ˈme/
nefyetme,/nef.ˈyet.me/
nefyetmeler,/ˈnef.jet.me.ˈleɾ/
nefyetmeme,/nef.yet.me.ˈme/
nefyetmemeler,/nef.ˈjet.me.me.ˈleɾ/
nefyetmemesi,/nef.ˈjet.me.me.ˈsi/
nefyetmemeyi,/nef.ˈjet.me.me.ˈji/
nefyetmesi,/ˈnef.jet.me.ˈsi/
nefyetmeyi,/ˈnef.jet.me.ˈji/
negatif sayı,/ˈne.ɡa.tif sa.jɯ/
negatif tam sayı,/ˈne.ɡa.ˈtif tam sa.jɯ/
nekrokrasi,/neˈkɹɒkɹəsi/
nem,/ˈnem/
neme,/neˈme/
nemi,/neˈmi/
nemin,/neˈmin/
nemler,/nemˈleɾ/
nerede,/ˈne.ɾe.d̪e/
neshetme,/nesh.ˈet.me/
neshetmek,/ˈnesh.et.mec/
neshetmeler,/ˈnesh.et.me.ˈleɾ/
neshetmeme,/nesh.et.me.ˈme/
neshetmemeler,/nesh.ˈet.me.me.ˈleɾ/
neshetmemesi,/nesh.ˈet.me.me.ˈsi/
neshetmesi,/ˈnesh.et.me.ˈsi/
nesih,/ne.ˈsih/
nesne,/nesˈne/
nesne tabanlı,/nes.ˈne ta.ban.ˈlɯ/
nesne tabanlı programlama,/nes.ˈne ta.ban.lɯ pɾoɡ.ɾam.la.ma/
nesne tabanlı programlamalar,/nes.ˈne ta.ban.lɯ pɾoɡ.ɾam.la.ma.ˈlaɾ/
nesne tabanlı programlaması,/nes.ˈne ta.ban.lɯ pɾoɡ.ɾam.la.ma.ˈsɯ/
nesne tabanlı programlamayı,/nes.ˈne ta.ban.lɯ pɾoɡ.ɾam.la.ma.ˈjɯ/
nesne yönelimli,/nes.ˈne jœ.ne.lim.ˈli/
nesne yönelimli programlama,/nes.ˈne jœ.ne.lim.ˈli pɾoɡ.ɾam.la.ma/
nesne yönelimli programlamalar,/nes.ˈne jœ.ne.lim.ˈli pɾoɡ.ɾam.la.ma.ˈlaɾ/
nesne yönelimli programlaması,/nes.ˈne jœ.ne.lim.ˈli pɾoɡ.ɾam.la.ma.ˈsɯ/
nesne yönelimli programlamayı,/nes.ˈne jœ.ne.lim.ˈli pɾoɡ.ɾam.la.ma.ˈjɯ/
nevi,/ne.ˈvi/
nevrotik,/nev.ɾoˈtik/
nevton,/ˈnʲy.ton/
nevton-metre,/ˈnʲy.ton.met.ɾe/
nevton-metreler,/ˈnʲy.ton.met.ɾe.ˈleɾ/
nevton-metresi,/ˈnʲy.ton.met.ɾe.ˈsi/
nevton-metreyi,/ˈnʲy.ton.met.ɾe.ˈji/
neyzen,/nejˈzen/
neşter,/neʃˈteɾ/
nice,/niˈd͡ʒe/
nisan,/niːs&#x251;n/
nisap,/ni.ˈsap/
nitekim,/ˈniteˈkim/
niyaz,/ni.ˈjaz/
niyazlar,/ni.jazˈlaɾ/
niyazı,/ni.jaː.ˈzɯ/
niye,/ni.ˈje/
nizam,/ni.ˈzam/
niçin,/ˈni.t͡ʃin/
nobelyum,/noˈbeljum/
nokta,/nokˈta/
noktürn,/nokˈtʏɾn/
noktürnler,/noktʏɾnˈleɾ/
noktürnü,/noktʏɾˈnʏ/
not,/ˈnot/
nova,/ˈnoː.vaː/
novası,/ˈnoː.vaː.ˈsɯ/
novayı,/ˈnoː.vaː.ˈjɯ/
nötr lepton,/ˈnœtɾ lep.ton/
nüfus,/ny.fus/
nüks etmek,/nycs etˈmec/
nümerik,/ny.me.ˈɾic/
o,/ˈo/
o zaman,/ˈo za.ˈman/
oba,/oˈba/
obruk,/obˈɾuc/
observatuvar,/obseɾvatuˈvaɾ/
obsesif kompulsif kişilik bozukluğu,/obseˈsif kompulˈsif ciʃiˈlic bozukɫuː‿ˈu/
obsidiyen,/ob.si.di.ˈjen/
obsidiyeni,/ob.si.di.je.ˈni/
obsidiyenler,/ob.si.di.jen.ˈleɾ/
obsidyen,/ob.sid.ˈjen/
obsidyeni,/ob.sid.je.ˈni/
obsidyenler,/ob.sid.jen.ˈleɾ/
obstrüktif akciğer hastalığı,/obs.tɾyc.ˈtif ˈac.d͡ʒi.‿eɾ has.ta.lɯ.‿i/
obur,/o.ˈbuɾ/
obura,/obuˈɾa/
oburda,/obuɾˈda/
oburdan,/obuɾˈdan/
oburlara,/obuɾlaˈɾa/
oburlarda,/obuɾlaɾˈda/
oburlardan,/obuɾlaɾˈdan/
oburları,/obuɾlaˈɾɯ/
oburların,/obuɾlaˈɾɯn/
oburlarına,/obuɾlaɾɯˈna/
oburlarında,/obuɾlaɾɯnˈda/
oburlarından,/obuɾlaɾɯnˈdan/
oburlarını,/obuɾlaɾɯˈnɯ/
oburlarının,/obuɾlaɾɯˈnɯn/
oburu,/obuˈɾu/
oburun,/obuˈɾun/
od,/ˈod/
oda,/o.ˈda/
odalar,/o.daˈlaɾ/
odası,/o.da.ˈsɯ/
odayı,/o.da.ˈjɯ/
ode,/o.ˈda/
odun,/o.ˈdun/
odunu,/o.du.ˈnu/
odunun,/o.du.ˈnun/
odununu,/o.du.nu.ˈnu/
odununun,/o.du.nu.ˈnun/
odur,/ˈo.duɾ/
oe,/oˈe/
oje,/oʒe/
oku,/o.ˈcu/
okul,/o.ˈkul/
okullar,/o.kulˈlaɾ/
okullu,/o.kul.ˈlu/
okulu,/o.ku.ˈlu/
okuma,/o.ˈcu.ma/
okuma yazma,/o.cu.ˈma jaz.ma/
okumak,/o.cu.ˈmac/
okumam,/ocuˈmam/
okumama,/o.ˈcu.ma.ˈma/
okumamama,/o.ˈcu.ma.ma.ˈma/
okumaması,/o.cu.ma.ma.ˈsɯ/
okumamayı,/o.cu.ma.ˈjɯ/
okumamı,/ocumaˈmɯ/
okumamın,/ocumaˈmɯn/
okuman,/ocuˈman/
okumanı,/ocumaˈnɯ/
okuması,/o.cu.ma.ˈsɯ/
okumayan,/oˈcumaˈjan/
okumayı,/o.ku.maˈjɯ/
okumayıp,/oˈkumaˈjɯp/
okumaz,/o.cu.ˈmaz/
okunmak,/okunˈmac/
okur,/o.ˈcuɾ/
okur okumaz,/o.ˈcuɾ o.cu.ˈmaz/
okurum,/oˈcuɾum/
okuryazar,/o.ˈcuɾ.ja.zaɾ/
okuryazarlık,/o.ˈcuɾ.ja.zaɾ.ˈlɯc/
okuryazarlığı,/o.ˈcuɾ.ja.zaɾ.lɯ.ˈ‿ɯ/
okuryazarlığın,/o.ˈcuɾ.ja.zaɾ.lɯ.ˈ‿ɯn/
okuryazarı,/o.ˈcuɾ.ja.za.ˈɾɯ/
okuryazarın,/o.ˈcuɾ.ja.za.ˈɾɯn/
okuyan,/ocuˈjan/
okuyup,/ocuˈjup/
okyanus,/oc.ja.ˈnus/
okyanus bilimi,/oc.ja.ˈnus bi.li.mi/
okyanus bilimini,/oc.ja.ˈnus bi.li.mi.ˈni/
okyanus biliminin,/oc.ja.ˈnus bi.li.mi.ˈnin/
okyanus bilimleri,/oc.ja.ˈnus bi.lim.łe.ˈɾi/
okyanus bilimlerin,/oc.ja.ˈnus bi.lim.łe.ˈɾin/
okyanus bilimlerini,/oc.ja.ˈnus bi.lim.łe.ɾi.ˈni/
okyanus bilimlerinin,/oc.ja.ˈnus bi.lim.łe.ɾi.ˈnin/
okyanuslar,/oc.ja.nus.ˈlaɾ/
okyanusu,/oc.ja.nu.ˈsu/
okyanusun,/oc.ja.nu.ˈsun/
okyanusunu,/oc.ja.nu.su.ˈnu/
okyanusunun,/oc.ja.nu.su.ˈnun/
ol,/ˈol/
olan,/oˈlan/
olan oldu,/oˈɫan oɫˈdu/
olay,/o.ˈlaj/
olay ufku,/o.ˈlaj uf.ku/
olayda,/olajˈda/
olaydan,/olajˈdan/
olaylar,/o.lajˈlaɾ/
olaylarda,/olajlaɾˈda/
olaylardan,/olajlaɾˈdan/
olayları,/olajlaˈɾɯ/
olayların,/olajlaˈɾɯn/
olayı,/o.ɫaˈjɯ/
olayın,/olaˈjɯn/
olağanüstü hâl,/olaˈ‿anysty haɫ/
oldu,/ol.ˈdu/
oldukça,/ˈoɫ.duk.t͡ʃa/
oldurun,/ol.ˈdu.ɾun/
olduğu,/ol.du.ˈ‿u/
olgu,/ol.ˈɡu/
olgucu,/ol.ˈɡu.ˈd͡ʒu/
olgun odun,/ol.ˈɡun o.dun/
olguyu,/oɫ.ɡuˈju/
olma,/ˈol.ma/
olmadan,/ˈol.ma.dan/
olmadı,/ˈolmadɯ/
olmadığı,/ol.ma.dɯ.ˈ‿ɯ/
olmak,/oɫ.ˈmac/
olmak ya da olmamak,/oɫ.ˈmac ja da ˈoɫ.ma.mac/
olmam,/olˈmam/
olmamı,/olmaˈmɯ/
olman,/olˈman/
olmanı,/olmaˈnɯ/
olmanın,/olmaˈnɯn/
olmasa,/ˈolmasa/
olması,/ˈol.ma.ˈsɯ/
olmayan,/oˈlan/
olmayı,/ol.ma.ˈjɯ/
olmaz,/olˈmaz/
olmuş,/ol.ˈmuʃ/
olsa,/olˈsa/
olsa olsa,/olˈsa olˈsa/
olur,/o.ˈluɾ/
olur olmaz,/o.ˈluɾ ol.maz/
olursa,/o.ˈluɾ.sa/
oluşturma örüntüsü,/o.luʃ.tuɾ.ˈma œ.ɾyn.ty.sy/
omurga,/oˈmuɾɡa/
omurgalı,/oˈmuɾɡalɯ/
omurgalılar,/oˈmuɾɡalɯlaɾ/
omurgalısı,/oˈmuɾɡalɯˈsɯ/
omurgalıyı,/oˈmuɾɡalɯˈjɯ/
omurgasız,/oˈmuɾɡasɯz/
on,/ˈon/
on altı,/ˈon al.tɯ/
on altıncı,/ˈon al.tɯn.ˈd͡ʒɯ/
on beş,/ˈon beʃ/
on beşinci,/ˈon be.ʃin.ˈd͡ʒi/
on bir,/ˈon biɾ/
on birinci,/ˈon bi.ɾin.ˈd͡ʒi/
on birli,/ˈon biɾ.ˈli/
on dokuz,/ˈon do.cuz/
on dokuzuncu,/ˈon do.cu.zun.ˈd͡ʒu/
on dördüncü,/ˈon dœɾ.dyn.ˈd͡ʒy/
on dört,/ˈon dœɾt/
on iki,/ˈon i.ci/
on ikinci,/ˈon i.cin.ˈd͡ʒi/
on sekiz,/ˈon se.ˈciz/
on sekizinci,/ˈon se.ci.zin.ˈd͡ʒi/
on yedi,/ˈon je.di/
on yedinci,/ˈon je.din.ˈd͡ʒi/
on üç,/ˈon yt͡ʃ/
on üçüncü,/ˈon y.t͡ʃyn.ˈd͡ʒy/
ona,/o.ˈna/
onculayın,/ˈon.d͡ʒu.ɫa.jɯn/
ondalık sistem,/on.da.ˈlɯc sis.tem/
ondalık sistemi,/on.da.ˈlɯc sis.te.ˈmi/
ondalık sistemin,/on.da.ˈlɯc sis.te.ˈmin/
ondalık sistemini,/on.da.ˈlɯc sis.te.mi.ˈni/
ondalık sisteminin,/on.da.ˈlɯc sis.te.mi.ˈnin/
ondalık sistemler,/on.da.ˈlɯc sis.tem.leɾ/
onlar,/on.ˈlaɾ/
onlara,/on.la.ˈɾa/
onlarla,/on.ˈlaɾ.la/
onları,/on.la.ˈɾɯ/
onların,/on.la.ˈɾɯn/
onu,/o.ˈnu/
onun,/o.ˈnun/
onunla,/oˈnunla/
operatör,/ɔ.pe.ɾa.tœɾ/
optimizasyon,/optimizasˈjon/
orada,/ˈo.ɾa.da/
ordu,/oɾ.ˈdu/
organik kimya,/ˈoɾganˈic ˈcimjaː/
organizasyon,/oɾ.ɡa.ni.zas.ˈjon/
organizasyonu,/oɾ.ɡa.ni.zas.jo.ˈnu/
organizasyonun,/oɾ.ɡa.ni.zas.jo.ˈnun/
organizma,/oɾɡaˈnizma/
orijinal,/oɾiʒiˈnal/
orman,/oɾˈman/
ormanı,/oɾmaˈnɯ/
ormanım,/oɾmaˈnɯm/
ormanın,/oɾmaˈnɯn/
orospu,/oɾo<!--a-->spu/
orospu çocuğu,/o.ɾosˈpu t͡ʃo.d͡ʒuː/
orta,/oɾ.ˈta/
ortaklaşa,/oɾtaklaˈʃa/
ortala,/oɾtaˈla/
ortalama,/oɾtaˈlama/
ortanca,/oɾˈtand͡ʒa/
ortancayı,/oɾtand͡ʒaˈjɯ/
orucu,/o.ɾu.ˈd͡ʒu/
orucun,/o.ɾu.ˈd͡ʒun/
oruç,/o.ˈɾut͡ʃ/
oruç bozmak,/o.ˈɾut͡ʃ boz.mak/
oruç tutmak,/o.ˈɾut͡ʃ tut.mak/
oruç yemek,/o.ˈɾut͡ʃ je.mek/
oruç yememek,/o.ˈɾut͡ʃ ˈje.me.mek/
oseonografya,/osenoˈgɾaja/
oseonografyalar,/osenogɾajaˈlaɾ/
ostikan,/ɔstiˈkan/
ostikanlık,/ɔstikanˈɫɯk/
ot,/ˈot/
otantik,/o.tan.ˈtic/
otel,/o.ˈtel/
oteli,/o.te.ˈli/
otelin,/o.te.ˈlin/
oteller,/o.telˈleɾ/
otist,/oˈtist/
otiste,/otisˈte/
otisti,/otisˈti/
otistin,/otisˈtin/
otistler,/otistˈleɾ/
otizm,/oˈtizm/
otizme,/otizˈme/
otizmi,/otizˈmi/
otizmin,/otizˈmin/
otizmler,/otizmˈleɾ/
otlamaz,/ot.la.ˈmaz/
otlar,/ot.ˈlaɾ/
oto,/ˈoto/
otobüs,/o.to.ˈbys/
otolar,/otoˈlaɾ/
otomobil,/otomoˈbil/
otomobilde,/otomobilˈde/
otomobilden,/otomobilˈden/
otomobile,/otomobiˈle/
otomobili,/otomobiˈli/
otomobilin,/otomobiˈlin/
otomobiller,/otomobilˈleɾ/
otomobilli,/otomobiłˈłi/
otomobilsiz,/otomobiłˈsiz/
otonun,/otoˈnun/
otoya,/otoˈja/
otoyla,/otˈojla/
otoyu,/otoˈju/
oturmak,/otuɾˈmac/
otuz yedi,/o.tuz je.ˈdi/
otuziki,/otuziˈci/
oy,/ˈoj/
oylama,/ojˈla/
oylamak,/ojlaˈma/
oynat,/oj.ˈnat/
oysa,/ojˈsa/
oyun,/oˈjun/
oğlan,/o‿.ˈlan/
oğlu,/o‿.ˈlu/
oğul,/o.ˈ‿ul/
oşinografi,/oʃinogɾaˈfi/
oşinografiler,/oʃenogɾafiˈleɾ/
oşionografi,/osenoˈgɾaja/
oşionografiler,/{{IPA/
paganizm,/pa.ɡa.ˈnizm/
pak,/ˈpaːk/
paket,/paˈcet/
paketle,/pacetˈle/
paketleme,/pacetleˈme/
paketlememe,/pacetˈlememe/
pal,/ˈpaɫ/
palyatif,/paɫjatif/
palyatif bakım,/paɫjatif baˈcɯm yniteˈsi/
palyatif bakım ünitesi,/paɫjatif joˈ‿un baˈcɯm yniteˈsi/
palyatif yoğun bakım,/paɫjatif joˈ‿un baˈcɯm yniteˈsi/
palyatif yoğun bakım ünitesi,/paɫjatif joˈ‿un baˈcɯm yniteˈsi/
palyaço,/pʰaʎ̟.ˈjaː.t̠̠͡ʃo̞ʷ/
pandeist,/pan.de.ˈist/
pandeisti,/pandeisˈti/
pandeistin,/pandeisˈtin/
pandeistler,/pandeistˈleɾ/
pandeizm,/pandeisˈzm/
pandemi,/pandeˈmi/
panendeist,/pan.en.de.ˈist/
panendeisti,/panendeisˈti/
panendeistin,/panendeisˈtin/
panendeistler,/panendeistˈleɾ/
panendeizm,/pa.nen.de.ˈizm/
panenteizm,/pa.nen.te.ˈizm/
panenteizmi,/pa.nen.te.iz.ˈmi/
panenteizmler,/pa.nen.te.izm.ˈleɾ/
panikatak,/paˈnicatac/
panjur,/panˈʒuɾ/
panteizm,/pan.te.ˈizm/
panteizmler,/panteizmˈleɾ/
papatya falı,/papatˈja faˈɫɯ/
papaz,/paˈpaz/
papağan,/pʰa.pa.ˈan/
para,/paˈɾa/
paracı,/paraˈd͡ʒɯ/
parada,/paɾaˈda/
paradoks,/pa.ɾa.ˈdoks/
paradoksları,/pa.ɾa.doks.la.ˈɾɯ/
paradoksların,/pa.ɾa.doks.la.ˈɾɯn/
paradokslarını,/pa.ɾa.doks.la.ɾɯ.ˈnɯ/
paradokslarının,/pa.ɾa.doks.la.ɾɯ.ˈnɯn/
paradoksu,/pa.ɾa.dok.ˈsu/
paradoksun,/pa.ɾa.dok.ˈsun/
paradoksunu,/pa.ɾa.dok.su.ˈnu/
paradoksunun,/pa.ɾa.dok.su.ˈnun/
paralamak,/paɾalaˈmac/
paralamaz,/paɾalaˈmaz/
paraları,/paɾalaˈɾɯ/
paraların,/paɾalaˈɾɯn/
paralı asker,/paɾaˈlɯ ascer/
paranoid kişilik bozukluğu,/paɾanoˈid ciʃiˈlic bozukɫuː‿ˈu/
paranın,/paɾaˈnɯn/
parası,/pa.ɾa.ˈsɯ/
parayı,/pa.ɾaˈjɯ/
park yeri,/ˈparc jeˈɾi/
park yerinde,/ˈparc jeɾinˈde/
park yerinden,/ˈparc jeɾinˈden/
park yerine,/ˈparc jeɾiˈne/
park yerini,/ˈparc jeɾiˈni/
park yerinin,/ˈparc jeɾiˈnin/
park yerleri,/ˈparc jeɾleˈɾi/
park yerlerinde,/ˈparc jeɾleɾinˈde/
park yerlerinden,/ˈparc jeɾleɾinˈden/
park yerlerine,/ˈparc jeɾleɾiˈne/
park yerlerini,/ˈparc jeɾleɾiˈni/
park yerlerinin,/ˈparc jeɾleɾiˈnin/
parmak,/paɾ.ˈmac/
parmak ucu,/paɾ.ˈmac u.d͡ʒu/
parmak uçları,/paɾ.ˈmac ut͡ʃ.la.ɾɯ/
parmak uçların,/paɾ.ˈmac ut͡ʃ.la.ɾɯn/
parmaklamaz,/paɾ.mac.ma.ˈmaz/
parmağı,/paɾ.ma.ˈ‿ɯ/
parmağın,/paɾ.ma.ˈ‿ɯn/
parmağını,/paɾ.ma.‿ɯ.ˈnɯ/
parmağının,/paɾ.ma.‿ɯ.ˈnɯn/
parti,/paɾ.ˈti/
partikül,/paɾtiˈkyl/
parça,/paɾˈt͡ʃa/
parçacı,/paɾt͡ʃaˈd͡ʒɯ/
parçacık,/paɾ.t͡ʃa.ˈd͡ʒɯc/
parçacık hızlandırıcı,/paɾt͡ʃaˈd͡ʒɯc hɯzlandɯɾɯd͡ʒɯ/
parçacığı,/paɾ.t͡ʃa.d͡ʒɯ.ˈ‿ɯ/
parçacığım,/paɾ.t͡ʃa.d͡ʒɯ.ˈ‿ɯm/
parçacığın,/paɾ.t͡ʃa.d͡ʒɯ.ˈ‿ɯn/
parçası,/paɾt͡ʃaˈsɯ/
parçayı,/paɾt͡ʃaˈjɯ/
pasiflik,/pa.sif.lic/
pastahane,/pas.ta.haː.ˈne/
pastane,/pas.taː.ˈne/
pastel boya,/boja/
patates,/paˈtates/
patla,/patˈla/
patlama,/pat.ˈla.ma/
patlamak,/patlaˈmac/
patlamaları,/patlamalaˈɾɯ/
patlamaların,/patlamalaˈɾɯn/
patlamam,/patlaˈmam/
patlamamada,/patlamamaˈda/
patlamamalara,/patlamamalaˈɾa/
patlamamalarda,/patlamamalaɾˈda/
patlamamalardan,/patlamamalaɾˈdan/
patlamamaları,/patlamamalaˈɾɯ/
patlamamaların,/patlamamalaˈɾɯn/
patlamamanı,/patlamamaˈnɯ/
patlamamanın,/patlamamaˈnɯn/
patlamamayı,/patlamamaˈjɯ/
patlamamı,/patlamaˈmɯ/
patlamamın,/patlamaˈmɯn/
patlamanı,/patlamaˈnɯ/
patlamanın,/patlamaˈnɯn/
patlaması,/pat.la.ma.sɯ/
patlamayı,/pat.la.ma.ˈjɯ/
patlamaz,/patlaˈmaz/
patlar,/patˈlaɾ/
patlarım,/patˈlaɾɯm/
patlatma,/patlatˈma/
patlatmak,/patlatˈmac/
patlıcan,/patlɯˈd͡ʒan/
patojen,/pa.to.ˈd͡ʑen/
patojeni,/pa.to.d͡ʑe.ˈni/
patojenin,/pa.to.d͡ʑe.ˈnin/
patojenler,/pa.to.d͡ʑen.ˈleɾ/
patron,/pat.ˈɾon/
pavyon,/pavˈjon/
payanda,/pajanˈda/
payandayı,/pajandaˈjɯ/
paylaşımlar,/pajlaʃɯmˈlaɾ/
pazar,/pa.ˈzaɾ/
pazartesi,/pa.ˈzaɾ.te.si/
pazen,/paː.ˈzen/
pejoratif,/peʒoɾaˈtif/
pekâlâ,/pe.ca.laː/
pelikan,/pe.li.ˈcan/
pelikancı,/pe.li.can.ˈd͡ʒɯ/
pelikanda,/pe.li.can.ˈda/
pelikandan,/pe.li.can.ˈdan/
pelikanlar,/pe.li.can.ˈlaɾ/
pelikanı,/pe.li.ca.ˈnɯ/
pelikanım,/pe.li.ca.ˈnɯm/
pelikanımı,/pe.li.ca.nɯ.ˈmɯ/
pelikanımın,/pe.li.ca.nɯ.ˈmɯn/
pelikanın,/pe.li.ca.ˈnɯn/
pelikanını,/pe.li.ca.nɯ.ˈnɯ/
pelikanının,/pe.li.ca.nɯ.ˈnɯn/
pembe,/pæm.ˈbe/
pembe dizi,/pembe diʐi/
pencere,/pændʒeɾe/
pencereden,/pend͡ʒeɾeˈden/
pencereler,/pend͡ʒeɾeˈleɾ/
pencerelerden,/pend͡ʒeɾeleɾˈden/
pencerelere,/pend͡ʒeɾeleˈɾe/
pencereleri,/pend͡ʒeɾeleˈɾi/
pencerelerin,/pend͡ʒeɾeleˈɾin/
pencereli,/pend͡ʒeˈli/
pencerenin,/pend͡ʒeɾeˈnin/
penceresiz,/pend͡ʒeˈsiz/
penye,/ˈpen.je/
per,/ˈpeɾ/
perde,/peɾˈde/
pereme,/pe.ɾeˈme/
performans,/peɾfoɾˈmans/
perhiz,/peɾˈhiz/
periyoda,/peɾijoˈda/
periyodik cetvel,/pe.ɾi.jo.ˈdik d͡ʒet.vel/
periyodik sistem,/pe.ɾi.jo.ˈdik sis.tem/
periyodu,/peɾijoˈdu/
periyodun,/peɾijoˈdun/
periyot,/peɾˈjotˈlaɾ/
periyotlarda,/peɾijotlaɾˈda/
periyotlardan,/peɾijotlaɾˈdan/
periyotları,/peɾijotlaˈɾɯ/
periyotların,/peɾijotlaɾˈɯn/
permütasyon,/peɾmytasˈjon/
permütasyonlar,/peɾmytasjonˈlaɾ/
permütasyonlu,/peɾmytasjonˈlu/
permütasyonsuz,/peɾmytasjonˈsuz/
permütasyonu,/peɾmytasjoˈnu/
perşembe,/peɾ.ʃem.ˈbe/
petek,/pe.ˈtek/
petunya,/peˈtunja/
peygamber,/pej.ɡam.ˈbeɾ/
peygamberden,/pej.ɡam.beɾ.ˈden/
peygamberdevesi,/pejɡamˈbeɾdeveˈsi/
peygambere,/pej.ɡam.be.ˈɾe/
peygamberi,/pej.ɡam.be.ˈɾi/
peygamberim,/pej.ɡam.be.ˈɾim/
peygamberin,/pej.ɡam.be.ˈɾin/
peygamberini,/pej.ɡam.be.ɾi.ˈni/
peygamberinin,/pej.ɡam.be.ɾi.ˈnin/
peygamberler,/pej.ɡam.beɾ.ˈleɾ/
peygamberlerden,/pej.ɡam.beɾ.leɾ.ˈden/
peygamberlere,/pej.ɡam.beɾ.le.ˈɾe/
peygamberleri,/pej.ɡam.beɾ.le.ˈɾi/
peygamberlerin,/pej.ɡam.beɾ.le.ˈɾin/
peygamberli,/pej.ɡam.beɾ.ˈli/
peygamberlik,/pej.ɡam.beɾ.ˈlic/
peygambersiz,/pej.ɡam.beɾ.ˈsiz/
peynir,/pej.ˈniɾ/
peyniri,/pej.ni.ˈɾi/
peynirin,/pej.ni.ˈɾin/
peynirini,/pej.ni.ɾi.ˈni/
peynirinin,/pej.ni.ɾi.ˈnin/
peynirler,/pej.niɾˈleɾ/
peynirleri,/pej.niɾ.le.ˈɾi/
peynirlerin,/pej.niɾ.le.ˈɾin/
peynirlerini,/pej.niɾ.le.ɾi.ˈni/
peynirlerinin,/pej.niɾ.le.ɾi.ˈnin/
peçka,/pet͡ʃˈka/
pi,/ˈpiː/
pide,/piːˈde/
pil,/ˈpil/
pilates,/pi.ˈla.tes/
piler,/piː.ˈleɾ/
pili,/pi.ˈli/
pilin,/pi.ˈlin/
piller,/pil.ˈleɾ/
pir,/piːɾ/
pisi,/piː.ˈsi/
pisin,/pi.ˈsin/
pisini,/pi.si.ˈni/
pisinin,/pi.si.ˈnin/
piskopos,/piskoˈpos/
piskoposluk,/piscoposˈluc/
pit,/ˈpit/
piton,/ˈpi.ton/
pitoresk,/ˈpi.to.ˈɾesc/
piyi,/piː.ˈji/
piyon,/pi.jon/
pişi,/pi.ˈʃi/
pişin,/ˈpi.ʃin/
pişini,/pi.ʃi.ˈni/
pişinin,/pi.ʃi.ˈnin/
pişmeyin,/ˈpiʃ.me.jin/
plaj,/ˈplaʒ/
plak,/ˈpʎak/
plan,/ˈplan/
planemo,/pla.ˈneː.moː/
planemosu,/pla.ˈneː.moː.ˈsu/
planemoyu,/pla.ˈneː.moː.ˈju/
planet,/płaˈnet/
planetler,/płanetˈleɾ/
planetoloji,/pla.ne.to.lo.ˈʒi/
plastik,/plʲas.tic/
platformlararası,/pɫatfoɾmˈlaɾaɾasɯ/
plug-in,/plaɡ.ˈin/
plugin,/plaɡ.ˈin/
plânya,/ˈpɫan.ja/
plütoid,/ˈpɫy.to.ˈid/
polen,/połen/
politika,/po.ɫi.ˈti.ca/
politika faizi,/po.ɫi.ˈti.ka faː.ˈi.zi/
politika faizini,/po.ɫi.ˈti.ka faː.ˈi.zi.ˈni/
politika faizinin,/po.ɫi.ˈti.ka faː.ˈi.zi.ˈnin/
politika faizleri,/po.ɫi.ˈti.ka faː.ˈiz.le.ˈɾi/
politika faizlerin,/po.ɫi.ˈti.ka faː.ˈiz.le.ˈɾin/
politika faizlerini,/po.ɫi.ˈti.ka faː.ˈiz.le.ɾi.ˈni/
politika faizlerinin,/po.ɫi.ˈti.ka faː.ˈiz.le.ɾi.ˈnin/
politikacı,/poliˈticaˈd͡ʒɯ/
politikacıları,/poliˈticad͡ʒɯlaˈɾɯ/
politikacıların,/poliˈticad͡ʒɯlaˈɾɯn/
politikacılık,/poliˈticad͡ʒɯˈlɯc/
politikacılıklara,/poliˈticad͡ʒɯlɯclaˈɾa/
politikacılıklarda,/poliˈticad͡ʒɯlɯclaɾˈda/
politikacılıklardan,/poliˈticad͡ʒɯlɯclaɾˈdan/
politikacılıkları,/poliˈticad͡ʒɯlɯclaˈɾɯ/
politikacılıkların,/poliˈticad͡ʒɯlɯclaˈɾɯn/
politikacılığa,/poliˈticad͡ʒɯlɯˈ‿a/
politikacılığı,/poliˈticad͡ʒɯlɯˈ‿ɯ/
politikacılığın,/poliˈticad͡ʒɯlɯˈ‿ɯn/
politikacının,/poliˈticad͡ʒɯˈnɯn/
politikacıyı,/poliˈticad͡ʒɯˈjɯ/
politikaları,/poliˈticalaˈɾɯ/
politikaların,/poliˈticalaˈɾɯn/
politikanın,/poliˈticaˈnɯn/
politikası,/poliˈticaˈsɯ/
politikayla,/politiˈcajla/
politikaysa,/politiˈcajsa/
politikayı,/poliˈticaˈjɯ/
ponton,/ponˈton/
popüler,/pɔ.py.leɾ/
porsuk,/poɾ.ˈsuk/
porsuğu,/poɾ.su.ˈ‿u/
porsuğum,/poɾ.suˈ‿um/
porsuğun,/poɾ.su.ˈ‿un/
portakal,/poɾ.ta.ˈcal/
portakallar,/poɾ.ta.calˈlaɾ/
portakalı,/poɾ.ta.ca.ˈlɯ/
portakalın,/poɾ.ta.ca.ˈlɯn/
post,/ˈpost/
posta,/pos.ˈta/
posta kodu,/ˈpos.ta ko.du/
postane,/pɔs.taːne/
postlar,/postˈlaɾ/
potansiyel,/po.tan.si.ˈjel/
poz,/ˈpoz/
poğaça,/pɔː‿aˈt͡ʃa/
pratisyen,/pɾa.tisˈjen/
prendere,/'pren.de.re/
prenslik,/pɾens.ˈlic/
prenslikler,/pɾens.lic.ˈleɾ/
prensliği,/pɾens.li.ˈ‿i/
prensliğim,/pɾens.li.ˈ‿im/
prensliğin,/pɾens.li.ˈ‿in/
prensliğini,/pɾens.li.‿i.ˈni/
prensliğinin,/pɾens.li.‿i.ˈnin/
prestij,/pɾes.ˈtid͡ʑ/
prestiji,/pɾes.ti.d͡ʑi/
prestijler,/pɾes.tid͡ʑ.ˈleɾ/
profiterol,/pɾofiteˈɾol/
profiteroller,/pɾofiteɾolˈleɾ/
program,/pɾoɡ.ˈɾam/
programa,/pɾoɡ.ɾaˈma/
programda,/pɾoɡ.ɾam.ˈda/
programdan,/pɾoɡ.ɾam.ˈdan/
programla,/pɾoɡ.ɾam.ˈla/
programlama,/pɾoɡ.ɾam.ˈla.ma/
programlama arayüzleri,/pɾoɡ.ɾam.la.ˈma a.ˈɾa.jyz.le.ˈɾi/
programlama arayüzlerin,/pɾoɡ.ɾam.la.ˈma a.ˈɾa.jyz.le.ˈɾin/
programlama arayüzlerini,/pɾoɡ.ɾam.la.ˈma a.ˈɾa.jyz.le.ɾi.ˈni/
programlama arayüzlerinin,/pɾoɡ.ɾam.la.ˈma a.ˈɾa.jyz.le.ɾi.ˈnin/
programlama arayüzü,/pɾoɡ.ɾam.la.ˈma a.ɾa.jy.zy/
programlama arayüzün,/pɾoɡ.ɾam.la.ˈma a.ɾa.jy.ˈzyn/
programlama arayüzünü,/pɾoɡ.ɾam.la.ˈma a.ɾa.jy.zy.ˈny/
programlama arayüzünün,/pɾoɡ.ɾam.la.ˈma a.ɾa.jy.zy.ˈnyn/
programlama dili,/pɾoɡ.ɾam.la.ˈma di.li/
programlama dilinde,/pɾogɾamlaˈma dilinˈde/
programlama dilinden,/pɾogɾamlaˈma dilinˈden/
programlama diline,/pɾogɾamlaˈma diliˈne/
programlama dilini,/pɾog.ɾam.la.ma di.li.ˈni/
programlama dilinin,/pɾogɾamlaˈma diliˈnin/
programlama dilleri,/pɾoɡ.ɾam.la.ma dil.le.ˈɾi/
programlama dillerin,/pɾogɾamlama dilleˈɾin/
programlama dillerinde,/pɾogɾamlama dilleɾinˈde/
programlama dillerinden,/pɾogɾamlama dilleɾinˈden/
programlama dillerine,/pɾogɾamlama dilleɾiˈne/
programlama dillerini,/pɾogɾamlama dilleɾiˈni/
programlama dillerinin,/pɾogɾamlama dilleɾiˈnin/
programlamada,/pɾogɾamlamaˈda/
programlamak,/pɾoɡ.ɾam.la.ˈmac/
programlamalara,/pɾogɾamlamalaˈɾa/
programlamalarda,/pɾogɾamlamalaɾˈda/
programlamaları,/pɾogɾamlamalaˈɾɯ/
programlamaların,/pɾogɾamlamalaˈɾɯn/
programlamama,/pɾoɡ.ɾam.la.ma.ˈma/
programlamanın,/pɾogɾamlamaˈnɯn/
programlaması,/pɾoɡ.ɾam.la.ma.ˈsɯ/
programlamayı,/pɾoɡ.ɾam.la.ma.ˈjɯ/
programlamaz,/pɾogɾamlaˈmaz/
programlara,/pɾoɡ.ɾam.la.ˈɾa/
programlarda,/pɾoɡ.ɾam.laɾ.ˈda/
programlardan,/pɾoɡ.ɾam.laɾ.ˈdan/
programları,/pɾoɡ.ɾam.la.ˈɾɯ/
programların,/pɾoɡ.ɾam.la.ˈɾɯn/
programı,/pɾoɡ.ɾa.ˈmɯ/
programın,/pɾoɡ.ɾa.ˈmɯn/
proje,/ˈpɾoʒe/
projeden,/ˈpɾoʒeˈden/
projeksiyon,/pɾoʒecsiˈjɔn/
projelerden,/ˈpɾoʒeleɾˈden/
projelere,/ˈpɾoʒeleˈɾe/
projeleri,/ˈpɾoʒeleˈɾi/
projelerin,/ˈpɾoʒeleˈɾin/
projem,/pɾoˈʒem/
projeni,/ˈpɾoʒeˈni/
projenin,/ˈpɾoʒeˈnin/
projeye,/ˈpɾoʒeˈje/
prosedür,/pɾoseˈdyɾ/
proses,/pɾo.ˈses/
proto dil,/ˈpɾo.to dil/
protokol,/pɾo.to.ˈcoɫ/
psikoloji,/psi.ko.lo.ˈʒi/
psikoterapi,/ˈpsi.ko.te.ɾa.pi/
psikoterapiden,/ˈpsi.ko.te.ɾa.pi.ˈden/
psikoterapiler,/ˈpsi.ko.te.ɾa.pi.ˈleɾ/
psikoterapilere,/ˈpsi.ko.te.ɾa.pi.le.ˈɾe/
psikoterapileri,/ˈpsi.ko.te.ɾa.pi.le.ˈɾi/
psikoterapilerin,/ˈpsi.ko.te.ɾa.pi.le.ˈɾin/
psikoterapin,/ˈpsi.ko.te.ɾa.ˈpin/
psikoterapine,/ˈpsi.ko.te.ɾa.pi.ˈne/
psikoterapini,/ˈpsi.ko.te.ɾa.pi.ˈni/
psikoterapinin,/ˈpsi.ko.te.ɾa.pi.ˈnin/
psikoterapisi,/ˈpsi.ko.te.ɾa.pi.ˈsi/
psikoterapiye,/ˈpsi.ko.te.ɾa.pi.ˈje/
psikoterapiyi,/ˈpsi.ko.te.ɾa.pi.ˈji/
psikoz,/psiˈkoz/
psikozlu,/psikuzˈlu/
psikozsuz,/psikuzˈsuz/
psikozu,/psikoˈzu/
psikozun,/psikoˈzun/
pusat,/pu.ˈsat/
pusu,/puˈsu/
pusucu,/pusuˈd͡ʒu/
put,/ˈput/
putlar,/putˈlaɾ/
putperest,/putpeˈɾest/
putperestlik,/put.pe.ɾest.ˈlic/
putu,/pu.ˈtu/
pâk,/ˈpaːk/
pınar,/pɯ.ˈnaɾ/
pınarı,/pɯ.na.ˈɾɯ/
pınarım,/pɯ.na.ˈɾɯm/
pınarın,/pɯ.na.ˈɾɯn/
q,/ˈkuː/
r,/ɾeː/
radyasyon,/radjasˈjon/
radyasyonu,/radjasjoˈnu/
radyo,/ˈrad.jo/
radyo teleskobu,/ˈrad.jo te.les.co.bu/
radyosu,/ˈrad.jo.ˈsu/
rahatça,/raha'tça/
rakun,/ˈɾa.kun/
ramazan,/ɾa.ma.ˈzan/
ramazanlı,/ɾa.ma.zan.ˈlɯ/
rasathane,/rasathaːˈne/
rasathaneden,/rasathaːneˈden/
rasathaneler,/rasathaːneˈłeɾ/
rasathanelerden,/rasathaːnełeɾˈden/
rasathanelere,/rasathaːnełeˈɾe/
rasathanelerim,/rasathaːnełeˈɾim/
rasathanelerin,/rasathaːnełeˈɾin/
rasathanem,/rasathaːˈnem/
rasathaneni,/rasathaːneˈni/
rasathanenin,/rasathaːneˈnin/
rasathanesi,/rasathaːneˈsi/
rasathaneye,/rasathaːneˈje/
rasathaneyi,/rasathaːneˈji/
rasyonel sayı,/ɾas.jo.ˈnel sa.jɯ/
rasyonel sayılar,/ɾas.joˈnel sa.jɯˈlaɾ/
rasyonel sayıları,/ɾas.jo.ˈnel sa.jɯ.la.ˈɾɯ/
rasyonel sayısı,/ɾas.jo.ˈnel sa.jɯ.ˈsɯ/
rasyonel sayıyı,/ɾas.jo.ˈnel sa.jɯ.ˈjɯ/
reaktif gücü,/re.ac.ˈtif ɡy.d͡ʒy/
reaktif gücüm,/re.ac.ˈtif ɡy.d͡ʒym/
reaktif gücümü,/re.ac.ˈtif ɡy.d͡ʒy.my/
reaktif gücümün,/re.ac.ˈtif ɡy.d͡ʒy.myn/
reaktif gücün,/re.ac.ˈtif ɡy.d͡ʒyn/
reaktif gücünü,/re.ac.ˈtif ɡy.d͡ʒy.ny/
reaktif gücünün,/re.ac.ˈtif ɡy.d͡ʒy.nyn/
reaktif güç,/re.ac.ˈtif ɡyt͡ʃ/
reaktif güçler,/re.ac.ˈtif ɡyt͡ʃ.leɾ/
rebiyülahir,/rebˈiːjylaːˈhir/
rebiyülevvel,/rebˈiːjylevˈvel/
recep,/ɾe.ˈd͡ʒep/
recompensar,/re.kɔm.pen.ˈsar/
redaktör,/ɾe.dak.tœɾ/
reddeden,/ˈɾeddeden/
reddetme,/ˈɾed.det.me/
reddetmek,/ˈɾed.det.mec/
reddetmeme,/ɾed.ˈdet.me/
reddiye,/ɾeddiˈje/
redüksiyon,/ɾe.dyc.si.jɔn/
reel sayı,/ɾe.ˈel sa.jɯ/
reenkarnasyon,/ˈɾe.ˈen.kaɾ.nas.jɔn/
refik,/ɾeˈfic/
regülasyon,/ɾe.ɟy.las.jɔn/
rehber,/ɾeh.ˈbeɾ/
rehberi,/ɾeh.be.ˈɾi/
rehberler,/ɾeh.beɾ.ˈleɾ/
rekompensar,/re.kɔm.pen.ˈsar/
rekât,/re.ˈcʲat/
rekâtı,/re.cʲa.ˈtɯ/
rekâtın,/re.cʲa.ˈtɯn/
renda,/ɾændaː/
repütasyon,/ɾe.py.tas.jɔn/
rescind,/ɹiˈsind/
resimler,/ɾe.sim.ˈleɾ/
resimlerde,/ɾe.sim.leɾ.ˈde/
resimlerden,/ɾe.sim.leɾ.ˈden/
resimlere,/ɾe.sim.le.ˈɾe/
resimleri,/ɾe.sim.le.ˈɾi/
resimlerin,/ɾe.sim.le.ˈɾin/
resmî dil,/ɾes.ˈmiː dil/
resmî gazete,/ɾes.ˈmiː ɡa.ze.ˈte/
rest,/ˈɾestˈleɾ/
resul,/ɾe.ˈsuɫ/
resuller,/ɾe.suɫ.ˈɫeɾ/
resulleri,/ɾe.suɫ.ɫe.ˈɾi/
resullerin,/ɾe.suɫ.ɫe.ˈɾin/
resullerini,/ɾe.suɫ.ɫe.ɾi.ˈni/
resullerinin,/ɾe.suɫ.ɫe.ɾi.ˈnin/
resulü,/ɾe.suː.ˈɫy/
resulün,/ɾe.suː.ˈɫyn/
resulünü,/ɾe.suː.ɫy.ˈny/
resulünün,/ɾe.suː.ɫy.ˈnyn/
ret,/ɾet/
reçel,/reˈt͡ʃel/
ride,/riːdə/
ritim,/ɾitim/
roketatar,/ɾo.ˈcet.a.taɾ/
rom,/ˈɾom/
ruh,/ˈɾuh/
ruhi,/ɾuː.hiː/
ruhu,/ɾuː.ˈhu/
ruhum,/ɾuː.ˈhum/
ruhun,/ɾuː.ˈhun/
ruhî,/ɾuː.hiː/
rumen,/ɾu.ˈmen/
rumeni,/ɾu.me.ˈni/
rumenin,/ɾu.me.ˈnin/
rumenler,/ɾu.men.ˈleɾ/
run,/ˈɾun/
rusalka,/ɾusaɫˈka/
râvî,/ɾaː.ˈviː/
râvîler,/ɾaː.viː.ˈleɾ/
râvîsi,/ɾaː.viː.ˈsi/
râvîyi,/ɾaː.viː.ˈji/
régulation,/ʁe.ɡy.la.sjɔ̃/
röntgenyum,/ʀœntˈgeːnjum/
röportaj,/ɾœ.pɔɾ.taʒ/
röprodüksiyon,/ɾœpɾodycsiˈjon/
rüküş,/ɾyˈkyʃ/
rütbe,/rytˈbe/
rüyet-i hilal,/ryːˈjetˈi hiłał/
rüzgâr,/ɾyzˈɟaɾ/
rüzgârları,/ɾyz.ɡʲaɾ.la.ˈɾɯ/
rüzgârların,/ɾyz.ɡʲaɾ.la.ˈɾɯn/
rüzgârlarını,/ɾyz.ɡʲaɾ.la.ɾɯ.ˈnɯ/
rüzgârlarının,/ɾyz.ɡʲaɾ.la.ɾɯ.ˈnɯn/
rüzgârlı,/ɾyz.ɡʲaɾ.ˈlɯ/
rüzgârlık,/ɾyz.ɡʲaɾ.ˈlɯc/
rüzgârsız,/ɾyz.ʲaɾ.ˈsɯz/
rüzgârı,/ɾyz.ɡʲa.ˈɾɯ/
rüzgârın,/ɾyz.ɡʲa.ˈɾɯn/
rüzgârını,/ɾyz.ɡʲa.ɾɯ.ˈnɯ/
rüzgârının,/ɾyz.ɡʲa.ɾɯ.ˈnɯn/
rıza,/ɾɯˈzaː/
s,/seː/
saadet,/sa.aː.ˈdet/
saadeti,/sa.aː.de.ˈti/
saadetim,/sa.aː.de.ˈtim/
saadetin,/sa.aː.det.ˈleɾ/
saadetler,/sa.aː.det.ˈleɾ/
saadetli,/sa.aː.det.ˈli/
saadetsiz,/sa.aː.det.ˈsiz/
saat,/saˈatʲ/
saban,/saˈban/
sabancı,/sabanˈd͡ʒɯ/
sabit,/saːˈbit/
sabun,/saˈbun/
sabunda,/sabunˈda/
sabundan,/sabunˈdan/
sabunla,/saˈbunla/
sabunlamam,/sabunlaˈmam/
sabunlarda,/sabunlaɾˈda/
sabunlardan,/sabunlaɾˈdan/
sabunları,/sabunlaˈɾɯ/
sabunlarım,/sabunlaˈɾɯm/
sabunların,/sabunlaˈɾɯn/
sabunu,/sabuˈnu/
sabunum,/sabuˈnum/
sabunun,/sabuˈnun/
sadaka,/sa.da.ˈka/
sadaka-i cariye,/sa.da.ˈka.ʔi d͡ʒaː.ɾi.ˈje/
sadakası,/sa.da.ka.ˈsɯ/
sadakayı,/sa.da.ka.ˈjɯ/
sade,/s̪aːd̪e/
safer,/safer/
saha,/saːˈhaː/
sahabe,/sa.haː.ˈbe/
sahabeler,/sa.haː.be.ˈleɾ/
sahabesi,/sa.haː.be.ˈsi/
saham,/saːˈham/
sahan,/saːˈhan/
sahayı,/saːhaːˈjɯ/
sahib-i tertip,/saː.hi.bi teɾ.ˈtip/
sahife,/sahiˈfe/
sahifede,/sahifeˈde/
sahifeden,/sahifeˈden/
sahifeler,/sahifeˈleɾ/
sahifelerde,/sahifeleɾˈde/
sahifelerden,/sahifeleɾˈden/
sahifelere,/sahifeleˈɾe/
sahifeleri,/sahifeleˈɾi/
sahifelerin,/sahifeleˈɾin/
sahifeli,/sahifeˈli/
sahifemde,/sahifemˈde/
sahifemden,/sahifemˈden/
sahifeme,/sahifeˈme/
sahifemi,/sahifeˈmi/
sahifemin,/sahifeˈmin/
sahifende,/sahifenˈde/
sahifenden,/sahifenˈden/
sahifene,/sahifeˈne/
sahifeni,/sahifeˈni/
sahifenin,/sahifeˈnin/
sahifesi,/sahifeˈsi/
sahifesini,/sahifesiˈni/
sahifesiz,/sahifeˈsiz/
sahifeye,/sahifeˈje/
sahih,/sa.ˈhih/
sahih hadis,/saˈhih hadis/
sahil şeridi,/saː.ˈhil ʃe.ɾi.di/
sahil şeridin,/saː.ˈhil ʃe.ɾi.ˈdin/
sahil şeridini,/saː.ˈhil ʃe.ɾi.di.ˈni/
sahil şeritleri,/saː.ˈhil ʃe.ɾit.le.ˈɾi/
sahiplik,/saː.hip.ˈlic/
sahiplik zamiri,/saː.hip.ˈlik za.mi.ɾi/
sahtekâr,/sah.te.ˈkjaɾ/
sahtekârca,/sahteˈkjaɾd͡ʒa/
sahtekârlı,/sahtekjaɾˈlɯ/
sahtekârlığı,/sah.te.kjaɾ.lɯ.ˈ‿u/
sahur,/sa.ˈhuɾ/
sakat,/saˈlac/
sakatlar,/sakatˈlaɾ/
saki,/saːˈci/
sakinler,/saːcinˈleɾ/
saksafon,/sak.sa.fɔn/
sakın,/saˈkɯn/
salaklar,/salacˈlaɾ/
salat,/saˈlaːt/
salaş,/sa.ˈlaʃ/
saldırı,/sal.dɯ.ˈɾɯ/
saldırıları,/sal.dɯ.ɾɯ.la.ˈɾɯ/
saldırıların,/sal.dɯ.ɾɯ.la.ˈɾɯn/
saldırım,/sal.dɯ.ˈɾɯm/
saldırın,/sal.dɯ.ˈɾɯn/
saldırını,/sal.dɯ.ɾɯ.ˈnɯ/
saldırının,/sal.dɯ.ɾɯ.ˈnɯn/
saldırısı,/sal.dɯ.ɾɯ.ˈsɯ/
saldırıyı,/sal.dɯ.ɾɯ.ˈjɯ/
salih,/saː.ˈɫih/
salyangoz,/saʎjaɳˈɡɔz/
salı,/saˈlɯ/
samuray,/sa.ˈmu.ɾaj/
samurayı,/sa.ˈmu.ɾa.ˈjɯ/
sanal yöre,/saˈnal jœˈɾeˈleɾ/
sanat,/s&#x251;n&#x251;t/
sancak,/s̪anˈd͡ʒakʰ/
sanduka,/sanduˈka/
sandviç,/sandˈvit͡ʃ/
sandık,/san.ˈdɯk/
sandıklar,/san.dɯkˈlaɾ/
sandığı,/san.dɯ.ˈ‿ɯ/
sandığım,/san.dɯ.ˈ‿ɯm/
sandığın,/san.dɯ.ˈ‿ɯn/
sanı,/sa.ˈnɯ/
sanık,/sa.ˈnɯc/
sanın,/sa.ˈnɯn/
sanını,/sa.nɯ.ˈnɯ/
sanının,/sa.nɯ.ˈnɯn/
sanısı,/sa.nɯ.ˈsɯ/
sap,/ˈsap/
saplar,/sapˈlaɾ/
sapma,/sapˈma/
sapmama,/ˈsapmaˈma/
sapık,/saˈpɯc/
sapıkça,/saˈpɯct͡ʃa/
saray,/saˈɾaj/
sarayı,/saɾaˈjɯ/
sarayın,/saɾaˈjɯn/
sari,/saˈɾi/
sarih,/sa.ˈɾih/
sarı,/sa.ˈɾɯ/
sarılık,/saɾɯˈlɯk/
sarımtırak,/saɾɯmtɯˈɾak/
satranç,/satˈɾant͡ʃ/
satım,/saˈtɯm/
satın almak,/sa.ˈtɯn al.mac/
satır,/saˈtɯɾ/
satırla,/saˈtɯɾla/
satırsa,/saˈtɯɾsa/
savan,/sa.ˈvan/
savana,/sa.ˈva.na/
savanası,/sa.ˈva.na.ˈsɯ/
savanayı,/sa.ˈva.na.ˈjɯ/
savanı,/ˈsa.va.ˈnɯ/
savaş,/sa.ˈvaʃ/
savaşa,/sa.vaˈʃa/
savaşçı,/sa.vaʃ.ˈt͡ʃɯ/
savaşı,/sa.va.ˈʃɯ/
savaşım,/sa.va.ˈʃɯm/
savaşımı,/sa.va.ʃɯ.ˈmɯ/
savaşımın,/sa.va.ʃɯ.ˈmɯn/
savaşın,/sa.va.ˈʃɯn/
savaşını,/sa.va.ʃɯ.ˈnɯ/
savaşının,/sa.va.ʃɯ.ˈnɯn/
savcı,/sav.ˈd͡ʒɯ/
savcısı,/sav.d͡ʒɯ.ˈsɯ/
savcıyı,/sav.d͡ʒɯ.ˈjɯ/
savmayan,/ˈsav.ma.jan/
say,/ˈsaj/
sayfa,/sajˈfa/
sayfacık,/sajfaˈd͡ʒɯc/
sayfadan,/sajfaˈdan/
sayfalar,/saj.faˈlaɾ/
sayfalardan,/sajfalaɾˈdan/
sayfaları,/saj.fa.la.ˈɾɯ/
sayfaların,/saj.fa.la.ˈɾɯn/
sayfalarını,/saj.fa.la.ɾɯ.ˈnɯ/
sayfalarının,/saj.fa.la.ɾɯ.ˈnɯn/
sayfanın,/sajfaˈnɯn/
sayfası,/saj.fa.ˈsɯ/
sayfasın,/saj.ˈfa.sɯn/
sayfasını,/saj.fa.sɯ.ˈnɯ/
sayfasının,/saj.fa.sɯ.ˈnɯn/
sayfayı,/sajfaˈjɯ/
saygı,/sajˈɡɯ/
saygılı,/sajɡɯˈlɯ/
saygın,/sajˈɡɯn/
saygınlığa,/sajgɯnlɯˈ‿a/
saygınlığı,/sajgɯnlɯˈ‿ɯ/
saygınlığın,/sajgɯnlɯˈ‿ɯn/
saygısız,/sajɡɯˈsɯz/
sayma,/sajˈma/
sayma sayıları,/sajˈma sajɯlaˈɾɯ/
sayma sayıların,/sajˈma sajɯlaˈɾɯn/
sayma sayılarına,/sajˈma sajɯlaɾɯˈna/
sayma sayılarında,/sajˈma sajɯlaɾɯnˈda/
sayma sayılarından,/sajˈma sajɯlaɾɯnˈdan/
sayma sayılarını,/sajˈma sajɯlaɾɯˈnɯ/
sayma sayılarının,/sajˈma sajɯlaɾɯˈnɯn/
sayma sayısı,/saj.ˈma sa.jɯ.ˈsɯ/
sayma sayısına,/sajˈma sajɯsɯˈna/
sayma sayısında,/sajˈma sajɯsɯnˈda/
sayma sayısından,/sajˈma sajɯsɯnˈdan/
sayma sayısını,/sajˈma sajɯsɯˈnɯ/
sayma sayısının,/sajˈma sajɯsɯˈnɯn/
saymazlık,/saj.maz.ˈɫɯc/
sayı sistemi,/sa.ˈjɯ sis.te.mi/
sayı sistemin,/sa.ˈjɯ sis.te.ˈmin/
sayı sistemini,/sa.ˈjɯ sis.te.mi.ˈni/
sayı sisteminin,/sa.ˈjɯ sis.te.mi.ˈnin/
sayı sistemleri,/sa.ˈjɯ sis.tem.le.ˈɾi/
sayı sistemlerin,/sa.ˈjɯ sis.tem.le.ˈɾin/
sayı sistemlerini,/sa.ˈjɯ sis.tem.le.ɾi.ˈni/
sayı sistemlerinin,/sa.ˈjɯ sis.tem.le.ɾi.ˈnin/
sayıdan,/sa.jɯ.ˈdan/
sayıkla,/sa.jɯk.ˈla/
sayıklama,/sa.jɯk.ˈla.ma/
sayıklamak,/sa.jɯk.la.ˈmak/
sayıklamalar,/sa.jɯk.la.ma.ˈlaɾ/
sayıklamama,/sa.jɯk.la.ma.ˈma/
sayıklamamalar,/sa.jɯk.la.ma.ma.ˈlaɾ/
sayıklamamama,/sa.jɯk.ˈla.ma.ma.ma/
sayıklamaması,/sa.jɯk.ˈla.ma.ma.sɯ/
sayıklamamayı,/sa.jɯk.ˈla.ma.ma.jɯ/
sayıklaması,/sa.jɯk.la.ma.ˈsɯ/
sayıklamayı,/sa.jɯk.la.ma.ˈjɯ/
sayılar,/sa.jɯˈlaɾ/
sayılarda,/sa.jɯ.laɾ.ˈda/
sayılardan,/sa.jɯ.laɾ.ˈdan/
sayıları,/sa.jɯ.la.ˈɾɯ/
sayılarım,/sa.jɯ.la.ˈɾɯm/
sayılarıma,/sa.jɯ.la.ɾɯ.ˈma/
sayılarımda,/sa.jɯ.la.ɾɯm.ˈda/
sayılarımdan,/sa.jɯ.la.ɾɯm.ˈdan/
sayılarımı,/sa.jɯ.la.ɾɯ.ˈmɯ/
sayılarımın,/sa.jɯ.la.ɾɯˈmɯn/
sayıların,/sajɯlaˈɾɯn/
sayılarına,/sa.jɯ.la.ɾɯ.ˈna/
sayılarında,/sa.jɯ.la.ɾɯn.ˈda/
sayılarından,/sa.jɯ.la.ɾɯn.ˈdan/
sayılarını,/sajɯlaɾɯˈnɯ/
sayılarının,/sa.jɯ.la.ɾɯ.ˈnɯn/
sayım,/sa.ˈjɯm/
sayımı,/sa.jɯ.ˈmɯ/
sayına,/sajɯˈna/
sayını,/sa.jɯ.ˈnɯ/
sayının,/sajɯˈnɯn/
sayısal,/sa.jɯ.ˈsal/
sayısı,/sa.jɯ.ˈsɯ/
sayısın,/sa.jɯ.ˈsɯn/
sayısına,/sajɯsɯˈna/
sayısını,/sa.jɯ.sɯ.ˈnɯ/
sayısının,/sa.jɯ.sɯ.ˈnɯn/
sayıyı,/sa.jɯ.ˈjɯ/
saçmalamak,/sat͡ʃ.ma.ɫaˈmak/
sağ,/s̪â̝ː/
sağ kalmak,/saː kaɫˈmak/
sağaltmak,/saːaɫtˈmak/
sağanak,/sa.‿a.ˈnac/
sağanak sağanak,/sa.‿a.ˈnac sa.‿a.ˈnac/
sağanakları,/sa.‿a.nac.la.ˈɾɯ/
sağanakların,/sa.‿a.nac.la.ˈɾɯn/
sağanağı,/sa.‿a.ˈna.ˈ‿ɯ/
sağanağın,/sa.‿a.ˈna.ˈ‿ɯn/
sağlık,/s̪â̝ːˈɫ̪ɯkʰ/
sebeb-i nüzûl,/se.be.ˈbi ny.ˈzuɫ/
sebep,/se.ˈbep/
sebze,/sebˈze/
secde,/sed͡ʒˈde/
secde ayeti,/sed͡ʒˈde aːˈjeti/
secde etme,/sed͡ʒˈde etme/
secde etmek,/sed͡ʒde etˈmec/
sefaret,/sefaːˈret/
sefer,/ˈse.fer/
sefir,/seˈfir/
seguir,/sekir/
seki,/seˈci/
seks,/ˈsecs/
seks işçisi,/secs iʃt͡ʃiˈsi/
seks işçisini,/secs iʃt͡ʃisiˈni/
sekse,/sekˈse/
seksin,/sekˈsin/
seksle,/seksˈle/
seksler,/seksˈler/
sekste,/seksˈte/
seksten,/seksˈten/
seksî,/sekˈsiː/
sekîne,/se.ciː.ˈne/
selamünaleyküm,/se.ˈlaː.myn.a.ˈɫej.kym/
selef,/se.ˈlef/
selefi,/se.le.ˈfi/
selefim,/se.le.ˈfim/
selefin,/se.le.ˈfin/
selefler,/se.lef.ˈleɾ/
selektör,/se.lec.tœɾ/
selem,/seˈlem/
selen,/seˈlen/
selim,/seˈlim/
selinler,/selinˈleɾ/
semavi din,/se.maː.ˈviː din/
semavi dini,/se.maː.ˈviː diː.ˈni/
semavi dinim,/se.maː.ˈviː diː.ˈnim/
semavi dinler,/se.maː.ˈviː din.leɾ/
sembol,/semˈbɔl/
sempozyum,/sempozˈjum/
semt,/ˈsemt/
sen,/ˈsæn/
sende,/senˈde/
senden,/senˈden/
sendrom,/sen.ˈdrom/
seni,/se.ˈni/
seni seviyorum,/seˈni sevijoːˈɾum/
senin,/se.ˈnin/
senkretizm,/senkɾetizm/
sentetik dil,/sen.te.ˈtic dil/
sepet,/se.ˈpet/
serdengeçti,/ser.ˈden.ɡet͡ʃ.ti/
sermaye,/seɾmaːˈje/
sermayeci,/seɾmaːjeˈd͡ʒi/
sermayedar,/seɾmaːjeˈdaɾ/
sert,/ˈseɾt/
sertifika,/seɾtifiˈca/
sertifikalı,/seɾtificaˈlɯ/
sertifikasyon,/seɾtificasˈjon/
sertifikasız,/seɾtificaˈsɯz/
sertçe,/ˈseɾtt͡ʃe/
server,/seɾˈveɾ/
serverde,/seɾveɾˈde/
serverden,/seɾveɾˈden/
servere,/seɾveˈɾe/
serveri,/seɾveˈɾi/
serverin,/seɾveˈɾin/
serverler,/seɾveɾˈleɾ/
serverlerde,/seɾveɾleɾˈde/
serverlerden,/seɾveɾleɾˈden/
serverlere,/seɾveɾleˈɾe/
serverleri,/seɾveɾleˈɾi/
serverlerin,/seɾveɾleˈɾin/
servet,/seɾ.ˈvet/
ses,/ˈses/
sese,/seˈse/
sesi,/seˈsi/
sesin,/seˈsin/
seslenme durumu,/ses.len.ˈme du.ɾu.mu/
seslenme hâli,/ses.len.ˈme haː.ɫi/
seslerde,/sesleɾˈde/
seslerden,/sesleɾˈden/
seslere,/sesleˈɾe/
sesleri,/sesleˈɾi/
seslerin,/sesleˈɾin/
sevabı,/se.vaː.ˈbɯ/
sevap,/se.ˈvap/
sevdalinka,/sev.da.ˈliɳ.ka/
sevgi,/sevɟi/
sevinilmek,/sevinilˈmec/
sevinmek,/sevinˈmec/
seviye,/se.vi.ˈje/
seviyorum,/seˈvijoːɾum/
seyahat,/se.ja.ˈhat/
seyir,/se.ˈjiɾ/
seyyidü'l-istiğfar,/sejˈjidyl istiːˈfaɾ/
sezgin,/s̪ez̪ˈɟin̪ʲ/
sezginler,/sezginˈleɾ/
sezi,/se.ˈzi/
seçenek,/se.t͡ʃe.ˈnek/
seçenekler,/se.t͡ʃe.nek.ˈleɾ/
seçeneği,/se.t͡ʃe.ne.ˈ‿i/
seçeneğim,/se.t͡ʃe.ne.ˈ‿im/
seçeneğin,/se.t͡ʃe.ne.ˈ‿in/
seçim,/se.ˈt͡ʃim/
seçim kurulu,/se.ˈt͡ʃim ku.ɾul.lu/
seçimi,/se.t͡ʃi.ˈmi/
seçimin,/se.t͡ʃi.ˈmin/
seçimini,/se.t͡ʃi.mi.ˈni/
seçiminin,/se.t͡ʃi.mi.ˈnin/
seçimler,/se.t͡ʃim.ˈleɾ/
seçimleri,/se.t͡ʃim.le.ˈɾi/
seçimlerin,/se.t͡ʃim.le.ˈɾin/
seçimlerini,/se.t͡ʃim.le.ɾi.ˈni/
seçimlerinin,/se.t͡ʃim.le.ɾi.ˈnin/
seçmen,/set͡ʃ.ˈmen/
shiplemek,/ʃip.leˈmek/
siber,/ˈsi.beɾ/
siber saldırı,/ˈsi.beɾ sal.dɯ.ɾɯ/
siber saldırıları,/ˈsi.beɾ sal.dɯ.ɾɯ.la.ˈɾɯ/
siber saldırıların,/ˈsi.beɾ sal.dɯ.ɾɯ.la.ˈɾɯn/
siber saldırım,/ˈsi.beɾ sal.dɯ.ˈɾɯm/
siber saldırın,/ˈsi.beɾ sal.dɯ.ˈɾɯn/
siber saldırını,/ˈsi.beɾ sal.dɯ.ɾɯ.ˈnɯ/
siber saldırının,/ˈsi.beɾ sal.dɯ.ɾɯ.ˈnɯn/
siber saldırısı,/ˈsi.beɾ sal.dɯ.ɾɯ.ˈsɯ/
siber saldırıyı,/ˈsi.beɾ sal.dɯ.ɾɯ.ˈjɯ/
sigorta,/siˈɡoɾta/
sik,/sic/
sika,/ˈsi.ka/
sikalar,/si.ka.ˈlaɾ/
sikası,/si.ka.ˈsɯ/
sikayı,/si.ka.ˈjɯ/
sikim,/siˈcim/
sikmek,/sicˈmec/
silah,/si.lah/
silgi,/sil.ˈɟi/
silâh,/si.lah/
sim,/ˈsim/
simde,/simˈde/
simden,/simˈden/
sime,/siˈme/
simi,/siˈmi/
simin,/siˈmin/
simler,/simˈłeɾ/
simlerde,/simłeɾˈde/
simlerden,/simłeɾˈden/
simlere,/simłeˈɾe/
simleri,/simłeˈɾi/
simlerin,/simłeˈɾin/
simülasyonda,/simyłasjonˈda/
simülasyondan,/simyłasjonˈdan/
simülasyonlara,/simyłasjonlaˈɾa/
simülasyonlarda,/simyłasjonlaɾˈda/
simülasyonlardan,/simyłasjonlaɾˈdan/
simülasyonları,/simyłasjonlaˈɾɯ/
simülasyonların,/simyłasjonlaˈɾɯn/
simülasyonu,/simyłasjoˈnu/
simülasyonun,/simyłasjoˈnun/
sinek,/si.ˈnek/
sinekler,/si.nek.ˈleɾ/
sinekleri,/si.nek.le.ˈɾi/
sineklerin,/si.nek.le.ˈɾin/
sinerji,/sineɾˈji/
sinestezi,/sinesteˈzi/
sinir,/si.ˈniɾ/
sinir ağı,/si.ˈniɾ a.‿ɯ/
sinir sistemi,/siniɾ sistemi/
siniri,/si.ni.ˈɾi/
sinirin,/si.ni.ˈɾin/
sinirini,/si.ni.ɾi.ˈni/
sinirinin,/si.ni.ɾi.ˈnin/
sinirler,/si.niɾ.ˈleɾ/
sinirleri,/si.niɾ.le.ˈɾi/
sinirlerin,/si.niɾ.le.ˈɾin/
sinirlerini,/si.niɾ.le.ɾi.ˈni/
sinirlerinin,/si.niɾ.le.ɾi.ˈnin/
sipahi,/si.paː.ˈhi/
sipahiler,/si.paː.hiː.ˈleɾ/
sipahisi,/si.paː.hiː.ˈsi/
sirk,/ˈsiɾc/
sirki,/siɾ.ˈci/
sirkin,/ʃiɾ.ˈcin/
sirkini,/siɾ.ci.ˈni/
sirkinin,/siɾ.ci.ˈnin/
sirkler,/siɾc.ˈleɾ/
sirkleri,/siɾc.le.ˈɾi/
sirklerin,/ʃiɾc.le.ˈɾin/
sirklerini,/ʃiɾc.le.ɾi.ˈni/
sirklerinin,/ʃiɾc.le.ɾi.ˈnin/
sis,/ˈsis/
sise,/siˈse/
sisi,/siˈsi/
sisin,/siˈsin/
sisler,/sisˈleɾ/
sislerde,/sisleɾˈde/
sislerden,/sisleɾˈden/
sislere,/sisleˈɾe/
sisleri,/sisleˈɾi/
sislerin,/sisleˈɾin/
siste,/sisˈte/
sistem,/sis.ˈtem/
sistemci,/sistemˈd͡ʒi/
sistemcik,/sistemˈd͡ʒic/
sistemde,/sistemˈde/
sistemden,/sistemˈden/
sisteme,/sisteˈme/
sistemi,/sis.te.ˈmi/
sistemim,/sis.te.ˈmim/
sistemimi,/sis.te.mi.ˈmi/
sistemimin,/sis.te.mi.ˈmin/
sistemin,/sis.te.ˈmin/
sistemini,/sis.te.mi.ˈni/
sisteminin,/sis.te.mi.ˈnin/
sistemler,/sis.tem.ˈleɾ/
sistemlerde,/sistemleɾˈde/
sistemlerden,/sistemleɾˈden/
sistemlere,/sistemleˈɾe/
sistemleri,/sis.tem.le.ˈɾi/
sistemlerim,/sis.tem.le.ˈɾim/
sistemlerimi,/sis.tem.le.ɾi.ˈmi/
sistemlerimin,/sis.tem.le.ɾi.ˈmin/
sistemlerin,/sis.tem.le.ˈɾin/
sistemlerini,/sis.tem.le.ɾi.ˈni/
sistemlerinin,/sis.tem.le.ɾi.ˈnin/
sistemli,/sistemˈli/
sistemsiz,/sistemˈsiz/
sitesi,/siteˈsi/
sitte,/ˈsit.te/
sivil toplum kuruluşları,/siˈvil topˈlum kuɾuluʃlaˈɾɯ/
sivil toplum kuruluşu,/si.ˈvil top.ˈlum ku.ɾu.lu.ˈʃu/
sivil toplum kuruluşunu,/siˈvil topˈlum kuɾuluʃuˈnu/
sivrisinek,/siv.ˈɾi.ˈsi.nek/
siyanür,/sijaˈnyɾ/
siyaset,/sijaːˈset/
siyasete,/sijaːseˈte/
siyaseti,/sijaːseˈti/
siyasetin,/sijaːseˈtin/
siyasetler,/sijaːsetˈleɾ/
siyasetlerde,/sijaːsetleɾˈde/
siyasetlerden,/sijaːsetleɾˈden/
siyasetlere,/sijaːsetleˈɾe/
siyasetleri,/sijaːsetleˈɾi/
siyasetlerin,/sijaːsetleˈɾin/
siyasetçi,/sijaːsetˈt͡ʃi/
siyasetçide,/sijaːsett͡ʃiˈde/
siyasetçiden,/sijaːsett͡ʃiˈden/
siyasetçilerde,/sijaːsett͡ʃileɾˈde/
siyasetçilerden,/sijaːsett͡ʃileɾˈden/
siyasetçilere,/sijaːsett͡ʃileˈɾe/
siyasetçileri,/sijaːsett͡ʃileˈɾi/
siyasetçilerin,/sijaːsett͡ʃileˈɾin/
siyasetçilik,/sijaːsett͡ʃiˈlic/
siyasetçilikler,/sijaːsett͡ʃilicˈleɾ/
siyasetçiliklerde,/sijaːsett͡ʃilicleɾˈde/
siyasetçiliklerden,/sijaːsett͡ʃilicleɾˈden/
siyasetçiliklere,/sijaːsett͡ʃilicleˈɾe/
siyasetçilikleri,/sijaːsett͡ʃilicleˈɾi/
siyasetçiliklerin,/sijaːsett͡ʃilicleˈɾin/
siyasetçilikte,/sijaːsett͡ʃilicˈte/
siyasetçiliğe,/sijaːsett͡ʃilicˈ‿e/
siyasetçiliği,/sijaːsett͡ʃilicˈ‿i/
siyasetçiliğin,/sijaːsett͡ʃilicˈ‿in/
siyasetçini,/sijaːsett͡ʃiˈni/
siyasetçinin,/sijaːsett͡ʃiˈnin/
siyasetçiye,/sijaːsett͡ʃiˈje/
siyasi,/si.jaː.ˈsiː/
siyasi parti,/si.jaː.ˈsiː paɾ.ti/
siyer,/siˈjeɾ/
siyerler,/sijeɾˈleɾ/
siyonist,/ˈsi.jo.ˈnist/
siyonizm,/ˈsi.jo.ˈnizm/
siz,/ˈsiz/
sizde,/sizˈde/
sizden,/sizˈden/
size,/si.ˈze/
sizi,/si.ˈzi/
sizin,/si.ˈzin/
sizler,"/siz.ˈlefo

ɾ/"
sizlere,/siz.le.ˈɾe/
sizleri,/siz.le.ˈɾi/
sizlerin,/siz.le.ˈɾin/
siğil,/siˈ‿il/
slave,/sleiv/
slogan,/sloˈgan/
soba,/soˈba/
sofa,/soˈfa/
sofistike,/sɔ.fis.ti.ce/
sofra,/sof.ˈɾa/
sofralar,/sof.ɾaˈlaɾ/
sofrası,/sof.ɾa.ˈsɯ/
sofrayı,/sof.ɾa.ˈjɯ/
sohbet,/sɔh.bet/
sokak çocuğu,/soˈkak t͡ʃod͡ʒuːˈ‿u/
solucan,/sɔɫuˈd͡ʒan/
solucanlar,/solud͡ʒanˈlaɾ/
som,/ˈsom/
somun,/soˈmun/
son,/ˈson/
sonbahar,/ˈsonbahar/
sonra,/ˈsɔn.ɾa/
sonrası,/ˈsɔn.ɾa.ˈsɯ/
sonrayı,/ˈsɔn.ɾa.ˈjɯ/
sor,/ˈsoɾ/
sorgulama dili,/soɾɡulaˈma dili/
sorgulama dilleri,/soɾgulama dilleˈri/
sorma,/ˈsoɾ.ma/
sorması,/soɾ.ma.ˈsɯ/
sormayı,/soɾ.ma.ˈjɯ/
soru,/soˈɾu/
soru eki,/so.ˈɾu e.ki/
soru işareti,/soˈɾu iʃaːɾeˈti/
soru işaretinde,/soˈɾu iʃaːɾetinˈde/
soru işaretinden,/soˈɾu iʃaːɾetinˈden/
soru işaretine,/soˈɾu iʃaːɾetiˈne/
soru işaretini,/soˈɾu iʃaːɾetiˈni/
soru işaretinin,/soˈɾu iʃaːɾetiˈnin/
soru işaretleri,/soˈɾu iʃaːɾetleˈɾi/
soru işaretlerinde,/soˈɾu iʃaːɾetleɾinˈde/
soru işaretlerinden,/soˈɾu iʃaːɾetleɾinˈden/
soru işaretlerine,/soˈɾu iʃaːɾetleɾiˈne/
soru işaretlerini,/soˈɾu iʃaːɾetleɾiˈni/
soru işaretlerinin,/soˈɾu iʃaːɾetleɾiˈnin/
sorum,/soˈɾum/
sorumluluk,/so.ɾum.ɫu.ˈɫuk/
sorumu,/soɾuˈmu/
sorumun,/soɾuˈmun/
sorun,/soˈɾun/
sorunda,/soɾunˈda/
sorundan,/soɾunˈdan/
sorunlu,/soɾunˈlu/
sorunsuz,/soɾunˈsuz/
sorunu,/so.ɾu.ˈnu/
sorunumu,/soɾunuˈmu/
sorunumun,/soɾunuˈmun/
sorunun,/so.ɾu.ˈnun/
sorununu,/so.ɾu.nu.ˈnu/
sorununun,/so.ɾu.nu.ˈnun/
sosyal,/s̪os̪ʲˈjal̠ʲ/
sosyal bilim,/sos.ˈjaɫ bi.lim/
sosyal bilimi,/sos.ˈjaɫ bi.li.ˈmi/
sosyal bilimin,/sos.ˈjaɫ bi.li.ˈmin/
sosyal bilimler,/sos.jaɫ bi.lim.ˈleɾ/
sosyalizm,/sosjaˈlizm/
sosyalizmi,/sosjalizˈmi/
sosyalizmler,/sosjalizmˈleɾ/
sosyoloji,/sos.jo.ɫo.ˈd͡ʑi/
soy metal,/ˈsoj me.taɫ/
soyadı,/ˈsoj.a.dɯ/
soykırım,/ˈsoj.cɯ.ɾɯm/
soykırımı,/soj.cɯ.ɾɯ.ˈmɯ/
soyut sınıf,/soˈjut sɯˈnɯf/
soyut sınıfa,/soˈjut sɯnɯˈfa/
soyut sınıflar,/soˈjut sɯnɯfˈlaɾ/
soyut sınıflarda,/soˈjut sɯnɯflaɾˈda/
soyut sınıflardan,/soˈjut sɯnɯflaɾˈdan/
soyut sınıfları,/soˈjut sɯnɯflaˈɾɯ/
soyut sınıflarım,/soˈjut sɯnɯflaˈɾɯm/
soyut sınıfların,/soˈjut sɯnɯflaˈɾɯn/
soyut sınıfta,/soˈjut sɯnɯfɯnˈta/
soyut sınıftan,/soˈjut sɯnɯfɯnˈtan/
soyut sınıfı,/soˈjut sɯnɯˈfɯ/
soyut sınıfım,/soˈjut sɯnɯˈfɯm/
soyut sınıfın,/soˈjut sɯnɯˈfɯn/
soğan,/so.ˈ‿an/
soğanlar,/so.‿anˈlaɾ/
soğanı,/so.‿a.ˈnɯ/
soğanın,/so.‿a.ˈnɯn/
spamcıl,/spamˈd͡ʒɯl/
spekülatif,/specʏlaˈtif/
spesifik,/spe.si.fic/
sporadik,/spo.ɾaˈdik/
sprawl,/spɹɔːl/
stabilite,/sta.bi.li.te/
stajyer,/staʒ.jeɾ/
standart,/standaɾt/
stor,/ˈstoɾ/
strateji,/stɾa.te.ˈʒi/
stüdyo,/ˈstyd.jo/
stüdyo daire,/ˈstydjo daiˈɾe/
stüdyo dairede,/ˈstydjo daiɾeˈde/
stüdyo daireden,/ˈstydjo daiɾeˈden/
stüdyo daireler,/ˈstydjo daiɾeˈleɾ/
stüdyo dairelerde,/ˈstydjo daiɾeleɾˈde/
stüdyo dairelerden,/ˈstydjo daiɾeleɾˈden/
stüdyo dairelere,/ˈstydjo daiɾeleˈɾe/
stüdyo daireleri,/ˈstydjo daiɾeleˈɾi/
stüdyo dairelerin,/ˈstydjo daiɾeleˈɾin/
stüdyo dairemin,/ˈstydjo daiɾeˈmin/
stüdyo daireni,/ˈstydjo daiɾeˈni/
stüdyo dairenin,/ˈstydjo daiɾeˈnin/
stüdyo daireye,/ˈstydjo daiɾeˈje/
stüdyo daireyi,/ˈstydjo daiɾeˈji/
stüdyolar,/styd.joˈlar/
stüdyoları,/ˈstydjolaˈɾɯ/
stüdyolarımın,/ˈstydjosulaɾɯˈmɯn/
stüdyoların,/ˈstydjolaˈɾɯn/
stüdyolarının,/ˈstydjosulaɾɯˈnɯn/
stüdyoma,/ˈstydjoˈma/
stüdyomun,/ˈstydjoˈmun/
stüdyona,/ˈstydjoˈna/
stüdyonu,/ˈstydjoˈnu/
stüdyonun,/ˈstydjoˈnun/
stüdyosu,/ˈstyd.jo.ju/
stüdyosuna,/ˈstydjosuˈna/
stüdyosunun,/ˈstydjosuˈnun/
stüdyoyu,/ˈstyd.jo.ju/
su,/su/
su savaşı,/su savaˈʃɯ/
su tabancası,/su taband͡ʒaˈsɯ/
sual,/suˈʔaɫ/
sualde,/suʔaɫˈde/
sualden,/suʔaɫˈden/
suale,/suʔaˈɫe/
suali,/suʔaˈɫi/
sualin,/suʔaˈɫin/
sualler,/suʔaɫˈɫeɾ/
suallerde,/suʔaɫɫeɾˈde/
suallerden,/suʔaɫɫeɾˈden/
suallere,/suʔaɫɫeˈɾe/
sualleri,/suʔaɫɫeˈɾi/
suallerin,/suʔaɫɫeˈɾin/
subaylar,/subajˈlaɾ/
sucuk,/suˈdʒuk/
sudan,/suˈdan/
sudoku,/ˈsu.do.ˈku/
sudokusu,/su.do.ku.ˈsu/
sudokuyu,/su.do.ku.ˈju/
sufi,/suˈ.ːfiˈ/
suikast,/su.i.ˈkast/
suizan,/suːiˈzan/
sukut,/sukuːt/
sulamam,/sulaˈmam/
sulamaz,/sulaˈmaz/
sulh,/ˈsulh/
sulha,/sulˈha/
sulhu,/sulˈhu/
sulhun,/sulˈhun/
sumak,/su.ˈmac/
sungur,/sun.ˈɡuɾ/
suni,/suː.ˈniː/
suni gübre,/suːˈniː ɟybˈɾe/
sunta,/ˈsunta/
sunucu,/su.nu.ˈd͡ʒu/
sunuculara,/sunud͡ʒulaˈɾa/
sunucunun,/sunud͡ʒuˈnun/
sunucusu,/su.nu.d͡ʒu.ˈsu/
sunucusun,/su.nu.d͡ʒu.ˈsun/
sunucusunu,/su.nu.d͡ʒu.su.ˈnu/
sunucusunun,/su.nu.d͡ʒu.su.ˈnun/
sunucuyu,/su.nu.d͡ʒu.ˈju/
sunum,/su.ˈnum/
sunun,/ˈsunun/
sun‘î,/sun.ˈˤiː/
sura,/su.ˈɾa/
sure,/suː.ˈɾe/
sus,/ˈsus/
susma,/ˈsus.ma/
susmak,/sus.ˈmac/
susmama,/ˈsus.ma.ˈma/
suçlu,/sut͡ʃ.ˈlu/
suçlu ol,/sut͡ʃ.lu ˈol/
suçlu olma,/sut͡ʃ.lu ˈol.ma/
suçlu olmak,/sut͡ʃ.ˈlu ol.ˈmac/
suçlu olmama,/sut͡ʃ.lu ol.ma.ˈma/
suçlu olmamama,/sut͡ʃ.lu ˈol.ma.ma.ˈma/
suşi,/ˈsu.ʃi/
sâri,/saːˈɾi/
söktürme,/sœkˈtyɾme/
söyle,/sœjˈle/
söylem,/sœjˈlem/
söz,/ˈsœz/
söz konusu,/ˈsœz konuˈsu/
sözcü,/sœz.ˈd͡ʒy/
sözcük,/sœz.ˈd͡ʒyc/
sözcükler,/sœzd͡ʒycˈleɾ/
sözcülük,/sœz.ˈd͡ʒy.ˈd͡ʒy/
sözler,/sœzˈleɾ/
sözleri,/sœzleˈɾi/
sözleş,/sœ̞z.ˈleʃ/
sözleşme,/sœz.ˈleʃ.me/
sözleşmek,/sœ̞z.leʃ.ˈmec/
sözleşmeler,/sœ̞z.leʃ.meˈleɾ/
sözleşmeme,/sœ̞z.leʃ.me.ˈme/
sözleşmesi,/sœ̞z.leʃ.me.ˈsi/
sözlük,/sœz.ˈlyc/
sözlükler,/sœz.lycˈleɾ/
sözlüğü,/sœz.ly.ˈ‿y/
sözlüğüm,/sœz.lyˈ‿ym/
sözlüğün,/sœz.ly.ˈ‿yn/
sözü,/sœˈzy/
sübvansiyon,/ˈsyb.van.si.ˈjɔn/
sübvansiyonu,/ˈsyb.van.si.jɔ.ˈnu/
sübvansiyonun,/ˈsyb.van.si.jɔ.ˈnun/
sübvansiyonunu,/ˈsyb.van.si.jɔ.nu.ˈnu/
sübvansiyonunun,/ˈsyb.van.si.jɔ.nu.ˈnun/
süje,/sy.ʒe/
sükse,/syc.se/
sükût,/sy.ˈkjuːt/
sünger,/syŋˈɟæɾ/
sünnet,/syn.ˈnet/
sünnet namaz,/syn.ˈnet na.ˈmaz/
sünnet namazlar,/syn.ˈnet na.maz.ˈlaɾ/
sünnet namazı,/syn.ˈnet na.ma.zɯ/
sünnet-i gayri müekkede,/syn.ˈne.ti ˈɡaj.ɾi my.ec.ce.de/
sünnet-i müekkede,/syn.ˈne.ti my.ec.ce.de/
sünneti,/syn.neˈti/
sünnetin,/syn.ne.ˈtin/
sünnetler,/syn.net.ˈleɾ/
sünnetçi,/synnetˈt͡ʃi/
sünnetçilik,/synnett͡ʃiˈlic/
süper küme,/ˈsy.peɾ ky.me/
süper kümeler,/ˈsy.peɾ ky.me.ˈleɾ/
süper kümesi,/ˈsy.peɾ ky.me.ˈsi/
süper kümeyi,/ˈsy.peɾ ky.me.ˈji/
süpernova,/ˈsy.peɾ.noː.vaː/
sür,/ˈsyɾ/
sürdürülebilirlik,/syɾ.dy.ɾy.le.bi.liɾˈlic/
süre,/s̪ʏɾe/
süreci,/sy.ɾe.ˈd͡ʒi/
sürecin,/sy.ɾe.ˈd͡ʒin/
sürekli dalga modülasyonları,/sy.ɾek.li dal.ˈɡa mo.dy.las.jon.la.ˈɾɯ/
sürekli dalga modülasyonu,/sy.ɾek.li dal.ˈɡa mo.dy.las.jo.nu/
sürekli dalga modülasyonunu,/sy.ɾek.li dal.ˈɡa mo.dy.las.jo.nu.ˈnu/
sürekli dalga modülasyonunun,/sy.ɾek.li dal.ˈɡa mo.dy.las.jo.nu.ˈnun/
süreklilik,/sy.ɾec.li.ˈlic/
süreklilikler,/sy.ɾec.li.lik.ˈleɾ/
süreklilikleri,/sy.ɾec.li.lik.le.ˈɾi/
sürekliliklerin,/sy.ɾec.li.lik.le.ˈɾin/
sürekliliği,/sy.ɾec.li.li.ˈ‿i/
sürekliliğin,/sy.ɾec.li.li.ˈ‿in/
süreç,/sy.ˈɾet͡ʃ/
süreçler,/sy.ɾet͡ʃ.ˈleɾ/
sürme,/syɾˈme/
sürtük,/syɾ.ˈtyk/
sürüngen,/sy.ɾyn.ˈɟen/
sürüngeni,/sy.ɾyn.ɡe.ˈni/
sürüngenim,/sy.ɾyn.ɡe.ˈnim/
sürüngenin,/sy.ɾyn.ɡe.ˈnin/
sürüngenler,/sy.ɾyn.ɡen.ˈleɾ/
sürüngenleri,/sy.ɾyn.ɡen.le.ˈɾi/
sürüngenlerim,/sy.ɾyn.ɡen.le.ˈɾim/
sürüngenlerimi,/sy.ɾyn.ɡen.le.ɾiˈmi/
sürüngenlerimin,/sy.ɾyn.ɡen.le.ɾiˈmin/
sürüngenlerin,/sy.ɾyn.ɡen.le.ˈɾin/
sürüngenlerini,/sy.ɾyn.ɡen.le.ɾiˈni/
sürüngenlerinin,/sy.ɾyn.ɡen.le.ɾiˈnin/
süs,/ˈsys/
süt,/ˈsyt/
sütanne,/sytanˈne/
sütun,/syˈtun/
sütunda,/sytunˈda/
sütundan,/sytunˈdan/
sütunlar,/sy.tunˈlaɾ/
sütunlarda,/sytunlaɾˈda/
sütunlardan,/sytunlaɾˈdan/
sütunları,/sytulaˈɾɯ/
sütunların,/sytulaˈɾɯn/
sütunu,/sytuˈnu/
sütunun,/sytuˈnun/
sütyen,/syt.ˈjen/
süzgeç,/syz.ˈɡet͡ʃ/
sıfat,/sɯ.ˈfat/
sıfat-fiil,/sɯˈfat fiil/
sıfat-fiili,/sɯˈfat fiiˈli/
sıfat-fiiller,/sɯˈfat fiilˈleɾ/
sıfatı,/sɯ.fa.ˈtɯ/
sıfatın,/sɯ.fa.ˈtɯn/
sıfatını,/sɯ.fa.ˈtɯ.ˈnɯ/
sıfatının,/sɯ.fa.ˈtɯ.ˈnɯn/
sıhhat,/s̪ɯhˈhat̪/
sıhhatli,/s̪ɯhhat̪ˈli/
sıhhatname,/s̪ɯhhat̪n̪aːme/
sıhhatsiz,/s̪ɯhhat̪ˈsiz/
sıklık,/sɯcˈlɯc/
sıkıntı,/sɯcɾɯnˈtɯ/
sıkıntıları,/sɯcɾɯntɯlaˈɾɯ/
sıkıntıların,/sɯcɾɯntɯlaˈɾɯn/
sıkıntılı,/sɯcɾɯntɯˈlɯ/
sıkıntının,/sɯcɾɯntɯˈnɯn/
sıkıntıyı,/sɯcɾɯntɯˈjɯ/
sınıf,/sɯ.nɯf/
sınıflarda,/sɯnɯflaɾˈda/
sınıflardan,/sɯnɯflaɾˈdan/
sınıfları,/sɯnɯflaˈɾɯ/
sınıflarım,/sɯnɯflaˈɾɯm/
sınıfların,/sɯnɯflaˈɾɯn/
sınır,/sɯ.ˈnɯɾ/
sınırda kişilik bozukluğu,/sɯnɯɾˈda ciʃiˈlic bozukɫuː‿ˈu/
sınırları,/sɯ.nɯɾ.la.ˈɾɯ/
sınırların,/sɯ.nɯɾ.la.ˈɾɯn/
sınırlarını,/sɯ.nɯɾ.la.ɾɯ.ˈnɯ/
sınırlarının,/sɯ.nɯɾ.la.ɾɯ.ˈnɯn/
sınırı,/sɯ.nɯ.ˈɾɯ/
sınırın,/sɯ.nɯ.ˈɾɯn/
sınırını,/sɯ.nɯ.ɾɯ.ˈnɯ/
sınırının,/sɯ.nɯ.ɾɯ.ˈnɯn/
sıra,/sɯˈɾa/
sıralamak,/sɯɾalaˈmac/
sıralamaz,/sɯɾalaˈmaz/
sıralar,/sɯɾaˈlaɾ/
sırası,/sɯɾaˈsɯ/
sırasıyla,/sɯɾsɯˈjla/
sırayla,/sɯɾˈajla/
sırt,/ˈsɯɾt/
sırtlan,/sɯɾtˈɫan/
sıxlaşdırmaq,/sɯxɯʃdɯrmag/
sığ,/sɯː/
sığınak,/sɯ.‿ɯ.ˈnac/
sığınağı,/sɯ.‿ɯ.na.ˈ‿ɯ/
sığınağın,/sɯ.‿ɯ.na.ˈ‿ɯn/
sığır,/sɯˈɯɾ/
t,/teː/
ta'arruz,/ta.ʔar.ˈruz/
taarruz,/ta.ʔar.ˈruz/
taarruz etmek,/taʔarˈruz etmec/
taarruz etmemek,/taʔarˈruz ˈetmemec/
taarruzu,/ta.ʔar.ru.ˈzu/
taarruzum,/ta.ʔar.ru.ˈzum/
taarruzun,/ta.ʔar.ru.ˈzun/
taba,/taˈba/
taban,/ta.ˈban/
tabana,/tabaˈna/
tabanca,/taˈbanˈd͡ʒa/
tabanda,/tabanˈda/
tabandan,/tabanˈdan/
tabanlara,/tabanlaˈɾa/
tabanlarda,/tabanlaɾˈda/
tabanlardan,/tabanlaɾˈdan/
tabanları,/ta.ban.la.ˈɾɯ/
tabanlarım,/ta.ban.la.ˈɾɯm/
tabanlarımı,/ta.ban.la.ɾɯ.ˈmɯ/
tabanlarımın,/ta.ban.la.ɾɯ.ˈmɯn/
tabanların,/ta.ban.la.ˈɾɯn/
tabanlarına,/tabanlaɾɯˈna/
tabanlarında,/tabanlaɾɯnˈda/
tabanlarından,/tabanlaɾɯnˈdan/
tabanlarını,/ta.ban.la.ɾɯ.ˈnɯ/
tabanlarının,/ta.ban.la.ɾɯ.ˈnɯn/
tabansız,/tabanˈsɯz/
tabanı,/ta.ba.ˈnɯ/
tabanım,/ta.ba.ˈnɯm/
tabanımı,/ta.ba.nɯ.ˈmɯ/
tabanımın,/ta.ba.nɯ.ˈmɯn/
tabanın,/ta.ba.ˈnɯn/
tabanına,/tabanɯˈna/
tabanında,/tabanɯnˈda/
tabanından,/tabanɯnˈdan/
tabanını,/ta.ba.nɯ.ˈnɯ/
tabanının,/ta.ba.nɯ.ˈnɯn/
tabiat kanunları,/ta.bi.ˈat kaː.nun.la.ˈɾɯ/
tabiat kanunu,/ta.bi.ˈat kaː.nu.nu/
tabiat kanunun,/ta.bi.ˈat kaː.nu.ˈnun/
tabiat kanununu,/ta.bi.ˈat kaː.nu.nu.ˈnu/
tabiat kanununun,/ta.bi.ˈat kaː.nu.nu.ˈnun/
tabii,/tabiˈʔi/
tabii bilim,/ta.bi.ˈi bi.lim/
tabii bilimi,/ta.bi.ˈi bi.li.ˈmi/
tabii bilimin,/ta.bi.ˈi bi.li.ˈmin/
tabii bilimler,/ta.bi.ˈi bi.lim.ˈleɾ/
tabii ilim,/ta.bi.ˈi i.lim/
tabii ilimler,/ta.bi.ˈi i.lim.ˈleɾ/
tabii ilmi,/ta.bi.ˈi i.li.ˈmi/
tabii ilmin,/ta.bi.ˈi i.li.ˈmin/
tablolar,/tab.loˈlaɾ/
tabloları,/tab.lo.la.ˈɾɯ/
tabloların,/tab.lo.la.ˈɾɯn/
tabut,/ta.ˈbut/
taciz,/taːdʒiz/
tacizler,/taːdʒizˈleɾ/
tahakkuk etmek,/tahacˈcuc etmec/
tahmin,/tah.ˈmin/
tahminci,/tahminˈd͡ʒi/
tahmincilik,/tahmind͡ʒiˈlic/
tahmini,/tah.miː.ˈni/
tahminler,/tahminˈleɾ/
tahminî,/tah.miː.ˈniː/
tahterevalli,/tahteɾeˈvalli/
takas,/taˈkas/
takasın,/ta.ˈka.sɯn/
takat,/taːkatʲ/
takdir,/tac.ˈdiɾ/
takdir et,/tac.ˈdiː.ɾet/
takdir etme,/tac.diː.ˈɾet.me/
takdir etmek,/tac.ˈdiː.ɾet.mec/
takdir etmeler,/tac.ˈdiː.et.me.ˈleɾ/
takdir etmeme,/tac.diː.et.me.ˈme/
takdir etmesi,/tac.ˈdiː.et.me.ˈsi/
takdiri,/tac.diː.ˈɾi/
takdirim,/tac.diː.ˈɾim/
takdirin,/tac.diː.ˈɾin/
takdirler,/tac.diɾ.ˈleɾ/
takdirname,/tac.diɾ.naː.ˈme/
takdirnameler,/tac.diɾ.naː.me.ˈleɾ/
takdirnamesi,/tac.diɾ.naː.me.ˈsi/
takip,/taː.ˈkip/
takipsiz,/taː.kip.ˈsiz/
takipsizlik,/taː.kip.siz.ˈlic/
takipsizlik kararı,/taː.kip.siz.ˈlic ka.ɾaː.ɾɯ/
taksimetre,/taksimetˈɾe/
taktik,/tak.tic/
takva,/tac.ˈvaː/
takvası,/tac.vaː.ˈsɯ/
takvayı,/tac.vaː.ˈjɯ/
takvim,/tac.ˈvim/
takvimi,/tac.viː.ˈmi/
takvimler,/tac.vimˈleɾ/
takyidat,/tak.jiː.ˈdat/
takyon,/ˈtakˌjon/
takımada,/ta.ˈcɯm.a.da/
takımadaları,/ta.ˈcɯm.a.da.la.ˈɾɯ/
takımadaların,/ta.ˈcɯm.a.da.la.ˈɾɯn/
takımadalarını,/ta.ˈcɯm.a.da.la.ɾɯ.ˈnɯ/
takımadalarının,/ta.ˈcɯm.a.da.la.ɾɯ.ˈnɯn/
takımadası,/ta.ˈcɯm.a.da.ˈsɯ/
takımadayı,/ta.ˈcɯm.a.da.ˈjɯ/
takımyıldız,/ta.ˈcɯm.jɯl.dɯz/
takımyıldızları,/ta.ˈcɯm.jɯl.dɯz.la.ˈɾɯ/
takımyıldızların,/ta.ˈcɯm.jɯl.dɯz.la.ˈɾɯn/
takımyıldızlarını,/ta.ˈcɯm.jɯl.dɯz.la.ɾɯ.ˈnɯ/
takımyıldızlarının,/ta.ˈcɯm.jɯl.dɯz.la.ɾɯ.ˈnɯn/
takımyıldızı,/ta.ˈcɯm.jɯl.dɯ.ˈzɯ/
takımyıldızın,/ta.ˈcɯm.jɯl.dɯ.ˈzɯn/
takımyıldızını,/ta.ˈcɯm.jɯl.dɯ.zɯ.ˈnɯ/
takımyıldızının,/ta.ˈcɯm.jɯl.dɯ.zɯ.ˈnɯn/
talebe,/ta.ɫe.ˈbe/
talimat,/taːliːˈmaːt/
tam,/ˈtam/
tam sayı,/ˈtam sa.jɯ/
tam sayıda,/tam sa.jɯ.ˈda/
tam sayıdan,/tam sa.jɯ.ˈdan/
tam sayılara,/tam sa.jɯ.la.ˈɾa/
tam sayılarda,/tam sa.jɯ.laɾ.ˈda/
tam sayılardan,/tam sa.jɯ.laɾ.ˈdan/
tam sayıları,/tam sa.jɯ.la.ˈɾɯ/
tam sayılarım,/tam sa.jɯ.la.ˈɾɯm/
tam sayılarıma,/tam sa.jɯ.la.ɾɯ.ˈma/
tam sayılarımda,/tam sa.jɯ.la.ɾɯm.ˈda/
tam sayılarımdan,/tam sa.jɯ.la.ɾɯm.ˈdan/
tam sayılarımı,/tam sa.jɯ.la.ɾɯ.ˈmɯ/
tam sayılarımın,/tam sa.jɯ.la.ɾɯ.ˈmɯn/
tam sayıların,/tam sa.jɯ.la.ˈɾɯn/
tam sayılarına,/tam sa.jɯ.la.ɾɯ.ˈna/
tam sayılarında,/tam sa.jɯ.la.ɾɯn.ˈda/
tam sayılarından,/tam sa.jɯ.la.ɾɯn.ˈdan/
tam sayılarını,/tam sa.jɯ.la.ɾɯ.ˈnɯ/
tam sayılarının,/tam sa.jɯ.la.ɾɯ.ˈnɯn/
tam sayının,/tam sajɯˈnɯn/
tam sayısı,/tam sa.jɯ.ˈsɯ/
tam sayıya,/tam sa.jɯ.ˈja/
tam sayıyı,/tam sa.jɯ.ˈjɯ/
tamam,/taˈmaːm/
tamamiyet,/tamaːmijet/
tamir,/taː.ˈmiɾ/
tamlayan,/tamlaˈjan/
tamlayan durumları,/tamlaˈjan duɾumlaˈɾɯ/
tamlayan durumu,/tamlaˈjan duɾumu/
tamlayana,/tamlajaˈna/
tamlayanda,/tamlajanˈda/
tamlayandan,/tamlajanˈdan/
tamlayanı,/tamlajaˈnɯ/
tamlayanım,/tamlajaˈnɯm/
tamlayanın,/tamlajaˈnɯn/
tamlayanını,/tamlajanɯˈnɯ/
tamu,/tʰamu/
tanrı,/tan.ˈɾɯ/
tanrıcı,/tan.ɾɯ.ˈd͡ʒɯ/
tanrıcılık,/tan.ɾɯ.d͡ʒɯ.ˈlɯc/
tanrısı,/tan.ɾɯ.ˈsɯ/
tanrıyı,/tan.ɾɯ.ˈjɯ/
tansiyon aleti,/tansiˈjɔn aːleˈti/
tanım,/taˈnɯm/
tanımlık,/t̪ʰa.nɯm.ˈɫ̪ɯk/
tanımlığa,/t̪ʰa.nɯm.ɫ̪ɯ.ˈ‿a/
tanımlığı,/t̪ʰa.nɯm.ɫ̪ɯ.ˈ‿ɯ/
tanımlığın,/t̪ʰa.nɯm.ɫ̪ɯ.ˈ‿ɯn/
tap,/ˈtap/
tapınak,/ta.pɯ.ˈnac/
taraf,/ta.ˈraf/
tarafımdan,/ta.ɾa.fɯm.ˈdan/
tarafından,/ta.ɾa.fɯn.ˈdan/
tarama,/ta.ɾa.ˈma/
taramalı,/ta.ɾa.ma.ˈlɯ/
taramalı elektron mikroskobu,/ta.ɾa.ma.lɯ e.lek.ˈtɾon mik.ɾos.ko.bu/
tarhana,/taɾhaˈna/
tarih,/taː.ˈɾih/
tarihi,/taː.ɾi.ˈhi/
tarihim,/taːɾiˈhim/
tarihin,/taːɾiˈh.in/
tarihler,/taːɾihˈleɾ/
tarihî,/taː.ɾi.ˈhiː/
tarikat,/ta.ɾiː.ˈkat/
tarikatla,/ta.ɾiː.ˈkat.la/
tarumar,/ˈtaː.ɾu.ˈmaːɾ/
tasarım,/ta.sa.ˈɾɯm/
tasarım deseni,/ta.sa.ˈɾɯm de.se.ni/
tasarım desenim,/ta.sa.ˈɾɯm de.se.ˈnim/
tasarım desenimi,/ta.sa.ˈɾɯm de.se.ni.ˈmi/
tasarım desenin,/ta.sa.ˈɾɯm de.se.ˈnin/
tasarım desenini,/ta.sa.ˈɾɯm de.se.ni.ˈni/
tasarım deseninin,/ta.sa.ˈɾɯm de.se.ni.ˈnin/
tasarım desenleri,/ta.sa.ˈɾɯm de.sen.le.ˈɾi/
tasarım desenlerim,/ta.sa.ˈɾɯm de.sen.le.ˈɾim/
tasarım desenlerin,/ta.sa.ˈɾɯm de.sen.le.ˈɾin/
tasarım desenlerini,/ta.sa.ˈɾɯm de.sen.le.ɾi.ˈni/
tasarım desenlerinin,/ta.sa.ˈɾɯm de.sen.le.ɾi.ˈnin/
tasarım örüntüleri,/ta.sa.ˈɾɯm œ.ɾyn.ty.le.ˈɾi/
tasarım örüntülerim,/ta.sa.ˈɾɯm œ.ɾyn.ty.le.ˈɾim/
tasarım örüntülerin,/ta.sa.ˈɾɯm œ.ɾyn.ty.le.ˈɾin/
tasarım örüntülerinde,/tasaˈɾɯm œɾyntyleɾinˈde/
tasarım örüntülerinden,/tasaˈɾɯm œɾyntyleɾinˈden/
tasarım örüntülerine,/tasaˈɾɯm œɾyntyleɾiˈne/
tasarım örüntülerini,/ta.sa.ˈɾɯm œ.ɾyn.ty.le.ɾi.ˈni/
tasarım örüntülerinin,/ta.sa.ˈɾɯm œ.ɾyn.ty.le.ɾi.ˈnin/
tasarım örüntüsü,/ta.sa.ˈɾɯm œ.ɾyn.ty.sy/
tasarım örüntüsünde,/tasaˈɾɯm œɾyntysynˈde/
tasarım örüntüsünden,/tasaˈɾɯm œɾyntysynˈden/
tasarım örüntüsüne,/tasaˈɾɯm œɾyntysyˈne/
tasarım örüntüsünü,/ta.sa.ˈɾɯm œ.ɾyn.ty.sy.ˈny/
tasarım örüntüsünün,/ta.sa.ˈɾɯm œ.ɾyn.ty.sy.ˈnyn/
tasarım şablonu,/ta.sa.ˈɾɯm ʃab.ɫo.nu/
tasavvuf,/ta.sav.ˈvuf/
tasavvufu,/ta.sav.vu.ˈfu/
tasavvufun,/ta.sav.vu.ˈfun/
tasdik,/tas.ˈdic/
tasdik etme,/tas.ˈdiː.cet.me/
tasdik etmek,/tas.ˈdiː.cet.mec/
tasdik etmeme,/tas.diː.ˈcet.me.me/
tasvir,/tas.ˈviɾ/
tasviri,/tas.viː.ˈɾi/
tasvirler,/tas.viɾ.ˈleɾ/
tasvirî,/tas.viː.ˈɾiː/
tat,/tat/
tatar,/ta.taɾ/
tatlı,/tat.ˈlɯ/
tatlı sert,/tat.ˈlɯ seɾt/
tatlısı,/tat.lɯˈsɯ/
tatlıyı,/tat.lɯ.ˈjɯ/
tavaf,/ta.ˈvaf/
tavaf etmek,/taˈvaf etmec/
tavsa,/tavˈsa/
tavsama,/tavsaˈma/
tavsamak,/tavsaˈmac/
tavsiye,/tavsiˈje/
tavsiye etme,/tav.si.je ˈet.me/
tavsiye etmek,/tav.si.ˈje et.mec/
tavsiye etmeme,/tav.si.je et.me.ˈme/
tavşan,/tavˈʃan/
tavşancı,/tavʃanˈd͡ʒɯ/
tazminat,/taz.miː.ˈnat/
taş,/ˈt̪aʃ/
taşlamaz,/taʃ.la.ˈmaz/
taşlar,/taʃˈlaɾ/
taşı,/taˈʃɯ/
taşım,/ta.ˈʃɯm/
taşıt,/taˈʃɯt/
taşıtlar,/taʃɯtˈlaɾ/
taşıtı,/taʃɯˈtɯ/
taşıtın,/taʃɯˈtɯn/
teamül,/teʔaːˈmyl/
tebdil,/tebˈdiːl/
tebdil et,/tebˈdiːl et/
tebdil etme,/tebˈdiːl etme/
tebdil etmek,/tebˈdiːl etmec/
tebdil etmeme,/tebdiːl ˈetmeme/
tebdil etmememe,/tebdiːl ˈetmememe/
tebelleş,/te.bel.ˈleʃ/
tebellüğ etmek,/te.bel.ˈly‿ et.mec/
tebeut tâbiîn,/te.be.ut taː.bi.ˈʔiːn/
tedbir,/tedˈbir/
tedbirli,/tedbirˈli/
tedbirsiz,/tedbirˈsiz/
tefe,/teˈfe/
tefeci,/te.fe.ˈd͡ʒi/
tefecilik,/te.fe.d͡ʒi.ˈlic/
tehcir,/teh.dʒiɾ/
teheccüt namazı,/te.hed͡ʒ.ˈd͡ʒyt na.ma.zɯ/
teist,/te.ˈist/
teizm,/te.ˈizm/
tek sayı,/ˈtec sa.jɯ/
tek tanrıcılık,/ˈtek tan.ɾɯ.d͡ʒɯ.ˈlɯc/
tekbir,/tek.ˈbiɾ/
tekbiri,/tek.biː.ˈri/
tekbirin,/tek.biː.ˈrin/
tekbirini,/tek.biː.ri.ˈni/
tekbirinin,/tek.biː.ri.ˈnin/
tekbirler,/tek.biɾ.ˈleɾ/
tekbirleri,/tek.biɾ.le.ˈɾi/
tekbirlerin,/tek.biɾ.le.ˈɾin/
tekbirlerini,/tek.biɾ.le.ɾi.ˈni/
tekbirlerinin,/tek.biɾ.le.ɾi.ˈnin/
tekdilli,/ˈtecdilli/
tekdillilik,/ˈt͡ʃocdilliˈlic/
teker,/teˈkeɾ/
tekerde,/tekeɾˈde/
tekerden,/tekeɾˈden/
tekere,/tekeˈɾe/
tekeri,/tekeˈɾi/
tekerin,/tekeˈɾin/
tekerlek,/tekeɾˈlec/
tekerleklerde,/tekeɾlecleɾˈde/
tekerleklerden,/tekeɾlecleɾˈden/
tekerleklere,/tekeɾlecleˈɾe/
tekerlekleri,/tekeɾlecleˈɾi/
tekerleklerin,/tekeɾlecleˈɾin/
tekerler,/tekeɾˈleɾ/
tekerlerde,/tekeɾleɾˈde/
tekerlerden,/tekeɾleɾˈde/
tekerlere,/tekeɾleˈɾe/
tekerleri,/tekeɾleˈɾi/
tekerlerin,/tekeɾleˈɾin/
tekerleği,/te.keɾ.le.ˈ‿i/
tekerleğin,/tekeɾleˈ‿in/
tekfur,/tek.ˈfuɾ/
tekfurluk,/tek.fuɾ.ˈluk/
tekil,/teˈcil/
tekil şahsa,/teˈcil ʃahˈsa/
tekil şahsı,/teˈcil ʃahˈsɯ/
tekil şahsın,/teˈcil ʃahˈsɯn/
tekil şahıs,/te.ˈcil ʃa.hɯs/
tekil şahıslar,/teˈcil ʃahɯsˈlaɾ/
tekil şahıslara,/teˈcil ʃahɯslaˈɾa/
tekil şahıslarda,/teˈcil ʃahɯslaɾˈda/
tekil şahıslardan,/teˈcil ʃahɯslaɾˈdan/
tekil şahısları,/teˈcil ʃahɯslaˈɾɯ/
tekil şahısların,/teˈcil ʃahɯslaˈɾɯn/
tekil şahısta,/teˈcil ʃahɯsˈta/
tekil şahıstan,/teˈcil ʃahɯsˈtan/
tekile,/teciˈle/
tekili,/teciˈli/
tekilin,/teciˈlin/
tekiller,/tecilˈleɾ/
teklif etmek,/tecˈlif etmec/
tekne kazıntısı,/tec.ˈne ca.zɯn.tɯ.sɯ/
teknik,/tec.ˈnic/
teknik üniversite,/tek.ˈnik y.ni.veɾ.si.te/
teknikler,/tecnicˈleɾ/
teknoloji,/tek.no.lo.ˈd͡ʑi/
teknolojiler,/tec.no.lo.d͡ʑi.ˈleɾ/
teknolojileri,/tec.no.lo.d͡ʑi.le.ˈɾi/
teknolojilerin,/tec.no.lo.d͡ʑi.le.ˈɾin/
teknolojilerini,/tec.no.lo.d͡ʑi.le.ɾi.ˈni/
teknolojilerinin,/tec.no.lo.d͡ʑi.le.ɾi.ˈnin/
teknolojisi,/tec.no.lo.d͡ʑi.ˈsi/
teknolojisini,/tec.no.lo.d͡ʑi.si.ˈni/
teknolojisinin,/tec.no.lo.d͡ʑi.si.ˈnin/
tekrar,/tekɾaɾ/
tekâmüden,/tekjaːmyłˈden/
tekâmül,/tekjaːˈmył/
tekâmülde,/tekjaːmyłˈde/
tekâmülden,/tekjaːmyłˈden/
tekâmüle,/tekjaːmyˈłe/
tekâmüller,/tekjaːmyłˈłeɾ/
tekâmülü,/tekjaːmyˈły/
tekâmülüm,/tekjaːmyˈłym/
tekâmülün,/tekjaːmyˈłyn/
tel şehriye,/tel ʃehɾiˈje/
telefon,/te.le.fon/
telemetri,/telemetˈɾi/
telesekreter,/te.le.sec.ɾe.teɾ/
teleskoba,/te.les.koˈba/
teleskobu,/te.les.koˈbu/
teleskobun,/te.les.koˈbun/
teleskobunu,/te.les.ko.buˈnu/
teleskobunun,/te.les.ko.buˈnuŋ/
teleskop,/te.lesˈkop/
teleskoplar,/te.les.kopˈlar/
teleskopları,/te.les.kop.laˈrɯ/
teleskopların,/te.les.kop.larˈɯn/
teleskoplarını,/te.les.kop.la.rɯˈnɯ/
teleskoplarının,/te.les.kop.la.rɯˈnɯn/
televizyon,/te.le.viz.ˈjon/
tema,/ˈte.ma/
teması,/ˈte.ma.ˈsy/
temayı,/ˈte.ma.ˈjy/
temel parçacık,/te.ˈmel paɾ.t͡ʃa.d͡ʒɯk/
temel parçacığı,/te.ˈmel paɾ.t͡ʃa.d͡ʒɯ.ˈ‿ɯ/
temessül,/temesˈsyl/
temessülde,/temessylˈde/
temessülden,/temessylˈden/
temessüle,/temessyˈle/
temessüller,/temessylˈleɾ/
temessüllerde,/temessylleɾˈde/
temessüllerden,/temessylleɾˈden/
temessüllere,/temessylleˈɾe/
temessülleri,/temessylleˈɾi/
temessüllerin,/temessylleˈɾin/
temessülü,/temessyˈly/
temessülün,/temessyˈlyn/
teminat,/teːminaːt/
temiz,/te.miz/
temsil,/tem.ˈsil/
temsilci,/tem.sil.ˈd͡ʒi/
temsilcilik,/tem.sil.d͡ʒi.ˈlik/
temsili,/tem.si.ˈli/
temsilim,/tem.siː.ˈlim/
temsilimi,/tem.siː.lim.ˈni/
temsilimin,/tem.siː.lim.ˈnin/
temsilin,/tem.siː.ˈlin/
temsilini,/tem.siː.lin.ˈni/
temsilinin,/tem.siː.lin.ˈnin/
temsiller,/tem.sil.ˈleɾ/
temsilî,/tem.siː.ˈliː/
teodise,/teodiˈse/
teoloji,/teoloˈʒi/
teori,/te.o.ˈɾi/
tepe,/teˈpe/
tepelemez,/tepeleˈmez/
tepeler,/tepeˈleɾ/
tepesi,/tepeˈsi/
tepetakla,/te.pe.takˈɫa/
ter,/ˈteɾ/
tercih,/teɾ.ˈd͡ʒih/
tercihi,/teɾ.d͡ʒi.ˈhi/
tercihler,/teɾ.d͡ʒihˈleɾ/
tercüman,/teɾd͡ʒyˈman/
tercüman olmak,/teɾd͡ʒyˈman olmac/
tercümanlık,/teɾd͡ʒymanˈlɯc/
tercümanı,/teɾd͡ʒymaˈnɯ/
tercümanım,/teɾd͡ʒymaˈnɯm/
tercümanın,/teɾd͡ʒymaˈnɯn/
tercüme,/teɾ.d͡ʒy.ˈme/
tercüme edilme,/teɾ.d͡ʒy.me e.dil.ˈme/
tercüme edilmek,/teɾ.d͡ʒy.ˈme e.dil.mec/
tercüme edilmeler,/teɾ.d͡ʒy.ˈme e.dil.me.ˈleɾ/
tercüme edilmeme,/teɾ.d͡ʒy.me e.ˈdil.me.me/
tercüme edilmesi,/teɾ.d͡ʒy.ˈme e.dil.me.ˈsi/
tercüme etme,/teɾ.d͡ʒy.ˈme ˈet.me/
tercüme etmek,/teɾ.d͡ʒy.ˈme et.mec/
tercüme etmeler,/teɾ.d͡ʒy.ˈme et.me.ˈleɾ/
tercüme etmeme,/teɾ.d͡ʒy.me et.me.ˈme/
tercüme etmesi,/teɾ.d͡ʒy.ˈme et.me.ˈsi/
terde,/teɾˈde/
terden,/teɾˈden/
tere,/teˈɾe/
tereler,/teɾeˈleɾ/
teri,/teˈɾi/
terim,/te.ˈɾim/
terimi,/teɾiˈmi/
terimin,/teɾiˈmin/
terimler,/teɾimˈleɾ/
terimlerde,/teɾimleɾˈde/
terimlerden,/teɾimleɾˈden/
terimlere,/teɾimleˈɾe/
terimleri,/teɾimleˈɾi/
terimlerin,/teɾimleˈɾin/
terin,/teˈɾin/
terleme,/teɾleˈme/
terlemek,/teɾleˈmec/
terlemem,/teɾleˈmem/
terlemez,/ˈteɾleˈmez/
terler,/teɾˈleɾ/
terlerde,/teɾleɾˈde/
terlerden,/teɾleɾˈden/
terlere,/teɾleˈɾe/
terleri,/teɾleˈɾi/
terlerim,/teɾleɾˈim/
terlerin,/teɾleˈɾin/
tertibe,/teɾtiˈbe/
tertibi,/teɾtiˈbi/
tertibin,/teɾtiˈbin/
tertiblere,/teɾtipleˈɾin/
tertibleri,/teɾtipleˈɾi/
tertip,/teɾˈtip/
tertipler,/teɾtipˈleɾ/
tertiplerde,/teɾtipleɾˈde/
tertiplerden,/teɾtipleɾˈden/
tertiplere,/teɾtipleˈɾe/
tertipleri,/teɾtipleˈɾi/
tertiplerin,/teɾtipleˈɾin/
terör,/teˈɾœɾ/
terörde,/teɾœɾˈde/
terörden,/teɾœɾˈden/
teröre,/teɾœˈɾe/
terörler,/teɾœɾˈleɾ/
terörlerde,/teɾœɾleɾˈde/
terörlerden,/teɾœɾleɾˈden/
terörlere,/teɾœɾleˈɾe/
terörleri,/teɾœɾleˈɾi/
terörlerin,/teɾœɾleˈɾin/
terörü,/teɾœˈɾy/
terörün,/teɾœˈɾyn/
tesettür,/te.set.ˈtyɾ/
tesettürlü,/te.set.tyɾ.ˈly/
tesettürsüz,/te.set.tyɾ.ˈsyz/
tesir,/teːˈsiɾ/
tesirde,/teːsiɾˈde/
tesirden,/teːsiɾˈden/
tesire,/teːsiˈɾe/
tesiri,/teːsiˈɾi/
tesirin,/teːsiˈɾin/
tesirler,/teːsiɾˈleɾ/
teskin,/tesˈcin/
teslis,/tes.ˈlis/
teslisi,/tes.li.ˈsi/
teslisler,/tes.lis.ˈleɾ/
tespih namazı,/tes.ˈpih na.ma.zɯ/
tespit,/tes.ˈpit/
tespit etme,/tes.ˈpit et.me/
tespit etmek,/tes.ˈpit et.mec/
tespit etmeme,/tes.pit et.me.ˈme/
tespit etmememe,/tes.pit ˈet.me.me.me/
tespite,/tes.piː.ˈte/
tespiti,/tes.piː.ˈti/
tespitim,/tes.piː.ˈtim/
tespitin,/tes.piː.ˈtin/
tespitler,/tes.pit.ˈleɾ/
test,/ˈtest/
teste,/tesˈte/
testi,/tesˈti/
testim,/tesˈtim/
testin,/tesˈtin/
testler,/testˈłeɾ/
testlerde,/testłeɾˈde/
testlerden,/testłeɾˈden/
testlere,/testłeˈɾe/
testleri,/testłeˈɾi/
testlerim,/testłeˈɾim/
testlerin,/testłeˈɾin/
tetkik,/tet.ˈkik/
tevafuk,/tevaːˈfuc/
tevhit,/tev.ˈhit/
tevkif,/tev.ˈcif/
tevkifevi,/tev.ˈcif.e.vi/
tevkifhane,/tev.cif.haː.ˈne/
teyakkuz,/te.jak.ˈkuz/
teyze,/tejˈze/
teyzeler,/tejzeˈleɾ/
tezyif,/tez.ˈjif/
teçhizat,/tetʃ.hi.zat/
teşbih,/teʃbih/
teşbihler,/teʃbihˈleɾ/
teşekkür,/teʃecˈcyɾ/
teşekkür ederim,/teʃecˈcyɾ edeɾim/
teşekkür ederiz,/teʃecˈcyɾ edeˈɾiz/
teşekkür etmek,/teʃecˈcyɾ etˈmec/
teşekkür etmem,/teʃecˈcyɾ etmem/
teşekkür etmeyiz,/teʃecˈcyɾ etmeˈjiz/
teşekkürde,/teʃeccyɾˈde/
teşekkürden,/teʃeccyɾˈde/
teşekküre,/teʃeccyˈɾe/
teşekkürler,/teʃeccyɾˈleɾ/
teşekkürlerde,/teʃeccyɾleɾˈde/
teşekkürlerden,/teʃeccyɾleɾˈden/
teşekkürlere,/teʃeccyɾleˈɾe/
teşekkürleri,/teʃeccyɾleˈɾi/
teşekkürlerim,/teʃeccyɾleˈɾim/
teşekkürlerimi,/teʃeccyɾleɾiˈmi/
teşekkürlerimin,/teʃeccyɾleɾiˈmin/
teşekkürlerin,/teʃeccyɾleɾˈin/
teşekkürlerine,/teʃeccyɾleɾiˈne/
teşekkürlerini,/teʃeccyɾleɾiˈni/
teşekkürlerinin,/teʃeccyɾleɾiˈnin/
teşekkürü,/teʃeccyˈɾy/
teşekkürüm,/teʃeccyˈɾym/
teşekkürün,/teʃeccyˈɾyn/
teşkilat,/teʃ.kiː.ˈlat/
teşkilatlanma,/teʃkiːlatˈlanma/
teşkilatlı,/teʃkiːlatˈlɯ/
teşkilatsız,/teʃkiːlatˈsɯz/
teşkilatçı,/teʃkiːlatˈt͡ʃɯ/
teşkilatçılık,/teʃkiːlatt͡ʃɯˈlɯk/
teşkilatı,/teʃ.kiː.laː.ˈtɯ/
teşkilatım,/teʃ.kiː.laː.ˈtɯm/
teşkilatıma,/teʃ.kiː.laː.tɯ.ˈma/
teşkilatımı,/teʃ.kiː.laː.tɯ.ˈmɯ/
teşkilatımın,/teʃ.kiː.laː.tɯ.ˈmɯn/
teşkilatın,/teʃ.kiː.laː.ˈtɯn/
teşkilatına,/teʃ.kiː.laː.tɯ.ˈna/
teşkilatını,/teʃ.kiː.laː.tɯ.ˈnɯ/
teşkilatının,/teʃ.kiː.laː.tɯ.ˈnɯn/
teşkilât,/teʃkiːˈlat/
teşkilâtlı,/teʃkiːlatˈlɯ/
teşkilâtçı,/teʃkiːlatˈt͡ʃɯ/
teşkilâtçılık,/teʃkiːlatt͡ʃɯˈlɯk/
teşkilâtı,/teʃ.kiː.laː.ˈtɯ/
teşrik,/teʃ.ˈɾic/
teşrik tekbiri,/teʃ.ˈɾic tek.biː.ɾi/
teşrik tekbirin,/teʃ.ˈɾic tek.biː.ˈrin/
teşrik tekbirini,/teʃ.ˈɾic tek.biː.ri.ˈni/
teşrik tekbirinin,/teʃ.ˈɾic tek.biː.ri.ˈnin/
teşrik tekbirleri,/teʃ.ˈɾic tek.biɾ.le.ˈɾi/
teşrik tekbirlerin,/teʃ.ˈɾic tek.biɾ.le.ˈɾin/
teşrik tekbirlerini,/teʃ.ˈɾic tek.biɾ.le.ɾi.ˈni/
teşrik tekbirlerinin,/teʃ.ˈɾic tek.biɾ.le.ɾi.ˈnin/
ticaret,/tid͡ʒaːɾet/
tim,/ˈtim/
timsah,/timˈsah/
timsahlarda,/timsahlaɾˈda/
timsahlardan,/timsahlaɾˈdan/
timsahları,/timsahlaˈɾɯ/
timsahların,/timsahlaˈɾɯn/
timsahı,/timsaˈhɯ/
timsahım,/timsaˈhɯm/
tip,/ˈtip/
tipik,/ti.pic/
tis‘a,/ˈtis.ʔa/
tiyatro,/tiˈjatro/
tiyin,/tiːjin/
tişört,/ˈtiːʃœɾt/
tokat,/to.ˈcat/
tombik,/tom.ˈbic/
tombikler,/tom.bic.ˈleɾ/
tombiği,/tom.bi.ˈ‿i/
tombiğim,/tom.bi.ˈ‿im/
tombiğin,/tom.bi.ˈ‿in/
ton,/ˈton/
tonga,/tonˈga/
top,/ˈt̪ʰo̞pʰ/
topla,/top.ˈla/
toplam,/topˈlam/
toplama,/top.ˈla.ma/
toplantı,/toplanˈtɯ/
topluluk,/top.lu.ˈluc/
topluluk ismi,/top.lu.ˈluc is.mi/
topluluk ismin,/top.lu.ˈluc is.ˈmin/
topluluk ismini,/top.lu.ˈluc is.mi.ˈni/
topluluk isminin,/top.lu.ˈluc is.mi.ˈnin/
topluluklar,/top.lu.lucˈlaɾ/
topluluklara,/top.lu.luc.la.ˈɾa/
topluluklarda,/top.lu.luc.laɾ.ˈda/
topluluklardan,/top.lu.luc.laɾ.ˈdan/
toplulukları,/top.lu.luc.la.ˈɾɯ/
toplulukların,/top.lu.luc.la.ˈɾɯn/
topluluğa,/top.lu.lu.ˈ‿a/
topluluğu,/top.lu.lu.ˈ‿u/
topluluğun,/top.lu.lu.ˈ‿n/
toplum,/topˈlum/
topoloji,/topoloˈʒi/
topolojide,/topoloʒiˈde/
topolojiden,/topoloʒiˈden/
topolojik,/topoloˈʒik/
topolojiler,/topoloʒiˈleɾ/
topolojim,/topoloˈʒim/
topolojini,/topoloʒiˈni/
topolojinin,/topoloʒiˈnin/
topolojisi,/topoloʒiˈsi/
topolojiye,/topoloʒiˈje/
toprak,/top.ɾak/
topraklarda,/topɾaclaɾˈda/
topraklardan,/topɾaclaɾˈdan/
toprakları,/topɾaclaˈɾɯ/
toprakların,/topɾaclaˈɾɯn/
toprağı,/top.ɾa.ˈ‿ɯ/
toprağım,/top.ɾa.ˈ‿ɯm/
toprağın,/top.ɾa.ˈ‿ɯn/
topsuz,/topˈsuz/
topyekûn,/ˈtopjeˈkjun/
torba,/toɾˈba/
torun,/to.ˈɾun/
torunu,/to.ɾu.ˈnu/
totem,/to.ˈtem/
totemci,/totemˈd͡ʒi/
totemcilik,/totemd͡ʒiˈlic/
totemist,/toteˈmist/
totemizm,/toteˈmizm/
totemli,/totemˈli/
totemsiz,/totemˈsiz/
toy,/ˈtoj/
trafik,/t(ɯ)ɾaˈfic/
transmisyon elektron mikroskobu,/trans.mis.jon e.lek.ˈtɾon mik.ɾos.ko.bu/
tren,/tɾen/
trigonometri,/trigonometˈɾi/
trigonometrik,/trigonometˈɾic/
triyaj,/tɾi.ˈjaʒ/
tsunami,/t(u).su.ˈna.mi/
tu,/ˈtu/
tufan,/tuːˈfan/
tur,/ˈtuɾ/
tura,/tuˈɾa/
turdan,/turˈdan/
turla,/ˈtuɾla/
turlama,/tuɾlaˈma/
turlamak,/tuɾlaˈmac/
turlamaz,/turˈlar/
turp,/ˈtuɾp/
turpgiller,/tuɾpgilˈleɾ/
turu,/tuˈɾu/
turun,/tuˈɾun/
tutanak,/tu.ta.ˈnac/
tutar,/tu.ˈtaɾ/
tutma,/ˈtut.ma/
tutmasak,/ˈtut.ma.sak/
tutoyer,/ty.twa.je/
tutsak,/tut.ˈsak/
tuz,/ˈtuz/
tuzla,/ˈtuz.la/
tuzlası,/ˈtuz.la.ˈsɯ/
tuzlayı,/ˈtuz.la.ˈjɯ/
tâbiîn,/taː.bi.ˈʔiːn/
tâkriz,/tacˈɾiz/
tövbe,/tœv.ˈbe/
tövbekâr,/tœv.be.ˈkʲaɾ/
tövbekârı,/tœv.be.kʲaː.ˈɾɯ/
tövbeler,/tœv.be.ˈleɾ/
tövbeleri,/tœv.be.le.ˈɾi/
tövbelerin,/tœv.be.le.ˈɾin/
tövbesi,/tœv.be.ˈsi/
tövbesini,/tœv.be.si.ˈni/
tövbesinin,/tœv.be.si.ˈnin/
tüccar,/tyd͡ʒd͡ʒaɾ/
tüfek,/ty.fec/
tür,/ˈt̪ʰyɾ̞̊/
türbeler,/tyrbeˈleɾ/
türde,/tyɾˈde/
türden,/tyɾˈden/
türe,/tyˈɾe/
türeme fiil,/tyɾeˈme fiil/
türemek,/tyɾeˈmec/
türemiş fiil,/tyɾeˈmiʃ fiil/
türetilmek,/tyɾetiłˈmec/
türetmek,/tyɾetˈmec/
türev,/tyˈɾev/
türevi,/tyɾeˈvi/
türevim,/tyɾeˈvim/
türevin,/tyɾeˈvin/
türevler,/tyɾevˈleɾ/
türkü,/tyɾ.ˈcy/
türküm,/tyɾ.ˈkym/
türkün,/tyɾ.ˈkyn/
türlü,/tyɾˈly/
türü,/tyˈɾy/
türün,/tyˈɾyn/
türünü,/tyɾyˈny/
türünün,/tyɾyˈnyn/
tütsü,/tytˈsʏ/
tüyler,/tyjˈleɾ/
tüze,/ty.ze/
tılsım,/tɯl.ˈsɯm/
tıpkı,/tɯp.kɯ/
tırabzan,/tɾabʐan/
tıraş fırçası,/tɯˈɾaʃ fɯɾt͡ʃaˈsɯ/
tıraş köpüğü,/tɯˈɾaʃ cœpʏː‿ˈʏ/
tığ,/tɯː/
tığa,/tɯˈ‿a/
tığda,/tɯ‿ˈda/
tığdan,/tɯ‿ˈdan/
tığlar,/tɯ‿ˈlaɾ/
tığlara,/tɯ‿laˈɾa/
tığlarda,/tɯ‿laɾˈda/
tığlardan,/tɯ‿laɾˈdan/
tığları,/tɯ‿laˈɾı/
tığların,/tɯ‿laˈɾın/
tığı,/tɯˈ‿ɯ/
tığın,/tɯ‿ˈın/
uca,/uˈd͡ʒa/
ucu,/uˈd͡ʒu/
ucube,/u.d͡ʒuː.ˈbe/
ucun,/uˈd͡ʒun/
ufku,/uf.ˈku/
ufuk,/uˈfuk/
ugly,/ˈʌɡli/
ukubet,/ukuːˈbetˈleɾ/
ulam,/uˈlam/
ulama,/ulaˈma/
ulamı,/ulaˈmɯ/
ulamın,/ulaˈmɯn/
ulufe,/u.luː.ˈfe/
ulus,/uˈɫus/
uluslar,/ulusˈlaɾ/
uluslararası,/ulusˈlaraɾasɯ/
ulusu,/uluˈsu/
ulusçu,/ulusˈt͡ʃu/
umumiyet,/umuːmiˈjet/
umumiyete,/umuːmijeˈte/
umumiyeti,/umuːmijeˈti/
umumiyetin,/umuːmijeˈtin/
umumiyetle,/umuːmiˈjetle/
umumiyetler,/umuːmijetˈleɾ/
umumiyetlerde,/umuːmijetleɾˈde/
umumiyetlerden,/umuːmijetleɾˈden/
umumiyetlere,/umuːmijetleˈɾe/
umumiyetleri,/umuːmijetleˈɾi/
umumiyetlerin,/umuːmijetleˈɾin/
umumiyetten,/umuːmijetˈten/
unut,/uˈnut/
unutkan,/u.nut.ˈcan/
unutma,/unutˈma/
unutmabeni,/uˈnutmabeni/
us,/ˈus/
usta,/us̪ˈt̪a/
ustura,/us.ˈtʰu.ɾa/
usturası,/us.ˈtu.ɾa.ˈsɯ/
usturayı,/us.ˈtu.ɾa.ˈjɯ/
usturlap,/us.tuɾ.ˈlap/
ut,/ˈut/
uyak,/uˈjac/
uydu,/ujˈdu/
uygula,/ujguˈla/
uygulama,/uj.ɡu.ˈla.ma/
uygulama programlama arayüzleri,/uj.ɡu.la.ˈma pɾoɡ.ɾam.la.ˈma a.ˈɾa.jyz.le.ˈɾi/
uygulama programlama arayüzlerin,/uj.ɡu.la.ˈma pɾoɡ.ɾam.la.ˈma a.ˈɾa.jyz.le.ˈɾin/
uygulama programlama arayüzlerini,/uj.ɡu.la.ˈma pɾoɡ.ɾam.la.ˈma a.ˈɾa.jyz.le.ɾi.ˈni/
uygulama programlama arayüzlerinin,/uj.ɡu.la.ˈma pɾoɡ.ɾam.la.ˈma a.ˈɾa.jyz.le.ɾi.ˈnin/
uygulama programlama arayüzü,/uj.ɡu.la.ˈma pɾoɡ.ɾam.la.ˈma a.ɾa.jy.zy/
uygulama programlama arayüzün,/uj.ɡu.la.ˈma pɾoɡ.ɾam.la.ˈma a.ɾa.jy.ˈzyn/
uygulama programlama arayüzünü,/uj.ɡu.la.ˈma pɾoɡ.ɾam.la.ˈma a.ɾa.jy.zy.ˈny/
uygulama programlama arayüzünün,/uj.ɡu.la.ˈma pɾoɡ.ɾam.la.ˈma a.ɾa.jy.zy.ˈnyn/
uygulama yazılımı,/uj.ɡu.la.ˈma ja.zɯ.lɯ.mɯ/
uygulamacık,/uj.ɡu.la.ma.ˈd͡ʒɯc/
uygulaması,/uj.ɡu.la.ma.ˈsɯ/
uygulamayı,/uj.ɡu.la.ma.ˈjɯ/
uyku,/uj.ˈku/
uykucu,/uj.cu.ˈd͡ʒu/
uykuculuk,/uj.cu.d͡ʒu.ˈluc/
uykular,/uj.cuˈlaɾ/
uykulu,/uj.cu.ˈlu/
uykusu,/uj.cu.ˈsu/
uykusuz,/uj.cu.ˈsuz/
uykusuzluk,/uj.cu.suz.ˈluc/
uykuyu,/uj.cuˈju/
uymadı,/ˈujmadɯ/
uymak,/ujˈmac/
uyruklu,/ujrucˈlu/
uyruksuz,/ujrucˈsuz/
uyuklar,/uj.uc.ˈlaɾ/
uyuşturucu,/ujuʃtuɾuˈd͡ʒu/
uyuşturucu madde,/ujuʃtuɾuˈd͡ʒu madde/
uz,/ˈuz/
uzay,/uˈzaj/
uzay ajansları,/u.ˈzaj a.d͡ʑans.la.ˈɾɯ/
uzay ajansı,/u.ˈzaj a.d͡ʑan.sɯ/
uzay ajansın,/u.ˈzaj a.d͡ʑan.ˈsɯn/
uzay ajansını,/u.ˈzaj a.d͡ʑan.sɯ.ˈnɯ/
uzay ajansının,/u.ˈzaj a.d͡ʑan.sɯ.ˈnɯn/
uzay aracı,/uzaj aɾaˈd͡ʒɯ/
uzay aracını,/uˈzaj aɾad͡ʒɯˈnɯ/
uzay araçları,/uˈzaj aɾat͡ʃlaˈɾɯ/
uzay mekiği,/uˈzaj meciˈ‿i/
uzay teleskobu,/u.ˈzaj te.les.ko.bu/
uzay teleskobunu,/u.ˈzaj te.les.ko.bu.ˈnu/
uzay teleskobunun,/u.ˈzaj te.les.ko.bu.ˈnun/
uzay teleskopları,/u.ˈzaj te.les.cop.la.ˈɾɯ/
uzay teleskopların,/u.ˈzaj te.les.cop.la.ˈɾɯn/
uzay teleskoplarını,/u.ˈzaj te.les.cop.la.ɾɯ.ˈnɯ/
uzay teleskoplarının,/u.ˈzaj te.les.cop.la.ɾɯ.ˈnɯn/
uzay üssü,/u.ˈzaj ys.sy/
uzay-zaman,/u.ˈzaj-za.man/
uzay-zaman sürekliliği,/u.ˈzaj-za.ˈman sy.ɾec.li.li.ˈ‿i/
uzaylar,/uzajˈlaɾ/
uzayzaman,/u.ˈzaj.za.man/
uzayı,/uzaˈjɯ/
uzi,/uˈzi/
uzo,/uˈzɔ/
uzun,/uˈz̪un̪/
uç,/ˈut͡ʃ/
uçak,/u.ˈtʃak/
uçaklara,/u.tʃac.la.ˈɾa/
uçaklarda,/u.tʃac.laɾ.ˈda/
uçaklardan,/u.tʃac.laɾ.ˈdan/
uçakları,/u.tʃac.la.ˈɾɯ/
uçakların,/u.tʃac.la.ˈɾɯn/
uçağa,/u.tʃa.ˈ‿a/
uçağı,/u.tʃa.ˈ‿ɯ/
uçağım,/u.tʃa.ˈ‿ɯm/
uçağıma,/u.tʃa.‿ɯ.ˈma/
uçağımda,/u.tʃa.‿ɯm.ˈda/
uçağımdan,/u.tʃa.‿ɯm.ˈdan/
uçağımı,/u.tʃa.‿ɯ.ˈmɯ/
uçağımın,/u.tʃa.‿ɯ.ˈmɯn/
uçağın,/u.tʃa.ˈ‿ɯn/
uçları,/ut͡ʃ.la.ˈɾɯ/
uçların,/ut͡ʃ.la.ˈɾɯn/
uçmak,/ut͡ʃ.mak/
uçuç böcekleri,/ut͡ʃˈut͡ʃ bœd͡ʒecleˈɾi/
uçuç böceği,/ut͡ʃˈut͡ʃ bœd͡ʒeˈ‿i/
uğramak,/u‿ɾaˈmac/
uğur böceği,/uˈ‿uɾ bœd͡ʒeˈ‿i/
vaaz,/va.ˈˤaz/
vacip namaz,/vaː.ˈd͡ʒip na.maz/
vacip namazı,/vaː.ˈd͡ʒip na.ma.ˈzɯ/
vadi,/vaː.ˈdiː/
vadiler,/vaː.diː.ˈleɾ/
vadisi,/vaː.diː.ˈsi/
vahdet,/vahˈdet/
vahiy,/va.ˈhiːj/
vahiyler,/va.hiː.ˈleɾ/
vahiysi,/va.hij.ˈsi/
vahy-i gayri metlüv,/vah.ji ˈɡaj.ɾi met.lyv/
vahy-i metlüv,/vah.ji met.lyv/
vahyi,/vah.ˈji/
vak,/ˈvɒk/
vaka,/vaˈca/
vakit,/va.ˈcit/
vakit kazanmak,/va.ˈcit ca.zan.mac/
vakit namazları,/va.ˈkit na.maz.la.ˈɾɯ/
vakit namazların,/va.ˈkit na.maz.la.ˈɾɯn/
vakit namazlarını,/va.ˈkit na.maz.la.ɾɯ.ˈnɯ/
vakit namazlarının,/va.ˈkit na.maz.la.ɾɯ.ˈnɯn/
vakit namazı,/va.ˈkit na.ma.zɯ/
vakit namazını,/va.ˈkit na.ma.zɯ.ˈnɯ/
vakit namazının,/va.ˈkit na.ma.zɯ.ˈnɯn/
vakitler,/va.cit.ˈleɾ/
vakitli,/va.cit.ˈli/
vakitli vakitsiz,/va.cit.ˈli va.cit.ˈsiz/
vakitsiz,/va.cit.ˈsiz/
vakitçe,/va.ˈcit.t͡ʃe/
vakti,/vacˈti/
vaktim,/vac.ˈtim/
vaktin,/vac.ˈtin/
valiz,/va.liz/
var,/ˈvaɾ/
var olmak,/ˈvaː.ɾol.mac/
vara,/vaˈɾa/
vardan,/vaɾˈdan/
varide,/vaˈɾide/
varlar,/vaɾˈlaɾ/
varlara,/vaɾlaˈɾa/
varlarda,/vaɾlaɾˈda/
varlardan,/vaɾlaɾˈdan/
varları,/vaɾlaˈɾɯ/
varoluş,/ˈvaːɾoluʃ/
varoş,/vaˈroʃ/
varsın,/ˈvaɾ.sɯn/
varım,/ˈva.ɾɯm/
varın,/vaˈɾɯn/
vasi,/vaˈsiː/
vasistas,/vasisˈtas/
vasıl olmak,/ˈvasɯɫ oɫˈmak/
vasıta,/vaːsɯˈta/
vatan,/vaˈtan/
vatandaş,/va.tan.ˈdaʃ/
vatandaşlar,/va.tan.daɯˈlaɾ/
vatandaşlık,/va.tan.daʃ.ˈlɯc/
vatandaşlığı,/va.tan.daʃ.lɯ.ˈ‿ɯ/
vatandaşlığın,/va.tan.daʃ.lɯ.ˈ‿ɯn/
vatandaşlığını,/va.tan.daʃ.lɯ.‿ɯ.ˈnɯ/
vatandaşlığının,/va.tan.daʃ.lɯ.‿ɯ.ˈnɯn/
vatandaşı,/va.tan.da.ˈʃɯ/
vatansız,/vatanˈsɯz/
vazife,/vaziːˈfe/
vazifeler,/vaziːfeˈleɾ/
vazifesi,/vaziːfeˈsi/
vaziyetler,/vazijetˈleɾ/
ve,/ˈve/
vekil,/ve.ˈcil/
vekili,/ve.ciː.ˈli/
vekiller,/ve.cil.ˈleɾ/
vektör,/vecˈtœɾ/
vektörde,/vectœɾˈde/
vektörden,/vectœɾˈden/
vektöre,/vectœˈɾe/
vektörler,/vectœɾˈleɾ/
vektörü,/vectœˈɾy/
vektörüm,/vecˈtœɾym/
vektörümü,/vectœɾyˈmy/
vektörümün,/vectœɾyˈmyn/
vektörün,/vectœˈɾyn/
vektörünü,/vectœɾyˈny/
vektörünün,/vectœɾyˈnyn/
vekâlet,/ˈve.kʲaː.ˈɫet/
vekâletname,/ve.kjaː.ɫet.naː.ˈme/
veli,/veˈliː/
veliler,/ve.liː.ˈleɾ/
velisi,/ve.liː.ˈsi/
ver,/ˈveɾ/
verdik,/veɾ.ˈdik/
vergi,/veɾˈɡi/
vergilben,/fea̯ˈɡilbən/
vergisi,/veɾɡiˈsi/
veri,/ve.ˈɾi/
veri tabanları,/ve.ˈɾi ta.ban.la.ˈɾɯ/
veri tabanlarına,/veˈɾi tabanlaɾɯˈna/
veri tabanlarında,/veˈɾi tabanlaɾɯnˈda/
veri tabanlarından,/veˈɾi tabanlaɾɯnˈdan/
veri tabanlarını,/veˈɾi tabanlaɾɯˈnɯ/
veri tabanlarının,/veˈɾi tabanlaɾɯˈnɯn/
veri tabanı,/ve.ˈɾi ta.ba.nɯ/
veri tabanı yönetim sistemleri,/veˈɾi tabaˈnɯ jœneˈtim sistemleˈɾi/
veri tabanım,/ve.ˈɾi ta.ba.ˈnɯm/
veri tabanın,/ve.ˈɾi ta.ba.ˈnɯn/
veri tabanına,/veˈɾi tabanɯˈna/
veri tabanında,/veˈɾi tabanɯnˈda/
veri tabanından,/veˈɾi tabanɯnˈdan/
veri tabanını,/ve.ˈɾi ta.ba.nɯ.ˈnɯ/
veri tabanının,/ve.ˈɾi ta.ba.nɯ.ˈnɯn/
veri toplama,/ve.ˈɾi top.ˈla.ma/
veride,/ve.ɾi.ˈde/
veriden,/ve.ɾi.ˈden/
veriler,/ve.ɾiˈleɾ/
verilerde,/ve.ɾi.leɾ.ˈde/
verilerden,/ve.ɾi.leɾ.ˈden/
verilere,/ve.ɾi.le.ˈɾe/
verileri,/ve.ɾi.le.ˈɾi/
verilerim,/ve.ɾi.le.ˈɾim/
verilerin,/ve.ɾi.le.ˈɾin/
verimlilik,/ve.ɾim.li.ˈlic/
verin,/ˈve.ɾin/
verini,/ve.ɾi.ˈni/
verinin,/ve.ɾi.ˈnin/
verir,/veɾ.ˈɾiɾ/
verisi,/ve.ɾi.ˈsi/
veriye,/ve.ɾi.ˈje/
verme,/ˈveɾ.me/
vermedik,/ˈveɾ.me.dik/
vermek,/veɾˈmec/
vermeler,/veɾ.me.ˈleɾ/
vermeme,/ˈveɾ.me.ˈme/
vermemeler,/ˈveɾ.me.me.leɾ/
vermemesi,/ˈveɾ.me.me.ˈsi/
vermesi,/veɾ.me.ˈsi/
vermeyi,/veɾ.meˈji/
vermez,/veɾ.ˈmez/
vesselam,/ˈvessełam/
vesvese,/vesveˈse/
vesveseli,/vesveseˈli/
vesveselilik,/vesveseliˈlic/
vesvesesiz,/vesveseˈsiz/
vesvesesizlik,/vesvesesizˈsizc/
vezin,/veˈzin/
vezinler,/vezinˈleɾ/
vezir,/ˈve.ziɾ/
viki,/ˈvi.ˈci/
vikiler,/vi.ci.ˈleɾ/
vikisi,/vi.ci.ˈsi/
virüs,/ˈviɾys/
vivir,/bibir/
vizon,/viˈzon/
vlog,/ˈvloɡ/
vlogcu,/vloɡ.ˈd͡ʒu/
vlogcular,/vloɡ.d͡ʒu.ˈlaɾ/
vlogculuk,/vloɡ.d͡ʒu.ˈluc/
vlogculuklar,/vloɡ.d͡ʒu.luc.ˈlaɾ/
vlogculuğu,/vloɡ.d͡ʒu.lu.ˈ‿u/
vlogculuğum,/vloɡ.d͡ʒu.lu.ˈ‿um/
vlogculuğun,/vloɡ.d͡ʒu.lu.ˈ‿un/
vlogcusu,/vloɡ.d͡ʒu.ˈsu/
vlogcuyu,/vloɡ.d͡ʒu.ˈju/
vloglar,/vloɡ.ˈlaɾ/
vlogu,/vlo.ˈɡu/
vlogum,/vlo.ˈɡum/
vlogun,/vlo.ˈgun/
vokabüler,/vɔ.ka.by.leɾ/
vokatif,/ˈvo.ca.tif/
volkan,/vol.ˈcan/
volkanları,/vol.can.la.ˈɾɯ/
volkanların,/vol.can.la.ˈɾɯn/
volkanolog,/vol.ca.no.ˈloɡ/
volkanoloji,/vol.ca.no.lo.ˈʒi/
volkanı,/vol.ca.ˈnɯ/
volkanın,/vol.ca.ˈnɯn/
volüm,/vɔ.lym/
vulva,/ˈvulva/
vâkıf,/vaːkɯf/
vâsi,/vaːˈsi/
vərəqləmək,/væræglæmæk/
xanım,/xaːˈnɯm/
ya da,/ˈja da/
yabancı,/ja.ban.ˈd͡ʒɯ/
yabancısı,/ja.ban.d͡ʒɯ.ˈsɯ/
yabancıyı,/ja.ban.d͡ʒɯ.ˈjɯ/
yabani enginar,/jabaːˈniː eɳɟiˈnaɾ/
yabgu,/jab.ˈɡu/
yafta,/jaf.ˈta/
yaftalama,/jaf.ta.ˈla.ma/
yaftalamak,/jaf.ta.la.ˈmac/
yaka,/ja.ˈca/
yakalamaz,/ja.ca.la.ˈmaz/
yakamoz,/ja.ˈca.moz/
yakası,/ja.ca.ˈsɯ/
yakasın,/ja.ca.ˈsɯn/
yakasını,/ja.ca.sɯ.ˈnɯ/
yakasının,/ja.ca.sɯ.ˈnɯn/
yakayı,/ja.ca.ˈjɯ/
yakut,/jaː.ˈcut./
yakın,/ˈja.kɯn/
yalak,/jaˈlac/
yalaklara,/jalaclaˈɾa/
yalaklarda,/jalaclaɾˈda/
yalaklardan,/jalaclaɾˈdan/
yalakları,/jalaclaˈɾɯ/
yalaklarım,/jalaclaˈɾɯm/
yalakların,/jalaclaˈɾɯn/
yalama,/ja.ˈla.ma/
yalamama,/ja.la.ma.ˈma/
yalan,/ja.ˈlan/
yalancı,/ja.lan.ˈd͡ʒɯ/
yalancı peygamber,/ja.lan.ˈd͡ʒɯ pej.ɡam.beɾ/
yalancı peygamberi,/ja.lan.ˈd͡ʒɯ pej.ɡam.be.ˈɾi/
yalancı peygamberin,/ja.lan.ˈd͡ʒɯ pej.ɡam.be.ˈɾin/
yalancı peygamberler,/ja.lan.ˈd͡ʒɯ pej.ɡam.beɾ.leɾ/
yalancılık,/ja.lan.d͡ʒɯ.ˈlɯc/
yalancılığı,/jaland͡ʒɯlɯˈ‿ɯ/
yalancısı,/ja.lan.d͡ʒɯ.ˈsɯ/
yalancıyı,/ja.lan.d͡ʒɯ.ˈjɯ/
yalandan,/ja.ɫanˈdan/
yalanma,/ja.ˈlan.ma/
yalanmama,/ja.ˈlan.ma.ma/
yalağa,/jalaˈ‿a/
yalağı,/jalaˈ‿ɯ/
yalağım,/jalaˈ‿ɯm/
yalağın,/jalaˈ‿ɯn/
yalnız,/jalˈnɯz/
yalvaç,/jaɫˈvat͡ʃ/
yalın durum,/jaˈlɯn durum/
yalın hâl,/jaˈlɯn haːɫ/
yamak,/ja.ˈmac/
yanardağ,/ja.ˈnaɾ.daː/
yanardağ patlaması,/ja.ˈnaɾ.da‿ pat.la.ma.sɯ/
yanardağı,/ja.ˈnaɾ.daː.ˈ‿ɯ/
yanardağın,/ja.ˈnaɾ.daː.ˈ‿ɯn/
yanlık,/janˈlɯk/
yanı,/jaˈnɯ/
yanı sıra,/jaˈnɯ sɯˈɾa/
yanıt,/jaˈnɯt/
yanıtla,/janɯtˈla/
yanıtlama,/janɯtˈlama/
yanıtlamaz,/ˈjanɯtlaˈmaz/
yap,/ˈjap/
yapabilen,/ya.pa.bi.ˈlen/
yapamayan,/ya.ˈpa.ma.jan/
yapar,/jaˈpaɾ/
yapay zekâ,/ja.ˈpaj ze.kʲaː/
yapay zekâsı,/ja.ˈpaj ze.kʲaː.ˈsɯ/
yapay zekâyı,/ja.ˈpaj ze.kʲaː.ˈjɯ/
yapma,/ˈjap.ma/
yapma gübre,/japˈma ɟybˈɾe/
yapmak,/jap.ˈmak/
yapmaları,/ˈjap.ma.la.ˈɾɯ/
yapmaların,/ˈjap.ma.la.ˈɾɯn/
yapması,/ˈjap.ma.ˈsɯ/
yapmayı,/ˈjap.ma.ˈjɯ/
yaprak,/jap.ɾak/
yapraklı,/jap.ɾac.ˈlɯ/
yapraksız,/jap.ɾac.ˈsɯz/
yaptırmak,/japtɯɾˈmac/
yaptırtmak,/japtɯɾtˈmac/
yapı,/ja.ˈpɯ/
yapılar,/ja.pɯˈlaɾ/
yapım,/ja.ˈpɯm/
yapımı,/ja.pɯ.ˈmɯ/
yapısal örüntü,/dav.ɾa.ˈrɯʃ œ.ɾyn.ty.sy/
yapısı,/ja.pɯ.ˈsɯ/
yapıyı,/ja.pɯ.ˈjɯ/
yar,/ˈjaɾ/
yarak,/jaˈɾak/
yaratılışçılık,/jaɾatɯɫɯʃt͡ʃɯˈɫɯk/
yardım,/jaɾ.ˈdɯm/
yardımcı,/jaɾ.dɯm.ˈd͡ʒɯ/
yardımlar,/jaɾ.dɯmˈlaɾ/
yardımı,/jaɾ.dɯ.ˈmɯ/
yardımım,/jaɾ.dɯ.ˈmɯm/
yardımın,/jaɾ.dɯ.ˈmɯn/
yarı,/ja.ˈɾɯ/
yarı grup,/ja.ˈɾɯ ɡɾup/
yarı küre,/ya.ˈɾɯ ky.ɾe/
yarı metal,/ja.ˈɾɯ me.taɫ/
yarı soy metal,/ja.ˈɾɯ soj me.taɫ/
yarım,/ja.ˈɾɯm/
yarım küre,/ya.ˈɾɯm ky.ɾe/
yarıma,/ja.ɾɯ.ˈma/
yarımada,/ja.ˈɾɯ.ma.da/
yarımadaları,/ja.ˈɾɯ.ma.da.la.ˈɾɯ/
yarımadaların,/ja.ˈɾɯ.ma.da.la.ˈɾɯn/
yarımadalarını,/ja.ˈɾɯ.ma.da.la.ɾɯ.ˈnɯ/
yarımadalarının,/ja.ˈɾɯ.ma.da.la.ɾɯ.ˈnɯn/
yarımadası,/ja.ˈɾɯ.ma.da.ˈsɯ/
yarımadayı,/ja.ˈɾɯ.ma.da.ˈjɯ/
yarımı,/ja.ɾɯ.ˈmɯ/
yarımın,/ja.ɾɯ.ˈmɯn/
yarın,/ˈja.ɾɯn/
yarını,/ja.ɾɯ.ˈnɯ/
yarının,/ja.ɾɯ.ˈnɯn/
yasa,/jaˈsa/
yasama,/ja.ʃa.ˈma/
yatak,/ja.ˈtak/
yataklar,/ja.ˈtac.ˈlaɾ/
yatalak,/ja.ta.ˈlac/
yatağı,/ja.ˈta.ˈ‿ɯ/
yavaş,/jaˈvaʃ/
yavru,/jav.ˈɾu/
yavrulamaz,/jav.ɾu.la.ˈmaz/
yavruları,/jav.ɾu.la.ˈɾɯ/
yavrularım,/jav.ɾu.ˈla.ɾɯm/
yavrusu,/jav.ɾu.ˈsu/
yavruyu,/jav.ɾu.ˈju/
yavuklu,/javucˈlu/
yavuz,/jaˈvuz/
yaxınlaşdırmaq,/yaxɯnlaʃdɯrmag/
yay,/ˈjaj/
yayla,/ˈja.jla/
yaymasa,/ˈjaj.ma.sa/
yayın,/ja.ˈjɯn/
yaz,/ˈjaz/
yaz gün dönümü,/ˈjaz ɡyn dœnyˈmy/
yazarlar,/jazaɾˈlaɾ/
yazda,/jazˈda/
yazdan,/jazˈdan/
yazmış,/ˈjaz.mɯʃ/
yazı,/jaˈzɯ/
yazılmak,/jaˈzɯlmac/
yazılı yoklamalar,/jazɯlɯ joclamaˈlaɾ/
yazılım,/ja.zɯ.ˈlɯm/
yazılımda,/ja.zɯ.lɯm.ˈda/
yazılımdan,/ja.zɯ.lɯm.ˈdan/
yazılımlama,/jazɯlɯmlaˈma/
yazılımlamalar,/jazɯlɯmlamaˈlaɾ/
yazılımlamayı,/jazɯlɯmlamaˈjɯ/
yazılımlara,/ja.zɯ.ˈlɯm.la.ˈɾa/
yazılımlarda,/ja.zɯ.ˈlɯm.laɾ.ˈda/
yazılımlardan,/ja.zɯ.ˈlɯm.laɾ.ˈdan/
yazılımları,/ja.zɯ.ˈlɯm.la.ˈɾɯ/
yazılımlarım,/ja.zɯ.ˈlɯm.la.ˈɾɯm/
yazılımların,/ja.zɯ.ˈlɯm.la.ˈɾɯn/
yazılımı,/ja.zɯ.lɯ.ˈmɯ/
yazılımım,/ja.zɯ.lɯ.ˈmɯm/
yazılımın,/ja.zɯ.lɯ.ˈmɯn/
yazım,/ja.ˈzɯm/
yazımcı,/ja.zɯm.ˈd͡ʒɯ/
yazın,/jaˈzɯn/
yağ,/ˈj‿a/
yağlar,/j‿aˈlaɾ/
yağmur,/jaː.ˈmuɾ/
yaş,/ˈjaʃ/
yaşa,/jaˈʃa/
yaşam,/ja.ˈʃam/
yaşama,/ja.ˈʃa.ma/
yaşamak,/ja.ʃa.ˈmac/
yaşaması,/ja.ʃa.ma.ˈsɯ/
yaşamayı,/ja.ʃa.ma.ˈjɯ/
yaşamı,/ja.ʃa.ˈmɯ/
yaşamım,/ja.ʃa.ˈmɯm/
yaşamın,/ja.ʃa.ˈmɯn/
yaşanma,/ja.ʃan.ˈma/
yaşanmak,/ja.ʃan.ˈmac/
yaşanmama,/ja.ˈʃan.ma.ma/
yaşanılma,/ja.ʃa.nɯl.ˈma/
yaşanılmak,/ja.ʃa.nɯl.ˈmac/
yaşanılmama,/ja.ʃa.ˈnɯl.ma.ma/
yaşça,/ˈjaʃˈt͡ʃa/
ye,/ˈje/
yedi,/je.ˈdi/
yedi düvel,/jeˈdi dyvel/
yedi ölümcül günah,/jeˈdi œlymˈd͡ʒyl ˈgynah/
yediler,/je.di.ˈleɾ/
yedileri,/ye.di.le.ˈɾi/
yediveren,/jeˈdiveɾen/
yekûn çekmek,/jeˈkjun t͡ʃecmec/
yel,/ˈjel/
yeller,/jel.ˈleɾ/
yeme,/ˈje.me/
yemediler,/ˈje.me.di.leɾ/
yemek,/je.ˈmec/
yemek kitabı,/jeˈmec citaˈbɯ/
yemekler,/je.mec.ˈleɾ/
yemeklerde,/jemecleɾˈde/
yemeklerden,/jemecleɾˈden/
yemeklere,/jemecˈleɾe/
yemekleri,/jemecˈleɾi/
yemeklerim,/jemecleˈɾim/
yemeklerin,/jemecleˈɾin/
yemeklerini,/jemecleɾiˈni/
yemem,/jeˈmem/
yememe,/ˈje.me.me/
yememiş,/ˈjememiʃ/
yememişler,/ˈje.me.miʃ.ˈłeɾ/
yemez,/jæˈmez/
yemezler,/je.ˈmez.leɾ/
yemeğe,/jemeˈ‿e/
yemeği,/je.me.ˈ‿i/
yemeğim,/jemeˈ‿im/
yemeğimi,/jeme‿iˈmi/
yemeğimin,/jeme‿iˈmin/
yemeğin,/je.me.ˈ‿in/
yemeğini,/je.me.‿i.ˈni/
yemeğinin,/je.me.‿i.ˈnin/
yemin,/je.ˈmin/
yemiş,/je.ˈmiʃ/
yemişe,/jemiˈʃe/
yemişi,/jemiˈʃi/
yemişin,/jemiˈʃin/
yemişler,/je.miʃ.ˈłeɾ/
yenilemeler,/jenilemeˈleɾ/
yer,/ˈjæɾ/
yer yemez,/ˈjeɾ je.ˈmez/
yer yer,/ˈjæɾ jæɾ/
yer çekimi,/ˈjeɾ t͡ʃeciˈmi/
yer çekiminde,/ˈjeɾ t͡ʃeciminˈde/
yer çekiminden,/ˈjeɾ t͡ʃeciminˈden/
yer çekimine,/ˈjeɾ t͡ʃecimiˈne/
yer çekimini,/ˈjeɾ t͡ʃecimiˈni/
yer çekiminin,/ˈjeɾ t͡ʃecimiˈnin/
yer çekimlerinde,/ˈjeɾ t͡ʃecimleɾinˈde/
yer çekimlerinden,/ˈjeɾ t͡ʃecimleɾinˈden/
yer çekimlerine,/ˈjeɾ t͡ʃecimleɾiˈne/
yer çekimlerini,/ˈjeɾ t͡ʃecimleɾiˈni/
yer çekimlerinin,/ˈjeɾ t͡ʃecimleɾiˈnin/
yercik,/jerˈd͡ʒic/
yerde,/jeɾˈde/
yerden,/jeɾˈden/
yere,/jeˈɾe/
yeri,/jeˈɾi/
yerim,/jeˈɾim/
yerimiz,/jeɾimiz/
yerin,/jeˈɾin/
yerinde,/jeɾinˈde/
yerine,/jeɾiˈne/
yerini,/jeɾiˈni/
yerinin,/jeɾiˈnin/
yerler,/ˈjeɾ.leɾ/
yerlerde,/jeɾleɾˈde/
yerlerden,/jeɾleɾˈden/
yerlere,/jeɾleˈɾe/
yerleri,/jeɾleˈɾi/
yerlerim,/jeɾleˈɾim/
yerlerin,/jeɾleˈɾin/
yerlerinde,/jeɾleɾinˈde/
yerlerinden,/jeɾleɾinˈden/
yerlerine,/jeɾleɾiˈne/
yerlerini,/jeɾleɾiˈni/
yerlerinin,/jeɾleɾiˈnin/
yermeli,/jeɾmeˈłi/
yetenek,/je.te.ˈnec/
yetim,/jeˈtim/
yetimhane,/jetimhaːˈne/
yetkili,/jetkiˈli/
yetkililer,/jetkiliˈleɾ/
yetkiliye,/jetkiliˈje/
yevmiye,/jevmiˈje/
yeşilimtırak,/jeʃilimtɯˈɾak/
yirmilik diş,/jiɾ.mi.ˈlic diʃ/
yitirmek,/jitiɾˈmec/
yiyim,/jiˈjim/
ykkönen,/ˈykːœnen/
yok,/ˈjok/
yoklamak,/joclaˈmac/
yoklamaz,/joclaˈmaz/
yoksa,/ˈjo̞k.s̪a/
yoksul,/jo̞kˈsul/
yoksun,/jokˈsun/
yokum,/ˈjo.ɾɯm/
yol,/ˈjol/
yola,/joˈla/
yolda,/jolˈda/
yoldan,/jolˈdan/
yolla,/ˈjolla/
yollamak,/jol.la.ˈmac/
yollarda,/jollaɾˈda/
yollardan,/jollaɾˈdan/
yolların,/jollaˈɾɯn/
yolma,/ˈjol.ma/
yolmama,/jol.ma.ˈma/
yolması,/jol.ma.ˈsɯ/
yolmayı,/jol.ma.ˈjɯ/
yolu,/jo.ˈlu/
yolun,/jo.ˈlun/
yolunu,/jo.lu.ˈnu/
yolunun,/jo.lu.ˈnun/
yortu,/joɾ.ˈtu/
yortunu,/joɾ.tu.ˈnu/
yortunun,/joɾ.tu.ˈnun/
yortusu,/joɾ.tu.ˈsu/
yortuyu,/joɾ.tu.ˈju/
yoğu,/jocˈ‿u/
yoğun,/joˈ‿un/
yoğun bakım,/joˈ‿un baˈcɯm/
yoğun bakım ünitesi,/jo.ˈ‿un ba.ˈcɯm y.ni.te.ˈsi/
yoğurdu,/jo‿uɾˈdu/
yoğurt,/joˈ‿uɾt/
yukarı,/ju.ka.ˈɾɯ/
yulaf ezmeleri,/juˈlaf ezmeˈsi/
yumruk,/yumruk/
yumrukla,/jumˈɾucla/
yumurta,/ju.muɾ.ˈta/
yumurtaları,/jumuɾtalaˈɾɯ/
yumurtaların,/jumuɾtalaˈɾɯn/
yumurtanın,/jumuɾtaˈnɯn/
yumurtası,/jumuɾtaˈsɯ/
yumurtaya,/jumuɾtaˈja/
yumurtayı,/jumuɾtaˈjɯ/
yurt,/ˈjuɾt/
yuvarlak masa,/ju.vaɾ.ˈɫak ma.sa/
yuvarlak masası,/ju.vaɾ.ˈɫak ma.sa.ˈsɯ/
yuvarlak masayı,/ju.vaɾ.ˈɫak ma.sa.ˈyɯ/
yâr,/jɒːɾ/
yâri,/jaː.ˈɾi/
yârim,/jaː.ˈɾim/
yârimi,/jaː.ɾi.ˈmi/
yârimin,/jaː.ɾi.ˈmin/
yârin,/jaː.ˈɾin/
yârini,/jaː.ɾi.ˈni/
yârinin,/jaː.ɾi.ˈnin/
yönelme durumu,/jœnelˈme duɾumu/
yönelme hâli,/ˈdeː haːɫi/
yönetimde,/jœnetimˈde/
yönetimden,/jœnetimˈden/
yönetime,/jœnetiˈme/
yönetimi,/jœnetiˈmi/
yönetimim,/jœnetiˈmim/
yönetimin,/jœnetiˈmin/
yönetimler,/jœnetimˈłeɾ/
yönetimlerde,/jœnetimłeɾˈde/
yönetimlerden,/jœnetimłeɾˈden/
yönetimlere,/jœnetimłeˈɾe/
yönetimleri,/jœnetimłeˈɾi/
yönetimlerin,/jœnetimłeˈɾin/
yörekent,/jœɾeˈcent/
yüceltici,/jyd͡ʒeltˈme/
yük gemisi,/ˈjyc ɡe.mi.si/
yüklem,/jycˈlem/
yükleme,/jycleˈme/
yüklemi,/jycleˈmi/
yüklemler,/jycˈlemˈleɾ/
yüksekokul,/jyc.ˈsec.o.cul/
yüksel,/jycˈsel/
yükün,/jy.ˈkyn/
yürek,/jyˈɾec/
yüz,/ˈjyz/
yüz beş,/jyz ˈbeʃ/
yüz beşi,/jyz be.ˈʃy/
yüz beşin,/jyz be.ˈʃyn/
yüz beşler,/ˈbeʃ jyz.leɾ/
yüz elli,/jyz el.ˈli/
yüz ellilikler,/jyz el.li.lic.ˈleɾ/
yüzler,/jyz.ˈleɾ/
yüzleri,/jyz.le.ˈɾi/
yüzlerin,/jyz.le.ˈɾin/
yüzme,/jyzˈme/
yüzmeyin,/ˈjyz.me.jyn/
yüzü,/jy.ˈzy/
yüzün,/jy.ˈzyn/
yıkamıyorum,/jɯ.ˈka.mɯ.jo.ɾum/
yıkmak,/jɯ⁠kˈ​makʰ​/
yıkmıyorum,/ˈjɯk.mɯ.jo.ɾum/
yıkıyorum,/jɯ.kɯ.ˈjo.ɾum/
yıl,/ˈjɯɫ/
yılan,/jɯ.ˈɫan/
yılanda,/jɯlanˈda/
yılandan,/jɯlanˈdan/
yılanlarda,/jɯlanlaɾˈda/
yılanlardan,/jɯlanlaɾˈdan/
yılanları,/jɯlanlaˈɾɯ/
yılanların,/jɯlanlaˈɾɯn/
yılanı,/jɯlaˈnɯ/
yılanım,/jɯlaˈnɯm/
yılanın,/jɯlaˈnɯn/
yıldız,/jɯl.ˈdɯz/
yıldız kümesi,/yɯlˈdɯz kymeˈsi/
yıldız rüzgârları,/jɯl.ˈdɯz ɾyz.ɡʲa.la.ˈɾɯ/
yıldız rüzgârı,/jɯl.ˈdɯz ɾyz.ɡʲa.ɾɯ/
yıldız rüzgârın,/jɯl.ˈdɯz ɾyz.ɡʲa.ɾɯn/
yıldız rüzgârını,/jɯl.ˈdɯz ɾyz.ɡʲa.ɾɯ.ˈnɯ/
yıldız rüzgârının,/jɯl.ˈdɯz ɾyz.ɡʲa.ɾɯ.ˈnɯn/
yıldız sistemi,/jɯl.ˈdɯz sis.te.mi/
yıldız sistemin,/jɯl.ˈdɯz sis.te.ˈmin/
yıldız sistemini,/jɯl.ˈdɯz sis.te.mi.ˈni/
yıldız sisteminin,/jɯl.ˈdɯz sis.te.mi.ˈnin/
yıldız sistemleri,/jɯl.ˈdɯz sis.tem.le.ˈɾi/
yıldız sistemlerin,/jɯl.ˈdɯz sis.tem.le.ˈɾin/
yıldız sistemlerini,/jɯl.ˈdɯz sis.tem.le.ɾi.ˈni/
yıldız sistemlerinin,/jɯl.ˈdɯz sis.tem.le.ɾi.ˈnin/
yıldızlararası,/jɯl.dɯz.ˈlaɾ.a.ɾa.ˈsɯ/
yıldızlararası bulut,/jɯl.dɯz.ˈlaɾ.a.ɾa.sɯ bu.lut/
yıldızlararası bulutlar,/jɯl.dɯz.ˈlaɾ.a.ɾa.sɯ bu.lut.ˈlaɾ/
yıldızlararası bulutu,/jɯl.dɯz.ˈlaɾ.a.ɾa.sɯ bu.lu.ˈtu/
yıldızlararası bulutun,/jɯl.dɯz.ˈlaɾ.a.ɾa.sɯ bu.lu.ˈtun/
yıldızlararası cisim,/jɯl.dɯz.ˈlaɾ.a.ɾa.ˈsɯ d͡ʒi.ˈsim/
yıldızlararası cisimler,/jɯl.dɯz.ˈlaɾ.a.ɾa.ˈsɯ d͡ʒism.ˈleɾ/
yıldızlararası cismi,/jɯl.dɯz.ˈlaɾ.a.ɾa.ˈsɯ d͡ʒis.ˈmi/
yıldızlararası cismin,/jɯl.dɯz.ˈlaɾ.a.ɾa.ˈsɯ d͡ʒis.ˈmin/
yılma,/jɯlˈma/
z,/zeː/
zafer,/za.ˈfeɾ/
zaferde,/zafeɾˈde/
zaferden,/zafeɾˈden/
zaferi,/zafeˈɾi/
zaferin,/zafeˈɾin/
zaferler,/zafeɾˈleɾ/
zaferlerde,/zafeɾleɾˈde/
zaferlerden,/zafeɾleɾˈden/
zaferlere,/zafeɾleˈɾe/
zaferleri,/zafeɾleˈɾi/
zaferlerin,/zafeɾleˈɾin/
zahir,/zaːˈhiɾ/
zahire,/za.hiː.ˈɾe/
zahiri,/zaːhiˈɾi/
zahit,/zaːˈhit/
zalim,/zaː.ˈlim/
zalimce,/zaː.ˈlim.d͡ʒe/
zaman,/z̪aˈman̪/
zamanda,/zamanˈda/
zamandan,/zamanˈdan/
zamanla,/zaˈmanla/
zamanlar,/za.man.ˈlaɾ/
zamanlardan,/zamanlaɾˈdan/
zamanlarım,/zamanlaˈɾɯm/
zamanların,/zamanlaˈɾɯn/
zamanı,/za.maː.ˈnɯ/
zamanım,/zamaˈnɯm/
zamanın,/za.maː.ˈnɯn/
zamir,/za.ˈmiɾ/
zamirde,/zamiɾˈde/
zamirden,/zamiɾˈden/
zamire,/zamiˈɾe/
zamiri,/za.mi.ˈɾi/
zamirim,/zamiˈɾim/
zamirin,/za.mi.ˈɾin/
zamirinden,/zamiɾinˈden/
zamirine,/zamiɾiˈne/
zamirini,/za.mi.ɾi.ˈni/
zamirinin,/za.mi.ɾi.ˈnin/
zamirler,/za.miɾ.ˈleɾ/
zamirlerde,/zamiɾłeɾˈde/
zamirlerden,/zamiɾłeɾˈden/
zamirlere,/zamiɾłeˈɾe/
zamirleri,/za.miɾ.le.ˈɾi/
zamirlerim,/za.miɾ.łe.ˈɾim/
zamirlerin,/za.miɾ.le.ˈɾin/
zamirlerinde,/zamiɾłeɾinˈde/
zamirlerinden,/zamiɾłeɾinˈden/
zamirlerini,/za.miɾ.le.ɾi.ˈni/
zamirlerinin,/za.miɾ.le.ɾi.ˈnin/
zampara,/zam.pa.ˈɾa/
zamparalık,/zam.pa.ɾa.ˈlɯc/
zan,/ˈzan/
zangoç,/zaŋˈɡot͡ʃ/
zannı,/zan.ˈnɯ/
zararla,/zaˈɾaɾla/
zararlı,/za.ɾaɾ.ˈlɯ/
zararlıyı,/zaɾaɾlɯˈjɯ/
zararsız,/za.ɾaɾ.ˈsɯz/
zarf,/ˈzaɾf/
zarfı,/zaɾˈfɯ/
zarfın,/zaɾˈfɯn/
zaten,/ˈzaːten/
zatürre,/za.ty.ɾɾe/
zatı,/zaːˈtɯ/
zatın,/zaːˈtɯn/
zatına,/zaːtɯˈna/
zatında,/zaːtɯnˈda/
zatından,/zaːtɯnˈdan/
zayıf,/za.ˈjɯf/
zayıf hadis,/za.ˈjɯf ha.dis/
zayıf hadisi,/za.ˈjɯf ha.diː.ˈsi/
zayıf hadisler,/za.ˈjɯf ha.dis.ˈleɾ/
zayıfla,/za.jɯf.ˈla/
zayıflama,/za.jɯf.ˈla.ma/
zayıflamak,/za.jɯf.la.ˈmac/
zayıflamama,/za.jɯf.la.ma.ˈma/
zayıflatmak,/za.jɯf.lat.ˈmac/
zeban,/zeˈbaːn/
zehir,/ze.ˈhiɾ/
zehirleme,/ze.hiɾ.le.ˈme/
zehirlemek,/ze.hiɾ.le.ˈmek/
zehirlemeler,/ze.hiɾ.le.me.ˈleɾ/
zehirlemesi,/ze.hiɾ.le.me.ˈsi/
zehirlemez,/zeh.iɾ.le.ˈmez/
zehirlenir,/zeh.iɾ.le.ˈniɾ/
zehirlenme,/ze.hiɾ.len.ˈme/
zehirlenmek,/ze.hiɾ.len.ˈmek/
zehirlenmeler,/ze.hiɾ.len.me.ˈleɾ/
zehirlenmeleri,/ze.hiɾ.len.me.le.ˈɾi/
zehirlenmelerin,/ze.hiɾ.len.me.le.ˈɾin/
zehirlenmelerini,/ze.hiɾ.len.me.le.ɾi.ˈni/
zehirlenmelerinin,/ze.hiɾ.len.me.le.ɾi.ˈnin/
zehirlenmememe,/ze.hiɾ.ˈlen.me.me.ˈme/
zehirlenmesi,/ze.hiɾ.len.me.ˈsi/
zehirlenmesin,/ze.hiɾ.len.me.ˈsin/
zehirlenmesini,/ze.hiɾ.len.me.si.ˈni/
zehirlenmesinin,/ze.hiɾ.len.me.si.ˈnin/
zehirlenmez,/zeh.iɾ.len.ˈmez/
zehirler,/ze.hiɾˈleɾ/
zehri,/zeh.ˈɾi/
zehrin,/zehˈɾin/
zehrini,/zeh.ɾi.ˈni/
zehrinin,/zeh.ɾi.ˈnin/
zeki,/ze.ciː/
zekâ,/ze.ˈkʲaː/
zekâsı,/ze.kʲaː.ˈsɯ/
zekât,/ze.ˈkʲat/
zekâtı,/ze.kʲa.ˈtɯ/
zekâtım,/ze.kʲa.ˈtɯm/
zekâtımı,/ze.kʲa.tɯ.ˈmɯ/
zekâtımın,/ze.kʲa.tɯ.ˈmɯn/
zekâtın,/ze.kʲa.ˈtɯn/
zekâtını,/ze.kʲa.tɯ.ˈnɯ/
zekâtının,/ze.kʲa.tɯ.ˈnɯn/
zekâyı,/ze.kʲaː.ˈjɯ/
zelzele,/zel.ze.ˈle/
zelzele namazı,/zel.ze.ˈle na.ma.zɯ/
zelzeleler,/zel.ze.le.ˈleɾ/
zelzelesi,/zel.ze.le.ˈsi/
zen,/ˈzen/
zengin,/zeŋ.ɟin/
zenne,/zenˈne/
zevce,/zev.ˈd͡ʒe/
zevç,/ˈzevt͡ʃ/
zilhicce,/zilhid͡ʒˈd͡ʒe/
zilkade,/zilkaːˈde/
zina,/zi.ˈnaː/
zira,/ziː.ɾaː/
zombi,/ˈʐɔmbi/
zombiler,/ˈʐɔmbiˈleɾ/
zombisi,/ˈʐɔmbiˈsi/
zor,/ˈzor/
zorluk,/zo̞ɾˈɫuk/
zuhur,/zuˈhuɾ/
zula,/zuˈɫa/
zurna,/Zurna/
zâhire,/zaː.hi.ˈɾe/
zâhirî,/zaːhiˈɾiː/
zâni,/zaː.ˈniː/
zül,/ˈzyl/
zıbın,/zɯbˈɯn/
zıbında,/zɯbɯnˈda/
zıbından,/zɯbɯnˈdan/
zıbınlarda,/zɯbɯnlaɾˈda/
zıbınlardan,/zɯbɯnlaɾˈdan/
zıbınları,/zɯbɯnlaˈɾɯ/
zıbınların,/zɯbɯnlaˈɾɯn/
zıbını,/zɯbɯˈnɯ/
zıbının,/zɯbɯˈnɯn/
zımpara,/zɯm.pa.ˈɾa/
zımpara kâğıdı,/zɯm.pa.ˈɾa kʲa.‿ɯ.dɯ/
zımpara kâğıdın,/zɯm.pa.ˈɾa kʲa.‿ɯ.ˈdɯn/
zımpara kâğıdını,/zɯm.pa.ˈɾa kʲa.‿ɯ.dɯ.ˈnɯ/
zımpara kâğıdının,/zɯm.pa.ˈɾa kʲa.‿ɯ.dɯ.ˈnɯn/
zırh,/ˈzɯɾh/
zırvalama,/zɯɾ.va.ɫaˈma/
Âdem,/aː.ˈdem/
Âdemler,/aːdemˈleɾ/
Çan,/ˈt͡ʃan/
Çan'ı,/t͡ʃaˈnɯ/
Çanakkale,/t͡ʃa.nák̚.ka.l̠ʲe̞/
Çankırı,/tʃaŋˈkɯ.ɾɯ/
Çarık,/t͡ʃa.ˈɾɯk/
Çarşamba,/t͡ʃaɾ.ʃam.ˈba/
Çarşamba'sı,/t͡ʃaɾ.ʃam.ˈba.ˈsɯ/
Çarşamba'yı,/t͡ʃaɾ.ʃam.ˈba.ˈjɯ/
Çarşambalar,/t͡ʃaɾ.ʃam.ˈba.ˈlaɾ/
Çay,/ˈt͡ʃaj/
Çaylar,/t͡ʃajˈlaɾ/
Çağ,/ˈt͡ʃa‿/
Çağatay,/t͡ʃa.‿a.ˈtaj/
Çağatay Türkçesi,/t͡ʃa.‿a.ˈtaj tyrk.t͡ʃe.si/
Çağatayca,/t͡ʃa.‿a.ˈtaj.d͡ʒa/
Çağataycası,/t͡ʃa.‿a.ˈtaj.d͡ʒa.ˈsɯ/
Çağataycayı,/t͡ʃa.‿a.ˈtaj.d͡ʒa.ˈjɯ/
Çağlar,/t͡ʃa‿.ˈlaɾ/
Çağlayan,/t͡ʃa‿laˈjan/
Çağrı,/t͡ʃa‿.ˈɾɯ/
Çek,/ˈt͡ʃec/
Çek'e,/t͡ʃeˈce/
Çek'i,/t͡ʃeˈci/
Çek'te,/t͡ʃecˈte/
Çek'ten,/t͡ʃecˈten/
Çeki,/t͡ʃeˈci/
Çekim,/ˈt͡ʃec.im/
Çekin,/t͡ʃeˈcin/
Çekiç,/t͡ʃeˈcit͡ʃ/
Çekler,/t͡ʃec.ˈleɾ/
Çeklerde,/t͡ʃecleɾˈde/
Çeklerden,/t͡ʃecleɾˈden/
Çeklere,/t͡ʃecleˈɾe/
Çekleri,/t͡ʃecleˈɾi/
Çeklerin,/t͡ʃecleˈɾin/
Çekoslovak,/ˈt͡ʃecosloˈvac/
Çekoslovakya,/t͡ʃe.kɔs.lɔ.ˈvak.ja/
Çekoslovakyalı,/t͡ʃe.kɔs.lɔ.vak.jaˈɫɯ/
Çekya,/ˈt͡ʃec.ja/
Çekül,/t͡ʃe.ˈcyl/
Çekül'ü,/t͡ʃe.cy.ˈly/
Çekül'ün,/t͡ʃe.cy.ˈlyn/
Çeküller,/t͡ʃe.cyl.ˈleɾ/
Çelyabinsk,/t͡ʃel.ja.ˈbinsk/
Çerkeş,/t͡ʃeɾˈceʃ/
Çerokice,/t͡ʃe.ɾo.ˈkiː.d͡ʒe/
Çetin,/t͡ʃeˈtin/
Çetinler,/t͡ʃetinˈleɾ/
Çeçence,/t͡ʃe.ˈt͡ʃen.d͡ʒe/
Çimen,/t͡ʃi.ˈmen/
Çimencik,/t͡ʃi.ˈmen.d͡ʒic/
Çimendere,/t͡ʃi.ˈmen.de.ɾe/
Çimendere'yi,/t͡ʃi.ˈmen.de.ɾe.ˈji/
Çimendereli,/t͡ʃi.ˈmen.de.ɾe.ˈli/
Çimendereli'si,/t͡ʃi.ˈmen.de.ɾe.li.ˈsi/
Çimendereli'yi,/t͡ʃi.ˈmen.de.ɾe.li.ˈji/
Çimendereliler,/t͡ʃi.ˈmen.de.ɾe.li.ˈleɾ/
Çimenderelilik,/t͡ʃi.ˈmen.de.ɾe.li.ˈlic/
Çin,/ˈt͡ʃin/
Çin Cumhuriyeti,/ˈt͡ʃin d͡ʒum.huː.ɾi.je.ˈti/
Çin Seddi,/t͡ʃin sedˈdi/
Çin dili,/ˈt͡ʃin di.li/
Çin lahanası,/ˈt͡ʃin lahanaˈsɯ/
Çin'de,/t͡ʃin.ˈde/
Çin'den,/t͡ʃin.ˈden/
Çin'e,/t͡ʃi.ˈne/
Çin'i,/t͡ʃi.ˈni/
Çin'im,/t͡ʃi.ˈnim/
Çin'imde,/t͡ʃi.nim.ˈde/
Çin'imden,/t͡ʃi.nim.ˈden/
Çin'ime,/t͡ʃi.ni.ˈme/
Çin'imi,/t͡ʃi.ni.ˈmi/
Çin'imin,/t͡ʃi.ni.ˈmin/
Çin'in,/t͡ʃi.ˈnin/
Çin'inde,/t͡ʃi.nin.ˈde/
Çin'inden,/t͡ʃi.nin.ˈden/
Çin'ine,/t͡ʃi.ni.ˈne/
Çin'ini,/t͡ʃi.ni.ˈni/
Çin'inin,/t͡ʃi.ni.ˈnin/
Çince,/ˈt͡ʃin.d͡ʒe/
Çinceci,/ˈt͡ʃin.d͡ʒe.ˈd͡ʒi/
Çinceli,/ˈt͡ʃin.d͡ʒe.ˈli/
Çincesin,/ˈt͡ʃin.d͡ʒe.ˈsin/
Çine,/t͡ʃi.ˈne/
Çinli,/t͡ʃin.ˈli/
Çolak,/t͡ʃoˈlac/
Çolaklar,/t͡ʃolacˈlaɾ/
Çolaklı,/t͡ʃolacˈlɯ/
Çorum,/tʃʰoˈɾum/
Çuvaş,/t͡ʃu.ˈvaʃ/
Çuvaş'ı,/t͡ʃu.va.ˈʃɯ/
Çuvaş'ın,/t͡ʃu.va.ˈʃɯn/
Çuvaşlar,/ˈt͡ʃu.vaʃ.ˈlaɾ/
Çuvaşlar'ı,/t͡ʃu.vaʃ.la.ˈɾɯ/
Çuvaşlar'ın,/t͡ʃu.vaʃ.la.ˈɾɯn/
Çuvaşça,/t͡ʃu.ˈvaʃ.t͡ʃa/
Çuvaşçası,/t͡ʃu.vaʃ.t͡ʃa.ˈsɯ/
Çuvaşçayı,/t͡ʃu.vaʃ.t͡ʃa.ˈjɯ/
Çıkmak,/t͡ʃɯc.ˈmac/
Çıkmaklar,/t͡ʃɯcmacˈlaɾ/
États-Unis,/e.ta‿zy.ni/
États-Unis d’Amérique,/e.ta.z‿y.ni d‿a.me.ʁik/
Ömer,/œ̞.ˈmæɾ/
Ömer'i,/œ̞.mæ.ˈɾi/
Ömer'in,/œ̞.mæ.ˈɾin/
Ömerler,/œ̞.mæɾ.ˈlæɾ/
Ömerler'i,/œ̞.mæɾ.læ.ˈɾi/
Ömerler'in,/œ̞.mæɾ.læ.ˈɾin/
Ömerlerler,/œ̞.mæɾ.ˈlæɾ.læɾ/
Ömerli,/œ̞.ˈmæɾ.li/
Ömerli'si,/œ̞.ˈmæɾ.li.ˈsi/
Ömerli'yi,/œ̞.ˈmæɾ.li.ˈji/
Ömerliler,/œ̞.ˈmæɾ.li.ˈlæɾ/
Örnek,/œɾ.ˈnec/
Örnek'i,/œɾ.ne.ˈ‿i/
Örnek'im,/œɾ.ne.ˈ‿im/
Örnek'in,/œɾ.ne.ˈ‿in/
Örnekler,/œɾ.nec.ˈleɾ/
Örnekli,/œɾ.nec.ˈli/
Örnekli'si,/œɾ.nec.li.ˈsi/
Örnekli'yi,/œɾ.nec.li.ˈji/
Örnekliler,/œɾ.nec.li.ˈleɾ/
Örneklilik,/œɾ.nec.li.ˈlic/
Örneklilik'i,/œɾ.nec.li.li.ˈ‿i/
Örneklilik'in,/œɾ.nec.li.li.ˈ‿in/
Özbek Türkçesi,/œz.ˈbec tyrk.t͡ʃe.ˈsi/
Özbekçe,/œz.ˈbec.t͡ʃe/
Özgün,/œz.ˈɡyn/
Özgür Suriye Ordusu,/œzˈɡyɾ ˈsuːɾije oɾdusu/
Özlü,/œzˈly/
Öztürk,/ˈœz.tyɾc/
Ülke,/yl.ˈce/
Ümit,/y.ˈmit/
Ümit'i,/y.miː.ˈdi/
Ümit'in,/y.miː.ˈdin/
Ümitli,/y.mit.ˈli/
Ümitlilik,/y.mit.li.ˈlic/
Ümitlilik'i,/y.mit.li.li.ˈ‿i/
Ümitlilik'in,/y.mit.li.li.ˈ‿in/
Ümmü Gülsüm,/ˈymmy ɡylˈsym/
Ümmü'l-Kitâb,/ym.myl ki.ˈtaːb/
Ünlü,/ynˈly/
Üsküdar,/ˈaɾ/
Üsküp,/ˈys.cyp/
Üsküp Bölgesi,/ˈys.cyp bœl.ɡe.ˈsi/
Üsküp Bölgesi'ni,/ˈys.cyp bœl.ɡe.si.ˈni/
Üsküp Bölgesi'nin,/ˈys.cyp bœl.ɡe.si.ˈnin/
Üsküp'ü,/ˈys.cy.ˈby/
Üsküp'ün,/ˈys.cy.ˈbyn/
Üsküpler,/ˈys.cyp.ˈleɾ/
Üçüncü İttifak,/y.t͡ʃyn.ˈd͡ʒy it.ti.fac/
âdem,/aːˈdem/
âdemelması,/aː.ˈdem.el.ma.sɯ/
âdemoğlu,/aː.ˈdem.o‿.ˈlu/
âdemî,/aː.de.ˈmiː/
âdet,/aː.ˈdet/
âlem,/aː.ˈɫem/
âlicenaplık,/aːˈliːd͡ʒenapˈlɯc/
âlim,/aː.ˈɫim/
âmâ,/aːˈmaː/
âşık,/a.ˈʃɯc/
"âşık âlemi kör, dört yanını duvar sanır","/aː.ˈʃɯc aː.ɫe.ˈmi cœɾ, dœɾt ja.nɯ.nɯ du.ˈvaɾ sa.nɯɾ/"
çadır tiyatrosu,/t͡ʃa.dɯɾ ti.jat.ɾo.su/
çakıl taşı,/t͡ʃaˈkɯɫ taˈʃɯ/
çalgı,/tʃaɫ.ɡɯ/
çamaşır suyu,/t͡ʃamaˈʃɯɾ suju/
çan,/ˈt͡ʃan/
çanak,/t͡ʃa.ˈnak/
çanta,/tʃanta/
çanı,/t͡ʃa.ˈnɯ/
çarpım,/t͡ʃaɾˈpɯm/
çarpım tablosu,/t͡ʃaɾˈpɯm tabɫoˈsu/
çarık,/t͡ʃa.ˈɾɯk/
çarşamba,/t͡ʃaɾ.ʃam.ˈba/
çarşamba karısı,/t͡ʃaɾʃamˈba kaɾɯˈsɯ/
çarşambası,/t͡ʃaɾ.ʃam.ˈba.ˈsɯ/
çarşambayı,/t͡ʃaɾ.ʃam.ˈba.ˈjɯ/
çatı,/t͡ʃa.ˈtɯ/
çatı katı,/t͡ʃa.ˈtɯ ca.tɯ/
çatılar,/t͡ʃatɯˈlaɾ/
çatırtı,/t͡ʃa.tɯɾˈtɯ/
çay,/t͡ʃaj/
çaydan,/d͡ʒajˈdan/
çayı,/t͡ʃaˈjɯ/
çayın,/t͡ʃa.ˈjɯn/
çağ,/ˈt͡ʃa‿/
çağlayan,/t͡ʃa‿laˈjan/
çağrı,/t͡ʃa‿.ˈɾɯ/
çağı,/t͡ʃa.ˈ‿ɯ/
çağım,/t͡ʃa.ˈ‿ɯm/
çağımı,/t͡ʃa.‿ɯ.ˈmɯ/
çağımın,/t͡ʃa.‿ɯ.ˈmɯn/
çağın,/t͡ʃa.ˈ‿ɯn/
çağını,/t͡ʃa.‿ɯ.ˈnɯ/
çağının,/t͡ʃa.‿ɯ.ˈnɯn/
çaşıdı,/t͡ʃa.ʃɯ.ˈdɯ/
çaşıdın,/t͡ʃa.ʃɯ.ˈdɯn/
çaşıt,/t͡ʃa.ˈʃɯt/
çek,/ˈt͡ʃec/
çeke,/t͡ʃeˈce/
çeker,/t͡ʃeˈceɾ/
çeki,/t͡ʃeˈci/
çekice,/t͡ʃeciˈd͡ʒe/
çekici,/t͡ʃeciˈd͡ʒi/
çekicin,/t͡ʃeciˈd͡ʒin/
çekicini,/t͡ʃecid͡ʒiˈni/
çekiler,/t͡ʃeciˈleɾ/
çekim,/t͡ʃeˈcim/
çekimde,/t͡ʃecimˈde/
çekimden,/t͡ʃecimˈden/
çekimi,/t͡ʃeciˈmi/
çekimim,/t͡ʃeciˈmim/
çekimimde,/t͡ʃecimimˈde/
çekimimden,/t͡ʃecimimˈden/
çekimime,/t͡ʃecimiˈme/
çekimimi,/t͡ʃecimiˈmi/
çekimimin,/t͡ʃecimiˈmin/
çekimin,/t͡ʃeciˈmin/
çekiminde,/t͡ʃecimiˈnde/
çekiminden,/t͡ʃecimiˈnden/
çekimine,/t͡ʃecimiˈne/
çekimini,/t͡ʃecimiˈni/
çekiminin,/t͡ʃecimiˈnin/
çekimlerde,/t͡ʃecimleɾˈde/
çekimlerden,/t͡ʃecimleɾˈden/
çekimlere,/t͡ʃecimleˈɾe/
çekimleri,/t͡ʃecimleˈɾi/
çekimlerim,/t͡ʃecimleˈɾim/
çekimlerimde,/t͡ʃecimleɾimˈde/
çekimlerimden,/t͡ʃecimleɾimˈden/
çekimlerime,/t͡ʃecimleɾiˈmi/
çekimlerimi,/t͡ʃecimleɾiˈmi/
çekimlerimin,/t͡ʃecimleɾiˈmin/
çekimlerin,/t͡ʃecimleˈɾin/
çekimlerinde,/t͡ʃecimleɾinˈden/
çekimlerinden,/t͡ʃecimleɾinˈden/
çekimlerine,/t͡ʃecimleɾiˈne/
çekimlerini,/t͡ʃecimleɾiˈni/
çekimlerinin,/t͡ʃecimleɾiˈnin/
çekimli,/t͡ʃecimˈli/
çekimsel,/t͡ʃe.cim.ˈsel/
çekin,/t͡ʃeˈcin/
çekingen kişilik bozukluğu,/t͡ʃeciɳˈɟen ciʃiˈlic bozukɫuː‿ˈu/
çekiç,/t͡ʃeˈcit͡ʃ/
çekiçlemem,/t͡ʃecit͡ʃleˈmem/
çekiçlemez,/t͡ʃecit͡ʃleˈmez/
çekiçler,/t͡ʃecit͡ʃˈleɾ/
çekiçlerde,/t͡ʃecit͡ʃleɾˈde/
çekiçlerden,/t͡ʃecit͡ʃleɾˈden/
çekiçlere,/t͡ʃecit͡ʃleˈɾe/
çekiçleri,/t͡ʃecit͡ʃleˈɾi/
çekiçlerim,/t͡ʃecit͡ʃleˈɾim/
çekiçlerin,/t͡ʃecit͡ʃleˈɾin/
çekler,/t͡ʃec.ˈleɾ/
çeklerde,/t͡ʃecleɾˈde/
çeklerden,/t͡ʃecleɾˈden/
çeklere,/t͡ʃecleˈɾe/
çekleri,/t͡ʃecleˈɾi/
çeklerin,/t͡ʃecleˈɾin/
çekme,/t͡ʃecˈme/
çekme kat,/t͡ʃec.ˈme cat/
çekmek,/t͡ʃecˈmec/
çekmeler,/t͡ʃecmeˈleɾ/
çekmez,/t͡ʃecˈmez/
çekte,/t͡ʃecˈte/
çekyat,/ˈt͡ʃec.jat/
çekül,/t͡ʃe.ˈcyl/
çekülü,/t͡ʃe.cy.ˈly/
çekülün,/t͡ʃe.cy.ˈlyn/
çelik,/tʃe.lic/
çelişkili,/t͡ʃe.liʃ.ki.ˈli/
çember,/t͡ʃem.ˈbeɾ/
çemberde,/t͡ʃembeɾˈde/
çemberden,/t͡ʃembeɾˈden/
çemberi,/t͡ʃembeˈɾi/
çemberim,/t͡ʃembeˈɾim/
çemberin,/t͡ʃembeˈɾin/
çemberler,/t͡ʃembeɾˈleɾ/
çemberlerde,/t͡ʃembeɾleɾˈde/
çemberlerden,/t͡ʃembeɾleɾˈden/
çemberlere,/t͡ʃembeɾleˈɾe/
çemberleri,/t͡ʃembeɾleˈɾi/
çemberlerim,/t͡ʃembeɾleˈɾim/
çemberlerin,/t͡ʃembeɾleˈɾin/
çenar,/ˈt͡ʃenaɾ/
çene,/t͡ʃe.ˈne/
çeneler,/t͡ʃe.ne.ˈleɾ/
çeneni,/t͡ʃe.ne.ˈni/
çenenin,/t͡ʃe.ne.ˈnin/
çenesi,/t͡ʃe.ne.ˈsi/
çengelli iğne,/t͡ʃeɳɟelˈli iː‿ˈne/
çete,/t͡ʃe.ˈte/
çeteci,/t͡ʃe.te.ˈd͡ʒi/
çeteciler,/t͡ʃe.te.d͡ʒi.ˈleɾ/
çetecilik,/t͡ʃe.te.d͡ʒi.ˈlic/
çetecilikler,/t͡ʃe.te.d͡ʒi.lic.ˈleɾ/
çeteciliği,/t͡ʃe.te.d͡ʒi.li.ˈ‿i/
çetecisi,/t͡ʃe.te.d͡ʒi.ˈsi/
çeteler,/t͡ʃe.te.ˈleɾ/
çetesi,/t͡ʃe.te.ˈsi/
çetik,/t͡ʃeˈtic/
çetin,/t͡ʃeˈtin/
çevir,/ˈt͡ʃe.viɾ/
çevirir,/t͡ʃe.viˈɾiɾ/
çevirme,/t͡ʃe.ˈviɾ.me/
çevirme dili,/t͡ʃe.viɾ.ˈme di.li/
çevirmek,/t͡ʃe.viɾ.ˈmec/
çevirmeler,/t͡ʃe.viɾ.meˈleɾ/
çevirmemeler,/t͡ʃe.ˈviɾ.me.me.ˈleɾ/
çevirmemesi,/t͡ʃe.ˈviɾ.me.me.ˈsi/
çevirmesi,/t͡ʃe.viɾ.me.ˈsi/
çevirmez,/t͡ʃe.viɾ.ˈmez/
çevre felaketi,/t͡ʃev.ˈɾe fe.laː.ke.ti/
çevrim dışı,/ʧevˈɾim dɯʃɯ/
çevrim içi,/ʧevˈɾim iʧi/
çeşidi,/t͡ʃe.ʃi.ˈdi/
çeşidin,/t͡ʃe.ʃi.ˈdin/
çeşit,/t͡ʃe.ˈʃit/
çeşitler,/t͡ʃe.ʃitˈleɾ/
çeşme,/t͡ʃeʃˈme/
çift sayı,/ˈt͡ʃft sa.jɯ/
çilek,/ˈt͡ʃi.lec/
çimdik,/t͡ʃimˈdic/
çimdikleme,/t͡ʃimdicleˈme/
çimdiklemek,/t͡ʃimdicleˈmec/
çimdirmək,/ʧimdirmæk/
çimen,/t͡ʃiˈmen/
çimeni,/t͡ʃimeˈni/
çimenler,/t͡ʃimenˈleɾ/
çimenli,/t͡ʃi.men.ˈl̩i/
çimenlik,/t͡ʃi.men.ˈl̩ic/
çimensiz,/t͡ʃi.men.ˈsiz/
çin,/ˈt͡ʃin/
çini,/t͡ʃi.ˈni/
çiniler,/t͡ʃi.ni.ˈleɾ/
çinili,/t͡ʃi.ni.ˈli/
çinim,/t͡ʃi.ˈnim/
çinimde,/t͡ʃi.nim.ˈde/
çinimden,/t͡ʃi.nim.ˈden/
çinime,/t͡ʃi.ni.ˈme/
çinimi,/t͡ʃi.ni.ˈmi/
çinimin,/t͡ʃi.ni.ˈmin/
çinin,/t͡ʃi.ˈnin/
çinini,/t͡ʃi.ni.ˈni/
çininin,/t͡ʃi.ni.ˈnin/
çinisi,/t͡ʃi.ni.ˈsi/
çinisiz,/t͡ʃi.ni.ˈli/
çinler,/t͡ʃin.ˈleɾ/
çirkin,/t͡ʃiɾ.ˈcin/
çirkince,/t͡ʃiɾ.ˈcin.d͡ʒe/
çirkinleş,/t͡ʃiɾ.cin.ˈleʃ/
çirkinleşme,/t͡ʃiɾ.cin.ˈleʃ.me/
çirkinleşmek,/t͡ʃiɾ.cin.leʃ.ˈmec/
çivi,/tʃivi/
çizgi,/t͡ʃizˈɡi/
çiğnemlik,/t͡ʃiɰnæml̠ʲic/
çocuk,/t͡ʃoˈd͡ʒuc/
çok,/ˈt͡ʃoc/
çok katlı,/ˈt͡ʃoc catˈlɯ/
çok tanrıcılık,/ˈt͡ʃok tan.ɾɯ.d͡ʒɯ.ˈlɯc/
çokdilli,/ˈt͡ʃocdilli/
çokdillilik,/ˈt͡ʃocdilliˈlic/
çokmuş,/ˈt͡ʃoc.mɯʃ/
çoktan,/tʃokˈtan/
çolak,/t͡ʃoˈlac/
çorak,/t͡ʃoˈɾak/
çorap,/tʃoˈɾap/
çorba,/t͡ʃoɾ.ˈba/
çorbam,/t͡ʃoɾˈbam/
çorbamı,/t͡ʃoɾbaˈmɯ/
çorbamın,/t͡ʃoɾbaˈmɯn/
çorbanı,/t͡ʃoɾbaˈnɯ/
çorbayı,/t͡ʃoɾbaˈjɯ/
çoğalma,/t͡ʃo‿alˈma/
çoğul,/t͡ʃo.ˈ‿ul/
çoğul şahsa,/t͡ʃoˈ‿ul ʃahˈsa/
çoğul şahsı,/t͡ʃoˈ‿ul ʃahˈsɯ/
çoğul şahsın,/t͡ʃoˈ‿ul ʃahˈsɯn/
çoğul şahıs,/t͡ʃo.ˈ‿ul ʃa.hɯs/
çoğul şahıslar,/t͡ʃoˈ‿ul ʃahɯsˈlaɾ/
çoğul şahıslara,/t͡ʃoˈ‿ul ʃahɯslaˈɾa/
çoğul şahıslarda,/t͡ʃoˈ‿ul ʃahɯslaɾˈda/
çoğul şahıslardan,/t͡ʃoˈ‿ul ʃahɯslaɾˈdan/
çoğul şahısları,/t͡ʃoˈ‿ul ʃahɯslaˈɾɯ/
çoğul şahısların,/t͡ʃoˈ‿ul ʃahɯslaˈɾɯn/
çoğul şahısta,/t͡ʃoˈ‿ul ʃahɯsˈta/
çoğul şahıstan,/t͡ʃoˈ‿ul ʃahɯsˈtan/
çoğula,/t͡ʃo‿uˈla/
çoğulcu,/t͡ʃo‿ulˈd͡ʒu/
çoğullu,/t͡ʃo‿ulˈlu/
çoğulsuz,/t͡ʃo‿ulˈsuz/
çoğulu,/t͡ʃo‿uˈlu/
çoğulun,/t͡ʃo‿uˈlun/
çöplük,/t͡ʃœp.ˈlyc/
çözelti,/t͡ʃœ.zælˈti/
çözüm,/t͡ʃœ.ˈzym/
çözümlemez,/t͡ʃœ.zym.le.ˈmez/
çözümlemezler,/t͡ʃœ.zym.le.mez.ˈleɾ/
çözümler,/t͡ʃœ.zym.ˈleɾ/
çözümleri,/t͡ʃœ.zym.le.ˈɾi/
çözümlerin,/t͡ʃœ.zym.le.ˈɾin/
çözümlerler,/t͡ʃœ.zym.leɾ.ˈleɾ/
çözümü,/t͡ʃœ.zy.ˈmy/
çözümün,/t͡ʃœ.zy.ˈmyn/
çürük çarık,/t͡ʃy.ˈɾyk t͡ʃa.ˈɾɯk/
çık,/ˈt͡ʃɯc/
çıkar,/t͡ʃɯ.ˈkaɾ/
çıkarmak,/t͡ʃɯ.caɾ.ˈmac/
çıkarmaz,/d͡ʒɯcaɾˈmaz/
çıkarı,/t͡ʃɯ.ca.ˈɾɯ/
çıkarım,/t͡ʃɯ.ˈca.ɾɯm/
çıkarımı,/t͡ʃɯ.ca.ɾɯ.ˈmɯ/
çıkarımın,/t͡ʃɯ.ca.ɾɯ.ˈmɯn/
çıkarın,/t͡ʃɯ.ˈca.ɾɯn/
çıkarını,/t͡ʃɯ.ca.ɾɯ.ˈnɯ/
çıkarının,/t͡ʃɯ.ca.ɾɯ.ˈnɯ/
çıkarır,/d͡ʒɯcaˈɾɯɾ/
çıkma,/ˈt͡ʃɯc.ˈma/
çıkma durumu,/t͡ʃɯcˈma duɾumu/
çıkma hâli,/t͡ʃɯcˈma haːɫi/
çıkmadı,/ˈt͡ʃɯcmadɯ/
çıkmak,/t͡ʃɯk.ˈmak/
çıkmam,/t͡ʃɯ.ˈmam/
çıkmaması,/t͡ʃɯc.ma.ma.ˈsɯ/
çıkmamayı,/t͡ʃɯc.ma.ma.ˈjɯ/
çıkması,/t͡ʃɯc.ma.ˈsɯ/
çıkmayı,/t͡ʃɯc.ma.ˈjɯ/
çıkmaz,/t͡ʃɯc.ˈmaz/
çıktı,/t͡ʃɯcˈtɯ/
çıkın,/t͡ʃɯcˈɯn/
çın,/ˈt͡ʃɯn/
çırak,/t͡ʃɯˈɾac/
çıraklar,/t͡ʃɯɾacˈlaɾ/
çıraklara,/t͡ʃɯɾaclaˈɾa/
çıraklarda,/t͡ʃɯɾaclaɾˈda/
çıraklardan,/t͡ʃɯɾaclaɾˈdan/
çırakları,/t͡ʃɯɾaclaˈɾɯ/
çırakların,/t͡ʃɯɾaclaˈɾɯn/
çırakta,/t͡ʃɯɾacˈta/
çıraktan,/t͡ʃɯɾacˈtan/
çırağa,/t͡ʃɯɾaˈ‿a/
çırağı,/t͡ʃɯɾaˈ‿ɯ/
çırağın,/t͡ʃɯɾaˈ‿ɯn/
çıyan,/t͡ʃɯ.ˈjan/
çıyanı,/t͡ʃɯ.ja.ˈnɯ/
çığlık,/t͡ʃɯ‿ˈlɯc/
çığlıklar,/t͡ʃɯ‿lɯcˈlaɾ/
çığlığa,/t͡ʃɯ‿lɯˈ‿a/
çığlığı,/t͡ʃɯ‿lɯˈ‿ɯ/
çığlığın,/t͡ʃɯ‿lɯˈ‿ɯn/
être,/etʁ/
öbür,/œ.ˈbyɾ/
öbürleri,/œbyɾleˈɾi/
öbürlerinde,/œbyɾleɾinˈde/
öbürlerinden,/œbyɾleɾinˈden/
öbürlerine,/œbyɾleɾiˈne/
öbürlerini,/œbyɾleɾiˈni/
öbürlerinin,/œbyɾleɾiˈnin/
öbürü,/œbyɾˈɾy/
öbüründe,/œbyɾynˈde/
öbüründen,/œbyɾynˈden/
öbürüne,/œbyɾyˈne/
öbürünü,/œbyɾyˈny/
öbürünün,/œbyɾyˈnyn/
öde,/œ.ˈde/
öfke,/œf.ˈce/
öfkeli,/œf.ce.ˈli/
öfkesiz,/œf.ce.ˈsiz/
öfori,/œ.fɔ.ɾi/
öglena,/œɟˈle.na/
ökse,/œc.se/
öksüz,/œcˈsyz/
öküz,/œ̞ˈcyz̪/
öl,/ˈœl/
öldür,/œl.ˈdyɾ/
öldürmek,/œl.dyɾ.ˈmec/
öldürmeler,/œl.dyɾ.me.ˈleɾ/
öldürmeme,/œl.dyɾ.me.ˈme/
öldürmememe,/œl.ˈdyɾ.me.me.ˈme/
öldürmesi,/œl.dyɾ.me.ˈsi/
öldürmeyin,/œl.ˈdyɾ.me.yin/
öldürün,/œl.ˈdy.ɾyn/
ölen,/œˈlen/
ölme,/ˈœl.me/
ölmek,/œl.ˈmec/
ölmeler,/œl.meˈleɾ/
ölmesi,/œl.meˈsi/
ölmeyen,/ˈœlmejen/
ölmeyi,/œl.meˈji/
ölmez,/œl.ˈmez/
ölmüş,/œl.ˈmyʃ/
ölçek,/œlˈt͡ʃec/
ölçekle,/œlˈt͡ʃecle/
ölçekleme,/œlt͡ʃecleˈme/
ölçekler,/œlt͡ʃecˈleɾ/
ölçekli,/œlt͡ʃecˈli/
ölçeksiz,/œlt͡ʃecˈsiz/
ölçme,/œlt͡ʃ.ˈme/
ölçmeler,/œlt͡ʃ.me.ˈleɾ/
ölçmesi,/œlt͡ʃ.me.ˈsi/
ölçü,/œ̞l̠ʲˈt͡ʃʏ/
ölçümler,/œlyt͡ʃmˈleɾ/
ölçümü,/œlt͡ʃyˈmy/
ölçün,/œlˈt͡ʃyn/
ölü dil,/œ.ˈly dil/
ölü dili,/œ.ˈly di.ˈli/
ölü diller,/œ.ˈly dil.ˈleɾ/
ölüm,/œ.ˈlym/
ölümcül,/œlymˈd͡ʒyl/
ölümcül günah,/œlymˈd͡ʒyl ɡynah/
ölümler,/œ.lym.ˈleɾ/
ölümü,/œ.ly.ˈmy/
ölür,/œˈluɾ/
ön ad,/œ.n‿ad/
ön bellekler,/ˈœn bel.lek.leɾ/
ön belleği,/ˈœn bel.le.ˈ‿i/
ön izleme,/œn iz.ˈle.me/
ön izlemeler,/œn iz.le.me.ˈleɾ/
ön izlememe,/œn iz.le.me.ˈme/
ön izlemesi,/œn iz.le.me.ˈsi/
ön izlemeyi,/œn iz.le.me.ˈji/
önbellek,/ˈœn.bel.lek/
önem,/œ.ˈnem/
önemli,/œ.nem.ˈli/
önemsiz,/œ.nem.ˈsiz/
önlemez,/œn.le.ˈmez/
önler,/œn.ˈleɾ/
önleri,/œn.le.ˈli/
önlerin,/œn.le.ˈlin/
önlerinde,/œn.le.lin.ˈde/
önlerinden,/œn.le.lin.ˈden/
önüm,/œ.ˈnym/
önümde,/œn.le.ɾin.ˈde/
önün,/œ.ˈnyn/
önünde,/œ.nyn.ˈde/
ördek,/œrˈdec/
ördekler,/œɾdecˈleɾ/
ördeğe,/œɾdeˈ‿e/
ördeği,/œɾdeˈ‿i/
ördeğin,/œɾdeˈ‿in/
örf,/ˈœɾf/
örgüt,/œɾ.ˈɡyt/
örnek,/œɾ.ˈnec/
örnekler,/œɾ.nec.ˈleɾ/
örnekli,/œɾ.nec.ˈli/
örneksiz,/œɾ.nec.ˈsiz/
örneğe,/œɾneˈ‿e/
örneği,/œɾ.ne.ˈ‿i/
örneğim,/œɾ.ne.ˈ‿im/
örneğin,/œɾ.ne.ˈ‿in/
ört,/ˈœrt/
örter,/œɾˈteɾ/
örtme,/œɾtˈme/
örtmede,/œɾtmeˈde/
örtmeden,/œɾtmeˈden/
örtmek,/œɾtˈmec/
örtmeler,/œɾtmeˈłeɾ/
örtmelerde,/œɾtmełeɾˈde/
örtmelerden,/œɾtmełeɾˈden/
örtmelere,/œɾtmełeˈɾe/
örtmeleri,/œɾtmełeˈɾi/
örtmelerim,/œɾtmełeˈɾim/
örtmelerin,/œɾtmełeˈɾin/
örtmem,/œɾtˈmem/
örtmeme,/ˈœɾtmeme/
örtmemi,/œɾtmeˈmi/
örtmeni,/œɾtmeˈni/
örtmenin,/œɾtmeˈnin/
örtmeye,/œɾtmeˈje/
örtmeyin,/ˈœɾtmejin/
örtmez,/œɾtˈmez/
örtü,/œɾˈty/
örtüde,/œɾtyˈde/
örtüden,/œɾtyˈden/
örtüler,/œɾtymˈłeɾ/
örtülerde,/œɾtyłeɾˈde/
örtülerden,/œɾtyłeɾˈden/
örtülere,/œɾtyłeˈɾe/
örtüleri,/œɾtyłeˈɾi/
örtülerim,/œɾtyłeˈɾim/
örtülerin,/œɾtyłeˈɾin/
örtüm,/œɾˈtym/
örtün,/œɾˈtyn/
örtüne,/œɾtymˈne/
örtünme,/œɾtynˈme/
örtünmede,/œɾtynmeˈde/
örtünmeden,/œɾtynmeˈden/
örtünmek,/œɾtynˈmec/
örtünmeler,/œɾtynmeˈłeɾ/
örtünmelerde,/œɾtynmełeɾˈde/
örtünmelerden,/œɾtynmełeɾˈden/
örtünmelere,/œɾtynmełeˈɾe/
örtünmeleri,/œɾtynmełeˈɾi/
örtünmelerim,/œɾtynmełeˈɾim/
örtünmelerin,/œɾtynmełeˈɾin/
örtünmem,/œɾtynˈmem/
örtünmeme,/œɾˈtynmeme/
örtünmen,/œɾtynˈmen/
örtünmene,/œɾtynmeˈne/
örtünmeni,/œɾtynmeˈni/
örtünmenin,/œɾtynmeˈnin/
örtünmeye,/œɾtynmeˈje/
örtünmeyin,/œɾˈtynmejin/
örtünü,/œɾtyˈny/
örtünün,/œɾtyˈnyn/
örtünürüm,/œɾtyˈnyɾym/
örtüsü,/œɾtymˈsy/
örtüyü,/œɾtyˈjy/
örümcek,/œ.ɾym.ˈd͡ʒec/
örümcekler,/œɾymd͡ʒecˈleɾ/
örüntü,/œ.ɾyn.ˈty/
örüntüden,/œɾyntyˈden/
örüntüler,/œ.ɾyn.ty.ˈleɾ/
örüntülerde,/œ.ɾyn.ty.leɾ.ˈde/
örüntülerden,/œ.ɾyn.ty.leɾ.ˈden/
örüntülere,/œ.ɾyn.ty.le.ˈɾe/
örüntüleri,/œ.ɾyn.ty.le.ˈɾi/
örüntülerim,/œ.ɾyn.ty.le.ˈɾim/
örüntülerimde,/œ.ɾyn.ty.le.ɾim.ˈde/
örüntülerimden,/œ.ɾyn.ty.le.ɾim.ˈden/
örüntülerime,/œ.ɾyn.ty.le.ɾi.ˈme/
örüntülerimi,/œ.ɾyn.ty.le.ɾi.ˈmi/
örüntülerimin,/œɾyntyleɾiˈmin/
örüntülerin,/œ.ɾyn.ty.le.ˈɾin/
örüntülerinde,/œ.ɾyn.ty.le.ɾin.ˈde/
örüntülerinden,/œ.ɾyn.ty.le.ɾin.ˈden/
örüntülerine,/œ.ɾyn.ty.le.ɾi.ˈne/
örüntülerini,/œ.ɾyn.ty.le.ɾi.ˈni/
örüntülerinin,/œ.ɾyn.ty.le.ɾi.ˈnin/
örüntüm,/œ.ɾyn.ˈtym/
örüntümden,/œ.ɾyn.tym.ˈden/
örüntüme,/œ.ɾyn.ty.ˈme/
örüntümü,/œ.ɾyn.ty.ˈmy/
örüntümün,/œ.ɾyn.ty.ˈmyn/
örüntün,/œ.ɾyn.ˈtyn/
örüntünde,/œ.ɾyn.tyn.ˈde/
örüntünden,/œ.ɾyn.tyn.ˈden/
örüntüne,/œ.ɾyn.ty.ˈne/
örüntünü,/œ.ɾyn.ty.ˈny/
örüntünün,/œ.ɾyn.ty.ˈnyn/
örüntüsü,/œ.ɾyn.ty.ˈsy/
örüntüsün,/œ.ɾyn.ty.ˈsyn/
örüntüsünde,/œɾyntysynˈde/
örüntüsünden,/œɾyntysynˈden/
örüntüsüne,/œɾyntysyˈne/
örüntüsünü,/œ.ɾyn.ty.sy.ˈny/
örüntüsünün,/œ.ɾyn.ty.sy.ˈnyn/
örüntüyü,/œ.ɾyn.ty.ˈjy/
öte,/œˈte/
öteki,/œteˈci/
öter,/œˈteɾ/
ötesi,/œ.te.ˈsi/
ötmeden,/œtmeˈden/
ötmek,/œtˈmec/
ötmeni,/œtmeˈni/
ötmenin,/œtmeˈnin/
ötmeye,/œtmeˈje/
ötmeyin,/ˈœtmejin/
ötmez,/œtˈmez/
ötün,/ˈœtyn/
öz,/ˈœz/
öz denetim,/œz de.ne.ˈtim/
özgün,/œz.ˈɡyn/
özgür,/œz.ɟyɾ/
özgürlük,/œz.ɟyɾ.ˈlyc/
özlük,/œz.ˈlyk/
özlükler,/œz.lyc.ˈleɾ/
özlüğü,/œz.ly.ˈ‿y/
özlüğüm,/œz.ly.ˈ‿ym/
özlüğün,/œz.ly.ˈ‿yn/
özveri,/œz.ve.ˈri/
öç,/ˈœt͡ʃ/
öğren,/œ‿ˈɾen/
öğrenci,/œ‿ɾenˈd͡ʒi/
öğrenilen,/œ‿ɾeniˈlen/
öğrenilen geçmiş zaman,/œ‿ɾeniˈlen ɡet͡ʃmiʃ zaman/
öğrenilmeyen,/œ‿ɾeˈnilmejen/
öğrenin,/œ‿ˈɾenin/
öğrenme,/œ‿ɾenˈme/
öğrenmeden,/œ‿ɾenmeˈden/
öğrenmeler,/œ‿ɾenmeˈleɾ/
öğrenmelerde,/œ‿ɾenmeleɾˈde/
öğrenmelerden,/œ‿ɾenmeleɾˈden/
öğrenmelere,/œ‿ɾenmeleˈɾe/
öğrenmeleri,/œ‿ɾenmeleˈɾi/
öğrenmelerin,/œ‿ɾenmeleˈɾin/
öğrenmem,/œ‿ɾenˈmem/
öğrenmen,/œ‿ɾenˈmen/
öğrenmenin,/œ‿ɾenmeˈnin/
öğrenmesi,/œ‿ɾenmeˈsi/
öğrenmeye,/œ‿ɾenmeˈje/
öğün,/œ̞‿ˈyn/
öğüt,/œ̞‿ˈyt/
üfürük,/y.fy.ɾyc.ˈt͡ʃy/
üfürükçü,/y.fy.ɾyk.ˈt͡ʃy/
üfürükçüler,/y.fy.ɾyk.t͡ʃy.ˈleɾ/
üfürükçülük,/y.fy.ɾyk.t͡ʃy.ˈlyc/
üfürükçülükler,/y.fy.ɾyk.t͡ʃy.lyc.ˈleɾ/
üfürükçülüğü,/y.fy.ɾyk.t͡ʃy.ly.ˈ‿y/
üfürükçülüğün,/y.fy.ɾyk.t͡ʃy.ly.ˈ‿yn/
üfürükçüsü,/y.fy.ɾyk.t͡ʃy.ˈsy/
üfürükçüyü,/y.fy.ɾyk.t͡ʃy.ˈjy/
ülke,/yl̪ˈce/
ümidi,/y.miː.ˈdi/
ümidin,/y.miː.ˈdin/
ümit,/y.ˈmit/
ümitler,/ymitˈleɾ/
ümitli,/y.mit.ˈli/
ümitsiz,/y.mit.ˈsiz/
ümitsizlik,/y.mit.siz.ˈlic/
ümmet,/ymˈmet/
ünik,/y.nic/
ünite,/yniˈte/
ünitede,/yniteˈde/
üniteden,/yniteˈden/
üniteler,/yniteˈleɾ/
ünitelerde,/yniteleɾˈde/
ünitelerden,/yniteleɾˈden/
ünitelere,/yniteleˈɾe/
üniteleri,/yniteleˈɾi/
ünitelerin,/yniteleˈɾin/
ünitemi,/yniteˈmi/
üniteni,/yniteˈni/
ünitenin,/yniteˈnin/
ünitesi,/yniteˈsi/
üniteye,/yniteˈje/
üniversite,/y.ni.veɾ.si.ˈte/
üniversiteler,/y.ni.veɾ.si.te.ˈleɾ/
üniversiteli,/y.ni.veɾ.si.te.ˈli/
üniversitesi,/y.ni.veɾ.si.te.ˈsi/
ünlem,/ynˈlem/
ünlemde,/ynlemˈde/
ünlemden,/ynlemˈden/
ünleme,/ynleˈme/
ünlemi,/ynleˈmi/
ünlemin,/ynleˈmin/
ünlemler,/ynlemˈleɾ/
ünlü,/ynˈly/
ünsüz,/ynˈsyz/
üre,/y.ˈɾe/
üreme,/y.ˈɾe.me/
üretra,/yˈɾetɾa/
üs,/ˈys/
üssel,/ysˈsel/
üssü,/ys.ˈsy/
üssüm,/ys.ˈsym/
üssün,/ys.ˈsyn/
üst küme,/ˈyst ky.me/
üst kümeler,/ˈyst ky.me.ˈleɾ/
üst kümesi,/ˈyst ky.me.ˈsi/
üst kümeyi,/ˈyst ky.me.ˈji/
üstel,/ysˈtel/
üstün zekâ,/ys.ˈtyn ze.kʲaː/
üstün zekâsı,/ys.ˈtyn ze.kʲaː.ˈsɯ/
üstün zekâyı,/ys.ˈtyn ze.kʲaː.ˈjɯ/
üstünlük,/ystynˈlyc/
üstünlükler,/ystynlycˈleɾ/
üstünlüğü,/ystynlyˈ‿y/
ütilize,/y.ti.li.ze/
ütilize etmek,/y.ti.li.ze et.mec/
ütopya,/yˈtop.ja/
ütopyası,/y.ˈtop.ja.ˈsɯ/
ütopyayı,/y.ˈtop.ja.ˈjɯ/
üzüntü,/yzynˈty/
üzüntüde,/yzyntyˈde/
üzüntüden,/yzyntyˈden/
üzüntüler,/yzyntyˈłeɾ/
üzüntülerde,/yzyntyłeɾˈde/
üzüntülerden,/yzyntyłeɾˈden/
üzüntülere,/yzyntyłeˈɾe/
üzüntüleri,/yzyntyłeˈɾi/
üzüntülerim,/yzyntyłeˈɾim/
üzüntülerin,/yzyntyłeˈɾin/
üzüntüme,/yzyntyˈme/
üzüntümü,/yzyntyˈmy/
üzüntümün,/yzyntyˈmyn/
üzüntünün,/yzyntyˈnyn/
üzüntüye,/yzyntyˈje/
üzüntüyü,/yzyntyˈjy/
üç,/ˈyt͡ʃ/
üç aylar,/ˈyt͡ʃ aj.laɾ/
üç ayları,/ˈyt͡ʃ aj.la.ˈɾɯ/
üç aylarım,/ˈyt͡ʃ aj.la.ˈɾɯm/
üç ayların,/ˈyt͡ʃ aj.la.ˈɾɯn/
üç yüz,/ˈyt͡ʃ jyz/
üç yüzler,/ˈyt͡ʃ jyz.leɾ/
üç yüzleri,/yt͡ʃ jyz.le.ˈɾi/
üçe,/yˈt͡ʃe/
üçkâğıt,/ˈyt͡ʃ.cja.‿ɯt/
üçkâğıtçı,/ˈyt͡ʃ.cja.‿ɯt.t͡ʃɯ/
üçkâğıtçılık,/ˈyt͡ʃ.cja.‿ɯt.t͡ʃɯ.lɯc/
üçler,/yt͡ʃ.ˈleɾ/
üçlerde,/yt͡ʃleɾˈde/
üçlerden,/yt͡ʃleɾˈden/
üçlere,/yt͡ʃleˈɾe/
üçleri,/yt͡ʃ.le.ˈɾi/
üçlerin,/yt͡ʃ.le.ˈɾin/
üçü,/yˈt͡ʃy/
üçün,/yˈt͡ʃyn/
Ğ,/ju.muˈʃak̚ ɟe/
İGE,/ˈiː ɡæː eː/
İYİ,/i.ˈji/
İbrahim,/ib.ɾaː.ˈhim/
İbrahim'i,/ib.ɾaː.hi.ˈmi/
İbrahimî,/ib.ɾaː.hi.ˈmiː/
İbrahimî din,/ib.raː.hi.ˈmiː din/
İbrahimî dinler,/ib.ɾaː.hi.ˈmiː din.leɾ/
İbrani,/ibɾaːˈni/
İbranice,/ib.raː.ˈni.d͡ʒe/
İbranicesi,/ib.raː.ˈni.d͡ʒe.ˈsi/
İbâdî,/i.baː.ˈdiː/
İbâdîler,/i.baː.diː.ˈleɾ/
İbâdîlik,/i.baː.diː.ˈlic/
İbâdîliği,/i.baː.diː.li.ˈ‿i/
İbâdîliğin,/i.baː.diː.li.ˈ‿in/
İbâdîsi,/i.baː.diː.ˈsi/
İbâdîyi,/i.baː.diː.ˈji/
İffetler,/iffetˈleɾ/
İhsan,/ihˈsan/
İhsanlar,/ihsanˈlaɾ/
İlah,/iˈlah/
İlhami,/ilhaːmi/
İli Türkçesi,/iˈli ˈtyrkt͡cheˈsi/
İncil,/inˈd͡ʒil/
İnegöl,/i.ne.ɟœl/
İngiliz,/ˈiɲ.ɟi.liz/
İngiliz Milletler Topluluğu,/in.ɡi.liz mil.let.ˈleɾ top.lu.lu.‿u/
İngiliz Milletler Topluluğu İngilizcesi,/in.ɡi.liz mil.let.ˈleɾ top.lu.lu.‿u in.ɡi.ˈliz.dʒe.si/
İngiliz İngilizcesi,/in.ɡi.ˈliz in.ɡi.liz.d͡ʒe.si/
İngilizce,/in.ɡi.ˈliz.dʒe/
İngilizler,/ˈin.ɡi.liz.leɾ/
İngiltere,/in.ɡil.ˈte.re/
İngiltere'si,/in.ɡil.ˈte.re.ˈsi/
İngiltere'yi,/in.ɡil.ˈte.re.ˈji/
İngiltereli,/in.ɡil.te.re.ˈli/
İnka,/ˈinca/
İnsanî Gelişme Endeksi,/in.saː.ˈniː ɡæ.liʃ.ˈme en.dek.si/
İnternet,/ˈin.teɾ.net/
İnternet'i,/ˈin.teɾ.ne.ˈti/
İnternet'in,/ˈin.teɾ.ne.ˈtin/
İran,/ˈiː.ɾan/
İran dili,/ˈiː.ɾan di.li/
İrem,/iˈɾem/
İrlandaca,/iɾ.ˈlan.da.d͡ʒa/
İskeçe,/isceˈt͡ʃe/
İskeçeli,/iscet͡ʃeˈli/
İskoç İngilizcesi,/ˈis.koˈt͡ʃ in.ɡi.liz.d͡ʒe.si/
İskoçya,/is.ˈkot͡ʃ.ja/
İslam,/is.ˈlam/
İslam'ı,/is.la.ˈmɯ/
İslam'ın,/is.la.ˈmɯn/
İslamiyet,/is.laː.mi.ˈjet/
İslamiyeti,/is.laː.mi.je.ˈti/
İslamiyetin,/is.laː.mi.je.ˈtin/
İslâm,/is.ˈlam/
İslâm hukukları,/is.ˈlaːm hu.cuc.la.ˈɾɯ/
İslâm hukuku,/is.ˈlaːm hu.cuː.cu/
İslâm hukukunu,/is.ˈlaːm hu.cuː.cu.ˈnu/
İslâm hukukunun,/is.ˈlaːm hu.cuː.cu.ˈnun/
İslâm'ca,/is.lam.ˈd͡ʒa/
İslâm'ı,/is.la.ˈmɯ/
İslâm'ın,/is.la.ˈmɯn/
İslâmcı,/is.lam.ˈd͡ʒɯ/
İslâmcılar,/is.lam.d͡ʒɯ.ˈlaɾ/
İslâmcılık,/is.lam.d͡ʒɯ.ˈlɯc/
İslâmcılığı,/is.lam.d͡ʒɯ.lɯ.ˈ‿ɯ/
İslâmcılığın,/is.lam.d͡ʒɯ.lɯ.ˈ‿ɯn/
İslâmcısı,/is.lam.d͡ʒɯ.ˈsɯ/
İslâmcıyı,/is.lam.d͡ʒɯ.ˈjɯ/
İslâmiyet,/is.laː.mi.ˈjet/
İslâmiyeti,/is.laː.mi.je.ˈti/
İslâmiyetin,/is.laː.mi.je.ˈtin/
İslâmlı,/is.lam.ˈlɯ/
İslâmsız,/is.lam.ˈsɯz/
İslâmî,/is.laː.ˈmiː/
İslâmî banka,/is.laː.ˈmiː ban.ka/
İslâmî bankacı,/is.laː.ˈmiː ˈban.ka.d͡ʒɯ/
İslâmî bankacılar,/is.laː.ˈmiː ban.ca.d͡ʒɯ.laɾ/
İslâmî bankacılık,/is.laː.ˈmiː ban.ka.d͡ʒɯ.lɯk/
İslâmî bankacılıklar,/is.laː.ˈmiː ban.ca.d͡ʒɯ.lɯk.ˈlaɾ/
İslâmî bankacılığı,/is.laː.ˈmiː ban.ca.d͡ʒɯ.lɯ.ˈ‿ɯ/
İslâmî bankacılığın,/is.laː.ˈmiː ban.ca.d͡ʒɯ.lɯ.ˈ‿ɯn/
İslâmî bankacılığını,/is.laː.ˈmiː ban.ca.d͡ʒɯ.lɯ.‿ɯ.ˈnɯ/
İslâmî bankacılığının,/is.laː.ˈmiː ban.ca.d͡ʒɯ.lɯ.‿ɯ.ˈnɯn/
İslâmî bankacısı,/is.laː.ˈmiː ban.ca.d͡ʒɯ.ˈsɯ/
İslâmî bankacıyı,/is.laː.ˈmiː ban.ca.d͡ʒɯ.ˈjɯ/
İslâmî bankalar,/is.laː.ˈmiː ˈban.ca.ˈlaɾ/
İslâmî bankası,/is.laː.ˈmiː ban.ca.ˈsɯ/
İslâmî bankayı,/is.laː.ˈmiː ban.ca.ˈjɯ/
İslâmî şahsiyete,/isłaːmiː ʃahsijeˈte/
İslâmî şahsiyeti,/isłaːmiː ʃahsijeˈti/
İslâmî şahsiyetin,/isłaːmiː ʃahsijeˈtin/
İslâmî şahsiyetler,/isłaːmiː ʃahsijetˈleɾ/
İsmâilîlik,/is.maː.ʔi.liːˈlic/
İspanya,/isˈpanja/
İspanyol,/ispanˈjol/
İstanbul,/is.ˈtan.bul/
İstanbul Sözleşmesi,/is.ˈtan.bul sœ̞z.leʃ.me.si/
İstanbul'u,/is.ˈtan.bu.ˈlu/
İstanbul'un,/is.ˈtan.bu.ˈlun/
İsviçre,/is.ˈvit͡ʃ.ɾe/
İsviçre Almancası,/is.ˈvit͡ʃ.ɾe al.man.d͡ʒa.sɯ/
İtalik dil,/ˈi.ta.ˈɫik dil/
İtalya-Dalmaçya dili,/i.tal.ˈja dal.ˈmat͡ʃ.ja di.li/
İtalyan,/i.tal.ˈjan/
İtalyanca,/i.tal.ˈjan.d͡ʒa/
İyi Parti,/i.ˈji paɾ.ti/
İzlanda,/iz.ˈlan.da/
İzlanda'sı,/iz.lan.da.ˈsɯ/
İzlanda'yı,/iz.lan.da.ˈjɯ/
İzlandalı,/iz.ˈlan.da.lɯ/
İzlandalılık,/iz.ˈlan.da.lɯ.lɯc/
İzmir,/ˈiz.miɾ/
İzmirli,/ˈizmiɾli/
İç Anadolu Bölgesi,/ˈit͡ʃ a.na.do.lu bœl.ɡe.si/
İç Güneş Sistemi,/ˈit͡ʃ ɡy.neʃ sis.te.mi/
İç Güneş Sistemi'n,/ˈit͡ʃ ɡy.neʃ sis.te.ˈmin/
İç Güneş Sistemi'ni,/ˈit͡ʃ ɡy.neʃ sis.te.mi.ˈni/
İç Güneş Sistemi'nin,/ˈit͡ʃ ɡy.neʃ sis.te.mi.ˈnin/
İşkodra,/iʃ.ˈcod.ɾa/
İşkodra'sı,/iʃ.ˈcod.ɾa.ˈsɯ/
İşkodra'yı,/iʃ.ˈcod.ɾa.ˈjɯ/
ılık,/ɯˈɫɯk/
ırk,/ˈɯɾk/
ırkı,/ɯɾ.ˈkɯ/
ıslahlar,/ɯslahˈlaɾ/
ıslak mendil,/ɯsˈɫak menˈdil/
ısı,/ˈɯ.sɯ/
ısınma,/ɯ.sɯn.ˈma/
ısınmak,/ɯ.sɯn.ˈmac/
ısınması,/ɯ.sɯn.ma.ˈsɯ/
ısınmayı,/ɯ.sɯn.ma.ˈjɯ/
ışık,/ɯ.ˈʃɯc/
ışıkları,/ɯ.ʃɯc.la.ˈɾɯ/
ışıkların,/ɯ.ʃɯc.la.ˈɾɯn/
ışıkçı,/ɯ.ʃɯc.ˈt͡ʃɯ/
ışıkçıları,/ɯ.ʃɯc.t͡ʃɯ.la.ˈɾɯ/
ışıkçıların,/ɯ.ʃɯc.t͡ʃɯ.la.ˈɾɯn/
ışıkçısı,/ɯ.ʃɯc.t͡ʃɯ.ˈsɯ/
ışıkçıyı,/ɯ.ʃɯc.t͡ʃɯˈjɯ/
ışıl,/ɯ.ˈʃɯl/
ışıl ışıl,/ɯ.ˈʃɯl ɯ.ʃɯl/
ışınlanmak,/ɯʃɯn̪ɫ̪an̪mak/
ışınım,/ɯʃɯˈnɯm/
ışınımı,/ɯʃɯnɯˈmɯ/
ışığı,/ɯ.ʃɯ.ˈ‿ɯ/
ışığım,/ɯ.ʃɯ.ˈ‿ɯm/
ışığın,/ɯ.ʃɯˈ‿ɯn/
ışığını,/ɯʃɯ‿ɯˈnɯ/
ışığının,/ɯʃɯ‿ɯˈnɯn/
Şaban,/ʃaː.ˈban/
Şaban'ı,/ʃa.ba.ˈnɯ/
Şabanlar,/ʃa.ˈban.ˈlaɾ/
Şabanlı,/ʃabanˈlɯ/
Şahin,/ʃaː.ˈhin/
Şahin'de,/ʃaː.hin.ˈde/
Şahin'den,/ʃaː.hin.ˈden/
Şahin'e,/ʃaː.hi.ˈne/
Şahin'i,/ʃaː.hi.ˈni/
Şahin'im,/ʃaː.hi.ˈnim/
Şahin'in,/ʃaː.hi.ˈnin/
Şahinler,/ʃaː.hin.ˈleɾ/
Şahinler'de,/ʃaː.hin.leɾ.ˈde/
Şahinler'den,/ʃaː.hin.leɾ.ˈden/
Şahinler'e,/ʃaː.hin.le.ˈɾe/
Şahinler'i,/ʃaː.hin.le.ˈɾi/
Şahinler'in,/ʃaː.hin.le.ˈɾin/
Şahinlerde,/ʃaː.hin.leɾ.ˈde/
Şahinlerden,/ʃaː.hin.leɾ.ˈden/
Şahinlere,/ʃaː.hin.le.ˈɾe/
Şahinleri,/ʃaː.hin.le.ˈɾi/
Şahinlerin,/ʃaː.hin.le.ˈɾin/
Şahinlerler,/ʃaː.hin.ˈleɾ.leɾ/
Şam,/ˈʃam/
Şam'a,/ʃaˈma/
Şam'da,/ʃamˈda/
Şam'dan,/ʃamˈdan/
Şamanizm,/ˈʃaː.ma.ˈnizm/
Şanlıurfa,/ʃanˈɫɯuɾfa/
Şarlken,/ˈʃaɾl.ken/
Şarlken'i,/ʃaɾl.ke.ˈni/
Şarlken'in,/ʃaɾl.ke.ˈnin/
Şayık,/ʃa.ˈjɯk/
Şems,/ʃems/
Şen,/ˈʃen/
Şener,/ˈʃe.neɾ/
Şeref,/ʃe.ˈɾef/
Şerefiye,/ʃe.ɾe.fi.ˈje/
Şia,/ʃi.ˈˤa/
Şialık,/ʃi.ʔa.ˈlɯc/
Şialığı,/ʃi.ʔa.ɫɯ.ˈ‿ɯ/
Şiası,/ʃi.ˤa.ˈsɯ/
Şiayı,/ʃi.ˤa.ˈjɯ/
Şii,/ʃi.ˈʔiː/
Şiiler,/ʃi.ʔiː.ˈleɾ/
Şiilik,/ʃiʔiːˈlic/
Şiiliği,/ʃi.ʔiː.li.ˈ‿i/
Şiisi,/ʃi.ʔiː.ˈleɾ/
Şimşek,/ʃim.ˈʃec/
Şimşek'i,/ʃim.ʃe.ˈ‿i/
Şimşek'in,/ʃim.ʃe.ˈ‿in/
Şimşekler,/ʃim.ʃec.ˈleɾ/
Şintoist,/ˈʃin.to.ˈist/
Şintoisti,/ˈʃin.to.is.ˈti/
Şintoistin,/ˈʃin.to.is.ˈtin/
Şintoistini,/ˈʃin.to.is.ti.ˈni/
Şintoistinin,/ˈʃin.to.is.ti.ˈnin/
Şintoizm,/ˈʃin.to.ˈizm/
Şintoizmi,/ˈʃin.to.iz.ˈmi/
Şintoizmin,/ˈʃin.to.iz.ˈmin/
Şintoizmini,/ˈʃin.to.iz.mi.ˈni/
Şintoizminin,/ˈʃin.to.iz.mi.ˈnin/
Şirince,/ʃi.ˈɾin.d͡ʒe/
Şiî,/ʃi.ˈʔiː/
Şiîler,/ʃi.ʔiː.ˈleɾ/
Şiîlik,/ʃi.ʔiː.ˈlic/
Şiîliği,/ʃi.ʔiː.li.ˈ‿i/
Şiîliğin,/ʃi.ʔiː.li.ˈ‿in/
Şiîliğini,/ʃi.ʔiː.li.‿i.ˈni/
Şiîliğinin,/ʃi.ʔiː.li.‿i.ˈnin/
Şiîsi,/ʃi.ʔiː.ˈsi/
Şişeler,/ʃiˈʃe/
Şor,/ˈʃoɾ/
Şor Türkçesi,/ˈʃoɾ tyrk.t͡ʃe.si/
Şorca,/ˈʃoɾ.d͡ʒa/
Şorlar,/ʃoɾ.ˈlaɾ/
Şâfiîlik,/ʃaː.fi.ʔiː.ˈlic/
Şırnak,/ˈʃɯɾ.nak/
Şırnaklı,/ˈʃɯɾ.nak.ˈlɯ/
şaban,/ʃaːban/
şabanlar,/ʃa.ˈban.ˈlaɾ/
şabanı,/ʃa.ba.ˈnɯ/
şablon,/ʃab.ɫon/
şablonlar,/ʃab.lonˈlaɾ/
şablonları,/ʃab.lon.la.ˈɾɯ/
şablonların,/ʃab.lon.la.ˈɾɯn/
şablonlarını,/ʃab.lon.la.ɾɯ.ˈnɯ/
şablonlarının,/ʃab.lon.la.ɾɯ.ˈnɯn/
şablonlu,/ʃablonˈlu/
şablonsuz,/ʃablonˈsuz/
şablonu,/ʃab.lo.ˈnu/
şablonun,/ʃab.lo.ˈnun/
şablonunu,/ʃab.lo.nu.ˈnu/
şablonunun,/ʃab.lo.nu.ˈnun/
şafak,/ʃaˈfak/
şah,/ˈʃah/
şahin,/ʃaː.ˈhin/
şahinde,/ʃaː.hin.ˈde/
şahinden,/ʃaː.hin.ˈden/
şahine,/ʃaː.hi.ˈne/
şahini,/ʃaː.hi.ˈni/
şahinim,/ʃaː.hi.ˈnim/
şahinin,/ʃaː.hi.ˈnin/
şahinler,/ʃaː.hin.ˈleɾ/
şahinlerde,/ʃaː.hin.leɾ.ˈde/
şahinlerden,/ʃaː.hin.leɾ.ˈden/
şahinlere,/ʃaː.hin.le.ˈɾe/
şahinleri,/ʃaː.hin.le.ˈɾi/
şahinlerin,/ʃaː.hin.le.ˈɾin/
şahsiyet,/ʃahsiˈjet/
şahsiyete,/ʃahsijeˈte/
şahsiyeti,/ʃahsijeˈti/
şahsiyetin,/ʃahsijeˈtin/
şahsiyetler,/ʃahsijetˈleɾ/
şahsı,/ʃahˈsɯ/
şahsın,/ʃahˈsɯn/
şahıs,/ʃa.ˈhɯs/
şahıs zamiri,/ʃa.ˈhɯs za.mi.ɾi/
şahıs zamirin,/ʃa.ˈhɯs za.mi.ˈɾin/
şahıs zamirine,/ʃaˈhɯs zamiɾiˈne/
şahıs zamirini,/ʃa.ˈhɯs za.mi.ɾi.ˈni/
şahıs zamirinin,/ʃa.ˈhɯs za.mi.ɾi.ˈnin/
şahıs zamirleri,/ʃa.ˈhɯs za.miɾ.le.ˈɾi/
şahıs zamirlerin,/ʃa.ˈhɯs za.miɾ.le.ˈɾin/
şahıs zamirlerini,/ʃa.ˈhɯs za.miɾ.le.ɾi.ˈni/
şahıs zamirlerinin,/ʃa.ˈhɯs za.miɾ.le.ɾi.ˈnin/
şahıslarda,/ʃahɯslaɾˈda/
şahıslardan,/ʃahɯslaɾˈdan/
şahısları,/ʃahɯslaˈɾɯ/
şahısların,/ʃahɯslaˈɾɯn/
şair,/ʃaː.ˈˤiɾ/
şairi,/ʃaː.ˤi.ˈɾi/
şairin,/ʃaː.ˤi.ˈɾin/
şairler,/ʃaː.ˤiɾ.ˈleɾ/
şaka,/ʃaˈka/
şakadan,/ʃacaˈdan/
şakamı,/ʃacaˈmɯ/
şakamın,/ʃacaˈmɯn/
şakanı,/ʃacaˈnɯ/
şakanın,/ʃacaˈnɯn/
şakayı,/ʃacaˈjɯ/
şakayık,/ʃacːaˈjɯc/
şakayıklarda,/ʃacaːjɯclarˈda/
şakayıklardan,/ʃacaːjɯclarˈdan/
şakayıkları,/ʃacaːjɯclaˈrɯ/
şakayıkların,/ʃacaːjɯclaˈrɯn/
şakayığa,/ʃacaːjɯˈ‿ɯa/
şakayığı,/ʃacaːjɯˈ‿ɯ/
şakayığın,/ʃacaːjɯˈ‿ɯn/
şaki,/ʃaˈciː/
şakiler,/ʃaciːˈleɾ/
şakiye,/ʃaciːˈje/
şakşuka,/ʃacˈʃucca/
şamdan,/ʃamˈdan/
şamisen,/ʃaˈmisen/
şampiyon,/ʃam.pijon/
şan,/ˈʃan/
şansölye,/ʃansœlˈje/
şanzıman,/ʃan.zɯ.man/
şanı,/ʃaː.ˈnɯ/
şanımın,/ʃaː.nɯ.ˈmɯn/
şanını,/ʃaː.nɯˈnɯ/
şanının,/ʃaː.nɯ.ˈnɯn/
şap,/ˈʃap/
şarabı,/ʃa.ɾa.ˈbɯ/
şarabın,/ʃa.ɾa.ˈbɯn/
şarabını,/ʃa.ɾa.bɯ.ˈnɯ/
şarabının,/ʃa.ɾa.bɯˈnɯn/
şarap,/ʃa.ˈɾap/
şaraplar,/ʃa.ɾapˈlaɾ/
şarapları,/ʃa.ɾap.la.ˈɾɯ/
şarapların,/ʃa.ɾap.la.ˈɾɯn/
şaraplarını,/ʃa.ɾap.la.ɾɯ.ˈnɯ/
şaraplarının,/ʃa.ɾap.la.ɾɯ.ˈnɯn/
şarj,/ˈʃaɾʒ/
şarjlar,/ʃaɾʒˈlaɾ/
şarjı,/ʃaɾ.ˈʒɯ/
şarküteri,/ʃaɾ.cy.te.ɾi/
şarkı,/ʃaɾ.ˈkɯ/
şarkılar,/ʃaɾ.kɯ.ˈɫaɾ/
şarkısı,/ʃaɾ.kɯ.ˈsɯ/
şarkıyı,/ʃaɾ.kɯ.ˈjɯ/
şart,/ˈʃaɾt/
şartlar,/ʃaɾtˈlaɾ/
şartı,/ʃaɾ.ˈtɯ/
şartın,/ʃaɾ.ˈtɯn/
şartını,/ʃaɾ.tɯ.ˈnɯ/
şartının,/ʃaɾ.tɯ.ˈnɯn/
şay,/ˈʃaj/
şaş,/ˈʃaʃ/
şefkat,/ʃe̞fkat̪/
şehadet,/ʃe.haː.ˈdet/
şehir,/ʃe.ˈhiɾ/
şehir devleti,/ʃe.ˈhiɾ dev.le.ti/
şehir devletini,/ʃe.ˈhiɾ dev.le.ti.ˈni/
şehir devletleri,/ʃe.ˈhiɾ dev.let.le.ˈɾi/
şehirler,/ʃe.hiɾˈleɾ/
şehirleri,/ʃe.hiɾ.leˈɾi/
şehirlerin,/ʃe.hiɾ.leˈɾin/
şehri,/ʃehˈɾi/
şehrin,/ʃehˈɾin/
şehvet,/ʃehˈvet/
şehvet düşkünlüğü,/ʃehˈvet dyʃkynlyˈ‿y/
şehvete,/ʃehveˈte/
şehveti,/ʃehveˈti/
şehvetin,/ʃehveˈtin/
şehvetler,/ʃehvetˈleɾ/
şehvette,/ʃehvetˈte/
şekil,/ʃecil/
şekilden,/ʃeˈcil.den/
şelale,/ʃelaːˈle/
şen,/ˈʃen/
şer,/ˈʃeɾ/
şer'iyye,/ʃeɾ.ˈˤij.je/
şer'î,/ʃeɾˈʔiː/
şer'î delil,/ʃeɾˈʔiː deˈlil/
şer'î delili,/ʃeɾˈʔiː deliˈli/
şer'î deliller,/ʃeɾˈʔiː delilˈler/
şer'î delilli,/ʃeɾˈʔiː delilˈli/
şer'î delilsiz,/ʃeɾˈʔiː delilˈsiz/
şeref,/ʃe.ˈɾef/
şerefe,/ʃe.ɾe.ˈfe/
şerefiye,/ʃe.ɾe.fi.ˈje/
şerh,/ˈʃeɾh/
şerhe,/ʃeɾˈhe/
şerhi,/ʃeɾˈhi/
şerhin,/ʃeɾˈhin/
şerhler,/ʃeɾhˈleɾ/
şeriat,/ʃe.ɾi.ˈˤat/
şeriatçı,/ʃe.ɾi.ˤat.ˈt͡ʃɯ/
şeriatçılık,/ʃe.ɾi.ˤat.t͡ʃɯ.ˈlɯc/
şeriatçılığı,/ʃe.ɾi.ˤat.t͡ʃɯ.lɯ.ˈ‿ɯ/
şeriatçılığın,/ʃe.ɾi.ˤat.t͡ʃɯ.lɯ.ˈ‿ɯn/
şeriatçısı,/ʃe.ɾi.ˤat.t͡ʃɯ.ˈsɯ/
şeriatçıyı,/ʃe.ɾi.ˤat.t͡ʃɯ.ˈjɯ/
şeriatı,/ʃe.ɾi.ˤa.ˈtɯ/
şeriatın,/ʃe.ɾi.ˤa.ˈtɯn/
şeridi,/ʃe.ɾi.ˈdi/
şeridin,/ʃe.ɾi.ˈdin/
şeridini,/ʃe.ɾi.di.ˈni/
şeridinin,/ʃe.ɾi.di.ˈnin/
şerit,/ʃe.ˈɾit/
şeritler,/ʃe.ɾit.ˈleɾ/
şeritleri,/ʃe.ɾit.le.ˈɾi/
şeritlerin,/ʃe.ɾit.le.ˈɾin/
şeritlerini,/ʃe.ɾit.le.ɾi.ˈni/
şeritlerinin,/ʃe.ɾit.le.ɾi.ˈnin/
şevval,/ʃevˈvał/
şey,/ˈʃej/
şeyde,/ʃej.ˈde/
şeyden,/ʃej.ˈden/
şeye,/ʃe.ˈje/
şeyh,/ˈʃejh/
şeyhi,/ʃej.ˈhi/
şeyhim,/ʃej.ˈhim/
şeyhimi,/ʃej.hi.ˈmi/
şeyhimin,/ʃej.hi.ˈmin/
şeyhin,/ʃej.ˈhin/
şeyhini,/ʃej.hi.ˈni/
şeyhinin,/ʃej.hi.ˈnin/
şeyhler,/ʃejh.ˈleɾ/
şeyi,/ʃe.ˈji/
şeyler,/ʃej.ˈleɾ/
şeylerde,/ʃejleɾˈde/
şeylerden,/ʃejleɾˈden/
şeylere,/ʃejleˈɾe/
şeyleri,/ʃejleˈɾi/
şeylerin,/ʃejleˈɾin/
şeş,/ˈʃeʃ/
şi'ir,/ʃi.ˤiɾ/
şi'iri,/ʃiʕiˈɾi/
şi'irler,/ʃi. ʕiɾ.ˈleɾ/
şiar,/ʃi.ˈˤaɾ/
şiar edin,/ʃi.ˤaɾ e.ˈdin/
şiar edinme,/ʃi.ˤaɾ e.ˈdin.me/
şiar edinmek,/ʃi.ˤaɾ e.din.ˈmek/
şiar edinmeler,/ʃi.ˤaɾ e.din.me.ˈleɾ/
şiar edinmeme,/ʃi.ˤaɾ e.ˈdin.me.me/
şiar edinmemeler,/ʃi.ˤaɾ e.din.me.me.ˈleɾ/
şiar edinmememe,/ʃi.ˤaɾ e.ˈdin.me.me.ˈme/
şiar edinmemesi,/ʃi.ˤaɾ e.din.me.me.ˈsi/
şiar edinmesi,/ʃi.ˤaɾ e.din.me.ˈsi/
şiarı,/ʃi.ˤa.ˈɾɯ/
şiarın,/ʃi.ˤa.ˈɾɯn/
şiir,/ʃi.ˈiɾ/
şiiri,/ʃiʕiˈɾi/
şiirler,/ʃi.ʕiɾ.ˈleɾ/
şike,/ʃiˈce/
şikâyet,/ʃi.kʲaː.ˈjet/
şikâyeti,/ʃi.kʲaː.je.ˈti/
şikâyetim,/ʃi.kʲaː.je.ˈtim/
şikâyetin,/ʃi.kʲaː.je.ˈtin/
şikâyetler,/ʃi.kʲaː.jetˈleɾ/
şikâyetname,/ʃi.kʲaː.ˈjet.naː.ˈme/
şikâyetnameler,/ʃi.kʲaː.ˈjet.naː.me.ˈleɾ/
şikâyetnamesi,/ʃi.kʲaː.ˈjet.naː.me.ˈsi/
şikâyetçi,/ʃi.kʲaː.jet.ˈt͡ʃi/
şikâyetçiler,/ʃi.kʲaː.jet.t͡ʃi.ˈleɾ/
şikâyetçili,/ʃi.kʲaː.jet.t͡ʃi.ˈli/
şikâyetçilik,/ʃi.kʲaː.jet.t͡ʃi.ˈlic/
şikâyetçilikler,/ʃi.kʲaː.jet.t͡ʃi.lic.ˈleɾ/
şikâyetçililik,/ʃi.kʲaː.jet.t͡ʃi.li.ˈlic/
şikâyetçililikler,/ʃi.kʲaː.jet.t͡ʃi.li.lic.ˈleɾ/
şikâyetçililiği,/ʃi.kʲaː.jet.t͡ʃi.li.li.ˈ‿i/
şikâyetçililiğim,/ʃi.kʲaː.jet.t͡ʃi.li.li.ˈ‿im/
şikâyetçililiğin,/ʃi.kʲaː.jet.t͡ʃi.li.li.ˈ‿in/
şikâyetçiliği,/ʃi.kʲaː.jet.t͡ʃi.li.ˈ‿i/
şikâyetçiliğim,/ʃi.kʲaː.jet.t͡ʃi.li.ˈ‿im/
şikâyetçiliğin,/ʃi.kʲaː.jet.t͡ʃi.li.ˈ‿in/
şikâyetçim,/ʃi.kʲaː.jet.ˈt͡ʃim/
şikâyetçin,/ʃi.kʲaː.jet.ˈt͡ʃin/
şikâyetçisi,/ʃi.kʲaː.jet.t͡ʃi.ˈsi/
şikâyetçisizlik,/ʃi.kʲaː.jet.t͡ʃi.siz.ˈlic/
şikâyetçisizlikler,/ʃi.kʲaː.jet.t͡ʃi.siz.lic.ˈleɾ/
şikâyetçisizliği,/ʃi.kʲaː.jet.t͡ʃi.siz.li.ˈ‿i/
şikâyetçisizliğim,/ʃi.kʲaː.jet.t͡ʃi.siz.li.ˈ‿im/
şikâyetçisizliğin,/ʃi.kʲaː.jet.t͡ʃi.siz.li.ˈ‿in/
şimdi,/ˈʃim.di/
şimşek,/ʃim.ˈʃec/
şimşekler,/ʃim.ʃec.ˈleɾ/
şimşeği,/ʃim.ʃe.ˈ‿i/
şimşeğin,/ʃim.ʃe.ˈ‿in/
şirk,/ˈʃiɾc/
şirket,/ʃiɾ.cʰet̪/
şirkete,/ʃiɾ.ce.ˈte/
şirketi,/ʃiɾ.ce.ˈti/
şirketim,/ʃiɾ.ce.ˈtim/
şirketimi,/ʃiɾ.ce.ti.ˈmi/
şirketimin,/ʃiɾ.ce.ti.ˈmin/
şirketin,/ʃiɾceˈtin/
şirketini,/ʃiɾ.ce.ti.ˈni/
şirketinin,/ʃiɾ.ce.ti.ˈnin/
şirketler,/ʃiɾ.cet.ˈleɾ/
şirketlerde,/ʃiɾ.cet.leɾ.ˈde/
şirketlerden,/ʃiɾ.cet.leɾ.ˈden/
şirketlere,/ʃiɾ.cet.le.ˈɾe/
şirketleri,/ʃiɾ.cet.le.ˈɾi/
şirketlerin,/ʃiɾ.cet.le.ˈɾin/
şirketlerini,/ʃiɾ.cet.le.ɾi.ˈni/
şirketlerinin,/ʃiɾ.cet.le.ɾi.ˈnin/
şirki,/ʃiɾ.ˈci/
şirkin,/ʃiɾ.ˈcin/
şirkini,/ʃiɾ.ci.ˈni/
şirkinin,/ʃiɾ.ci.ˈnin/
şirkler,/ʃiɾc.ˈleɾ/
şirkleri,/ʃiɾc.le.ˈɾi/
şirklerin,/ʃiɾc.le.ˈɾin/
şirklerini,/ʃiɾc.le.ɾi.ˈni/
şirklerinin,/ʃiɾc.le.ɾi.ˈnin/
şizoid kişilik bozukluğu,/ʃizoˈid ciʃiˈlic bozukɫuː‿ˈu/
şizotipal kişilik bozukluğu,/ʃizotiˈpal ciʃiˈlic bozukɫuː‿ˈu/
şiş,/ˈʃiʃ/
şişe,/ʃiˈʃe/
şişeyi,/ʃi.ʃeˈji/
şişler,/ʃiʃˈleɾ/
şoför,/ʃo.fœɾ/
şok,/ˈʃok/
şoş,/ˈʃoʃ/
şu,/ˈʃu/
şu anda,/ʃu anˈda/
şuh,/ˈʃuh/
şura,/ˈʃu.ɾa/
şurası,/ˈʃu.ɾa.ˈsɯ/
şuur,/ʃuːr/
şâz hadis,/ˈʃaːz ha.dis/
şâz hadisi,/ˈʃaːz ha.diː.ˈsi/
şâz hadisler,/ˈʃaːz ha.dis.ˈleɾ/
şöyle,/ʃœjˈle/
şûra,/ʃuˑˈɾaː/
şüphe,/ʃypˈhe/
şırkıslak,/ʃɯɾkɯsˈɫak/
Έρως,/ˈe.ɾɔs/
Αθήνα,/aˈθina/
Βενετία,/ve.ne.ˈti.a/
Θράκη,/ˈθraci/
Ταυρική,/ta͜urikeː́/
Ωραία Κοιμωμένη,/orea kimomenê/
βλέπω,/ˈvle̞po̞/
γαβγίζω,/gav.gi.zo/
είμαι,/iˈme/
εξομολογούμαι,/e.ksɔ.mɔ.lɔ.ˈɣu.me/
ζωγραφίζω,/zografízo/
καπνίζω,/kapnizo/
κλείνω,/klíno/
π'ler,/pil.ˈleɾ/
π'si,/piː.ˈsi/
π'yi,/piː.ˈyi/
παίζω,/ˈpe.zo/
προλαβαίνω,/prɔ.la.ˈve.nɔ/
προσεύχομαι,/pɾɔ.sέf.xo.mε/
σβήνω,/ˈzvi.nɔ/
България,/bəlˈɡarija/
Германия,/ger.'ma.nja/
Западная Сахара,/Zapadnaya Sahara/
Константинопол,/Konstantinopol/
Константинопољ,/Konstantinopolj/
Монгол улс,/mɒnɡɒlʔɔls/
Мёртвое море,/Myórtvoye móre/
Объединенные Арабские Эмираты,/Ob'edinennıe Arábskie Émiratı/
Организация Североатлантического договора,/Organizátsiya Severoatlantíçeskovo dogovóra/
Острова Хэрда и МакДональда,/Ostrova Herda i MakDonal'da/
Спящая Красавица,/spyáşçaya krasávitsa/
Стамбул,/Stambúl/
Степан,/stipan/
Сьерра-Леоне,/S'erra-Leone/
Україна,/ukraˈjina/
Франция,/ˈfran.tsja/
Цариград,/Tsarigrad/
Человек-паук,/Çelovék paúk/
адгалра,/adgalra/
айгlайра,/ayğayra/
айззара,/ayzzara/
айсра,/aysra/
аквчӀвара,/aukĉara/
алагара,/alagara/
аларпӀатӀара,/alarp΄ađara/
апхьара,/apxeara/
арыпхьара,/arıpxeara/
асра,/asra/
аущтра,/awş΄tra/
ахъарпара,/aķarpara/
ба хІвара,/ba  ħuara/
бабр,/babr/
бай,/baj/
балыктаа,/balɯk/
бар,/bar/
баргвхара,/barguxara/
бастаа,/bastaː/
бахра,/baxra/
баҕар,/aʁar/
бгІадзаxapa,/bğadzaxara/
бер,/ber/
бжьаpa,/bjeara/
бзазара,/bzazara/
блестеть,/blistiet'/
блыpa,/blıra/
гIабжьыхра,/abjiıxra/
гIагвыжвкІра,/aguıj΄k´ra/
гIагвынгIвpa,/ğaguınğura/
гIагвыргъьаpa,/aguırġeara/
гIвра,/ğura/
гaрá,/gará/
гlaуpa,/awra/
гвапхара,/guapxara/
гвыгъьра,/guıiġra/
гвыжвкlра,/guıj΄k´ra/
гъычpa,/ġıçra/
джвджваpа,/ččara/
дзpа,/dzra/
дзыргlвыра,/dzırğuıra/
дзышра,/dzışra/
дуxapa,/duxara/
заговаривать,/zagıvağrivat'/
заговорить,/zagıvarit/
закpa,/zakra/
кIапIлара,/k´ap΄lara/
кIапра,/k´apra/
кIапсара,/k´apsara/
кIра,/k´ra/
кlaчвapa,/k´açşara/
кlныxlapa,/k´nıħara/
кІашвара,/k´aşuara/
кІвыршapa,/k´uırşara/
кІылчІвaра,/k´ılĉara/
качкIpa,/kaçk´ra/
квпшра,/kupşra/
киэһэр,/kieher/
киһитий,/kihitij/
куруй,/kyryj/
куур,/kyːr/
куус,/kyːs/
къвжвара,/khuj΄ara/
къычlpa,/khıċra/
кылгаа,/kɯlgaː/
кьахвpa,/keauhra/
күлүү,/kylyː/
көр,/kœr/
көрүс,/kœrys/
көс,/kœs/
көт,/kœt/
көтөх,/kœtœx/
көһүс,/kœhys/
майрахара,/mayraxara/
махра,/maxra/
мацІауpa,/matzawra/
мгIвайсра,/mğuaysra/
мцы xIвapa,/mtsı ħuara/
оонньоо,/oːnɲoː/
оттоо,/ottoː/
отун,/otun/
переночевать,/pirinaçivat'/
пкъра,/pkhra/
побегать,/pabeğgat'/
помёрзнуть,/pamiorznut'/
почувствоваться,/paçuvstvavatsa/
прижаться,/prijağtsea/
прижиматься,/prijimağtsea/
приискать,/pri iskat'/
приискивать,/pri iskivat'/
прийтись,/priytis/
продолжиться,/pradoljitsa/
псаpa,/psara/
птшра,/ptşra/
пшpa,/pşra/
радзара,/radzara/
расстреливать,/rastreğlivat'/
расстрелять,/rastrileat'/
рбзара,/rbzara/
ргвыжвкІpa,/rguıj΄k´ra/
рккIapa,/rkk´ara/
рпшшapa,/rpşşara/
рхIapa,/rħara/
рчIваpa,/rĉara/
ршвapа,/rşuara/
рыдзpа,/rıdzra/
рычвра,/rıçşra/
садиться,/sadiğtsea/
сакъxaра,/sakhxara/
сесть,/siest/
смешаться,/smişatsa/
сойтись,/saytis/
сходиться,/shaditsa/
сыллаа,/sɯllaː/
сүт,/syt/
сүүй,/syːj/
сүүйтэр,/syːjter/
сүүр,/syːr/
тacpa,/tasra/
тaхІa цapa,/taħa tsara/
тaхыcpa,/taxısra/
тапaра,/tapara/
таптаа,/taptaː/
тапшра,/tapşra/
тараа,/taraː/
тарай,/taraj/
тарчвpa,/tarçşra/
тацIapa,/tatzara/
тачІвapa,/taĉara/
тигр,/tigr/
тира,/tiyra/
тонуть,/tanut'/
тшакІвыршapa,/tşak´uırşara/
тшгІвычapa,/tşğuıçara/
тшкIвабара,/tşkhuabara/
тшкъaчІвaxpa,/tşkhaĉaxra/
тшыpбaxpa,/tşırbaxra/
тшыpдуpa,/tşırdura/
тшыжвпaра,/tşıj΄para/
тшыжвылра,/tşıj΄ılra/
тшыртІлapa,/tşırđlara/
тшыршвшвapa,/tşırşşuara/
тыдара,/tıdara/
тыцІра,/tıtzra/
устанавливаться,/ustanavlivatsa/
установиться,/ustanavitsa/
фгlвышваpa,/fğuışuara/
хlвхlвapa,/ħħuara/
хъварapa,/ķuarara/
хъвыцра,/ķuıtsra/
хъысра,/ķısra/
хъыхIapa,/ķıħara/
хъыччара,/ķıççara/
хыcpa,/xısra/
хьыcpa,/xiısra/
цIыppa,/tzırra/
цIыpгIвapa,/tzırğuara/
цxIapa,/tsħara/
цІcpa,/tzsra/
целовать,/ʦəɫaˈvatʲ/
цныxчылра,/tsnıxçılra/
чIапщаpa,/ċapş΄ara/
чIвагIгIра,/ĉağğra/
чIвара,/ĉara/
чIвыуapa,/ĉıwara/
чара,/çara/
чвасыcpa,/çşasısra/
чпаpa,/para/
чувствоваться,/çuvstvavatsa/
шIарпара,/ĵarpara/
шlжвapa,/ĵj΄ara/
шІархІыcpa,/ĵarħısra/
шІахІвара,/ĵaħuara/
швpa,/şura/
швира,/şuiyra/
щpa,/ş΄ra/
щтIыxpa,/ş΄đıxra/
щтlалpa,/ş΄đalra/
щталрa,/ş΄talra/
щтапшра,/ş΄tapşra/
щтира,/ş΄tiyra/
щцара,/ş΄tsara/
щщpa,/ş΄ş΄ra/
щыхра,/ş΄ıxra/
ыа,/ɯa/
ыллаа,/ɯllaː/
ылыс,/ɯlɯs/
ырыт,/ɯrɯt/
ыыт,/ɯːt/
эбиэттээ,/ebietteː/
эм,/em/
эмтээ,/emteː/
эп,/ep/
эр,/er/
эттээ,/etteː/
эһэлээ,/eheleː/
үт,/yt/
үөрэн,/yœren/
үөрэт,/yœret/
Անատոլիա,/anatolˈja/
Անկարա,/ankˈaɹa/
Աջարիա,/adʒaˈɾia/
Աֆղանստան,/afʁanəsˈtan/
Բաղրամյան,/baʁɾamˈjan/
Բանգլադեշ,/banglaˈdeʃ/
Բոսֆոր,/bosˈfoɾ/
Դարդանել,/daɾdaˈnel/
Եգիպտոս,/jegipˈtos/
Եմեն,/jemˈen/
Եվրոպա,/jevɾoˈpa/
Երուսաղեմ,/Yerusagem/
Երևան,/jeɾeˈvan/
Թուրքիա,/tʰuɾˈkʰia/
Թրակիա,/tʰəˈɾaɡja/
Ժնև,/ʒnev/
Իրան,/iˈɾan/
Իրաք,/iˈɾakʰ/
Լիբանան,/libaˈnan/
Կիպրոս,/kipˈɾos/
Կլեոպատրա,/kleopatˈɾa/
Կոստանդնուպոլիս,/kostandnupoˈlis/
Հայաստանի Հանրապետություն,/hajastaˈni hanɾapetuˈtsʰjun/
Հայք,/hajkʰ/
Հնդկաստան,/həndkaˈstan/
Ճապոնիա,/ʧaˈponja/
Մեռյալ ծով,/meṙyal çov/
Նամիբիա,/namibia/
Ստամբուլ,/stamˈbul/
Վենետիկ,/veneˈtik/
Վրաստան,/vəɾasˈtan/
աղոթել,/aʁoˈtʰel/
այցելել,/ajʦʰeˈlel/
անմահություն,/anmahutyun/
ապստամբել,/asptamˈbel/
եվրոպացի,/jevɾopaˈʦʰi/
երազել,/jeɾaˈzel/
է,/e/
էժան,/eˈʒan/
թույն,/ṭouyn/
ծնել,/tsəˈnel/
կազմակերպել,/kazmakeɾˈpel/
կաշառել,/kaʃaˈrel/
հնդիկ,/həndik/
հնդկերեն,/həndkeˈɾen/
մեռնել,/merˈnel/
պոչ,/potʃʰ/
սեղանատամ,/seʁanaˈtam/
սեղանատուն,/seʁanaˈtun/
սովորել,/sovoˈɾel/
ստել,/səˈtel/
փոր,/pʰoɾ/
אורשלם,/’Ūrišlem/
בוספורוס,/bospoɾus/
טרוימען,/troymen/
ים המלח,/yam hamélach/
ירושלים,/yeruşaláyim/
מוסקבה,/moskva/
מלכת אסתר,/maʟkát estér/
צרפת,/tsarfat/
רוסיה,/rusiya/
آزمودن,/ɒːzmuːdæn/
آيسلندا,/ʔaːjs.lan.daː/
آی,/ˈaj/
أذربيجان,/ʔa.ðar.baj.d͡ʒaːn/
أفريقيا,/ʔaf.riː.qi.jaː/
أفغانستان,/ʔaf.ʁaː.nis.taːn/
ألبانيا,/ʔal.baː.ni.jaː/
ألم,/ʔa.lam/
أم,/ʔumm/
أنا,/ʔa.na/
أوروغواي,/ʔuː.ruː.ʁu.waːj/
أوغندا,/ʔuː.ʁan.daː/
أوكرانيا,/ʔuːk.raːn.jaː/
أيرلندا,/ʔa.jir.lan.daː/
إريتريا,/ʔi.riːt.ri.jaː/
إسبانيا,/ʔis.baː.ni.jaː/
إستونيا,/ʔis.toː.ni.jaː/
إسرائيل,/ʔis.raː.ʔiːl/
إسلام أباد,/ʔis.laːm ʔa.baːd/
إسلامية,/ʔislæːmiyya(tun)/
إعلام,/ʔiʕlaːm/
إن شاء الله,/ʔin ʃaː.ʔa‿lˁ.lˁaːh/
إندونيسيا,/ʔin.duː.niː.si.jaː/
إيسلندا,/ʔiːjs.lan.daː/
إيطاليا,/ʔiː.tˁaː.li.jaː/
اجتماع,/it͡ʃ.ti.ˈmaː/
اسبانيا,/isbánya/
اسفار,/es.ˈfaːɾ/
ال عربه‌سی,/ˈel a.ɾa.ba.sɯ/
الأرجنتين,/al.ʔar.d͡ʒan.tiːn/
الأردن,/al.ʔur.dunn/
الأسماء الحسنى,/el-ʔesmaːʔu-lħusnaː/
الأفريقانية,/al.ʔaf.riː.qaː.nij.ja/
البحرين,/al.baħ.rajn/
البرازيل,/al.ba.raː.ziːl/
البرتغال,/al.bur.tu.ʁaːl/
البهاما,/al.ba.haː.maː/
البوسنة والهرسك,/al.buːs.na wal.har.sak/
العلي,/al-ʕaliyy/
اورشلیم,/Urušalim/
اورشلیم مقدس,/Urušalim Moqaddas/
ایروان,/eravân/
ایشیا,/eşya/
باراجواي,/baː.raː.d͡ʒu.waːj/
باراغواي,/baː.raː.ʁu.waːj/
باكستان,/baː.kis.taːn/
بالله,/billaːhi/
بختیار,/baxtiyar/
برج,/burd͡ʒ/
بلجيكا,/bel.d͡ʒiː.kaː/
بلغاريا,/bul.ʁaː.ri.jaː/
بلند کردن,/bolænd kardan/
بليز,/ba.liːz/
بیت المقدس,/Beyt el-Moqaddas/
ترجم,/ˈtardʒama/
ترکی,/Torki/
تلذذ,/ta.lað.ðuz/
تين,/tiːn/
ثعبان,/θuʕbaːn(un)/
جامايكا,/d͡ʒa.maj.kaː/
جمعه,/d͡ʒom.ʿe/
جوزاء,/d͡ʒev.ˈzaː/
حرف,/ˈħarf/
حلب,/ˈħalab/
خبر,/χa.bar/
خبز,/χubz/
دب,/dubb/
رقصیدن,/ræɣsiːˈdæn/
زمن,/zaman/
سبب,/sebeb(un)/
شخصية,/ʃaxsˤijja(tun)/
شرعيه,/ʃeɾ.ˈˤij.je/
شمس,/ʃams/
شیرین کردن,/şirîn kardan/
صراط,/sˤiraːtˤ(un)/
طين,/tˁiːn/
عام,/ʕaːm(un)/
عدو,/ʕaduvv(un)/
قراءة,/qiraʔat(un)/
قماش,/ku.ˈmaːʃ/
كمال ارمق,/ˈce.maː.ˈɫe eɾ.mec/
كمال ارممق,/ˈce.maː.ˈɫe ˈeɾ.me.mec/
لا حولة,/laː ħwla/
لیسیدن,/liːsiːˈdæn/
مبتدئ,/mubtadiʔ(un)/
مجروح کردن,/majruh kardan/
معلم,/muʕallim/
نفط,/naftˤ(un)/
وعظ,/vaˤz/
پوشیدن,/pʰuːʃiːˈdæn/
پہاڑ,/pahaːṙ/
چنار,/t͡ʃeːˈnaɾ/
کاربر,/kʰɒːɾˈbæɾ/
অনুবাদ করা,/ônubad kôra/
আছে,/atʃʰe/
আসা,/aşa/
করা,/kôra/
করানো,/kôrano/
কাটা,/kaʈa/
কেনা,/kena/
কেনানো,/kenano/
খাওয়া,/khaoẇa/
খাওয়ানো,/khaoẇano/
খোলা,/khola/
গাওয়া,/gaoa/
গ্রিক ভাষা,/grik bhaşa/
ঘামা,/ghama/
ঘামানো,/ghamano/
ঘুমানো,/ghumano/
ঘৃণা করা,/ghrina kôra/
চাওয়া,/caoẇa/
চাটা,/çata/
চালানো,/calano/
চেষ্টা করা,/ceşţa kôra/
জানা,/jana/
ঢোকা,/ḑhoka/
তর্জমা করা,/tôrjôma kôra/
দেওয়া,/deoẇa/
নেওয়া,/neoẇa/
বেচা,/beca/
বেচানো,/becano/
বেরোনো,/berono/
ভালবাসা,/bhalôbaşa/
ভালোবাসা,/bhalobaşa/
ভুলে যাওয়া,/bhule jaoa/
মনে রাখা,/mône rakha/
যাওয়া,/jaoa/
กด,/kot̚˨˩/
กรกฏ,/kɔː˧.ra˦˥.kot̚˨˩/
กรีนแลนด์,/kriːn˧.leːn˧/
กรุงเทพ,/kruŋ˧.tʰeːp̚˥˩/
กรุงเทพมหานคร,/kruŋ˧.tʰeːp̚˥˩.ma˦˥.haː˩˩˦.na˦˥.kʰɔːn˧/
กลับ,/klap̚˨˩/
กิน,/kin˧/
ดึง,/dɯŋ˧/
ตุรกี,/tu˨˩.ra˦˥.kiː˧/
ถูก,/tʰuːk̚˨˩/
เข้า,/kʰaw˥˩/
ไทย,/tʰaj˧/
ამერიკის შეერთებული შტატები,/amerikis šeert‘ebuli štatebi/
იერუსალიმი,/ierusalimi/
მონღოლეთი,/monḡolet’i/
საქართველო,/sakʰartʰvelɔ/
Ἀρμενία,/armeníaː/
Ἔρως,/érɔːs/
もつ,/motsu/
イスタンブール,/isɨ̥ᵝtã̠mbɯ̟ᵝːɾɯ̟ᵝ/
キリスト教,/ki.ɾi.sɯ.to.kʲoː/
仏教,/bɯk.kjoː/
勝利,/ʂəŋ˥˩li˥˩/
胜利,/ʂəŋ˥˩li˥˩/
𐰲,/t͡ʃ/
